# Blender 4.4.0
# www.blender.org
mtllib hazme_una_linterna_1021130939_texture.mtl
o hazme_una_linterna_1021130939_texture
v -0.949182 -0.026229 -0.310788
v -0.939972 0.021893 -0.317046
v -0.898592 -0.042079 -0.313397
v -0.869162 0.026913 -0.317953
v -0.743864 -0.066111 -0.304573
v -0.735026 -0.007119 -0.313487
v -0.689702 -0.037091 -0.313049
v -0.675702 0.020157 -0.314898
v -0.674387 -0.045998 -0.304332
v -0.771690 -0.012439 -0.316374
v -0.691179 0.048445 -0.316192
v -0.771840 0.059037 -0.313571
v -0.671348 0.077739 -0.306155
v -0.640191 0.009691 -0.317878
v -0.631339 -0.056347 -0.301763
v -0.767272 0.038827 -0.304801
v -0.950516 0.032390 -0.297212
v -0.750311 0.056286 -0.302270
v -0.738218 0.082579 -0.305234
v -0.716410 0.094957 -0.307534
v -0.636478 0.103352 -0.301247
v -0.771633 -0.108230 -0.288502
v -0.760979 -0.046401 -0.295348
v -0.622277 0.071766 -0.300170
v -0.599589 -0.035634 -0.297687
v -0.917899 0.044976 -0.296066
v -0.902481 0.136721 -0.294086
v -0.716759 -0.117173 -0.285016
v -0.898520 -0.097954 -0.288907
v -0.919562 -0.037136 -0.296184
v -0.593382 0.077406 -0.291799
v -0.771627 0.129657 -0.293356
v -0.745029 -0.131620 -0.269325
v -0.543999 0.069214 -0.289001
v -0.540364 -0.008271 -0.293486
v -0.761153 0.113210 -0.282946
v -0.613743 -0.124942 -0.268159
v -0.760870 -0.103439 -0.274173
v -0.559643 -0.069138 -0.282108
v -0.907857 0.018346 -0.297436
v -0.544448 0.107947 -0.284943
v -0.536318 -0.036946 -0.288074
v -0.511981 0.007299 -0.291443
v -0.473221 0.006312 -0.282580
v -0.809874 -0.031984 -0.291478
v -0.804709 0.045747 -0.289100
v -0.867948 -0.014499 -0.293917
v -0.908303 0.122178 -0.281153
v -0.613688 0.140864 -0.273756
v -0.632858 0.166500 -0.272262
v -0.742039 0.151819 -0.277050
v -0.771803 0.192379 -0.258166
v -0.887792 -0.170708 -0.249470
v -0.792802 -0.011015 -0.284580
v -0.874396 0.083388 -0.283720
v -0.536487 0.096743 -0.274875
v -0.470037 0.084204 -0.270394
v -0.920172 0.175366 -0.267527
v -0.738744 -0.155280 -0.259418
v -0.555987 -0.124344 -0.257615
v -0.470482 -0.083752 -0.262460
v -0.773592 -0.055102 -0.269788
v -0.888266 -0.069669 -0.278544
v -0.891285 0.064098 -0.278120
v -0.809066 0.103264 -0.276213
v -0.557324 0.159259 -0.255266
v -0.545526 -0.127877 -0.263544
v -0.542557 -0.092487 -0.277562
v -0.922183 -0.111209 -0.259114
v -0.809104 -0.082530 -0.272748
v -0.465381 0.032194 -0.276153
v -0.464355 -0.049448 -0.268257
v -0.765363 -0.002753 -0.280263
v -0.765869 0.072057 -0.274111
v -0.865948 0.128137 -0.269216
v -0.756312 0.164825 -0.258699
v -0.741638 0.197667 -0.254854
v -0.772283 -0.176816 -0.242224
v -0.432150 0.021866 -0.272240
v -0.483354 0.122316 -0.265353
v -0.766610 -0.152303 -0.246498
v -0.427773 -0.071464 -0.256295
v -0.766754 0.111870 -0.262520
v -0.925838 0.170698 -0.246213
v -0.545565 0.184390 -0.246498
v -0.620102 0.205289 -0.235921
v -0.471113 -0.115447 -0.243006
v -0.424494 0.090428 -0.255305
v -0.950141 -0.148976 -0.259240
v -0.789496 -0.040903 -0.229016
v -0.460966 0.100383 -0.244878
v -0.798412 0.136552 -0.245589
v -0.808942 0.150364 -0.253500
v -0.631874 0.214584 -0.237129
v -0.952819 -0.122937 -0.246557
v -0.467554 0.179598 -0.224229
v -0.620558 -0.203126 -0.213630
v -0.880244 -0.154506 -0.221065
v -0.809967 -0.124599 -0.247376
v -0.801273 -0.108731 -0.243400
v -0.819578 -0.084195 -0.246114
v -0.762522 -0.037671 -0.237721
v -0.810487 0.181244 -0.236720
v -0.746390 -0.166313 -0.232614
v -0.471862 -0.175637 -0.199767
v -0.424621 -0.113967 -0.231366
v -0.784802 -0.079497 -0.262055
v -0.829386 -0.074452 -0.247095
v -0.374586 -0.077714 -0.220652
v -0.334738 -0.042475 -0.211183
v -0.375357 0.024874 -0.238177
v -0.934886 0.217490 -0.237066
v -0.764517 0.216291 -0.221321
v -0.746639 0.229134 -0.209745
v -0.955794 -0.196944 -0.177897
v -0.780641 -0.112067 -0.242176
v -0.843724 -0.091118 -0.240953
v -0.779723 -0.098280 -0.195576
v -0.363606 0.091541 -0.220679
v -0.422264 0.148904 -0.226480
v -0.803114 0.175101 -0.229731
v -0.941985 -0.180193 -0.223006
v -0.797961 0.119080 -0.233977
v -0.850103 0.148238 -0.219060
v -0.779942 0.145033 -0.247825
v -0.773490 0.236784 -0.216481
v -0.737190 -0.204628 -0.215456
v -0.547687 -0.175856 -0.218249
v -0.824923 0.150897 -0.225577
v -0.940804 0.194252 -0.224363
v -0.757200 -0.192523 -0.202180
v -0.597172 -0.193849 -0.201418
v -0.460113 -0.111063 -0.223525
v -0.777083 -0.131318 -0.224665
v -0.787557 0.119079 -0.208875
v -0.555721 0.230015 -0.201829
v -0.825109 -0.076374 -0.219882
v -0.788125 -0.055394 -0.220388
v 0.792092 -0.037370 -0.223019
v 0.955768 0.029266 -0.227679
v 0.954730 -0.045837 -0.218987
v 0.725916 -0.057235 -0.217494
v 0.725249 0.040229 -0.227289
v 0.792133 0.050044 -0.224915
v -0.782976 0.172546 -0.218603
v -0.595708 0.230220 -0.207262
v -0.546788 0.235274 -0.198874
v -0.909628 -0.206581 -0.212094
v -0.427064 -0.174072 -0.187348
v -0.777996 -0.115369 -0.191138
v -0.849843 -0.052602 -0.179637
v -0.318473 -0.050241 -0.218450
v 0.694545 -0.042239 -0.217235
v -0.329683 0.021394 -0.219432
v -0.318735 0.034796 -0.226495
v -0.199160 -0.020264 -0.210709
v 0.696009 0.056892 -0.222249
v 0.954523 0.080307 -0.217490
v -0.438442 0.185335 -0.213357
v -0.449365 0.157890 -0.209871
v -0.947715 -0.202733 -0.213546
v 0.792379 -0.092659 -0.198591
v -0.328715 0.078088 -0.210480
v 0.724827 0.105197 -0.207794
v -0.758822 0.084882 -0.190810
v -0.792740 0.061724 -0.110497
v -0.819816 -0.176168 -0.203297
v 0.955550 0.028884 -0.202122
v 0.686038 0.048205 -0.201326
v -0.191518 0.047788 -0.210123
v 0.793126 0.102662 -0.208957
v -0.840361 0.094594 -0.133076
v -0.370505 0.170151 -0.182851
v -0.808246 0.235914 -0.179317
v -0.478355 0.237876 -0.171994
v -0.741436 0.260598 -0.188535
v -0.778566 -0.164076 -0.197223
v -0.083002 0.004953 -0.209177
v 0.954617 0.128532 -0.196258
v -0.815742 0.127148 -0.181004
v -0.778805 0.169303 -0.172119
v -0.774930 0.187212 -0.219289
v -0.769081 0.272964 -0.169643
v -0.906400 0.263594 -0.184737
v 0.954200 -0.101830 -0.193940
v -0.818392 -0.060088 -0.185933
v -0.225030 -0.083286 -0.191051
v -0.022465 0.019516 -0.204586
v -0.023692 -0.035255 -0.198442
v -0.091084 0.059162 -0.202964
v -0.297307 0.153956 -0.178464
v -0.755601 0.241531 -0.185223
v -0.771084 -0.246858 -0.155628
v -0.290279 -0.089460 -0.196856
v 0.692335 -0.134101 -0.168713
v 0.954349 -0.084175 -0.179808
v 0.685702 -0.031169 -0.197273
v 0.326653 -0.005671 -0.201004
v 0.367291 0.016096 -0.201766
v 0.379513 -0.023729 -0.197278
v 0.605454 -0.050773 -0.190697
v 0.593989 0.014930 -0.202395
v 0.040958 -0.002769 -0.201801
v 0.407658 -0.004705 -0.199998
v 0.412449 0.018500 -0.201094
v 0.457861 -0.000773 -0.201472
v 0.510458 -0.007385 -0.201143
v 0.521810 0.038774 -0.199708
v 0.566470 -0.022858 -0.198271
v 0.087759 -0.017799 -0.198415
v 0.127482 0.046564 -0.199898
v 0.124750 -0.013280 -0.201093
v 0.455489 0.046431 -0.199588
v 0.011061 0.053869 -0.198109
v 0.035393 0.041720 -0.199236
v 0.071356 0.033234 -0.200441
v 0.394717 0.051498 -0.198632
v 0.588448 0.051942 -0.198617
v 0.275767 0.040612 -0.199729
v 0.254885 0.004527 -0.201948
v 0.215248 0.045526 -0.199042
v -0.754812 0.009014 -0.157630
v -0.080306 0.090152 -0.188355
v 0.955406 0.107798 -0.180731
v -0.269131 0.144864 -0.182181
v 0.791901 0.152153 -0.179549
v -0.628920 0.267030 -0.175499
v -0.943518 -0.238411 -0.166324
v -0.374286 -0.175682 -0.145007
v 0.682934 -0.094588 -0.168287
v 0.438326 -0.040649 -0.191938
v 0.182748 -0.013454 -0.200684
v 0.170160 0.029791 -0.202305
v 0.248452 -0.031474 -0.195544
v 0.294915 -0.030318 -0.196090
v 0.498404 -0.039823 -0.192102
v 0.328543 0.051765 -0.198170
v 0.050131 0.059856 -0.196076
v 0.243757 0.065709 -0.194710
v 0.305041 0.086478 -0.188511
v 0.077848 0.091537 -0.185079
v 0.443047 0.086507 -0.188104
v 0.524934 0.096490 -0.184188
v 0.695179 0.155183 -0.174385
v -0.787114 0.146895 -0.177103
v -0.904268 0.233060 -0.185408
v -0.459317 -0.167577 -0.181728
v 0.724348 -0.136407 -0.167192
v -0.118676 -0.086318 -0.180951
v 0.412252 -0.077854 -0.175448
v 0.467197 -0.079424 -0.174443
v 0.350469 -0.059853 -0.185282
v 0.030500 -0.064204 -0.184030
v 0.211417 -0.048990 -0.189522
v 0.030035 0.097509 -0.184132
v 0.354647 0.101467 -0.181666
v 0.398540 0.102145 -0.182280
v 0.188926 0.091055 -0.186547
v 0.466356 0.103290 -0.180240
v 0.686890 0.119636 -0.173469
v 0.725794 0.161129 -0.173806
v -0.738705 -0.234317 -0.170596
v 0.792116 -0.121173 -0.178147
v 0.165370 -0.073622 -0.177965
v 0.562030 -0.080138 -0.173831
v 0.930557 -0.030848 -0.183898
v 0.930477 0.027311 -0.189821
v 0.134839 0.090585 -0.186946
v 0.577987 0.094017 -0.184508
v 0.232015 0.095111 -0.184230
v 0.614184 0.110433 -0.178122
v -0.081710 0.135680 -0.162492
v -0.776230 0.207787 -0.165222
v -0.593430 0.256446 -0.174851
v -0.546499 -0.216220 -0.167355
v -0.957727 -0.229422 -0.122570
v -0.022413 -0.086582 -0.173768
v 0.054267 -0.089903 -0.168325
v 0.111493 -0.080565 -0.173685
v 0.260988 -0.080069 -0.174445
v 0.937607 0.085344 -0.185629
v -0.755570 0.067490 -0.149142
v -0.793583 0.142460 -0.144925
v 0.954680 0.166073 -0.167029
v -0.464494 0.252074 -0.135035
v -0.617834 -0.256762 -0.130793
v -0.759774 -0.236958 -0.137504
v -0.231813 -0.114758 -0.155591
v -0.282911 -0.108338 -0.169059
v 0.121475 0.126331 -0.167407
v 0.281258 0.119388 -0.171327
v -0.772007 0.235492 -0.164654
v 0.199446 -0.086412 -0.170223
v 0.308307 -0.099206 -0.161371
v 0.179395 0.127207 -0.166773
v -0.791781 -0.204724 -0.154227
v -0.774966 -0.152999 -0.162586
v -0.312058 -0.152044 -0.147104
v 0.954553 -0.148924 -0.153961
v -0.199562 -0.131245 -0.148152
v 0.364931 -0.097666 -0.162396
v 0.930073 -0.080303 -0.159495
v 0.873255 -0.006765 -0.182967
v 0.876628 0.076103 -0.176078
v 0.850273 0.060652 -0.163303
v 0.928785 0.106338 -0.162514
v 0.230692 0.128728 -0.166640
v 0.536534 0.134383 -0.161991
v 0.596284 0.144003 -0.154747
v 0.060171 0.132245 -0.162705
v 0.365303 0.143761 -0.155316
v 0.331002 0.136575 -0.158812
v -0.227451 0.170032 -0.155701
v -0.371866 0.209709 -0.134858
v -0.555939 0.268344 -0.150855
v -0.755020 0.271554 -0.136474
v -0.820000 -0.220944 -0.129331
v -0.776272 -0.194529 -0.155121
v 0.511393 -0.107394 -0.154787
v -0.813404 -0.002770 -0.115705
v 0.096054 0.149223 -0.149075
v 0.271409 0.141010 -0.155099
v 0.435589 0.133939 -0.161465
v 0.475111 0.147843 -0.152018
v -0.295194 0.155182 -0.160527
v -0.546291 0.275962 -0.140702
v -0.428530 -0.223574 -0.122691
v 0.792087 -0.160403 -0.140118
v 0.724377 -0.166419 -0.130815
v 0.441443 -0.121193 -0.142189
v 0.875377 -0.080599 -0.157647
v -0.786664 0.008711 -0.135311
v 0.849909 -0.032241 -0.162079
v 0.937256 0.122342 -0.162928
v -0.245568 0.148580 -0.158224
v 0.791094 0.196361 -0.134661
v -0.593360 -0.253831 -0.095087
v -0.836677 -0.217735 -0.145035
v -0.025215 -0.134141 -0.135654
v 0.125385 -0.114415 -0.148245
v 0.595543 -0.123141 -0.140773
v 0.026757 0.148435 -0.149818
v 0.560080 0.154119 -0.146584
v 0.224701 0.156283 -0.142040
v -0.428828 0.242949 -0.131823
v -0.801697 0.266837 -0.125797
v -0.594687 0.283267 -0.133038
v -0.241582 -0.153723 -0.145002
v 0.208102 -0.116780 -0.145968
v 0.255553 -0.124493 -0.138555
v 0.541252 -0.123775 -0.139056
v 0.951949 0.177525 -0.116671
v -0.088399 0.174654 -0.131618
v -0.299770 0.197852 -0.126804
v 0.835388 -0.310653 -0.152156
v 0.899168 -0.284125 -0.156246
v 0.907633 -0.313797 -0.150656
v 0.780320 -0.275217 -0.155979
v 0.936898 -0.219115 -0.153169
v -0.067311 -0.256693 -0.155076
v -0.037616 -0.228385 -0.155446
v 0.021703 -0.253981 -0.158907
v 0.854471 -0.217880 -0.155467
v 0.354565 -0.234075 -0.155050
v 0.475504 -0.186808 -0.156044
v 0.523743 -0.252172 -0.155482
v 0.596459 -0.265002 -0.154721
v 0.676951 -0.203314 -0.155248
v 0.034280 -0.210027 -0.156919
v 0.109083 -0.224798 -0.156323
v -0.081301 -0.204617 -0.154772
v 0.223095 -0.215265 -0.156408
v -0.029337 -0.140886 -0.156601
v 0.000578 -0.191949 -0.155420
v 0.083905 -0.147483 -0.156284
v 0.243312 -0.165764 -0.155848
v 0.313784 -0.128714 -0.132797
v 0.143804 0.153456 -0.145089
v 0.725462 0.210011 -0.111088
v 0.941749 -0.289414 -0.134402
v 0.027933 -0.285110 -0.147117
v 0.778817 -0.292658 -0.143515
v 0.119214 -0.234891 -0.140933
v 0.351274 -0.246809 -0.139919
v 0.201046 -0.231359 -0.142759
v -0.022373 -0.217476 -0.126299
v -0.777058 -0.179699 -0.125074
v 0.848348 -0.102610 -0.123577
v -0.843432 -0.011278 -0.099367
v 0.415317 0.155287 -0.144823
v 0.182774 0.155598 -0.145795
v 0.510453 0.170404 -0.125763
v 0.686311 0.174687 -0.123180
v -0.771176 0.303324 -0.104762
v -0.740717 0.297349 -0.121603
v 0.004431 -0.241759 -0.132990
v 0.023800 -0.210221 -0.131051
v 0.818275 -0.214095 -0.133880
v 0.362466 -0.175540 -0.134222
v 0.155792 -0.159318 -0.124883
v 0.052569 -0.136965 -0.123578
v -0.002611 -0.131505 -0.128187
v -0.775531 -0.131978 -0.108219
v 0.683233 -0.152796 -0.100043
v 0.099480 -0.133855 -0.123455
v 0.173363 -0.132827 -0.125436
v 0.373877 -0.132538 -0.129260
v 0.931142 -0.148988 -0.093298
v -0.774665 -0.070058 -0.113782
v 0.872209 0.139110 -0.134554
v 0.850580 0.118180 -0.131202
v 0.059031 0.156372 -0.145620
v 0.292973 0.158275 -0.140282
v 0.206891 0.172936 -0.122422
v 0.456721 0.182979 -0.109426
v -0.770543 0.229199 -0.136073
v 0.554927 -0.268279 -0.135400
v -0.943332 -0.266045 -0.104769
v 0.847415 -0.028933 -0.136813
v 0.847292 0.034503 -0.126901
v 0.928375 0.151430 -0.124013
v 0.368576 0.179290 -0.114438
v 0.955158 0.218021 -0.096259
v -0.055022 -0.270247 -0.102241
v -0.005377 -0.195692 -0.123416
v -0.007375 -0.181281 -0.131900
v 0.474323 -0.186204 -0.134247
v 0.614042 -0.197599 -0.134411
v 0.232705 -0.163342 -0.135501
v 0.943204 -0.191088 -0.094590
v -0.773059 0.156972 -0.133378
v -0.236299 0.198028 -0.110890
v 0.696410 0.224090 -0.079324
v -0.914204 0.281852 -0.100424
v -0.734699 -0.267285 -0.102168
v -0.757016 -0.251129 -0.123449
v -0.083212 -0.233026 -0.103872
v 0.948378 -0.219014 -0.095335
v 0.914970 -0.219949 -0.131338
v -0.080400 -0.190786 -0.111400
v -0.052716 -0.155520 -0.108440
v 0.490787 -0.137558 -0.120240
v -0.082606 0.177776 -0.115991
v -0.778578 0.247697 -0.122296
v -0.906747 0.314451 -0.075134
v -0.535134 -0.260597 -0.058754
v -0.288022 -0.162803 -0.101172
v -0.277730 -0.192956 -0.069920
v 0.954217 -0.158825 -0.104467
v 0.437006 -0.153121 -0.098491
v 0.409999 0.186533 -0.104457
v -0.556255 0.297686 -0.089142
v -0.581401 0.305655 -0.090071
v 0.896001 -0.324872 -0.085429
v 0.669464 -0.280736 -0.094377
v 0.786728 -0.267967 -0.132916
v 0.685639 -0.257869 -0.133011
v 0.119572 -0.234721 -0.101438
v 0.876120 -0.255112 -0.132777
v -0.033483 -0.247194 -0.133576
v 0.002536 -0.260356 -0.124167
v 0.913968 -0.255918 -0.129420
v -0.054269 -0.227151 -0.137186
v 0.428129 -0.229697 -0.133040
v 0.582848 -0.245906 -0.133292
v -0.790011 -0.229954 -0.078845
v 0.275193 -0.213590 -0.133807
v -0.782586 -0.207341 -0.111717
v 0.201607 -0.202354 -0.125222
v 0.018781 -0.155123 -0.122323
v 0.044302 -0.198595 -0.136658
v -0.240450 -0.156921 -0.098792
v 0.244811 -0.148471 -0.102521
v 0.867147 -0.148487 -0.086566
v -0.748645 0.041701 -0.086255
v 0.054739 0.173110 -0.122238
v 0.126667 0.186735 -0.104638
v 0.156843 0.187749 -0.102747
v 0.273502 0.184057 -0.108200
v 0.487075 0.187043 -0.103435
v 0.557866 0.187360 -0.103577
v -0.778370 0.207332 -0.109027
v -0.496736 0.277896 -0.104282
v 0.790653 -0.296590 -0.090721
v 0.849645 -0.263846 -0.096133
v 0.035573 -0.233869 -0.124292
v -0.041234 -0.199946 -0.126288
v -0.064088 -0.225474 -0.096490
v 0.051731 -0.200119 -0.113177
v 0.090020 -0.150227 -0.116122
v -0.770895 0.115385 -0.090342
v 0.029155 0.190078 -0.097316
v 0.586870 0.182030 -0.110423
v -0.592307 0.294580 -0.094262
v 0.540056 -0.265850 -0.092164
v -0.046411 -0.240420 -0.095777
v 0.568656 -0.249184 -0.092502
v 0.043879 -0.208310 -0.103257
v 0.065997 -0.177147 -0.118810
v 0.052259 -0.144237 -0.106866
v -0.226478 -0.178640 -0.082101
v 0.142271 -0.148770 -0.103029
v 0.203448 -0.149626 -0.102832
v -0.760293 0.038806 -0.070069
v 0.843804 0.160019 -0.090975
v 0.185003 0.188500 -0.101178
v 0.331114 0.187058 -0.103234
v 0.082910 0.187394 -0.102903
v -0.228081 0.209297 -0.106217
v 0.687603 -0.260849 -0.090599
v 0.295646 -0.237319 -0.092472
v 0.908024 -0.220997 -0.092957
v 0.437999 -0.234923 -0.094176
v 0.043359 -0.211707 -0.093347
v -0.048622 -0.208045 -0.102075
v 0.209509 -0.211671 -0.102242
v 0.169342 -0.181504 -0.109863
v 0.955149 -0.186858 -0.095071
v 0.089422 -0.149205 -0.104877
v 0.141269 -0.162990 -0.112412
v -0.109812 -0.157419 -0.105809
v 0.361983 -0.151166 -0.099021
v 0.832175 -0.094594 -0.066826
v 0.047614 0.185951 -0.106291
v -0.752324 0.291724 -0.090059
v -0.000708 -0.285684 -0.095035
v 0.814362 -0.269453 -0.090058
v 0.191087 -0.230371 -0.105543
v 0.179384 -0.203927 -0.115636
v -0.012845 -0.180184 -0.105033
v -0.842133 -0.189921 -0.079838
v 0.792080 -0.186534 -0.095991
v 0.689392 -0.186849 -0.095220
v 0.532430 -0.152050 -0.098445
v -0.802497 0.020948 -0.083609
v 0.232492 0.193217 -0.092299
v 0.725583 0.231916 -0.055215
v -0.305536 0.214723 -0.107844
v -0.334843 0.224064 -0.090312
v -0.421363 0.259506 -0.086627
v 0.849886 -0.318861 -0.090673
v 0.055580 -0.268729 -0.091752
v 0.269900 -0.217709 -0.092777
v 0.153834 -0.201897 -0.100858
v 0.129817 -0.206526 -0.117432
v 0.064356 -0.200386 -0.105028
v 0.085513 -0.207965 -0.113951
v 0.089670 -0.207978 -0.105825
v 0.142327 -0.162767 -0.104569
v -0.817494 0.069934 -0.105192
v -0.772505 0.161949 -0.084372
v 0.870577 0.183608 -0.075037
v -0.144642 0.204069 -0.096407
v -0.312887 0.208967 -0.094845
v -0.372247 0.240928 -0.079748
v -0.605410 0.309984 -0.072979
v -0.740065 0.315870 -0.056006
v -0.769188 -0.267767 -0.087821
v 0.138398 -0.205789 -0.103466
v 0.177545 -0.187638 -0.103624
v -0.369980 -0.209927 -0.070980
v 0.842663 -0.145121 -0.073118
v 0.857594 0.172281 -0.066375
v -0.183088 0.211967 -0.082963
v 0.791972 0.222387 -0.084456
v 0.937835 -0.305097 -0.028955
v 0.386051 -0.248379 -0.092978
v -0.083673 -0.222891 -0.090550
v 0.268534 -0.197612 -0.097453
v 0.656990 -0.174552 -0.095675
v -0.811332 -0.121236 -0.079392
v 0.812148 -0.025754 -0.054436
v 0.816062 0.058005 -0.049168
v -0.081985 0.199666 -0.077342
v 0.534051 0.201176 -0.075697
v 0.372892 0.206136 -0.060552
v -0.839081 0.236103 -0.082135
v -0.818153 0.251722 -0.085226
v -0.808187 0.292571 -0.056009
v -0.620469 -0.275560 -0.069902
v -0.073424 -0.243849 -0.095172
v 0.821036 -0.254861 -0.093164
v 0.562906 -0.219611 -0.094302
v 0.706758 -0.231498 -0.093791
v -0.829264 -0.207658 -0.078064
v 0.127894 -0.202320 -0.084058
v 0.396027 -0.205579 -0.095487
v -0.776909 -0.167496 -0.105327
v 0.103633 0.208176 -0.054826
v 0.431295 0.204538 -0.065114
v 0.597509 0.203797 -0.068750
v 0.951932 0.208491 -0.046844
v -0.088082 0.208410 -0.075270
v -0.780155 0.217824 -0.100795
v -0.779702 0.277650 -0.082625
v -0.949170 -0.270406 -0.070858
v 0.078372 -0.245156 -0.089901
v 0.077805 -0.205667 -0.083808
v -0.113870 -0.166822 -0.085239
v -0.759053 -0.066358 -0.069523
v 0.836837 0.147345 -0.016587
v 0.929583 0.188582 -0.064667
v 0.488047 0.208733 -0.050489
v -0.780562 0.226546 -0.060879
v -0.782152 0.270017 -0.062797
v -0.478121 0.261461 -0.088501
v -0.768482 0.316167 -0.056346
v -0.032796 -0.267530 -0.089257
v 0.822482 -0.244910 -0.077651
v -0.822900 -0.245406 -0.052024
v -0.060629 -0.212901 0.080244
v 0.506866 -0.214924 -0.081104
v 0.239650 -0.191504 -0.083272
v -0.775575 -0.168443 -0.055160
v 0.685188 0.214517 -0.030251
v -0.272651 0.206741 -0.076604
v 0.824718 -0.293607 -0.083697
v 0.662244 -0.228550 -0.079444
v 0.330935 -0.201718 -0.080168
v 0.267462 -0.193394 -0.079666
v -0.069330 -0.196074 -0.088263
v -0.819388 -0.164381 -0.076971
v -0.028791 -0.167877 -0.085053
v -0.832837 -0.130568 -0.072373
v -0.766586 -0.035187 -0.060394
v -0.756745 0.128163 -0.067067
v -0.812597 0.162051 -0.063507
v 0.041479 0.213338 -0.037804
v 0.270167 0.210839 -0.044464
v -0.808405 0.206449 -0.079182
v -0.493694 0.277980 -0.051133
v -0.505096 0.302219 -0.020411
v -0.758984 -0.275709 -0.053047
v -0.002893 -0.209694 -0.049884
v 0.430170 -0.204533 -0.076038
v 0.001538 -0.188105 -0.083571
v -0.793512 -0.127111 -0.072640
v -0.751102 0.069425 -0.068425
v -0.779684 0.173007 -0.068725
v -0.046611 0.210065 -0.045462
v 0.211463 0.211888 -0.040118
v 0.336945 0.211065 -0.042018
v 0.956076 0.237190 -0.018848
v -0.198061 0.210150 -0.036700
v -0.417178 0.258345 -0.075541
v -0.816848 0.264319 -0.078449
v -0.753674 0.300843 -0.047590
v -0.727348 -0.269645 -0.091936
v 0.043871 -0.222952 0.098807
v 0.233989 -0.162185 -0.080864
v 0.050172 -0.191727 -0.081735
v 0.056973 -0.166066 -0.083259
v 0.172845 -0.166700 -0.082564
v -0.019251 -0.160802 -0.077572
v 0.158693 -0.161222 -0.077782
v -0.795313 -0.079874 -0.063932
v -0.749083 0.029992 -0.057458
v -0.336980 0.232452 -0.027398
v 0.914288 -0.321514 -0.001049
v -0.727086 -0.277256 -0.041289
v -0.942958 -0.251263 -0.061505
v 0.755432 -0.210027 -0.076792
v 0.685147 -0.207886 -0.073438
v 0.580517 -0.207165 -0.075524
v 0.721447 -0.205698 -0.076133
v 0.823735 -0.207795 -0.077226
v 0.080330 -0.222907 0.098147
v 0.789333 -0.199122 -0.062898
v 0.948474 -0.207765 -0.044028
v 0.165863 0.207654 -0.053200
v -0.371854 0.230386 -0.068754
v -0.720053 -0.281423 -0.044421
v -0.040022 -0.266238 0.088353
v -0.433623 -0.246895 -0.041061
v 0.406533 -0.203599 0.074969
v 0.762960 -0.204595 -0.066551
v 0.064964 -0.195674 0.079942
v -0.193102 -0.187137 -0.019412
v 0.247859 -0.173022 -0.015181
v 0.951123 -0.271940 0.022510
v -0.798994 -0.231781 -0.057936
v -0.017649 -0.210230 -0.047148
v 0.705643 -0.208628 0.002352
v 0.732614 -0.202862 0.074728
v -0.077146 -0.205619 0.086589
v -0.048425 -0.183537 -0.006391
v -0.778387 -0.106995 -0.045092
v 0.955122 -0.190307 -0.019147
v -0.744328 0.103294 -0.048973
v -0.146630 0.208633 -0.042891
v -0.142186 0.218446 -0.046549
v 0.793204 0.233469 -0.048392
v -0.555214 0.309098 -0.027173
v 0.027630 -0.268489 0.088098
v -0.021928 -0.189185 -0.007987
v -0.742222 -0.046148 -0.041513
v -0.788969 0.197761 -0.046370
v -0.767488 0.265906 -0.012148
v -0.035552 -0.209306 -0.048392
v -0.801613 -0.218202 -0.028789
v 0.262509 -0.189995 0.084749
v 0.836434 -0.127798 0.026718
v 0.539803 0.215990 0.000592
v -0.264524 0.235933 -0.073817
v -0.397362 0.254120 -0.007180
v -0.766911 0.286164 -0.045676
v -0.917123 0.299133 0.023203
v -0.860181 -0.280532 -0.009108
v -0.010082 -0.238170 -0.048457
v 0.006906 -0.220320 -0.047152
v 0.012497 -0.233597 -0.044565
v -0.363587 -0.204431 -0.056071
v 0.822531 -0.201232 -0.024865
v -0.033720 -0.180981 -0.031889
v 0.931197 -0.172103 -0.019290
v -0.058419 0.218807 -0.035880
v -0.198249 0.233326 -0.016603
v -0.036143 -0.222932 -0.047700
v 0.016443 -0.211776 -0.020212
v 0.755154 -0.206831 0.045943
v 0.788310 -0.197888 -0.024565
v -0.730198 0.023572 -0.001209
v -0.763496 0.308243 -0.007522
v 0.879855 -0.326574 0.057257
v -0.064083 -0.226152 0.091012
v 0.021648 -0.208664 0.042191
v -0.020879 -0.174692 0.003446
v 0.842521 0.182738 -0.008670
v 0.932438 0.199688 0.009758
v 0.088674 0.215600 -0.006117
v -0.747696 0.307176 0.030866
v 0.063520 -0.254351 0.087794
v -0.934065 -0.258688 -0.003417
v -0.793305 -0.250758 0.015586
v -0.027344 -0.234056 0.049979
v -0.010998 -0.230514 0.046509
v -0.353927 -0.214308 0.003931
v 0.853473 -0.164574 -0.014172
v 0.806258 0.051226 0.002299
v -0.033530 0.215693 -0.001913
v 0.150436 0.216402 -0.005525
v 0.595025 0.216799 0.001274
v -0.492311 0.282725 0.030180
v -0.580428 0.316886 0.012084
v -0.618971 -0.282384 0.006751
v -0.767763 -0.236140 -0.023507
v -0.766238 -0.182669 -0.000552
v 0.431673 0.215879 -0.006659
v -0.078997 0.217802 0.040346
v -0.323237 0.248811 0.003461
v -0.591665 0.308424 0.025161
v 0.831149 -0.306016 0.088064
v 0.950986 -0.213312 -0.001986
v 0.854749 0.182986 0.019977
v 0.792512 0.239498 0.001339
v -0.431685 -0.247162 0.045057
v 0.003153 -0.259878 0.132188
v -0.362451 -0.209161 0.014087
v -0.734588 0.125764 0.005327
v 0.385066 0.215635 0.000938
v -0.593608 -0.263810 0.040647
v -0.031080 -0.214932 0.000439
v -0.287382 -0.199173 0.044596
v 0.477601 0.215560 0.005867
v -0.765821 0.239302 -0.001447
v -0.615207 0.318954 0.003883
v 0.214905 0.215705 0.005291
v 0.271135 0.215861 0.013485
v 0.321483 0.215918 0.002514
v -0.766463 0.271302 0.001754
v -0.905228 0.323246 0.023592
v -0.767999 0.320428 0.014123
v -0.009073 -0.208269 0.054284
v 0.640792 -0.208237 0.072612
v 0.767412 -0.204208 -0.000473
v 0.955558 -0.204906 0.027352
v -0.757730 -0.119860 0.011379
v 0.807673 -0.038699 0.042401
v -0.725715 -0.276724 0.037280
v -0.082799 -0.225261 0.093115
v -0.019024 -0.213459 0.051981
v -0.767134 0.181156 0.012388
v 0.879859 0.198359 -0.003205
v 0.286221 -0.198326 0.081182
v 0.845419 -0.153084 0.052873
v -0.138607 0.218240 0.046044
v 0.949461 0.209666 0.037495
v 0.725370 0.236826 0.020081
v -0.426108 0.269037 0.036216
v -0.792212 -0.223580 0.025883
v -0.028809 -0.181054 0.029416
v 0.696537 0.230228 0.049369
v -0.741017 0.319863 0.015833
v 0.822848 -0.204479 0.026953
v 0.930233 -0.164582 0.052643
v 0.840601 0.177329 0.011771
v -0.202862 0.210194 0.041797
v -0.802920 0.294542 0.018808
v 0.008624 -0.236292 0.051264
v -0.036570 -0.208449 0.051402
v -0.735872 -0.060016 0.021389
v 0.049117 0.212978 0.029771
v -0.766733 -0.277335 0.039985
v -0.870930 -0.274763 0.069525
v 0.786029 -0.196757 0.024842
v 0.869171 0.179139 0.084418
v -0.150413 0.209186 0.046974
v -0.210286 0.233681 0.041664
v -0.765096 0.283651 0.045520
v -0.535210 -0.255519 0.076976
v 0.009559 -0.218681 0.046552
v 0.484615 -0.205802 0.075502
v -0.744738 0.011408 0.048011
v 0.686838 0.202720 0.076349
v -0.553739 0.302004 0.077944
v -0.719628 -0.279833 0.055026
v -0.813718 -0.243896 0.055257
v -0.175649 -0.181170 0.045414
v -0.787502 0.181687 0.047689
v -0.331693 0.228997 0.030164
v -0.076221 -0.242028 0.096066
v -0.390933 -0.218859 0.071806
v -0.790990 -0.127722 0.050563
v -0.048909 -0.189599 0.036044
v 0.951984 -0.182100 0.042131
v 0.815655 0.063436 0.053589
v 0.311281 0.211189 0.042194
v 0.382176 0.211376 0.039171
v 0.954467 0.230291 0.061339
v 0.821156 -0.246181 0.078634
v -0.833617 -0.209675 0.070741
v -0.748367 0.063627 0.066925
v 0.841365 0.127328 0.088023
v 0.446044 0.209614 0.044209
v -0.038566 0.217526 0.039966
v -0.802917 0.261786 0.060685
v -0.033085 -0.215768 0.046890
v 0.946215 -0.204020 0.069748
v 0.245588 -0.170225 0.032253
v 0.930681 0.179874 0.085273
v 0.168371 0.205765 0.062892
v -0.299869 0.241793 0.061366
v -0.936333 -0.250660 0.057733
v -0.051152 -0.188627 0.088786
v -0.032508 0.208823 0.049819
v 0.725372 0.227010 0.070678
v -0.378828 0.236066 0.068602
v -0.705719 0.314931 0.049039
v 0.775758 -0.209878 0.046425
v 0.843807 0.171165 0.064302
v 0.105467 0.204481 0.067914
v 0.236034 0.206557 0.061030
v -0.604879 0.310163 0.069572
v -0.798268 -0.233184 0.056908
v -0.019446 -0.189339 0.082113
v -0.751887 -0.044768 0.052211
v 0.331364 0.205376 0.064650
v 0.494547 0.206490 0.058371
v 0.565862 0.205339 0.065439
v -0.781621 0.271926 0.065230
v -0.762900 0.294056 0.096995
v -0.356975 -0.208625 0.064700
v 0.792355 0.223637 0.080572
v 0.813973 0.227896 0.069016
v -0.808435 0.286050 0.080897
v -0.751721 -0.273012 0.060107
v -0.816900 0.167067 0.061924
v -0.337581 0.217186 0.082342
v -0.298715 0.213083 0.066389
v -0.501995 0.285514 0.095735
v 0.930190 -0.301260 0.151199
v -0.620805 -0.266338 0.107637
v -0.046450 -0.241238 0.135689
v 0.686588 -0.208823 0.075002
v -0.019777 -0.161484 0.075254
v -0.819543 -0.103525 0.068955
v -0.081957 0.207837 0.050181
v -0.784020 0.280576 0.073347
v 0.823464 -0.208654 0.075309
v 0.755667 -0.208588 0.076830
v 0.782849 -0.198064 0.066536
v -0.839813 -0.162327 0.078841
v 0.145480 -0.160681 0.077792
v 0.845300 -0.122354 0.104346
v -0.082055 0.194972 0.088334
v 0.058578 0.198480 0.081379
v 0.279610 0.194208 0.090946
v -0.836617 0.241275 0.085693
v -0.769861 0.310873 0.080648
v -0.742128 0.303407 0.086610
v -0.764141 0.138895 0.072546
v 0.383209 0.202046 0.071496
v 0.437116 0.200954 0.072699
v -0.240517 0.207551 0.069269
v 0.911008 -0.315023 0.144102
v -0.773033 -0.266376 0.104660
v -0.954991 -0.266168 0.061901
v 0.037806 -0.208301 0.101122
v -0.374589 -0.181722 0.136813
v -0.210401 -0.168953 0.098224
v 0.954991 -0.159049 0.106983
v 0.846231 0.149206 0.099838
v 0.514589 0.188235 0.101215
v 0.953350 0.189218 0.097080
v -0.189109 0.213597 0.087062
v -0.583048 0.297449 0.112933
v 0.075785 -0.206455 0.084331
v -0.780901 -0.182504 0.053262
v -0.822327 -0.177412 0.078363
v -0.783002 -0.204585 0.117172
v -0.271354 -0.186912 0.075116
v -0.107201 -0.167238 0.088123
v 0.235927 -0.162074 0.081383
v -0.194889 0.203907 0.080711
v -0.088013 0.206803 0.078876
v -0.643157 0.301487 0.106451
v -0.053498 -0.207662 0.132304
v -0.029578 -0.167765 0.083473
v -0.776474 -0.169568 0.104076
v -0.788467 -0.121405 0.071506
v -0.762450 -0.074984 0.073959
v 0.845602 -0.008595 0.130380
v -0.793424 0.024514 0.079572
v -0.752981 0.042384 0.073095
v 0.421455 0.184602 0.106771
v -0.789437 0.187119 0.070735
v -0.780452 0.222984 0.062026
v -0.812305 0.215186 0.079303
v -0.816098 0.259137 0.079459
v -0.418174 0.258303 0.084512
v -0.943782 -0.263895 0.108507
v -0.740783 -0.264429 0.107898
v -0.433788 -0.223715 0.123271
v -0.957354 -0.224714 0.136627
v -0.789286 -0.228930 0.092809
v 0.746165 -0.235574 0.078171
v -0.826347 -0.196279 0.089874
v 0.671695 -0.227711 0.078475
v 0.022654 -0.163121 0.082602
v 0.849774 -0.089555 0.133246
v -0.837339 -0.006088 0.094229
v -0.353313 0.233403 0.082872
v -0.592094 0.285161 0.118268
v -0.593137 -0.234390 0.144054
v 0.572078 -0.222373 0.082059
v 0.468939 -0.215370 0.092147
v 0.057203 -0.186192 0.083944
v 0.951846 -0.187355 0.095441
v -0.116331 -0.159272 0.104609
v 0.148303 -0.165328 0.084119
v -0.771853 -0.075975 0.116556
v -0.793085 0.052035 0.085043
v -0.777771 0.204137 0.108637
v 0.205063 0.184378 0.107555
v 0.470795 0.184839 0.106426
v -0.298115 0.204553 0.105583
v -0.486087 0.266960 0.094831
v -0.801241 0.264603 0.119809
v -0.914397 0.279930 0.105413
v -0.909603 0.298654 0.123019
v 0.794480 -0.237294 0.094137
v 0.722697 -0.233840 0.091625
v 0.341734 -0.204789 0.094274
v 0.162115 -0.199405 0.083082
v 0.931788 -0.138731 0.104531
v 0.870714 -0.138534 0.101430
v -0.839135 0.085901 0.117855
v 0.022179 0.181915 0.111815
v -0.777728 0.211677 0.098035
v 0.718589 -0.262804 0.090400
v 0.819180 -0.268155 0.092100
v 0.669712 -0.226926 0.094168
v 0.550630 -0.217850 0.093648
v 0.240520 -0.194402 0.099480
v -0.778605 0.133214 0.119684
v 0.078107 0.182336 0.109790
v 0.315355 0.183916 0.107318
v -0.235522 0.200706 0.103549
v 0.696784 0.204095 0.114808
v -0.432583 0.236972 0.146463
v -0.775954 0.268458 0.098318
v 0.723473 -0.285334 0.090464
v 0.012617 -0.289037 0.100871
v -0.037450 -0.278603 0.094359
v 0.084717 -0.252699 0.090312
v 0.598744 -0.272496 0.092083
v 0.578892 -0.250294 0.091963
v 0.431577 -0.254328 0.092289
v 0.343493 -0.244856 0.095699
v 0.318578 -0.222154 0.093627
v 0.469850 -0.238308 0.093864
v 0.234800 -0.234288 0.098651
v 0.238767 -0.213455 0.099368
v 0.129744 -0.206078 0.106755
v -0.777275 -0.137821 0.108907
v -0.756470 0.013569 0.141625
v 0.136562 0.186893 0.102929
v -0.231301 0.210928 0.107822
v -0.780204 0.245502 0.114019
v -0.752899 -0.246905 0.125225
v 0.952130 -0.219582 0.093498
v 0.036768 -0.231562 0.125830
v 0.095616 -0.208468 0.106190
v 0.159341 -0.203463 0.100780
v 0.847930 0.051657 0.131796
v 0.580247 0.185119 0.106607
v -0.088661 0.180811 0.124346
v -0.304814 0.214074 0.109504
v -0.771570 0.253001 0.133823
v 0.784498 -0.294659 0.137114
v 0.852625 -0.261016 0.095307
v 0.152679 -0.229843 0.105890
v 0.076971 -0.209111 0.106737
v 0.906806 -0.218368 0.091648
v 0.385224 0.179578 0.115037
v 0.720114 0.204687 0.115203
v 0.727323 0.203343 0.124249
v 0.952645 0.205943 0.117381
v 0.848165 -0.316754 0.143303
v 0.894503 -0.237853 0.095183
v 0.691276 -0.189578 0.094866
v 0.565258 -0.154367 0.098516
v 0.657958 -0.175471 0.095222
v 0.795429 -0.188924 0.095286
v 0.469962 -0.164728 0.098015
v 0.292903 -0.154769 0.097709
v 0.690746 -0.183469 0.100361
v 0.715821 -0.181757 0.104757
v 0.389619 -0.152069 0.099768
v -0.234404 -0.149992 0.114926
v -0.298563 -0.164164 0.113803
v 0.682785 -0.151909 0.101181
v -0.774743 0.169611 0.117606
v 0.258819 0.177075 0.116196
v -0.371706 0.198537 0.151670
v -0.075410 -0.253445 0.147403
v 0.741527 -0.261635 0.127556
v 0.650702 -0.253810 0.126502
v -0.832865 -0.222094 0.132125
v -0.085742 -0.217231 0.111164
v -0.031506 -0.192328 0.108968
v 0.052531 -0.199890 0.109917
v 0.159072 -0.201560 0.114837
v 0.190520 -0.199533 0.121198
v 0.126887 -0.185955 0.109954
v 0.179093 -0.184942 0.103149
v 0.246482 -0.149016 0.103366
v 0.531831 -0.146358 0.108336
v 0.069360 -0.146289 0.106180
v 0.065175 -0.189620 0.107041
v 0.109183 -0.152536 0.105242
v 0.174686 -0.150615 0.101132
v 0.328838 -0.144988 0.108666
v 0.461272 -0.148062 0.104323
v 0.097421 -0.145379 0.112837
v 0.791436 0.198465 0.129563
v 0.034289 -0.278273 0.155194
v 0.689950 -0.257935 0.126533
v 0.910778 -0.258307 0.131246
v 0.880426 -0.255103 0.132798
v 0.001838 -0.194217 0.106368
v 0.040591 -0.158046 0.106177
v 0.092283 -0.196776 0.110204
v 0.794722 -0.159259 0.141735
v 0.728131 -0.155301 0.148926
v -0.009533 -0.172303 0.114466
v 0.150880 -0.166907 0.109637
v -0.050546 -0.154493 0.109470
v -0.057855 -0.154072 0.106712
v -0.076049 -0.186433 0.109847
v 0.157940 -0.122265 0.139827
v 0.283288 -0.134863 0.124850
v 0.376796 -0.134614 0.125184
v 0.426367 -0.126294 0.136014
v 0.938871 -0.102854 0.152641
v 0.868612 0.119676 0.150680
v 0.929800 0.122396 0.152945
v -0.470522 0.246969 0.151513
v -0.605516 0.280145 0.149510
v -0.054196 -0.268812 0.152858
v 0.582561 -0.270236 0.142793
v 0.411194 -0.251773 0.145802
v 0.284665 -0.213968 0.133864
v 0.001461 -0.190192 0.127633
v 0.077813 -0.160903 0.122012
v -0.194443 -0.117319 0.166150
v 0.111298 -0.154156 0.117330
v -0.793796 -0.000080 0.141529
v 0.939028 0.158893 0.128107
v -0.083063 0.154928 0.145119
v 0.326383 0.158320 0.140801
v 0.685872 0.168027 0.131127
v -0.753551 0.270787 0.140645
v -0.737235 0.287256 0.143623
v 0.794620 -0.267469 0.133291
v 0.597467 -0.246632 0.132767
v 0.110696 -0.235416 0.143112
v 0.371117 -0.222781 0.132165
v 0.452321 -0.231201 0.132523
v 0.909828 -0.220674 0.134221
v 0.231537 -0.206160 0.132503
v 0.031279 -0.166889 0.136529
v 0.954985 -0.137953 0.167009
v 0.106124 -0.125234 0.136892
v 0.470951 -0.122543 0.140822
v 0.876840 -0.081132 0.159131
v -0.756000 0.069896 0.152424
v -0.298358 0.185135 0.134658
v -0.808650 0.262155 0.137641
v -0.735093 -0.236586 0.170815
v -0.026119 -0.216582 0.126568
v -0.082470 -0.214687 0.155797
v -0.031322 -0.187834 0.133142
v -0.775551 -0.200606 0.132906
v 0.162974 -0.162692 0.123715
v -0.850734 -0.058870 0.192703
v 0.135408 0.157780 0.141654
v 0.187995 0.158831 0.140552
v -0.236180 0.156070 0.153024
v 0.695690 -0.256085 0.132773
v 0.019319 -0.226142 0.130176
v 0.529513 -0.238870 0.133139
v 0.310291 -0.239582 0.146850
v -0.056624 -0.162647 0.153017
v -0.240777 -0.147113 0.152350
v -0.040636 -0.144297 0.123041
v 0.107790 -0.150615 0.155590
v 0.073309 -0.145314 0.120478
v 0.224202 -0.122431 0.141041
v 0.053962 -0.130836 0.127598
v 0.929355 -0.098309 0.144873
v 0.955740 0.124043 0.175269
v 0.055439 0.162290 0.135931
v 0.506126 0.161632 0.137920
v -0.544713 0.256885 0.173656
v -0.555212 0.262026 0.161683
v -0.769740 0.284388 0.149720
v -0.944996 -0.243315 0.156989
v -0.769417 -0.228264 0.185407
v 0.741550 -0.256976 0.133611
v -0.766725 -0.224373 0.166808
v 0.658535 -0.250964 0.133720
v 0.760448 -0.208972 0.133860
v 0.635774 -0.199147 0.134099
v 0.502515 -0.188101 0.134044
v 0.429929 -0.181823 0.133960
v -0.793809 -0.196608 0.169097
v 0.936463 -0.220594 0.154975
v 0.306914 -0.170001 0.134232
v 0.333522 -0.119508 0.143543
v -0.845874 0.123705 0.179400
v 0.457145 0.153656 0.146323
v -0.303326 0.163547 0.173147
v 0.184908 -0.229287 0.144785
v -0.325365 -0.141875 0.161889
v 0.791462 -0.138045 0.165918
v 0.692848 -0.130539 0.168884
v -0.026621 -0.106656 0.164615
v 0.031842 -0.132637 0.126832
v 0.530013 -0.102390 0.159692
v 0.682296 -0.119471 0.145201
v 0.052388 -0.110683 0.151309
v 0.849645 -0.028093 0.163687
v 0.363218 0.140161 0.157414
v 0.403385 0.148248 0.149570
v 0.954534 0.171500 0.161865
v -0.773558 0.219544 0.156794
v 0.785344 -0.287385 0.152426
v -0.954986 -0.203382 0.168618
v 0.004812 -0.190984 0.156145
v 0.202633 -0.161353 0.156197
v -0.126579 -0.108185 0.165071
v 0.014981 -0.136919 0.156892
v 0.008535 -0.130044 0.131497
v 0.587857 -0.102298 0.157620
v 0.850295 0.071281 0.159798
v -0.777853 0.167436 0.167007
v 0.543883 0.145226 0.153692
v 0.586944 0.155701 0.144311
v -0.425367 0.180284 0.210798
v -0.906474 0.245718 0.208630
v -0.033331 -0.216107 0.155635
v 0.804377 -0.212908 0.154901
v 0.495964 -0.188570 0.155834
v 0.640116 -0.200395 0.154571
v -0.775533 -0.184336 0.162832
v 0.343552 -0.174535 0.155776
v -0.021121 -0.133905 0.130134
v 0.375966 -0.097100 0.163411
v 0.101622 0.144079 0.152884
v 0.225426 0.136012 0.160093
v 0.262437 0.131099 0.164842
v 0.695739 0.135944 0.190557
v 0.720837 0.170387 0.160414
v -0.904803 0.229540 0.189224
v -0.429030 -0.177354 0.186387
v -0.234714 -0.112512 0.155994
v 0.287653 -0.103712 0.157938
v -0.018563 -0.095461 0.163452
v 0.955007 -0.070279 0.185362
v 0.929784 -0.046971 0.177171
v 0.938084 0.112457 0.170082
v -0.291212 0.150880 0.161668
v -0.228969 0.160912 0.161796
v -0.809167 0.239141 0.176296
v 0.612751 -0.262865 0.154533
v -0.622886 -0.224850 0.187116
v -0.598716 -0.195468 0.201785
v 0.007395 -0.254025 0.154624
v 0.721560 -0.208052 0.155457
v 0.792965 0.162535 0.171853
v -0.777667 0.221629 0.184259
v -0.629995 0.258710 0.186939
v 0.110543 -0.221077 0.156317
v -0.746011 -0.206914 0.194409
v -0.554688 -0.184356 0.210745
v 0.725586 -0.096202 0.198130
v -0.758842 -0.020355 0.207702
v 0.165404 0.122567 0.170017
v 0.501269 0.134591 0.161071
v 0.686869 0.117507 0.175889
v -0.090097 0.141411 0.162469
v 0.880013 -0.297481 0.157937
v 0.437459 -0.237967 0.155962
v 0.269390 -0.221003 0.156238
v -0.778722 -0.154161 0.168962
v 0.115811 -0.086403 0.169595
v 0.194306 -0.083541 0.171708
v 0.228572 -0.072516 0.179386
v 0.050020 -0.073910 0.177027
v 0.329759 -0.077576 0.175463
v 0.056281 0.118024 0.173969
v 0.316302 0.118062 0.172487
v 0.425856 0.105362 0.180874
v 0.563337 0.121350 0.171227
v 0.727558 0.153499 0.179945
v 0.885202 -0.274999 0.155550
v 0.720461 -0.249941 0.156372
v -0.829788 -0.175407 0.205206
v 0.435187 -0.085346 0.170216
v 0.936329 -0.049093 0.182709
v -0.589675 0.255031 0.177309
v -0.265129 -0.102738 0.170340
v -0.778045 -0.129275 0.214361
v 0.151381 -0.069148 0.181164
v 0.472655 -0.067393 0.181221
v -0.784299 0.107286 0.231951
v 0.595764 0.095700 0.185181
v -0.263706 0.140663 0.182962
v -0.771294 0.249598 0.201441
v -0.740918 0.253931 0.196440
v 0.556645 -0.059162 0.185423
v 0.686335 -0.054320 0.190882
v 0.622133 -0.055802 0.188128
v 0.875797 0.025035 0.187659
v 0.197408 0.099390 0.184509
v 0.465167 0.096608 0.184032
v -0.083586 0.096553 0.185813
v -0.789410 -0.154592 0.217545
v -0.761674 0.093532 0.216385
v 0.143122 0.099404 0.183149
v 0.794793 -0.100017 0.195340
v -0.264358 -0.080832 0.197470
v -0.795361 -0.123223 0.236042
v -0.837946 -0.092141 0.232396
v 0.266897 -0.035393 0.194128
v 0.417528 -0.064632 0.183158
v 0.932105 0.051333 0.187256
v 0.086812 0.091101 0.186262
v 0.527534 0.086652 0.188396
v -0.368708 0.146009 0.197117
v -0.751123 0.236433 0.195804
v -0.904194 -0.213744 0.203810
v 0.088887 -0.056096 0.187133
v 0.361496 0.078392 0.191114
v -0.795119 0.111701 0.187948
v -0.787915 0.141083 0.166039
v -0.828269 0.140005 0.201590
v 0.954657 0.102145 0.211234
v -0.476492 -0.165062 0.211582
v 0.694829 -0.048426 0.217115
v 0.954867 -0.050266 0.217945
v 0.134670 -0.028294 0.196092
v 0.235204 0.067630 0.194307
v 0.285091 0.065184 0.195169
v -0.780698 0.161659 0.192286
v 0.724051 0.110701 0.204976
v -0.555658 0.228111 0.202840
v -0.740210 -0.200739 0.220223
v -0.880200 -0.147095 0.227685
v -0.170274 -0.061149 0.195233
v 0.381961 -0.024354 0.196911
v 0.179873 -0.032570 0.194409
v 0.052459 -0.037791 0.193211
v 0.328983 -0.016059 0.198210
v -0.018814 -0.025477 0.197150
v 0.935969 -0.009107 0.199123
v 0.793320 0.127044 0.197010
v -0.947740 -0.208669 0.207177
v 0.785196 -0.088331 0.201870
v -0.783710 -0.058900 0.230344
v -0.816456 -0.052292 0.185210
v -0.783381 -0.090013 0.184721
v -0.026085 -0.038422 0.199493
v 0.454462 -0.007773 0.199997
v 0.513787 -0.012377 0.199718
v 0.955381 0.038019 0.203326
v 0.103949 0.053314 0.197849
v 0.029922 0.054389 0.197836
v 0.194899 0.055632 0.197062
v 0.416402 0.041693 0.200319
v -0.088953 0.055303 0.201525
v -0.466929 0.181012 0.225007
v -0.468580 -0.166493 0.191768
v -0.465745 -0.116827 0.227747
v -0.423969 -0.115580 0.231935
v -0.365200 -0.072408 0.219058
v -0.827889 -0.074869 0.217380
v -0.780184 -0.114934 0.234055
v 0.476128 0.048690 0.199474
v 0.532488 0.044427 0.200449
v 0.345771 0.031707 0.200673
v 0.159883 0.052679 0.196539
v -0.775380 0.184382 0.221786
v -0.958566 -0.151172 0.222591
v 0.792679 -0.067601 0.209886
v -0.135272 -0.027598 0.204823
v 0.576420 -0.005374 0.200702
v 0.060540 -0.015415 0.198728
v 0.598559 0.044330 0.200609
v 0.686534 0.025751 0.204214
v -0.849365 0.148860 0.222989
v -0.591405 0.228042 0.208686
v -0.765760 -0.149034 0.248771
v -0.543679 -0.174650 0.225388
v 0.615210 0.016290 0.202682
v 0.111611 0.012228 0.201438
v 0.212681 0.008925 0.200966
v 0.053792 0.022964 0.200936
v -0.019142 0.023978 0.202057
v 0.168378 0.009081 0.201114
v 0.267342 0.012401 0.201732
v 0.701552 0.041854 0.224806
v -0.202912 0.051168 0.209859
v -0.329297 0.091338 0.212840
v -0.802092 0.175659 0.227404
v -0.321593 -0.052841 0.217327
v 0.724477 -0.032515 0.222009
v 0.955794 0.016995 0.227600
v -0.025063 0.008509 0.209289
v -0.088167 0.017899 0.209196
v 0.790034 0.084132 0.216450
v 0.799479 0.071430 0.221337
v -0.778993 0.169223 0.234552
v -0.809946 0.187232 0.230479
v -0.923464 0.170495 0.246972
v -0.545688 0.202219 0.232259
v -0.917756 -0.185431 0.220834
v -0.946932 -0.185159 0.219618
v -0.211259 -0.009954 0.212505
v -0.824420 0.149249 0.227131
v -0.784935 0.129738 0.235576
v -0.945626 0.193957 0.223790
v -0.770116 0.202522 0.249645
v -0.766035 0.183565 0.249783
v -0.556466 0.187920 0.238141
v -0.605139 0.215458 0.215531
v -0.631273 0.208545 0.242759
v -0.771859 -0.161986 0.254859
v -0.477601 -0.126369 0.241791
v -0.807563 -0.111735 0.255288
v 0.790989 -0.029463 0.222279
v -0.318437 0.029558 0.227617
v -0.624304 -0.154718 0.257622
v -0.823486 -0.087526 0.240562
v -0.328418 0.013453 0.219333
v -0.332207 -0.042084 0.212392
v -0.369767 -0.010047 0.233548
v -0.435033 0.095229 0.244680
v -0.423609 0.098897 0.254113
v -0.441593 0.156455 0.210198
v -0.462128 0.112572 0.238303
v -0.750854 0.152867 0.271607
v -0.738424 0.188744 0.260556
v -0.918212 -0.110900 0.256692
v -0.832992 -0.079191 0.246430
v 0.802164 -0.013630 0.227128
v -0.785011 -0.062529 0.268748
v 0.789390 0.012442 0.227832
v -0.371111 0.074586 0.228960
v -0.891168 0.207512 0.247251
v -0.888577 -0.175882 0.244070
v -0.744604 -0.131273 0.267973
v -0.944581 -0.175817 0.244356
v 0.800118 0.023334 0.228731
v -0.621322 0.207906 0.233586
v -0.942026 0.206060 0.239698
v -0.544487 -0.121068 0.267282
v -0.440790 -0.078583 0.256966
v -0.794569 0.130435 0.252325
v -0.473442 0.140796 0.251103
v -0.808497 0.155195 0.251546
v -0.766885 0.112583 0.262602
v -0.546521 0.153234 0.266309
v -0.956397 -0.132402 0.254158
v -0.555887 -0.129808 0.253880
v -0.807101 -0.084892 0.267032
v -0.928072 0.150504 0.257978
v -0.810342 0.126255 0.268120
v -0.609768 -0.118971 0.267820
v -0.924923 -0.127416 0.261400
v -0.432583 0.004124 0.273168
v -0.469787 0.095546 0.266437
v -0.765442 0.077224 0.272184
v -0.553173 0.112097 0.277760
v -0.919720 0.178729 0.259574
v -0.859442 -0.122593 0.280584
v -0.478789 -0.086883 0.263992
v -0.888919 -0.066316 0.278515
v -0.765391 -0.053611 0.269137
v -0.625989 0.138347 0.278563
v -0.720316 -0.132967 0.274699
v -0.909492 0.119886 0.284759
v -0.924047 0.152963 0.285416
v -0.807016 0.044983 0.290484
v -0.595192 0.115541 0.281340
v -0.634519 0.130516 0.291048
v -0.767031 -0.085908 0.285791
v -0.915741 -0.101026 0.276438
v -0.474116 0.002140 0.283458
v -0.769728 0.030898 0.285189
v -0.875037 0.083084 0.283448
v -0.747504 0.128952 0.291970
v -0.544694 -0.087346 0.274727
v -0.913899 -0.032580 0.295764
v -0.539484 -0.015185 0.293199
v -0.804616 -0.025692 0.289088
v -0.544427 0.108188 0.284151
v -0.766664 0.114332 0.287445
v -0.639114 -0.096140 0.292666
v -0.745068 -0.087988 0.293480
v -0.532728 0.097472 0.273092
v -0.769751 0.133849 0.292355
v -0.770624 -0.090145 0.296822
v -0.571082 -0.064487 0.285209
v -0.892604 0.062252 0.278645
v -0.872315 -0.016480 0.292302
v -0.918591 0.052374 0.298341
v -0.888646 0.118995 0.300827
v -0.906052 -0.039520 0.313291
v -0.624051 -0.046044 0.299083
v -0.912548 0.030304 0.298442
v -0.543653 0.043273 0.293099
v -0.723614 0.125510 0.293415
v -0.871311 -0.061189 0.307928
v -0.945494 0.032595 0.301204
v -0.753129 0.071285 0.297294
v -0.751571 -0.022082 0.302961
v -0.950397 -0.021601 0.299138
v -0.624292 0.028191 0.306099
v -0.642300 0.078540 0.306936
v -0.743061 -0.046764 0.309831
v -0.766089 0.021494 0.306399
v -0.739509 0.081750 0.307268
v -0.769942 0.046535 0.316158
v -0.718199 0.076049 0.307446
v -0.675274 0.078083 0.306621
v -0.648472 -0.022955 0.316797
v -0.771264 -0.020274 0.314591
v -0.677519 -0.054762 0.305723
v -0.741990 -0.009793 0.313841
v -0.674090 0.024046 0.315022
v -0.878931 0.023865 0.317036
v -0.947134 -0.001131 0.317988
vn -0.7813 -0.5259 -0.3360
vn -0.3058 0.3325 -0.8922
vn -0.1690 -0.3534 -0.9201
vn -0.0790 0.1591 -0.9841
vn -0.3442 -0.2891 -0.8933
vn -0.2787 0.0037 -0.9604
vn 0.0072 -0.1637 -0.9865
vn 0.4961 -0.0887 -0.8637
vn 0.0515 0.0779 -0.9956
vn 0.0488 0.0574 -0.9972
vn 0.4515 0.1492 -0.8797
vn 0.0936 0.1597 -0.9827
vn 0.2098 0.0346 -0.9771
vn -0.0000 -1.0000 -0.0000
vn 0.0489 0.0575 -0.9971
vn 0.0073 -0.1637 -0.9865
vn 0.2706 -0.2410 -0.9320
vn 0.6989 0.0842 -0.7103
vn -0.6545 0.2541 0.7120
vn -0.3065 0.0944 -0.9472
vn -0.3631 0.2033 -0.9093
vn -0.0653 0.2769 -0.9587
vn 0.2564 0.2456 -0.9348
vn 0.4526 -0.3895 -0.8021
vn 0.1743 -0.1511 -0.9730
vn 0.4084 0.1209 -0.9048
vn 0.1547 -0.1498 -0.9765
vn -0.8146 0.5466 0.1942
vn -0.3683 0.2863 -0.8845
vn -0.0334 -0.4374 -0.8986
vn -0.4171 -0.4124 -0.8099
vn -0.7142 -0.3380 0.6130
vn 0.1100 0.2228 -0.9686
vn 0.6089 0.2840 -0.7406
vn -0.4069 -0.4931 -0.7689
vn 0.2258 0.1370 -0.9645
vn 0.0803 -0.0503 -0.9955
vn -0.0173 0.3115 -0.9501
vn 0.1926 -0.5182 -0.8333
vn -0.0018 -0.4440 -0.8960
vn -0.0239 -0.2881 -0.9573
vn -0.3337 -0.0338 0.9421
vn 0.1921 0.2018 -0.9604
vn 0.1393 -0.1901 -0.9718
vn 0.1628 -0.0942 -0.9822
vn 0.3281 -0.0103 -0.9446
vn -0.2377 0.1517 0.9594
vn -0.1720 -0.1142 0.9785
vn 0.1718 0.0761 0.9822
vn -0.8512 -0.2845 0.4410
vn 0.3522 0.3784 -0.8560
vn 0.2607 0.4818 -0.8366
vn -0.4005 0.3787 -0.8344
vn 0.3471 0.5618 -0.7509
vn -0.1360 -0.5572 -0.8191
vn -0.3093 0.0898 0.9467
vn -0.1122 -0.0750 0.9909
vn 0.4002 0.0537 -0.9149
vn 0.2793 0.3167 -0.9065
vn -0.7077 0.2029 -0.6767
vn -0.3270 -0.5683 -0.7551
vn -0.1887 -0.4534 -0.8711
vn 0.3844 -0.3054 -0.8712
vn -0.6461 0.5804 0.4956
vn -0.1239 0.3078 0.9434
vn -0.2390 0.1052 0.9653
vn -0.2276 -0.3743 0.8989
vn -0.0923 0.4933 -0.8649
vn -0.0118 -0.5389 -0.8423
vn -0.0843 -0.3043 -0.9488
vn -0.7972 0.5180 -0.3101
vn -0.6141 0.4771 0.6287
vn 0.3423 0.0274 -0.9392
vn 0.4204 -0.2000 -0.8850
vn -0.6397 0.0895 0.7634
vn -0.8921 -0.0863 0.4435
vn -0.0905 -0.4368 0.8950
vn 0.0658 0.5406 -0.8387
vn -0.3753 0.5353 -0.7567
vn 0.4645 -0.6008 -0.6506
vn 0.3486 -0.0185 -0.9371
vn 0.4614 0.2286 -0.8572
vn 0.4095 -0.5727 -0.7102
vn 0.3185 -0.3157 -0.8938
vn -0.6157 -0.7253 0.3080
vn -0.7599 -0.5546 0.3390
vn -0.0127 0.5903 -0.8071
vn 0.3208 0.5521 -0.7696
vn 0.4608 -0.5867 -0.6659
vn 0.2967 0.3837 -0.8745
vn -0.5519 -0.3184 -0.7707
vn -0.4022 0.8035 -0.4389
vn 0.3814 0.5089 -0.7717
vn -0.6399 0.6292 0.4412
vn -0.3914 -0.3271 0.8601
vn 0.2053 0.6490 -0.7325
vn -0.6215 0.7433 0.2474
vn 0.5055 0.4267 -0.7499
vn 0.2862 -0.7212 -0.6308
vn 0.0087 0.6197 0.7848
vn -0.3499 0.4897 0.7986
vn -0.3180 0.9122 0.2586
vn 0.1067 -0.9351 -0.3378
vn -0.8666 0.4833 -0.1243
vn -0.3021 -0.5769 0.7589
vn -0.5351 -0.5883 -0.6063
vn 0.4415 -0.5254 -0.7273
vn 0.2293 -0.7002 -0.6762
vn 0.1025 -0.9376 -0.3322
vn -0.3181 0.9121 0.2586
vn -0.4819 -0.0766 0.8729
vn -0.6290 0.4250 -0.6510
vn 0.3597 -0.3162 -0.8778
vn 0.1489 -0.0094 -0.9888
vn 0.4371 0.0731 -0.8964
vn -0.6112 0.4846 -0.6257
vn 0.5263 0.6144 -0.5878
vn -0.5724 0.5930 -0.5663
vn -0.7838 0.5048 0.3617
vn -0.4655 0.8071 0.3632
vn -0.6381 -0.5623 -0.5260
vn -0.4888 0.6005 -0.6328
vn 0.2689 0.3300 -0.9049
vn 0.0821 0.4309 -0.8986
vn -0.5318 -0.7927 0.2980
vn -0.4711 -0.5397 -0.6977
vn -0.5312 -0.6785 -0.5073
vn -0.7895 0.4367 -0.4313
vn -0.7755 0.0173 0.6311
vn 0.3514 0.6898 -0.6330
vn -0.4683 -0.6458 -0.6029
vn 0.0030 -0.7061 -0.7081
vn 0.3235 0.3490 -0.8795
vn -0.6198 -0.4679 0.6300
vn 0.0693 -0.7425 -0.6663
vn 0.2295 -0.7547 -0.6147
vn 0.3223 -0.7399 -0.5904
vn -0.8309 -0.0469 0.5544
vn -0.4385 0.8987 0.0109
vn -0.1097 0.7033 -0.7023
vn 0.9895 0.1236 -0.0754
vn -0.1060 -0.9793 0.1722
vn 0.0049 -0.2142 -0.9768
vn 0.7069 0.0188 -0.7071
vn 0.8365 -0.1541 -0.5259
vn -0.0564 -0.3627 -0.9302
vn -0.0467 0.0519 -0.9976
vn 0.0006 0.1719 -0.9851
vn -0.6296 -0.7769 -0.0036
vn 0.2077 0.7126 -0.6701
vn -0.0043 0.7647 -0.6443
vn -0.0487 -0.7034 -0.7091
vn 0.2334 -0.5135 -0.8258
vn -0.9095 -0.3590 0.2096
vn -0.9997 -0.0076 0.0252
vn -0.0805 -0.1438 -0.9863
vn -0.6704 -0.1545 -0.7258
vn -0.1797 -0.0103 -0.9837
vn -0.2987 -0.0673 -0.9520
vn 0.0783 -0.1924 -0.9782
vn -0.6069 0.1922 -0.7712
vn 0.5451 0.2548 -0.7987
vn 0.2442 0.5434 -0.8031
vn 0.1041 0.1823 -0.9777
vn -0.7256 -0.4224 -0.5433
vn -0.0014 -0.5040 -0.8637
vn -0.1763 0.0291 -0.9839
vn -0.0532 0.4094 -0.9108
vn -0.8634 -0.4915 -0.1140
vn -0.3101 -0.8851 -0.3471
vn -0.1597 0.7435 0.6494
vn 0.7484 -0.0227 0.6628
vn -0.4756 0.0650 -0.8773
vn 0.0778 0.2083 -0.9750
vn -0.0037 0.4034 -0.9150
vn -0.9523 -0.2425 0.1854
vn 0.3239 0.6068 -0.7258
vn -0.1981 -0.7391 0.6438
vn 0.3312 0.7551 -0.5658
vn -0.4909 0.6916 -0.5298
vn -0.8066 0.4286 0.4071
vn 0.1220 0.0582 -0.9908
vn 0.5483 0.4273 -0.7189
vn 0.7892 0.4141 -0.4536
vn -0.8304 0.5131 0.2172
vn -0.8641 -0.0904 0.4952
vn 0.5384 0.6980 -0.4721
vn -0.6506 0.7125 -0.2627
vn 0.4487 -0.4606 -0.7658
vn 0.3942 -0.5800 -0.7129
vn 0.0551 -0.5506 -0.8329
vn 0.0493 0.0292 -0.9984
vn 0.0526 -0.2807 -0.9584
vn 0.2260 0.2515 -0.9411
vn 0.3970 0.6802 -0.6161
vn -0.0924 0.7907 -0.6052
vn 0.3920 -0.7896 -0.4721
vn 0.2047 -0.6245 -0.7538
vn -0.5426 -0.5467 -0.6378
vn 0.8778 0.2448 0.4119
vn -0.5711 -0.1817 -0.8005
vn -0.0113 -0.1057 -0.9943
vn -0.0009 -0.0075 -1.0000
vn 0.0067 -0.2414 -0.9704
vn -0.0001 -0.3377 -0.9413
vn 0.0119 -0.0389 -0.9992
vn 0.0330 -0.0971 -0.9947
vn -0.0005 -0.1260 -0.9920
vn 0.0010 0.0675 -0.9977
vn -0.0072 -0.1144 -0.9934
vn 0.0040 -0.0872 -0.9962
vn -0.0059 0.1332 -0.9911
vn -0.0055 -0.2111 -0.9774
vn 0.0099 -0.2160 -0.9763
vn -0.0203 0.1555 -0.9876
vn -0.0267 -0.1852 -0.9823
vn 0.0062 0.1632 -0.9866
vn 0.0184 0.2159 -0.9762
vn 0.0226 0.1185 -0.9927
vn 0.0207 0.1129 -0.9934
vn 0.0135 0.2087 -0.9779
vn -0.0037 0.2571 -0.9664
vn 0.0078 0.1010 -0.9949
vn 0.0237 -0.0525 -0.9983
vn -0.0029 0.1638 -0.9865
vn -0.8744 0.4545 -0.1699
vn 0.1139 0.3589 -0.9264
vn 0.8971 -0.2127 0.3873
vn 0.0431 0.7509 -0.6590
vn 0.0042 0.6006 -0.7995
vn 0.1333 0.8195 -0.5574
vn -0.4297 -0.7769 -0.4602
vn 0.3337 -0.7275 -0.5995
vn -0.5649 -0.4652 -0.6815
vn 0.0007 -0.3111 -0.9504
vn 0.0036 -0.1719 -0.9851
vn 0.0114 0.0937 -0.9955
vn 0.0090 -0.2913 -0.9566
vn 0.0093 -0.2207 -0.9753
vn -0.0047 -0.3286 -0.9445
vn -0.0035 0.1775 -0.9841
vn 0.0329 0.2355 -0.9713
vn -0.0068 0.3065 -0.9518
vn -0.0012 0.3729 -0.9279
vn 0.0070 0.3663 -0.9305
vn 0.0204 0.2794 -0.9600
vn -0.0110 0.4018 -0.9157
vn -0.5521 0.5470 -0.6292
vn -0.6497 -0.2677 -0.7115
vn -0.4441 -0.6596 0.6064
vn 0.3773 -0.0062 -0.9261
vn -0.0081 -0.6550 -0.7556
vn 0.0561 -0.5148 -0.8555
vn 0.0056 -0.4826 -0.8758
vn -0.0027 -0.5051 -0.8630
vn 0.0059 -0.4110 -0.9116
vn 0.0396 -0.4588 -0.8877
vn -0.0034 -0.3922 -0.9199
vn 0.0094 0.4350 -0.9004
vn -0.0114 0.4220 -0.9065
vn -0.0024 0.4412 -0.8974
vn 0.0064 0.3557 -0.9346
vn 0.0228 0.4152 -0.9094
vn -0.5584 0.3871 -0.7337
vn -0.0506 0.6739 -0.7371
vn -0.3307 -0.8013 -0.4986
vn 0.0043 -0.6423 -0.7664
vn -0.0105 -0.4532 -0.8914
vn 0.0042 -0.5173 -0.8558
vn 0.2696 0.2563 0.9282
vn 0.3481 -0.0871 0.9334
vn -0.0077 0.4026 -0.9154
vn -0.0046 0.4396 -0.8982
vn 0.0052 0.3762 -0.9265
vn -0.0031 0.4978 -0.8673
vn 0.1762 0.6021 -0.7787
vn -0.9883 0.1506 -0.0246
vn 0.1819 0.7954 -0.5782
vn 0.0955 -0.8491 -0.5195
vn -0.9488 0.2871 0.1318
vn 0.1191 -0.5616 -0.8188
vn -0.0047 -0.5981 -0.8014
vn -0.0076 -0.4664 -0.8845
vn -0.0019 -0.4915 -0.8709
vn 0.5329 -0.2921 0.7942
vn -0.7834 -0.5969 -0.1733
vn -0.5911 0.6568 0.4682
vn 0.7295 0.4906 -0.4766
vn 0.3200 0.8079 -0.4949
vn 0.2432 -0.8798 -0.4085
vn 0.1689 -0.7529 -0.6361
vn 0.0854 -0.7230 -0.6855
vn 0.2095 -0.5865 -0.7824
vn -0.0054 0.5559 -0.8313
vn 0.0167 0.4953 -0.8686
vn -0.8321 -0.4920 0.2561
vn 0.0036 -0.5628 -0.8266
vn 0.0012 -0.6160 -0.7877
vn -0.0016 0.5630 -0.8265
vn -0.4151 0.8108 0.4126
vn -0.9995 0.0087 0.0288
vn 0.3452 -0.6903 -0.6358
vn 0.6426 -0.5757 -0.5057
vn -0.0484 -0.7409 -0.6699
vn -0.0011 -0.6219 -0.7831
vn 0.2844 0.5855 0.7591
vn 0.3390 0.0968 0.9358
vn 0.3166 -0.3314 0.8888
vn 0.8740 -0.0990 0.4758
vn 0.4531 -0.4553 0.7664
vn 0.0046 0.5614 -0.8275
vn -0.0049 0.5938 -0.8046
vn 0.0071 0.6358 -0.7718
vn -0.0045 0.5525 -0.8335
vn -0.0130 0.6260 -0.7797
vn -0.0112 0.5682 -0.8228
vn -0.1968 0.8134 -0.5474
vn 0.2837 0.7993 -0.5297
vn 0.0210 0.8416 -0.5397
vn -0.0368 0.8929 -0.4487
vn -0.1809 0.9046 0.3860
vn -0.9026 0.4031 0.1507
vn 0.0030 -0.6666 -0.7454
vn -0.4960 0.7795 -0.3825
vn 0.0231 0.7155 -0.6982
vn 0.0092 0.6361 -0.7715
vn 0.0157 0.6176 -0.7864
vn -0.0117 0.6667 -0.7452
vn 0.3989 0.7903 -0.4651
vn 0.0808 0.8752 -0.4770
vn 0.2883 -0.8518 -0.4373
vn 0.0005 -0.7882 -0.6154
vn -0.0324 -0.8178 -0.5746
vn 0.0044 -0.7027 -0.7115
vn 0.2653 0.4939 0.8280
vn -0.4255 0.8370 -0.3440
vn 0.8156 0.1588 0.5563
vn 0.5360 -0.5256 0.6607
vn -0.3386 0.8892 -0.3077
vn 0.0023 0.8053 -0.5929
vn 0.3842 -0.8761 -0.2914
vn -0.0911 0.8936 0.4395
vn -0.0574 -0.4201 -0.9056
vn -0.0102 -0.6770 -0.7359
vn 0.0001 -0.7008 -0.7134
vn -0.0357 0.6935 -0.7196
vn -0.0035 0.7325 -0.6807
vn 0.0154 0.7210 -0.6928
vn 0.3459 0.8129 -0.4686
vn -0.2552 -0.8740 0.4136
vn 0.0619 0.9031 -0.4249
vn 0.3331 -0.7650 -0.5512
vn -0.0019 -0.7372 -0.6757
vn -0.0059 -0.7110 -0.7032
vn -0.0019 -0.7334 -0.6797
vn 0.7832 -0.4962 0.3746
vn 0.3887 0.7277 -0.5651
vn 0.5009 0.7160 -0.4863
vn -0.1922 -0.8204 -0.5386
vn 0.0583 -0.0749 -0.9955
vn 0.3402 -0.5691 -0.7486
vn -0.0610 -0.2130 -0.9751
vn 0.4114 0.6118 -0.6756
vn -0.4754 -0.4810 -0.7366
vn 0.2950 0.1747 -0.9394
vn -0.1261 0.0530 -0.9906
vn 0.0336 0.5393 -0.8415
vn -0.0477 -0.4611 -0.8861
vn 0.0618 0.6902 -0.7210
vn -0.0565 -0.4701 -0.8808
vn -0.0718 -0.6892 -0.7210
vn 0.0488 0.5872 -0.8080
vn -0.3554 -0.1334 -0.9251
vn 0.0674 -0.4063 -0.9113
vn -0.7538 0.1155 -0.6469
vn -0.0016 -0.2266 -0.9740
vn -0.3594 0.6320 -0.6866
vn 0.1108 -0.6650 -0.7386
vn 0.1110 0.7452 -0.6575
vn 0.0751 0.8823 -0.4646
vn -0.0008 -0.7703 -0.6377
vn -0.0160 0.7033 -0.7108
vn -0.0662 0.8616 -0.5032
vn 0.8738 -0.4257 -0.2352
vn 0.1597 -0.9218 -0.3533
vn -0.2016 -0.9003 -0.3858
vn 0.2082 -0.8949 -0.3948
vn -0.1015 -0.9625 -0.2516
vn -0.0292 -0.9124 -0.4083
vn 0.3622 -0.3525 0.8629
vn -0.9189 0.0488 -0.3914
vn 0.7916 0.3685 0.4873
vn -0.8200 0.1148 0.5607
vn 0.0263 0.7351 -0.6774
vn 0.0020 0.7338 -0.6793
vn -0.0132 0.7843 -0.6202
vn -0.3963 0.7240 -0.5647
vn 0.3604 0.8655 -0.3479
vn -0.3470 0.8680 -0.3552
vn -0.1250 0.7612 0.6363
vn -0.5523 -0.0964 0.8281
vn 0.0370 0.7190 0.6940
vn 0.0647 0.7283 0.6822
vn 0.2560 0.8525 0.4557
vn 0.1982 0.0443 -0.9792
vn 0.1247 0.0753 -0.9893
vn -0.9268 0.1876 -0.3254
vn -0.4142 -0.4989 -0.7613
vn 0.1442 -0.7511 -0.6442
vn 0.0028 -0.7959 -0.6054
vn -0.0083 -0.7820 -0.6232
vn 0.3675 0.8154 0.4473
vn -0.8109 -0.4407 0.3849
vn 0.3125 -0.6690 0.6744
vn 0.8652 -0.2529 0.4331
vn -0.0035 0.7046 -0.7096
vn -0.0054 0.7205 -0.6934
vn 0.0363 0.8003 -0.5985
vn 0.0083 0.8086 -0.5883
vn -0.9955 -0.0141 -0.0932
vn -0.0971 -0.9637 -0.2486
vn -0.2117 -0.9617 -0.1742
vn 0.9746 0.0358 0.2209
vn 0.9643 -0.0386 0.2619
vn 0.3500 -0.7168 0.6031
vn -0.0046 0.8195 -0.5730
vn 0.6498 0.6950 -0.3078
vn -0.5288 -0.8136 0.2415
vn 0.4963 -0.4672 0.7317
vn 0.0642 0.7208 0.6902
vn 0.0500 0.6172 0.7852
vn 0.1111 0.6336 0.7656
vn 0.2782 -0.6074 -0.7441
vn -0.9552 0.1992 0.2188
vn -0.1871 0.8027 -0.5662
vn -0.5085 0.8245 -0.2482
vn -0.7749 -0.6050 0.1827
vn -0.0781 -0.9522 -0.2954
vn 0.0420 -0.8606 -0.5076
vn -0.9225 -0.3808 -0.0624
vn 0.8751 0.4190 -0.2421
vn -0.2962 0.8068 0.5112
vn -0.7438 0.3264 -0.5833
vn -0.5939 0.2733 -0.7567
vn 0.0002 -0.7922 -0.6102
vn 0.4060 0.7436 -0.5313
vn -0.9792 -0.1648 -0.1182
vn -0.4828 0.8556 -0.1867
vn 0.0979 -0.9837 -0.1510
vn 0.3136 -0.8431 -0.4369
vn 0.2606 -0.8723 -0.4137
vn 0.9173 0.3397 0.2078
vn 0.0028 -0.5497 -0.8353
vn -0.0060 0.8636 -0.5041
vn 0.1647 0.9386 -0.3032
vn -0.0997 0.9582 -0.2682
vn 0.2270 -0.9709 -0.0769
vn -0.1013 -0.9288 0.3565
vn -0.0246 0.8654 0.5005
vn 0.0695 0.6810 0.7290
vn 0.3127 -0.5463 0.7770
vn -0.2167 0.7380 0.6391
vn 0.2026 0.5036 0.8399
vn -0.2112 0.9097 0.3576
vn -0.7750 0.6233 0.1044
vn 0.5608 0.2084 0.8013
vn 0.0604 0.5756 0.8155
vn 0.0735 0.6685 0.7401
vn -0.6842 0.7276 0.0500
vn 0.1079 0.7443 0.6590
vn -0.9745 0.2011 -0.0997
vn 0.1109 -0.6651 -0.7385
vn 0.4962 -0.4674 0.7316
vn 0.6724 -0.0563 0.7380
vn 0.3090 0.5449 0.7795
vn 0.0451 -0.5659 0.8232
vn 0.6725 -0.0564 0.7380
vn -0.6086 0.2250 0.7609
vn 0.1992 -0.8127 -0.5475
vn 0.0080 -0.5905 -0.8070
vn 0.1971 0.8100 0.5523
vn -0.8845 -0.0469 -0.4641
vn -0.0313 0.7859 -0.6175
vn -0.0012 0.8562 -0.5167
vn -0.0083 0.8525 -0.5227
vn -0.0001 0.8496 -0.5274
vn -0.0001 0.8628 -0.5056
vn -0.0026 0.8494 -0.5277
vn -0.9062 -0.1660 -0.3890
vn 0.4084 0.8961 -0.1737
vn -0.2340 -0.6385 0.7332
vn -0.2964 0.7823 -0.5479
vn -0.7318 0.4490 0.5127
vn 0.4261 -0.6722 0.6054
vn 0.9897 -0.1164 0.0833
vn 0.4962 -0.4672 0.7318
vn -0.3521 0.6447 0.6785
vn 0.5035 -0.0525 0.8624
vn -0.7666 0.2319 0.5988
vn -0.0260 0.8716 -0.4895
vn 0.0197 0.8201 -0.5719
vn -0.2100 0.9617 -0.1763
vn -0.0698 -0.5938 0.8016
vn 0.5361 0.8437 0.0270
vn 0.0849 0.8558 0.5104
vn -0.7813 0.0246 -0.6237
vn -0.0295 -0.0463 0.9985
vn 0.0718 -0.8688 -0.4900
vn -0.0340 -0.8592 -0.5105
vn 0.0296 -0.4117 -0.9108
vn 0.0836 -0.6205 -0.7797
vn -0.8985 0.2113 0.3848
vn 0.7177 -0.5931 0.3650
vn 0.0033 0.8783 -0.4781
vn -0.0023 0.8834 -0.4685
vn 0.0047 0.8673 -0.4978
vn -0.2021 0.8989 -0.3888
vn 0.0394 0.5473 0.8360
vn -0.0916 -0.6978 0.7104
vn -0.2396 0.3796 -0.8936
vn 0.0615 0.5886 0.8061
vn -0.6527 -0.7559 -0.0505
vn 0.3135 -0.9335 -0.1741
vn 0.0480 0.7550 0.6539
vn 0.8099 0.2524 0.5296
vn 0.8532 -0.4790 -0.2067
vn 0.1679 -0.4233 -0.8903
vn 0.1124 0.5190 0.8474
vn -0.3228 -0.6588 -0.6795
vn 0.0002 -0.5112 -0.8595
vn 0.9634 0.1994 0.1790
vn -0.0431 0.8194 -0.5716
vn -0.0723 0.9525 -0.2959
vn -0.0720 -0.8724 0.4835
vn -0.1589 0.7216 0.6738
vn -0.0436 -0.6340 0.7721
vn 0.1967 0.4905 0.8490
vn 0.6295 -0.6994 -0.3384
vn -0.9026 -0.0722 -0.4243
vn -0.0016 -0.5202 -0.8540
vn -0.2329 -0.4281 -0.8732
vn 0.0008 -0.5629 -0.8265
vn -0.5792 0.8027 0.1421
vn 0.0129 0.8785 -0.4776
vn -0.0413 0.9758 -0.2149
vn 0.6245 0.7810 0.0072
vn 0.3766 0.9261 0.0228
vn 0.2498 0.9592 -0.1325
vn -0.3440 -0.9288 0.1378
vn 0.3026 -0.8835 0.3575
vn -0.0256 0.4979 0.8669
vn 0.2510 -0.8746 -0.4148
vn -0.1019 0.7700 0.6298
vn 0.0407 0.6681 -0.7430
vn 0.0817 0.6501 0.7555
vn 0.6824 0.6989 -0.2141
vn -0.7245 -0.3560 0.5902
vn -0.9159 -0.3261 -0.2341
vn 0.3836 -0.8528 0.3544
vn 0.0663 0.8993 -0.4323
vn 0.4905 0.8703 0.0443
vn 0.4208 0.9070 -0.0142
vn 0.3077 0.9285 -0.2078
vn -0.4272 0.8973 -0.1108
vn 0.0322 -0.9529 -0.3015
vn 0.1516 -0.3287 0.9322
vn 0.2509 -0.8746 -0.4149
vn 0.1517 -0.3286 0.9322
vn 0.8098 0.2522 0.5297
vn 0.5250 0.1169 -0.8431
vn 0.2261 -0.9529 -0.2021
vn 0.1139 0.2008 -0.9730
vn 0.1140 0.2008 -0.9730
vn 0.1124 0.5190 0.8473
vn 0.8098 0.2523 0.5296
vn 0.7995 0.5442 0.2543
vn 0.3457 -0.8903 0.2963
vn -0.0554 0.9889 -0.1378
vn -0.0011 0.9267 -0.3759
vn 0.7289 -0.6843 -0.0225
vn -0.0778 -0.6609 0.7465
vn -0.9285 -0.2704 0.2544
vn 0.1516 -0.3284 0.9323
vn -0.0411 -0.8856 -0.4626
vn -0.0077 -0.0903 -0.9959
vn -0.4263 0.3773 -0.8221
vn 0.9665 0.0535 0.2509
vn 0.9555 -0.1421 0.2586
vn 0.3287 0.8107 -0.4845
vn -0.0041 0.9364 -0.3509
vn -0.0043 0.9501 -0.3120
vn -0.9028 0.1842 -0.3885
vn 0.4409 0.5822 -0.6831
vn -0.1026 -0.9751 0.1964
vn 0.1851 -0.9617 -0.2022
vn -0.7559 -0.6262 0.1913
vn -0.6927 -0.3184 -0.6472
vn 0.6823 0.6990 -0.2143
vn -0.0457 -0.6177 -0.7851
vn -0.0628 -0.5411 -0.8386
vn -0.1740 -0.9460 0.2734
vn 0.0810 -0.8230 0.5623
vn 0.1518 -0.3287 0.9322
vn -0.0556 -0.8403 -0.5392
vn -0.1180 -0.3877 0.9142
vn 0.0055 0.9614 -0.2752
vn 0.0006 0.9389 -0.3442
vn 0.0113 0.9334 -0.3588
vn 0.8332 -0.5421 0.1093
vn 0.3929 0.8144 -0.4271
vn -0.1827 0.4789 0.8587
vn -0.7927 -0.5182 0.3210
vn -0.8013 -0.5722 0.1749
vn 0.8003 -0.4070 0.4403
vn 0.6776 0.0678 0.7323
vn -0.1430 -0.9827 0.1175
vn -0.9359 0.3099 -0.1672
vn 0.9827 -0.1837 0.0245
vn 0.3003 -0.9026 0.3084
vn 0.0043 0.9728 -0.2314
vn -0.4813 0.0363 -0.8758
vn -0.7279 0.6111 -0.3110
vn 0.2932 0.9487 0.1186
vn 0.5574 0.8215 -0.1204
vn -0.2763 -0.7820 0.5586
vn -0.8916 -0.2728 0.3615
vn -0.1917 0.9560 0.2220
vn 0.5982 -0.8014 -0.0035
vn -0.0776 -0.8773 0.4737
vn -0.0286 -0.6350 0.7720
vn -0.8057 0.0048 -0.5923
vn -0.5003 0.8577 -0.1188
vn -0.0622 0.8044 -0.5908
vn -0.7962 -0.1893 0.5746
vn -0.0407 -0.6634 0.7472
vn -0.0707 -0.9961 0.0528
vn -0.3711 -0.8971 0.2398
vn -0.5721 0.5171 0.6366
vn 0.8576 -0.3504 -0.3764
vn 0.1313 -0.6026 0.7872
vn -0.9045 0.4258 0.0221
vn -0.6632 -0.2548 0.7037
vn -0.9104 -0.4086 0.0644
vn -0.7259 -0.6120 -0.3140
vn -0.0041 0.9804 -0.1969
vn 0.0059 0.9725 -0.2329
vn 0.9012 0.4287 -0.0635
vn 0.4956 0.8625 -0.1018
vn 0.4816 0.8755 -0.0397
vn -0.0079 -0.9941 -0.1081
vn -0.1436 -0.9800 -0.1380
vn -0.0441 -0.9632 0.2651
vn 0.0151 0.7138 0.7002
vn -0.0151 -0.9949 -0.1000
vn -0.7864 0.0505 0.6157
vn -0.2385 0.9558 -0.1720
vn 0.1320 0.9377 -0.3213
vn -0.0030 0.9714 -0.2374
vn 0.0013 0.9749 -0.2227
vn 0.7810 0.6221 -0.0557
vn 0.3910 0.8800 -0.2697
vn 0.3643 0.9289 0.0669
vn -0.6196 0.7849 -0.0027
vn 0.0674 0.9936 -0.0907
vn -0.1721 -0.9671 -0.1872
vn -0.8994 0.4111 0.1482
vn -0.2226 -0.6764 0.7021
vn 0.1530 0.8809 0.4480
vn 0.0037 -0.3135 0.9496
vn -0.0011 -0.2599 0.9656
vn 0.2550 -0.9552 0.1500
vn -0.0015 -0.9071 0.4210
vn -0.6870 0.7174 -0.1156
vn -0.6827 0.1560 0.7138
vn -0.0372 0.9613 -0.2731
vn 0.4218 -0.9066 0.0144
vn -0.2485 -0.9649 -0.0848
vn -0.6386 -0.0375 0.7686
vn 0.0728 -0.7617 0.6439
vn 0.0267 -0.8899 0.4554
vn -0.0240 -0.8783 0.4776
vn 0.0562 -0.8743 0.4821
vn -0.4308 -0.6585 0.6171
vn 0.7244 0.1421 -0.6746
vn 0.0148 -0.9716 0.2362
vn 0.9611 -0.2528 -0.1110
vn 0.0001 0.9500 -0.3122
vn 0.3713 0.9128 0.1704
vn -0.2657 -0.9615 -0.0703
vn -0.3097 -0.8942 -0.3232
vn 0.3797 -0.9213 -0.0834
vn -0.0404 -0.9864 -0.1591
vn 0.2789 -0.9564 0.0871
vn 0.4673 0.7563 -0.4579
vn 0.0902 -0.9909 -0.1002
vn -0.3422 -0.9372 -0.0675
vn 0.9924 -0.1233 -0.0006
vn -0.8443 0.1319 -0.5194
vn 0.5360 -0.7110 -0.4552
vn 0.0725 -0.9974 -0.0006
vn -0.0165 -0.8750 -0.4838
vn -0.6289 0.6451 -0.4340
vn -0.8705 0.4888 0.0583
vn -0.6921 0.2180 0.6881
vn 0.9119 0.4076 0.0473
vn -0.9024 -0.2841 0.3239
vn -0.3951 0.9099 0.1266
vn -0.2284 0.9731 -0.0305
vn 0.0044 0.9767 -0.2146
vn 0.1864 0.9721 -0.1425
vn 0.2340 -0.7861 -0.5722
vn 0.3727 0.9272 0.0371
vn -0.8646 0.2550 0.4329
vn -0.7862 -0.1011 0.6096
vn -0.9091 0.2980 0.2912
vn -0.3823 -0.8950 -0.2297
vn -0.8396 -0.3258 0.4346
vn -0.4797 -0.8156 -0.3236
vn 0.9629 0.2650 -0.0518
vn 0.0027 1.0000 -0.0015
vn 0.0890 0.6850 -0.7231
vn 0.3949 0.9183 -0.0278
vn -0.9177 -0.3600 0.1681
vn -0.8211 -0.5700 -0.0304
vn -0.1753 -0.9841 0.0278
vn 0.0231 -0.6819 -0.7311
vn -0.0741 0.6586 -0.7489
vn 0.8858 -0.3021 -0.3524
vn -0.1838 -0.9792 0.0859
vn -0.6317 -0.7751 0.0169
vn 0.3841 -0.9033 -0.1911
vn 0.3673 0.9253 0.0950
vn 0.2398 0.9295 -0.2803
vn 0.6962 0.7093 -0.1105
vn -0.8479 -0.1299 -0.5141
vn 0.8137 -0.5493 -0.1901
vn 0.1084 -0.9941 -0.0070
vn 0.0684 -0.9976 0.0070
vn -0.9982 0.0099 0.0596
vn 0.6239 0.7813 0.0186
vn -0.0876 -0.9959 0.0223
vn 0.9612 0.2592 -0.0942
vn 0.2619 -0.9345 0.2409
vn 0.3107 -0.9500 0.0322
vn 0.6335 -0.7703 0.0724
vn 0.3948 -0.9182 -0.0326
vn 0.0021 0.9996 0.0275
vn -0.5235 0.8510 0.0410
vn 0.5242 -0.5405 -0.6581
vn -0.7178 0.6963 -0.0065
vn -0.5467 0.8163 -0.1863
vn -0.4589 -0.4631 0.7583
vn 0.1883 0.7393 0.6465
vn -0.2967 -0.9539 0.0446
vn 0.3980 0.9131 0.0887
vn 0.9937 -0.1008 -0.0497
vn 0.1963 0.9802 -0.0262
vn -0.0067 0.9988 -0.0494
vn -0.0034 0.9998 -0.0172
vn 0.5251 0.8469 0.0837
vn -0.1937 0.9809 0.0160
vn 0.3024 -0.9530 0.0164
vn -0.9746 0.1183 0.1900
vn -0.9522 0.3054 0.0006
vn -0.0029 0.9978 -0.0660
vn 0.1906 0.9595 0.2074
vn -0.2643 0.9642 0.0198
vn 0.0527 0.9967 0.0615
vn -0.5821 -0.7174 -0.3828
vn 0.9828 -0.1845 0.0115
vn 0.3429 -0.9340 -0.1006
vn -0.0133 0.9976 0.0674
vn 0.3088 -0.9438 0.1175
vn -0.2082 0.7209 -0.6610
vn 0.1436 -0.9896 0.0046
vn -0.9186 -0.3796 -0.1097
vn 0.0095 0.9999 0.0064
vn 0.3008 -0.9488 0.0966
vn -0.9944 -0.1051 0.0072
vn 0.1704 -0.9699 0.1740
vn 0.0029 0.9989 0.0458
vn -0.9997 0.0215 -0.0084
vn 0.1667 0.9859 0.0120
vn -0.0005 0.9992 0.0403
vn -0.0006 0.9938 0.1114
vn 0.0032 0.9999 -0.0114
vn -0.9489 0.2657 -0.1705
vn -0.4153 0.9062 0.0796
vn 0.5619 0.8270 0.0176
vn 0.0425 -0.9530 0.2998
vn -0.0132 -0.8744 -0.4851
vn 0.2805 -0.9598 0.0128
vn 0.9677 -0.2508 0.0240
vn -0.9296 0.3347 -0.1543
vn 0.9800 0.1431 -0.1380
vn -0.2111 -0.9772 0.0204
vn -0.9706 -0.1912 -0.1462
vn 0.2424 -0.3527 0.9038
vn -0.9671 -0.0031 -0.2542
vn 0.1976 -0.9798 -0.0306
vn -0.1743 -0.9698 -0.1705
vn 0.6023 0.7611 -0.2407
vn -0.3722 0.9280 -0.0146
vn 0.8402 -0.5336 -0.0964
vn -0.1116 0.9929 0.0417
vn 0.3505 0.9362 0.0278
vn -0.9283 -0.0591 -0.3670
vn 0.5277 -0.8197 0.2230
vn -0.5511 0.8231 0.1370
vn -0.4757 0.8763 0.0760
vn -0.5705 -0.8207 -0.0330
vn 0.3563 0.9018 -0.2447
vn 0.8177 -0.5675 -0.0965
vn 0.4904 0.8329 0.2565
vn -0.2056 -0.9724 -0.1103
vn 0.4356 -0.4765 0.7637
vn -0.2848 -0.8981 0.3350
vn -0.9577 0.1794 -0.2248
vn -0.0018 0.9903 0.1386
vn 0.0260 -0.9950 0.0961
vn -0.1108 -0.9931 -0.0380
vn 0.1798 -0.9797 -0.0881
vn 0.3044 -0.8437 -0.4421
vn -0.3591 0.9058 -0.2248
vn 0.4821 0.7453 0.4606
vn -0.9131 -0.2949 -0.2816
vn 0.0916 -0.9741 0.2067
vn 0.3951 -0.5566 0.7308
vn -0.0532 -0.9386 -0.3409
vn -0.8257 0.1277 -0.5494
vn -0.4444 0.8450 0.2973
vn 0.1748 0.9418 0.2872
vn -0.1480 -0.9840 0.0996
vn -0.2026 0.9514 -0.2321
vn 0.0543 -0.9760 0.2110
vn -0.7740 0.1418 -0.6171
vn -0.1887 0.9252 0.3291
vn -0.7734 -0.5973 -0.2124
vn 0.4186 -0.8803 0.2233
vn -0.6551 0.1815 -0.7334
vn -0.1870 0.9750 0.1197
vn 0.8334 0.5369 -0.1311
vn 0.9600 -0.1336 -0.2459
vn -0.0165 0.9804 0.1963
vn 0.0118 0.9756 0.2194
vn 0.7522 0.6423 0.1472
vn -0.7990 -0.3228 -0.5074
vn -0.8792 -0.4136 -0.2365
vn -0.7846 -0.0071 -0.6200
vn 0.9594 -0.1536 -0.2366
vn 0.0002 0.9829 0.1843
vn 0.2282 0.8854 0.4049
vn -0.6864 0.5607 -0.4632
vn -0.8689 -0.1638 0.4671
vn 0.9660 -0.2584 0.0070
vn -0.3280 -0.9409 0.0849
vn 0.4067 -0.8332 -0.3746
vn -0.0034 0.9605 0.2781
vn -0.2595 0.6392 0.7239
vn -0.4411 0.5618 -0.6999
vn -0.2134 0.4770 -0.8526
vn 0.1128 0.9317 0.3452
vn -0.0782 0.9454 0.3164
vn 0.4349 0.8996 0.0401
vn 0.0105 0.9905 0.1370
vn 0.2505 -0.9680 0.0122
vn 0.8103 -0.5411 -0.2249
vn 0.0056 0.9449 0.3273
vn 0.0015 0.9424 0.3346
vn 0.2820 0.9334 0.2217
vn -0.9079 0.1590 0.3878
vn -0.0117 0.8370 -0.5470
vn -0.7805 0.1788 -0.5990
vn 0.0039 0.9377 0.3473
vn -0.0044 0.9577 0.2877
vn -0.0085 0.9532 0.3022
vn -0.8747 0.4818 0.0528
vn 0.4691 0.8530 0.2289
vn 0.1190 -0.9730 0.1979
vn -0.0070 0.9368 0.3499
vn -0.0183 0.9579 0.2864
vn -0.3121 -0.9117 -0.2671
vn -0.0901 -0.9764 0.1965
vn -0.9309 -0.3417 -0.1294
vn 0.4408 0.8648 -0.2404
vn -0.0718 0.8016 0.5935
vn 0.5143 0.8319 0.2086
vn 0.7010 -0.4619 0.5434
vn 0.2499 -0.9058 0.3421
vn 0.4963 0.4822 -0.7219
vn 0.0595 -0.7784 -0.6250
vn 0.3434 -0.9358 -0.0798
vn -0.7679 0.6110 0.1926
vn 0.4465 0.7222 0.5283
vn -0.5189 -0.7847 -0.3393
vn -0.6761 -0.5029 -0.5385
vn 0.0287 -0.5887 -0.8078
vn 0.1141 -0.9911 -0.0682
vn -0.9818 0.1116 0.1539
vn -0.0020 -0.9866 -0.1633
vn 0.7877 0.4533 -0.4173
vn 0.4295 0.8080 0.4032
vn -0.0075 0.9200 0.3919
vn -0.0198 0.9182 0.3956
vn -0.9717 0.2362 -0.0060
vn 0.3989 0.8861 0.2361
vn -0.3336 0.9052 0.2632
vn -0.9639 -0.1683 -0.2065
vn 0.0052 0.9190 0.3942
vn 0.0032 0.9339 0.3575
vn 0.1651 0.8145 0.5561
vn 0.2029 -0.8857 0.4175
vn 0.2383 -0.9156 0.3239
vn -0.7157 -0.5108 -0.4763
vn -0.2489 -0.5842 0.7725
vn 0.3600 -0.7596 0.5417
vn 0.0024 -0.8583 0.5132
vn 0.8691 0.4022 -0.2878
vn 0.6669 -0.5789 -0.4691
vn -0.0089 0.8742 0.4854
vn 0.8369 -0.4647 -0.2893
vn -0.2205 0.9652 -0.1403
vn -0.2620 0.9022 0.3426
vn 0.3291 -0.5987 -0.7302
vn -0.6985 0.0225 0.7153
vn 0.9040 -0.3473 0.2492
vn -0.9655 0.0362 0.2578
vn 0.1566 -0.8377 0.5232
vn -0.4216 -0.7956 -0.4350
vn -0.2039 -0.7063 -0.6780
vn -0.2428 0.9278 -0.2833
vn 0.5292 0.7738 0.3481
vn 0.0101 0.9387 0.3447
vn 0.6081 -0.7203 -0.3338
vn 0.0919 -0.5595 -0.8237
vn -0.2134 -0.5032 -0.8374
vn 0.0147 -0.9643 0.2643
vn -0.8274 0.4525 0.3327
vn 0.9633 0.0078 -0.2684
vn -0.5596 0.7522 -0.3479
vn -0.8960 0.1075 -0.4309
vn -0.0006 0.8393 0.5437
vn -0.0566 0.9379 0.3424
vn -0.4862 0.0733 0.8708
vn 0.8968 0.4163 -0.1498
vn 0.2338 0.9552 0.1814
vn 0.3196 0.9100 0.2642
vn -0.4308 -0.8659 0.2542
vn -0.2891 -0.9008 0.3240
vn 0.2755 -0.8616 0.4262
vn -0.8979 0.4097 -0.1612
vn -0.7141 0.6971 -0.0641
vn -0.0562 -0.7608 -0.6466
vn -0.1432 -0.6128 0.7772
vn -0.0583 -0.8029 -0.5933
vn 0.0155 -0.6229 -0.7821
vn 0.8223 0.3140 -0.4745
vn -0.8954 0.1385 -0.4232
vn 0.4048 0.9104 -0.0858
vn 0.0637 0.9317 0.3575
vn 0.1881 -0.8787 0.4387
vn -0.0968 -0.8783 -0.4682
vn -0.0459 -0.9762 0.2118
vn 0.1455 0.1916 -0.9706
vn 0.7560 -0.3703 0.5398
vn -0.1649 -0.7090 0.6856
vn -0.0051 -0.2993 -0.9542
vn -0.9182 -0.2636 -0.2958
vn -0.4742 -0.8770 -0.0775
vn -0.9067 -0.2109 0.3654
vn 0.0099 0.8599 0.5104
vn -0.0041 0.8578 0.5140
vn 0.3403 0.9245 0.1714
vn 0.4910 0.8556 0.1637
vn -0.3650 -0.8501 -0.3796
vn -0.7371 -0.6373 -0.2246
vn -0.6033 0.7417 0.2932
vn -0.1635 -0.4827 0.8604
vn -0.0750 -0.8383 0.5400
vn -0.0431 -0.6934 0.7193
vn 0.0544 -0.7265 -0.6851
vn 0.3544 0.7346 -0.5786
vn 0.2360 0.7810 -0.5782
vn -0.7536 0.2842 -0.5928
vn -0.0025 0.8521 0.5233
vn -0.5164 0.5737 -0.6357
vn 0.0586 0.7789 -0.6244
vn -0.4819 0.7568 -0.4415
vn -0.0298 -0.4652 0.8847
vn -0.0705 -0.8163 0.5734
vn 0.0004 -0.8099 0.5865
vn -0.7967 0.5188 -0.3100
vn 0.0063 0.8211 0.5708
vn -0.0089 0.8333 0.5527
vn -0.2345 0.9419 0.2405
vn -0.4869 0.7432 0.4589
vn 0.3519 0.8310 0.4307
vn -0.8961 -0.4407 -0.0523
vn -0.0937 -0.5517 -0.8288
vn 0.0778 -0.9493 -0.3045
vn -0.3859 -0.7716 -0.5057
vn 0.3607 -0.5137 -0.7785
vn -0.0952 -0.8226 -0.5607
vn 0.0519 0.5718 -0.8188
vn -0.0755 -0.5969 -0.7988
vn -0.1094 -0.8584 -0.5011
vn 0.0294 0.5425 -0.8395
vn 0.0913 0.8817 -0.4629
vn -0.0951 -0.5626 -0.8212
vn 0.0687 0.7038 -0.7071
vn 0.1047 -0.5995 -0.7935
vn -0.8744 0.1685 0.4550
vn -0.7223 0.6424 0.2562
vn -0.0003 0.8511 0.5251
vn -0.5537 0.8286 0.0829
vn -0.6799 0.5279 -0.5090
vn -0.2105 -0.8633 0.4588
vn 0.9455 0.2099 0.2488
vn -0.5777 0.2646 -0.7721
vn 0.1002 -0.1994 -0.9748
vn 0.2255 -0.8194 -0.5270
vn 0.9740 -0.0395 -0.2232
vn -0.0053 0.8275 0.5614
vn 0.3591 0.7476 0.5587
vn 0.6159 0.7786 0.1201
vn -0.9924 -0.1224 0.0092
vn -0.1993 -0.9713 0.1301
vn -0.2538 0.7759 0.5775
vn 0.0064 -0.6319 -0.7750
vn 0.6843 -0.1596 -0.7115
vn -0.3457 0.5143 0.7848
vn 0.0068 0.8022 0.5970
vn -0.2364 0.8302 0.5049
vn -0.1560 0.8306 0.5346
vn 0.6000 0.7111 0.3665
vn -0.2140 -0.8968 0.3873
vn -0.1917 0.4822 0.8548
vn -0.0541 -0.3551 0.9333
vn 0.1048 -0.5999 -0.7932
vn 0.0079 -0.4902 0.8716
vn -0.0886 -0.2060 0.9745
vn 0.0112 -0.4706 0.8823
vn -0.0032 -0.2648 0.9643
vn 0.0278 -0.4710 0.8817
vn -0.3511 -0.5602 0.7502
vn -0.1102 -0.7721 0.6258
vn -0.0056 -0.5835 0.8121
vn 0.2756 -0.8008 0.5318
vn 0.2197 -0.8515 0.4760
vn -0.5081 -0.4215 0.7511
vn -0.9901 -0.0104 -0.1399
vn 0.0043 0.7964 0.6047
vn 0.2951 0.7406 0.6036
vn -0.8538 -0.5046 0.1281
vn 0.0838 0.9542 -0.2872
vn 0.0961 0.9672 -0.2352
vn -0.0800 0.8958 -0.4372
vn -0.9631 -0.1997 0.1804
vn -0.0801 -0.7026 0.7070
vn -0.9817 -0.0563 0.1821
vn 0.1049 -0.5997 -0.7934
vn 0.2793 -0.0928 -0.9557
vn 0.2255 -0.8193 -0.5271
vn 0.2791 -0.0928 -0.9558
vn 0.3858 0.7546 -0.5308
vn 0.1002 -0.1990 -0.9749
vn 0.1046 -0.5999 -0.7932
vn -0.0068 -0.9883 0.1527
vn 0.2252 -0.8195 -0.5270
vn -0.0071 -0.9883 0.1524
vn 0.1050 -0.5998 -0.7932
vn 0.4250 -0.1856 0.8859
vn 0.0141 -0.4809 0.8767
vn 0.0143 -0.6862 0.7273
vn 0.1498 -0.8665 0.4761
vn 0.3435 0.5361 0.7711
vn -0.0591 -0.1453 0.9876
vn 0.0679 -0.3719 0.9258
vn 0.0054 -0.8007 0.5991
vn -0.0163 -0.6672 0.7447
vn 0.5556 -0.1593 0.8161
vn 0.0011 0.8111 0.5848
vn 0.1494 -0.6546 0.7411
vn 0.0937 0.9598 -0.2647
vn -0.7343 0.6772 0.0468
vn -0.1721 0.8871 -0.4284
vn 0.5818 -0.4318 0.6892
vn -0.0654 -0.7656 0.6400
vn 0.0085 -0.8118 0.5839
vn -0.2103 -0.7259 0.6549
vn 0.7927 -0.4058 0.4549
vn 0.4675 0.8432 0.2655
vn -0.0652 -0.7655 0.6401
vn -0.7504 0.3261 0.5749
vn -0.1275 -0.5184 0.8456
vn -0.6485 0.3873 0.6553
vn -0.3415 0.5770 -0.7419
vn -0.0588 -0.1454 0.9876
vn 0.0055 -0.6988 0.7153
vn 0.0029 -0.7845 0.6201
vn -0.0031 -0.7789 0.6271
vn 0.0013 -0.7486 0.6630
vn 0.5753 0.5111 -0.6385
vn 0.5090 -0.4616 -0.7265
vn 0.3955 -0.5562 -0.7309
vn 0.3364 0.8260 0.4523
vn 0.2382 0.8467 0.4757
vn -0.2534 -0.5793 0.7747
vn -0.1048 -0.9427 0.3168
vn -0.0975 -0.8889 0.4477
vn 0.0918 0.7714 -0.6297
vn 0.1002 -0.1992 -0.9748
vn -0.3414 0.5770 -0.7420
vn -0.0069 -0.9883 0.1525
vn 0.6494 -0.4088 -0.6412
vn 0.0146 -0.0890 -0.9959
vn -0.0099 -0.7182 0.6957
vn 0.3252 0.9375 -0.1241
vn 0.5555 -0.1592 0.8162
vn 0.5554 -0.1592 0.8162
vn 0.3254 0.9374 -0.1239
vn -0.3974 0.8325 0.3861
vn 0.5510 -0.6265 -0.5513
vn 0.2993 0.6687 0.6806
vn -0.0158 0.7098 0.7042
vn -0.5243 0.6540 0.5453
vn -0.0747 0.8793 0.4703
vn -0.3008 0.8633 0.4052
vn -0.0181 0.7135 -0.7004
vn 0.0862 0.8025 -0.5904
vn 0.2925 -0.8938 0.3400
vn 0.0654 0.6688 -0.7406
vn 0.0578 0.5319 -0.8448
vn -0.2203 0.7098 -0.6691
vn 0.1870 0.5369 -0.8227
vn -0.2727 -0.3681 -0.8889
vn 0.5176 -0.6209 0.5887
vn -0.0134 -0.7239 0.6898
vn 0.0010 -0.7100 0.7042
vn 0.2300 0.5142 -0.8263
vn -0.7894 -0.5878 0.1769
vn 0.4962 0.6628 0.5608
vn -0.2629 -0.8538 -0.4493
vn -0.3656 -0.8088 0.4606
vn 0.1516 -0.3118 -0.9380
vn -0.6147 0.0520 0.7870
vn -0.0733 -0.3462 -0.9353
vn -0.9462 0.3218 0.0337
vn 0.2771 0.6912 -0.6675
vn 0.0145 -0.0893 -0.9959
vn 0.5556 -0.1591 0.8161
vn 0.3251 0.9375 -0.1240
vn -0.9941 -0.1069 -0.0165
vn -0.0224 0.6909 0.7226
vn 0.0072 0.7296 0.6838
vn -0.4106 0.7610 0.5023
vn 0.0641 0.7947 -0.6037
vn -0.7946 0.0530 -0.6048
vn 0.0569 0.5260 -0.8486
vn -0.0838 -0.9006 0.4265
vn -0.5916 0.6139 0.5227
vn 0.4111 -0.6456 0.6436
vn -0.5787 -0.1946 0.7920
vn 0.5553 -0.1592 0.8162
vn 0.2104 0.8946 0.3942
vn 0.2549 0.5974 0.7603
vn -0.0036 -0.7242 0.6896
vn 0.0589 -0.5906 0.8048
vn 0.3635 0.5864 -0.7238
vn 0.8568 -0.2695 -0.4397
vn 0.0154 0.7290 0.6844
vn 0.0020 0.7469 0.6650
vn 0.0664 0.8187 0.5704
vn 0.0406 0.8397 0.5415
vn 0.4122 0.8100 0.4171
vn -0.3581 -0.8233 0.4404
vn 0.5991 -0.6605 0.4526
vn 0.0429 0.4221 -0.9055
vn 0.5107 -0.7145 0.4782
vn 0.0528 0.5087 -0.8593
vn 0.0435 0.6198 -0.7836
vn 0.0634 0.7303 -0.6802
vn 0.0517 0.5785 -0.8140
vn 0.0678 0.7305 -0.6795
vn -0.3765 0.7912 -0.4818
vn 0.2819 0.7552 0.5917
vn 0.0651 0.5906 -0.8043
vn 0.6494 -0.4086 -0.6414
vn -0.0657 -0.3491 -0.9348
vn 0.0010 -0.7161 0.6980
vn -0.9921 -0.0993 -0.0768
vn -0.0048 0.6765 0.7364
vn 0.4894 0.7176 0.4955
vn -0.0040 -0.8796 0.4757
vn 0.1766 -0.6835 0.7083
vn -0.0290 -0.6594 0.7512
vn -0.5840 -0.5611 0.5866
vn 0.2020 -0.6229 0.7558
vn 0.2389 0.3350 0.9114
vn 0.0112 -0.6575 0.7534
vn -0.4830 -0.5783 0.6575
vn 0.0082 -0.6853 0.7282
vn 0.8614 0.1086 -0.4962
vn 0.0023 0.6122 0.7907
vn 0.0031 0.6933 0.7206
vn 0.5548 0.6006 0.5757
vn -0.9995 0.0089 -0.0292
vn -0.1106 -0.4925 0.8633
vn -0.6693 0.5947 -0.4455
vn -0.2571 -0.2957 0.9200
vn 0.6494 -0.4089 -0.6412
vn -0.0656 -0.3495 -0.9346
vn -0.2569 -0.2959 0.9200
vn 0.0956 0.8317 0.5469
vn 0.0540 -0.6363 0.7695
vn -0.0350 0.6533 0.7563
vn 0.0328 -0.0739 0.9967
vn 0.0024 -0.6298 0.7768
vn 0.8646 -0.1578 -0.4769
vn -0.8474 0.4810 -0.2248
vn -0.0171 0.6435 0.7653
vn 0.0039 0.6674 0.7447
vn 0.2598 0.5411 0.7998
vn -0.6297 0.6984 0.3402
vn 0.4873 -0.2447 0.8383
vn 0.0493 0.7101 0.7024
vn 0.0691 0.7808 0.6209
vn 0.0472 0.5517 0.8327
vn -0.9322 0.2593 -0.2525
vn 0.0771 0.8130 0.5772
vn -0.0050 0.2276 0.9737
vn -0.0060 -0.5835 0.8121
vn 0.0137 0.6348 0.7726
vn 0.0083 0.6400 0.7683
vn 0.0002 0.5894 0.8078
vn -0.5742 0.4682 0.6716
vn -0.2487 0.6953 0.6743
vn -0.4008 -0.6385 -0.6570
vn 0.2746 -0.5712 0.7735
vn 0.1619 -0.6933 0.7022
vn 0.0057 -0.6052 0.7961
vn 0.2755 -0.5276 0.8036
vn 0.8180 0.2498 -0.5181
vn 0.4908 0.3169 -0.8116
vn 0.6137 -0.4201 -0.6685
vn 0.4171 0.8252 0.3809
vn -0.1844 0.7244 0.6642
vn -0.2231 -0.7731 -0.5938
vn -0.0502 -0.4618 0.8856
vn 0.2263 -0.7815 0.5814
vn 0.3405 -0.7095 0.6170
vn 0.2654 0.4224 0.8667
vn 0.0612 0.8070 0.5874
vn 0.0059 0.6569 0.7539
vn -0.5605 -0.6522 -0.5105
vn 0.1563 0.7669 0.6225
vn 0.0663 -0.2871 0.9556
vn -0.5047 -0.6795 0.5324
vn 0.0533 -0.7594 0.6485
vn -0.1069 -0.5195 0.8477
vn -0.8823 0.4381 0.1719
vn -0.0248 0.5789 0.8150
vn -0.0014 0.5732 0.8194
vn -0.5367 0.3984 0.7438
vn 0.3331 0.5739 0.7482
vn 0.0148 -0.3073 0.9515
vn -0.0249 -0.2428 0.9698
vn -0.0161 -0.2891 0.9572
vn -0.9920 0.0786 -0.0988
vn 0.0036 -0.5463 0.8376
vn -0.0051 -0.5373 0.8434
vn -0.0001 -0.4932 0.8699
vn -0.0202 -0.4931 0.8697
vn 0.0001 -0.4722 0.8815
vn 0.0099 0.5217 0.8531
vn -0.0005 0.5092 0.8606
vn 0.0069 0.4727 0.8812
vn -0.0006 0.5436 0.8394
vn -0.1385 0.6542 0.7436
vn 0.0255 0.0065 0.9997
vn -0.0024 -0.0338 0.9994
vn -0.0899 0.7166 -0.6917
vn 0.0136 -0.5869 0.8095
vn 0.6049 0.3592 -0.7107
vn 0.0467 0.8132 0.5801
vn 0.2391 -0.5319 0.8123
vn -0.9089 -0.1776 -0.3772
vn -0.0067 -0.4734 0.8808
vn -0.0024 -0.4521 0.8920
vn -0.4342 -0.8123 0.3895
vn 0.0127 0.3946 0.9188
vn 0.0905 0.6848 0.7231
vn 0.4490 0.6818 0.5775
vn -0.4854 0.6721 0.5592
vn 0.0008 -0.4097 0.9122
vn -0.4688 -0.2843 0.8363
vn -0.0044 -0.3952 0.9186
vn 0.2722 -0.0791 -0.9590
vn 0.0021 0.4319 0.9019
vn -0.0029 0.4213 0.9069
vn 0.1473 0.4586 0.8763
vn -0.6546 0.4746 -0.5884
vn -0.8838 -0.4580 0.0951
vn -0.0195 0.4199 0.9074
vn -0.0053 -0.5081 0.8613
vn 0.1110 -0.6217 0.7753
vn -0.8126 -0.2531 -0.5250
vn -0.6538 -0.5954 0.4670
vn 0.0057 -0.3038 0.9527
vn -0.0110 -0.4147 0.9099
vn 0.5206 -0.1961 -0.8309
vn 0.0073 0.4050 0.9143
vn -0.0130 0.4103 0.9119
vn 0.3009 0.4899 0.8182
vn -0.0524 0.7299 0.6815
vn -0.0662 -0.7213 0.6895
vn 0.0125 -0.3777 0.9258
vn -0.0000 0.3450 0.9386
vn -0.1286 0.9909 0.0389
vn 0.0698 -0.0929 0.9932
vn 0.8410 -0.2953 0.4534
vn 0.5226 0.3341 0.7844
vn 0.5508 -0.4827 0.6809
vn -0.6558 -0.2177 0.7228
vn 0.4566 -0.3068 0.8351
vn -0.0001 -0.2672 0.9636
vn 0.0139 0.2407 0.9705
vn -0.0098 0.2835 0.9589
vn -0.7301 -0.5342 0.4262
vn -0.1429 0.4450 0.8841
vn -0.0866 0.7254 0.6828
vn -0.3674 -0.6619 0.6534
vn -0.0022 0.6223 -0.7828
vn 0.0684 -0.4034 0.9125
vn -0.0091 -0.2359 0.9717
vn 0.0032 -0.2850 0.9585
vn -0.0167 -0.3494 0.9368
vn 0.0089 -0.1955 0.9807
vn 0.2051 -0.2160 0.9546
vn 0.5579 0.1489 -0.8164
vn 0.0138 0.4822 0.8759
vn -0.6220 -0.5004 0.6023
vn -0.0380 -0.4496 0.8924
vn -0.3164 -0.8769 -0.3620
vn 0.3089 -0.7964 0.5200
vn -0.3365 0.3927 0.8559
vn 0.4274 -0.2828 0.8587
vn -0.0009 -0.1344 0.9909
vn -0.0064 -0.1845 0.9828
vn 0.8145 -0.0510 -0.5779
vn 0.0122 0.1935 0.9810
vn 0.0092 0.2382 0.9712
vn -0.0120 0.1989 0.9799
vn -0.0049 0.1452 0.9894
vn 0.0567 0.2535 0.9657
vn 0.4220 0.4556 0.7838
vn 0.6664 0.0366 0.7447
vn 0.4476 -0.7255 0.5229
vn 0.3590 -0.6653 0.6546
vn 0.2768 -0.3254 0.9042
vn 0.9258 0.3179 0.2045
vn -0.6117 0.7629 -0.2093
vn -0.0078 0.1817 0.9833
vn -0.0027 0.1204 0.9927
vn 0.0055 0.0598 0.9982
vn 0.0012 0.1549 0.9879
vn -0.8077 0.0561 -0.5869
vn -0.8823 0.3310 -0.3346
vn -0.0008 -0.3477 0.9376
vn 0.0243 -0.2084 0.9777
vn -0.0066 -0.1190 0.9929
vn 0.0022 -0.1711 0.9853
vn -0.0163 0.1349 0.9907
vn -0.4373 0.1000 0.8938
vn -0.8113 0.2845 0.5108
vn -0.0140 0.7741 0.6330
vn 0.4723 -0.5671 0.6748
vn -0.1048 -0.7031 0.7034
vn -0.0156 -0.0944 0.9954
vn 0.0060 -0.0049 1.0000
vn -0.0005 -0.0102 0.9999
vn 0.0012 0.0134 0.9999
vn 0.2361 0.0782 0.9686
vn 0.0078 -0.0466 0.9989
vn -0.0071 0.0003 1.0000
vn -0.4175 0.1288 0.8995
vn 0.0889 0.2033 0.9751
vn 0.0388 0.2716 0.9616
vn -0.5422 -0.7213 -0.4310
vn -0.0980 -0.1391 0.9854
vn -0.0258 -0.1943 0.9806
vn 0.7170 -0.0002 0.6971
vn 0.2722 0.0003 0.9622
vn 0.0463 0.1032 0.9936
vn -0.0470 0.2882 0.9564
vn -0.0859 0.2559 0.9629
vn -0.6792 -0.5512 -0.4847
vn -0.2701 -0.5392 -0.7977
vn -0.5774 -0.5921 -0.5622
vn -0.0760 0.6553 0.7516
vn -0.0902 -0.7309 0.6765
vn -0.7103 -0.5260 0.4677
vn 0.0800 -0.1255 0.9889
vn 0.5982 0.7930 -0.1151
vn -0.5095 0.6680 -0.5424
vn -0.9307 -0.0171 -0.3655
vn 0.5145 0.4922 0.7021
vn 0.5720 0.4859 0.6609
vn -0.0998 0.5585 0.8235
vn -0.1791 0.8371 0.5169
vn 0.3331 0.5946 0.7318
vn 0.4793 -0.5454 0.6876
vn 0.3914 -0.6431 0.6582
vn -0.1052 0.6922 -0.7140
vn -0.0578 -0.2342 0.9705
vn -0.1963 0.0250 0.9802
vn 0.2647 -0.5774 0.7724
vn -0.0224 -0.9407 0.3385
vn -0.1339 -0.0204 0.9908
vn 0.0431 -0.0216 0.9988
vn 0.4253 -0.1012 0.8994
vn -0.1022 0.7995 0.5919
vn 0.0615 0.5084 0.8589
vn -0.0451 0.2772 0.9598
vn 0.6381 0.3958 0.6604
vn -0.4979 0.4694 0.7292
vn -0.2590 0.5426 0.7991
vn -0.5983 0.6742 -0.4330
vn -0.7025 -0.0757 0.7076
vn -0.0583 -0.1736 0.9831
vn -0.5539 0.8309 -0.0529
vn -0.0840 0.0237 0.9962
vn 0.4013 0.1782 0.8985
vn -0.1103 0.6557 0.7469
vn -0.0985 -0.6332 0.7677
vn -0.3895 -0.5275 0.7550
vn -0.4220 -0.6422 0.6399
vn -0.0766 0.0433 0.9961
vn 0.2433 0.7267 0.6424
vn -0.7387 0.2855 0.6107
vn -0.0329 -0.4779 0.8778
vn 0.3414 -0.3042 0.8893
vn -0.6701 -0.7279 0.1454
vn 0.5622 0.3371 0.7552
vn -0.4071 -0.2155 -0.8876
vn -0.6122 -0.6835 -0.3974
vn -0.1419 0.4696 0.8714
vn -0.7133 0.2358 0.6601
vn -0.2859 -0.5098 0.8114
vn -0.5606 0.0442 -0.8269
vn -0.7284 -0.4763 -0.4926
vn -0.1935 -0.4561 -0.8686
vn 0.2529 -0.4611 0.8505
vn -0.3714 -0.1569 0.9151
vn 0.3793 0.0159 0.9251
vn 0.3414 0.3460 0.8739
vn -0.8675 -0.1154 -0.4838
vn -0.2463 0.1574 0.9563
vn -0.7112 0.3392 0.6158
vn -0.1168 -0.4691 0.8754
vn 0.2155 -0.3090 0.9263
vn -0.0990 0.3122 -0.9448
vn -0.8624 0.3668 -0.3490
vn 0.4581 0.3804 0.8034
vn -0.1037 -0.5220 0.8466
vn -0.8292 -0.4594 -0.3184
vn -0.7032 0.2961 0.6464
vn -0.1180 -0.1586 -0.9803
vn 0.1926 0.3109 0.9307
vn 0.2674 0.3640 0.8922
vn 0.4353 -0.3242 0.8399
vn -0.8261 -0.1557 0.5417
vn 0.2108 -0.0029 0.9775
vn -0.4131 0.0419 -0.9097
vn -0.1176 -0.0149 -0.9930
vn -0.5161 0.3274 0.7915
vn -0.0038 -0.3004 0.9538
vn -0.7479 -0.1267 -0.6516
vn 0.1457 -0.1507 0.9778
vn -0.1681 0.2093 -0.9633
vn -0.1168 -0.1376 0.9836
vn 0.6705 0.2527 0.6976
vn 0.1898 -0.3566 0.9148
vn -0.2757 -0.3612 0.8908
vn 0.0803 -0.2086 0.9747
vn 0.6208 0.3100 0.7200
vn 0.4816 -0.3412 0.8072
vn 0.1234 -0.2538 0.9594
vn -0.2330 0.1016 -0.9671
vn 0.1987 0.0303 -0.9796
vn -0.9080 0.3521 -0.2270
vn -0.2264 0.2308 0.9463
vn -0.2646 -0.3839 0.8847
vn 0.3646 -0.2115 0.9068
vn -0.3508 -0.0116 -0.9364
vn 0.2005 0.1723 0.9644
vn 0.0133 0.3450 0.9385
vn -0.0218 -0.3244 0.9457
vn -0.8488 0.5245 -0.0668
vn -0.3290 0.1671 0.9294
vn -0.5120 -0.0619 0.8568
vn -0.6963 -0.4813 -0.5325
vn 0.2312 0.0239 0.9726
vn 0.2736 0.1865 0.9436
vn -0.4278 -0.1952 0.8825
vn 0.6016 0.0103 0.7988
vn -0.3592 0.1620 0.9191
vn 0.5008 0.0775 0.8621
vn 0.0064 0.1747 0.9846
vn 0.0005 0.2310 0.9730
vn 0.1785 -0.1281 0.9756
vn 0.5829 -0.1288 0.8023
vn -0.0311 -0.2244 0.9740
vn -0.2670 -0.0099 0.9637
vn 0.0090 0.0507 0.9987
vn -0.1088 0.1637 0.9805
vn -0.5054 -0.0355 0.8622
vt 0.671166 0.810702
vt 0.673644 0.793343
vt 0.689545 0.815563
vt 0.698930 0.790382
vt 0.453127 0.519544
vt 0.432270 0.515021
vt 0.444075 0.499509
vt 0.734515 0.802867
vt 0.413442 0.498019
vt 0.423929 0.493146
vt 0.733291 0.777243
vt 0.403379 0.490176
vt 0.428537 0.480699
vt 0.992028 0.564440
vt 0.992028 0.540793
vt 0.997434 0.561215
vt 0.452301 0.479023
vt 0.893277 0.233176
vt 0.902162 0.209109
vt 0.902902 0.216938
vt 0.551979 0.997539
vt 0.551979 0.975957
vt 0.558128 0.981207
vt 0.409155 0.518930
vt 0.400048 0.513991
vt 0.396149 0.505902
vt 0.395018 0.477063
vt 0.736238 0.837034
vt 0.445618 0.525156
vt 0.406657 0.472726
vt 0.445625 0.467147
vt 0.942555 0.900321
vt 0.936542 0.876767
vt 0.942555 0.854304
vt 0.681259 0.784591
vt 0.685275 0.751452
vt 0.471950 0.510962
vt 0.690599 0.835446
vt 0.682022 0.814041
vt 0.896660 0.247005
vt 0.415012 0.525428
vt 0.405285 0.462210
vt 0.441694 0.983503
vt 0.449517 0.985779
vt 0.441694 0.994265
vt 0.732284 0.751823
vt 0.476367 0.521348
vt 0.892159 0.268939
vt 0.812144 0.989091
vt 0.817928 0.978681
vt 0.817928 0.996931
vt 0.409380 0.444716
vt 0.437222 0.445279
vt 0.916892 0.187261
vt 0.918597 0.193941
vt 0.477101 0.474195
vt 0.897556 0.268806
vt 0.458489 0.453572
vt 0.388425 0.521364
vt 0.473312 0.805466
vt 0.485110 0.780863
vt 0.483992 0.801971
vt 0.469671 0.785466
vt 0.395486 0.443936
vt 0.465927 0.526371
vt 0.447554 0.444486
vt 0.432315 0.434740
vt 0.221187 0.982105
vt 0.221187 0.957474
vt 0.224459 0.970960
vt 0.434049 0.802467
vt 0.432990 0.774528
vt 0.455041 0.796808
vt 0.473545 0.776010
vt 0.042655 0.968194
vt 0.050497 0.941071
vt 0.057037 0.938516
vt 0.381997 0.467882
vt 0.372357 0.474126
vt 0.375032 0.513576
vt 0.731331 0.729155
vt 0.695813 0.861118
vt 0.428163 0.794722
vt 0.433548 0.420848
vt 0.458377 0.761700
vt 0.399634 0.441305
vt 0.405684 0.417798
vt 0.679209 0.998591
vt 0.679209 0.984626
vt 0.683178 0.988192
vt 0.054696 0.921857
vt 0.484935 0.519614
vt 0.478211 0.453458
vt 0.465746 0.421912
vt 0.420883 0.810216
vt 0.461824 0.816673
vt 0.119057 0.983609
vt 0.119057 0.935636
vt 0.125827 0.952141
vt 0.464259 0.768744
vt 0.560628 0.988735
vt 0.564649 0.982643
vt 0.564649 0.997209
vt 0.435179 0.753852
vt 0.470937 0.748119
vt 0.376663 0.447182
vt 0.479755 0.449826
vt 0.467230 0.447990
vt 0.990790 0.706175
vt 0.983280 0.715359
vt 0.983280 0.685632
vt 0.433329 0.820434
vt 0.665758 0.723048
vt 0.668916 0.713971
vt 0.668916 0.743382
vt 0.418423 0.791447
vt 0.419382 0.764584
vt 0.424439 0.417396
vt 0.455851 0.745458
vt 0.932584 0.178984
vt 0.358519 0.512236
vt 0.678408 0.737748
vt 0.737335 0.861362
vt 0.453644 0.418931
vt 0.428908 0.405728
vt 0.391700 0.421633
vt 0.369944 0.518287
vt 0.901589 0.288588
vt 0.473636 0.831759
vt 0.462335 0.406304
vt 0.420142 0.750229
vt 0.047081 0.919891
vt 0.367904 0.442333
vt 0.737335 0.738775
vt 0.358593 0.468464
vt 0.900340 0.297468
vt 0.476976 0.422798
vt 0.404466 0.401276
vt 0.477838 0.730629
vt 0.673071 0.854413
vt 0.682464 0.840419
vt 0.483139 0.529455
vt 0.934705 0.298595
vt 0.937155 0.286312
vt 0.937155 0.311711
vt 0.160305 0.911510
vt 0.148032 0.913521
vt 0.153414 0.897287
vt 0.693767 0.957512
vt 0.703952 0.960365
vt 0.699185 0.970099
vt 0.431803 0.741571
vt 0.997402 0.866304
vt 0.992770 0.850765
vt 0.997402 0.847545
vt 0.435690 0.736788
vt 0.354992 0.472462
vt 0.671734 0.845056
vt 0.695655 0.932237
vt 0.504645 0.478230
vt 0.458295 0.846558
vt 0.810023 0.996308
vt 0.805887 0.992114
vt 0.810023 0.978681
vt 0.802119 0.984195
vt 0.163237 0.899718
vt 0.748262 0.886263
vt 0.748469 0.873209
vt 0.766664 0.880812
vt 0.789334 0.866286
vt 0.130503 0.996350
vt 0.130503 0.979216
vt 0.138265 0.985026
vt 0.436615 0.725601
vt 0.972323 0.975266
vt 0.979763 0.966840
vt 0.979763 0.980112
vt 0.498282 0.424289
vt 0.433304 0.835327
vt 0.477496 0.406066
vt 0.518378 0.991117
vt 0.508857 0.985696
vt 0.518378 0.978492
vt 0.122801 0.987656
vt 0.125827 0.985729
vt 0.125827 0.997468
vt 0.465659 0.387244
vt 0.453949 0.372099
vt 0.429013 0.385166
vt 0.051693 0.903448
vt 0.992028 0.447197
vt 0.997685 0.441577
vt 0.997685 0.465197
vt 0.345903 0.798395
vt 0.338714 0.791767
vt 0.340889 0.776160
vt 0.672567 0.722727
vt 0.739832 0.808078
vt 0.739456 0.789955
vt 0.743365 0.798242
vt 0.992617 0.955950
vt 0.982923 0.988446
vt 0.982923 0.952216
vt 0.484547 0.836177
vt 0.506766 0.978502
vt 0.397036 0.979216
vt 0.404490 0.981655
vt 0.402621 0.986248
vt 0.949040 0.972581
vt 0.944978 0.955633
vt 0.962695 0.972905
vt 0.405343 0.379290
vt 0.383443 0.398949
vt 0.665758 0.679065
vt 0.665758 0.666765
vt 0.669040 0.666893
vt 0.297364 0.924989
vt 0.320015 0.927181
vt 0.301238 0.937864
vt 0.397036 0.995699
vt 0.399980 0.414044
vt 0.157195 0.680843
vt 0.151900 0.684084
vt 0.151900 0.662672
vt 0.085436 0.995580
vt 0.092544 0.987784
vt 0.092541 0.993947
vt 0.085436 0.981816
vt 0.730167 0.713039
vt 0.502411 0.520019
vt 0.496646 0.451522
vt 0.140033 0.904832
vt 0.304886 0.984108
vt 0.301083 0.994154
vt 0.297364 0.984108
vt 0.157131 0.670056
vt 0.371367 0.414418
vt 0.043814 0.908821
vt 0.745893 0.821801
vt 0.976278 0.991189
vt 0.501820 0.469580
vt 0.363250 0.980533
vt 0.363250 0.997715
vt 0.357435 0.986031
vt 0.767210 0.888410
vt 0.775609 0.895674
vt 0.751870 0.888384
vt 0.421525 0.837224
vt 0.430360 0.829519
vt 0.306266 0.980555
vt 0.311693 0.967925
vt 0.312668 0.981988
vt 0.483519 0.722167
vt 0.351106 0.444669
vt 0.336569 0.770028
vt 0.739456 0.822556
vt 0.297364 0.954360
vt 0.537026 0.983017
vt 0.537026 0.997295
vt 0.531124 0.990880
vt 0.962695 0.955627
vt 0.981159 0.685633
vt 0.981159 0.700569
vt 0.969261 0.692439
vt 0.036544 0.759696
vt 0.095195 0.735731
vt 0.094907 0.762624
vt 0.012842 0.766827
vt 0.012501 0.731920
vt 0.036497 0.728351
vt 0.763537 0.956541
vt 0.763369 0.967016
vt 0.755765 0.963771
vt 0.004730 0.044916
vt 0.014454 0.054071
vt 0.015366 0.068513
vt 0.349422 0.441332
vt 0.684291 0.062650
vt 0.668961 0.014733
vt 0.683113 0.021120
vt 0.429638 0.972622
vt 0.418423 0.982552
vt 0.418423 0.962958
vt 0.498727 0.408158
vt 0.774533 0.907614
vt 0.882099 0.958575
vt 0.884917 0.975097
vt 0.877671 0.976839
vt 0.110233 0.965846
vt 0.116563 0.990575
vt 0.110233 0.991838
vt 0.457154 0.366497
vt 0.001582 0.761463
vt 0.431252 0.368810
vt 0.426753 0.364607
vt 0.449230 0.323042
vt 0.002025 0.725932
vt 0.094764 0.717369
vt 0.369952 0.403810
vt 0.379497 0.408355
vt 0.168509 0.672586
vt 0.867910 0.902974
vt 0.882819 0.878111
vt 0.878413 0.897357
vt 0.426010 0.985872
vt 0.983056 0.882618
vt 0.989655 0.885326
vt 0.983056 0.909203
vt 0.036789 0.779396
vt 0.410939 0.367073
vt 0.012397 0.708511
vt 0.833781 0.876596
vt 0.833781 0.902569
vt 0.818496 0.929872
vt 0.703952 0.936172
vt 0.912227 0.307143
vt 0.381263 0.919410
vt 0.387164 0.925942
vt 0.379887 0.936711
vt 0.485110 0.862204
vt 0.436471 0.853571
vt 0.513680 0.553905
vt 0.506766 0.527677
vt 0.515861 0.526511
vt 0.086012 0.676704
vt 0.089299 0.684212
vt 0.053708 0.683029
vt 0.425053 0.318687
vt 0.779448 0.837756
vt 0.799998 0.855918
vt 0.987174 0.122940
vt 0.994028 0.111481
vt 0.994028 0.137474
vt 0.036893 0.709390
vt 0.821451 0.885459
vt 0.802301 0.919754
vt 0.802119 0.888530
vt 0.376852 0.379708
vt 0.667701 0.638491
vt 0.349986 0.416647
vt 0.890484 0.866861
vt 0.001060 0.001060
vt 0.025036 0.002068
vt 0.004639 0.040559
vt 0.421823 0.848769
vt 0.867344 0.970026
vt 0.968072 0.701969
vt 0.442966 0.280861
vt 0.094863 0.699956
vt 0.302558 0.956919
vt 0.297364 0.972387
vt 0.884019 0.955479
vt 0.891739 0.934405
vt 0.893763 0.951189
vt 0.011883 0.985871
vt 0.001060 0.987872
vt 0.001060 0.966374
vt 0.350107 0.459002
vt 0.337812 0.748829
vt 0.602184 0.816363
vt 0.610633 0.796891
vt 0.659235 0.805382
vt 0.475571 0.418663
vt 0.818892 0.433706
vt 0.832861 0.422983
vt 0.834017 0.436254
vt 0.748262 0.910103
vt 0.094862 0.782574
vt 0.867344 0.957600
vt 0.471070 0.333706
vt 0.439175 0.258825
vt 0.458717 0.260537
vt 0.423341 0.282434
vt 0.384371 0.353873
vt 0.748262 0.966103
vt 0.753285 0.981731
vt 0.867344 0.952590
vt 0.307007 0.997450
vt 0.307007 0.984108
vt 0.312202 0.992008
vt 0.342515 0.760440
vt 0.653230 0.066283
vt 0.471753 0.357234
vt 0.001060 0.794154
vt 0.971457 0.713849
vt 0.954865 0.945668
vt 0.529544 0.565521
vt 0.057517 0.675748
vt 0.456495 0.134451
vt 0.449677 0.119392
vt 0.464200 0.115943
vt 0.445783 0.004542
vt 0.474164 0.006530
vt 0.479233 0.035686
vt 0.455503 0.038284
vt 0.448649 0.236641
vt 0.458076 0.105430
vt 0.449890 0.103169
vt 0.457873 0.087375
vt 0.461492 0.068706
vt 0.445235 0.063538
vt 0.468351 0.049012
vt 0.455127 0.220231
vt 0.433045 0.204491
vt 0.454405 0.206897
vt 0.440913 0.087093
vt 0.427646 0.245977
vt 0.432580 0.237563
vt 0.436481 0.224899
vt 0.437645 0.108719
vt 0.442105 0.039369
vt 0.438711 0.151558
vt 0.451139 0.159900
vt 0.435505 0.173098
vt 0.749856 0.840007
vt 0.412432 0.277770
vt 0.507793 0.509043
vt 0.519441 0.497403
vt 0.388316 0.344023
vt 0.036555 0.691480
vt 0.042655 0.880174
vt 0.026823 0.042560
vt 0.668242 0.001060
vt 0.651425 0.004294
vt 0.500347 0.389102
vt 0.020449 0.666193
vt 0.034579 0.665735
vt 0.525426 0.572511
vt 0.471631 0.095269
vt 0.455848 0.186141
vt 0.440078 0.189626
vt 0.463838 0.163028
vt 0.464535 0.146373
vt 0.472769 0.073748
vt 0.435969 0.132396
vt 0.426424 0.231841
vt 0.428939 0.162394
vt 0.422936 0.139935
vt 0.415691 0.221115
vt 0.426214 0.090538
vt 0.424573 0.060973
vt 0.001881 0.690417
vt 0.935036 0.976921
vt 0.920412 0.980868
vt 0.935036 0.960078
vt 0.763537 0.982037
vt 0.622580 0.963536
vt 0.602184 0.962147
vt 0.622580 0.916519
vt 0.251688 0.948524
vt 0.261241 0.931803
vt 0.271903 0.929166
vt 0.659317 0.788431
vt 0.922110 0.330949
vt 0.990004 0.910526
vt 0.012552 0.794956
vt 0.474639 0.295663
vt 0.484242 0.105407
vt 0.486109 0.085774
vt 0.476376 0.127140
vt 0.470297 0.241760
vt 0.469194 0.176671
vt 0.412408 0.238082
vt 0.418719 0.121791
vt 0.419526 0.106068
vt 0.418519 0.181377
vt 0.420723 0.081759
vt 0.111462 0.666269
vt 0.124251 0.666422
vt 0.012862 0.688265
vt 0.659667 0.077292
vt 0.675812 0.076209
vt 0.678982 0.117922
vt 0.742975 0.840884
vt 0.495605 0.419520
vt 0.036803 0.789514
vt 0.476853 0.193682
vt 0.488622 0.051845
vt 0.496649 0.008889
vt 0.163391 0.870761
vt 0.863620 0.433985
vt 0.862372 0.393629
vt 0.871788 0.414740
vt 0.871414 0.393931
vt 0.417399 0.200749
vt 0.426725 0.042045
vt 0.418083 0.165847
vt 0.421680 0.028668
vt 0.420097 0.002404
vt 0.395972 0.277065
vt 0.512877 0.490838
vt 0.312668 0.956481
vt 0.921010 0.963350
vt 0.454155 0.582821
vt 0.453552 0.568801
vt 0.471802 0.578690
vt 0.883610 0.868255
vt 0.026097 0.055399
vt 0.683082 0.143656
vt 0.664844 0.145959
vt 0.675407 0.126626
vt 0.382060 0.959632
vt 0.993743 0.717615
vt 0.998824 0.723592
vt 0.993743 0.734266
vt 0.476993 0.261181
vt 0.479982 0.233788
vt 0.478032 0.213110
vt 0.481423 0.159595
vt 0.868487 0.373134
vt 0.861971 0.365160
vt 0.766956 0.827485
vt 0.869942 0.921737
vt 0.886294 0.925001
vt 0.094993 0.686333
vt 0.668915 0.918815
vt 0.664614 0.891095
vt 0.668915 0.877583
vt 0.649352 0.121889
vt 0.929367 0.329490
vt 0.684072 0.235843
vt 0.671185 0.258211
vt 0.674338 0.239484
vt 0.684149 0.259307
vt 0.404188 0.204588
vt 0.410503 0.147582
vt 0.851941 0.632009
vt 0.853135 0.651451
vt 0.840031 0.646453
vt 0.004875 0.100087
vt 0.036999 0.102591
vt 0.008037 0.110708
vt 0.251688 0.898712
vt 0.985113 0.281840
vt 0.992299 0.293078
vt 0.985113 0.305177
vt 0.678963 0.171344
vt 0.482204 0.181752
vt 0.489334 0.143051
vt 0.405252 0.183833
vt 0.454696 0.558910
vt 0.146106 0.837378
vt 0.156505 0.819853
vt 0.160739 0.835146
vt 0.816057 0.420990
vt 0.493381 0.366278
vt 0.095195 0.799251
vt 0.669544 0.270062
vt 0.490138 0.122752
vt 0.872366 0.432277
vt 0.892184 0.405722
vt 0.890450 0.375974
vt 0.900045 0.381241
vt 0.972323 0.945598
vt 0.976181 0.935095
vt 0.980802 0.964719
vt 0.405930 0.165436
vt 0.411175 0.055813
vt 0.409120 0.034164
vt 0.400586 0.226366
vt 0.403702 0.116845
vt 0.405474 0.129309
vt 0.380168 0.328379
vt 0.034503 0.136246
vt 0.017138 0.135981
vt 0.033763 0.069279
vt 0.016214 0.071719
vt 0.345903 0.740182
vt 0.146587 0.810983
vt 0.161936 0.820136
vt 0.665437 0.230023
vt 0.497073 0.070526
vt 0.141540 0.857254
vt 0.871587 0.365364
vt 0.833305 0.917611
vt 0.395295 0.213054
vt 0.402447 0.150515
vt 0.408925 0.091952
vt 0.404843 0.077430
vt 0.521344 0.476019
vt 0.985391 0.347151
vt 0.991790 0.348184
vt 0.983571 0.357296
vt 0.037177 0.072898
vt 0.652734 0.189598
vt 0.801845 0.426216
vt 0.036986 0.803381
vt 0.641717 0.818484
vt 0.641830 0.829992
vt 0.628727 0.830912
vt 0.500280 0.095830
vt 0.891991 0.432011
vt 0.151445 0.863574
vt 0.900792 0.414540
vt 0.868441 0.359684
vt 0.991790 0.366078
vt 0.320015 0.988017
vt 0.315068 0.981016
vt 0.320015 0.974973
vt 0.541877 0.771232
vt 0.541043 0.754991
vt 0.600064 0.766739
vt 0.887082 0.848014
vt 0.391600 0.946670
vt 0.637404 0.131784
vt 0.140572 0.816613
vt 0.542016 0.587191
vt 0.488624 0.325524
vt 0.493755 0.263131
vt 0.490349 0.208820
vt 0.504645 0.040714
vt 0.973298 0.930059
vt 0.393929 0.237879
vt 0.404595 0.046842
vt 0.395800 0.166807
vt 0.037192 0.115542
vt 0.842606 0.665516
vt 0.041197 0.055700
vt 0.675996 0.187744
vt 0.097613 0.828384
vt 0.506766 0.947946
vt 0.522562 0.957934
vt 0.506766 0.973243
vt 0.520762 0.976371
vt 0.493156 0.179259
vt 0.497011 0.162424
vt 0.503569 0.060152
vt 0.130749 0.881157
vt 0.538657 0.469403
vt 0.381707 0.278384
vt 0.518065 0.769126
vt 0.035478 0.162382
vt 0.016755 0.162470
vt 0.024076 0.096853
vt 0.757256 0.772076
vt 0.768062 0.794344
vt 0.757644 0.798019
vt 0.768776 0.751599
vt 0.792145 0.806509
vt 0.757746 0.447674
vt 0.768500 0.457715
vt 0.760551 0.479478
vt 0.790856 0.776956
vt 0.774639 0.598277
vt 0.794080 0.640594
vt 0.771683 0.659237
vt 0.768608 0.685549
vt 0.792373 0.713081
vt 0.776564 0.483071
vt 0.772837 0.510170
vt 0.776104 0.441577
vt 0.778627 0.550798
vt 0.662595 0.207990
vt 0.799998 0.458845
vt 0.782343 0.470631
vt 0.799998 0.499537
vt 0.796777 0.557005
vt 0.499881 0.141654
vt 0.394899 0.195843
vt 0.992125 0.906934
vt 0.992125 0.882618
vt 0.995933 0.901740
vt 0.507165 0.769345
vt 0.517348 0.746476
vt 0.805565 0.644972
vt 0.767179 0.809793
vt 0.749600 0.482409
vt 0.762569 0.751477
vt 0.769521 0.514073
vt 0.798608 0.154938
vt 0.799124 0.215713
vt 0.793136 0.153859
vt 0.936542 0.840973
vt 0.942630 0.806127
vt 0.942630 0.852184
vt 0.799124 0.035635
vt 0.798492 0.066835
vt 0.792967 0.070557
vt 0.772481 0.543296
vt 0.884917 0.978959
vt 0.878774 0.990998
vt 0.873171 0.978959
vt 0.800976 0.414224
vt 0.901939 0.439456
vt 0.130502 0.852180
vt 0.400716 0.098619
vt 0.395065 0.181848
vt 0.014840 0.452474
vt 0.001060 0.461309
vt 0.006267 0.439436
vt 0.400125 0.001060
vt 0.656750 0.765176
vt 0.049112 0.003603
vt 0.106247 0.980574
vt 0.097316 0.987477
vt 0.097316 0.965846
vt 0.464994 0.976162
vt 0.464994 0.991993
vt 0.455655 0.975895
vt 0.920744 0.767299
vt 0.921857 0.703481
vt 0.928701 0.754399
vt 0.924175 0.547555
vt 0.931238 0.590515
vt 0.922745 0.631054
vt 0.633477 0.854935
vt 0.924964 0.490179
vt 0.935789 0.516276
vt 0.936904 0.478998
vt 0.935576 0.459123
vt 0.812691 0.400351
vt 0.933015 0.451011
vt 0.925502 0.449500
vt 0.013278 0.641629
vt 0.493312 0.254942
vt 0.970203 0.717615
vt 0.962933 0.743250
vt 0.953983 0.734057
vt 0.962113 0.772933
vt 0.954700 0.760554
vt 0.502664 0.120220
vt 0.266451 0.896591
vt 0.257624 0.889385
vt 0.258637 0.865840
vt 0.773956 0.935246
vt 0.748749 0.938852
vt 0.891751 0.353021
vt 0.899657 0.360358
vt 0.391836 0.226118
vt 0.396706 0.142315
vt 0.016066 0.334966
vt 0.023876 0.343980
vt 0.016330 0.350047
vt 0.391613 0.082971
vt 0.022121 0.433527
vt 0.003851 0.425232
vt 0.130890 0.647883
vt 0.444246 0.559780
vt 0.798992 0.241863
vt 0.791951 0.227029
vt 0.391252 0.970867
vt 0.793832 0.099887
vt 0.921107 0.796876
vt 0.496559 0.235300
vt 0.178417 0.606765
vt 0.179283 0.573453
vt 0.187531 0.605950
vt 0.191976 0.583354
vt 0.980802 0.914334
vt 0.862954 0.339624
vt 0.397477 0.064117
vt 0.007903 0.400136
vt 0.022587 0.401924
vt 0.010414 0.418149
vt 0.599601 0.741190
vt 0.797525 0.003729
vt 0.794822 0.038057
vt 0.778564 0.008333
vt 0.455775 0.987301
vt 0.108112 0.970525
vt 0.290191 0.987621
vt 0.281068 0.983494
vt 0.290191 0.975430
vt 0.928402 0.982989
vt 0.928402 0.994579
vt 0.920412 0.994573
vt 0.930572 0.630747
vt 0.929700 0.680975
vt 0.931540 0.543838
vt 0.620225 0.910153
vt 0.641830 0.912768
vt 0.496563 0.218435
vt 0.191596 0.553281
vt 0.443114 0.591116
vt 0.439833 0.585340
vt 0.315739 0.956481
vt 0.148471 0.957906
vt 0.145999 0.975703
vt 0.130503 0.954256
vt 0.506766 0.735030
vt 0.802363 0.675391
vt 0.941162 0.003374
vt 0.917033 0.028983
vt 0.930462 0.001060
vt 0.635275 0.081137
vt 0.997815 0.952217
vt 0.997815 0.970298
vt 0.994738 0.963857
vt 0.220100 0.778748
vt 0.211442 0.797103
vt 0.201475 0.778709
vt 0.556180 0.636154
vt 0.545966 0.612182
vt 0.566433 0.609125
vt 0.929056 0.789149
vt 0.196314 0.794197
vt 0.178417 0.777454
vt 0.942858 0.441577
vt 0.952836 0.874439
vt 0.960755 0.856656
vt 0.965316 0.881677
vt 0.081197 0.819642
vt 0.083129 0.805501
vt 0.089735 0.821357
vt 0.033664 0.240567
vt 0.018622 0.279162
vt 0.016835 0.240206
vt 0.130503 0.977095
vt 0.440176 0.552573
vt 0.607443 0.757537
vt 0.629377 0.006520
vt 0.626315 0.153806
vt 0.941787 0.801318
vt 0.938425 0.960078
vt 0.942757 0.976288
vt 0.938425 0.991161
vt 0.271903 0.950645
vt 0.271903 0.975945
vt 0.255663 0.959811
vt 0.183541 0.794934
vt 0.560096 0.588184
vt 0.959628 0.892471
vt 0.956081 0.832477
vt 0.944988 0.855227
vt 0.871558 0.348886
vt 0.015206 0.374481
vt 0.025118 0.416904
vt 0.543826 0.453964
vt 0.055969 0.070401
vt 0.893763 0.839670
vt 0.056317 0.061286
vt 0.798526 0.327804
vt 0.798156 0.353738
vt 0.774698 0.349779
vt 0.795339 0.307442
vt 0.777479 0.268274
vt 0.965951 0.670376
vt 0.945768 0.680067
vt 0.965335 0.633939
vt 0.778801 0.070779
vt 0.958708 0.701954
vt 0.932584 0.335859
vt 0.135361 0.938409
vt 0.141946 0.950467
vt 0.130503 0.942933
vt 0.957850 0.715495
vt 0.944978 0.714799
vt 0.148149 0.940873
vt 0.152138 0.952135
vt 0.097316 0.808638
vt 0.962891 0.541048
vt 0.945923 0.606569
vt 0.945987 0.556283
vt 0.964105 0.596839
vt 0.157439 0.792888
vt 0.945487 0.515979
vt 0.961668 0.485901
vt 0.789963 0.415093
vt 0.390640 0.984809
vt 0.390640 0.996405
vt 0.385872 0.992787
vt 0.959766 0.459228
vt 0.944978 0.469234
vt 0.140267 0.926063
vt 0.157236 0.915641
vt 0.155270 0.928796
vt 0.139151 0.917688
vt 0.798749 0.963897
vt 0.798749 0.989335
vt 0.789772 0.975360
vt 0.970203 0.943144
vt 0.945556 0.943547
vt 0.960248 0.911942
vt 0.946439 0.786262
vt 0.959434 0.789993
vt 0.235664 0.863667
vt 0.238012 0.888932
vt 0.191235 0.632534
vt 0.748262 0.811914
vt 0.027867 0.289576
vt 0.019323 0.290713
vt 0.032363 0.315583
vt 0.017315 0.321076
vt 0.017104 0.303951
vt 0.032266 0.326409
vt 0.027291 0.368029
vt 0.023498 0.444486
vt 0.021622 0.469792
vt 0.006045 0.469883
vt 0.148378 0.631904
vt 0.433539 0.566291
vt 0.851021 0.666657
vt 0.048938 0.091538
vt 0.776419 0.311834
vt 0.969712 0.266136
vt 0.969712 0.234251
vt 0.982857 0.256796
vt 0.131004 0.927752
vt 0.884122 0.327765
vt 0.858947 0.314408
vt 0.873001 0.317375
vt 0.473923 0.531575
vt 0.483956 0.534921
vt 0.475202 0.546171
vt 0.157236 0.942521
vt 0.159823 0.804607
vt 0.278793 0.972855
vt 0.148480 0.995587
vt 0.140385 0.993365
vt 0.148480 0.979216
vt 0.939327 0.492633
vt 0.832864 0.390834
vt 0.833305 0.940394
vt 0.422568 0.598068
vt 0.037512 0.280862
vt 0.002149 0.482743
vt 0.018403 0.480052
vt 0.011245 0.515372
vt 0.969284 0.986352
vt 0.964816 0.969103
vt 0.967239 0.963944
vt 0.055055 0.057415
vt 0.344937 0.724137
vt 0.792477 0.365890
vt 0.776412 0.221786
vt 0.909968 0.902508
vt 0.902310 0.904015
vt 0.904770 0.889104
vt 0.970150 0.105203
vt 0.984488 0.155876
vt 0.969852 0.160877
vt 0.486417 0.636673
vt 0.476915 0.643786
vt 0.473923 0.631670
vt 0.150773 0.931303
vt 0.945737 0.441577
vt 0.847513 0.386278
vt 0.836137 0.392472
vt 0.837050 0.378746
vt 0.644955 0.262860
vt 0.502160 0.222175
vt 0.946615 0.749482
vt 0.946545 0.771431
vt 0.660724 0.933117
vt 0.660724 0.966146
vt 0.643951 0.950438
vt 0.228477 0.876879
vt 0.163391 0.844992
vt 0.158858 0.839499
vt 0.901939 0.344991
vt 0.032104 0.336510
vt 0.027593 0.388722
vt 0.034116 0.299972
vt 0.023161 0.187840
vt 0.039535 0.185489
vt 0.041040 0.188408
vt 0.903521 0.035016
vt 0.224673 0.797684
vt 0.969812 0.197881
vt 0.985015 0.198670
vt 0.776007 0.133971
vt 0.984072 0.277185
vt 0.970876 0.279719
vt 0.984064 0.108851
vt 0.477988 0.647390
vt 0.481448 0.543778
vt 0.973268 0.023654
vt 0.981475 0.026631
vt 0.970079 0.050168
vt 0.935271 0.533242
vt 0.941028 0.521499
vt 0.620656 0.914398
vt 0.564853 0.597652
vt 0.383751 0.998781
vt 0.379886 0.997614
vt 0.383751 0.984809
vt 0.940331 0.511187
vt 0.670780 0.332765
vt 0.657294 0.303646
vt 0.957358 0.810902
vt 0.945180 0.828306
vt 0.267075 0.869788
vt 0.211758 0.630570
vt 0.033808 0.287281
vt 0.887600 0.829878
vt 0.776068 0.027911
vt 0.642185 0.072383
vt 0.985054 0.244225
vt 0.780460 0.096399
vt 0.474238 0.985521
vt 0.486021 0.971754
vt 0.487163 0.985521
vt 0.679834 0.959644
vt 0.671166 0.932237
vt 0.681297 0.944573
vt 0.976724 0.015717
vt 0.415499 0.994010
vt 0.408751 0.991778
vt 0.415499 0.981130
vt 0.028720 0.928752
vt 0.040534 0.930560
vt 0.036628 0.932697
vt 0.918291 0.947634
vt 0.917984 0.957659
vt 0.896007 0.954748
vt 0.847629 0.428053
vt 0.845339 0.435738
vt 0.840572 0.422695
vt 0.638892 0.245027
vt 0.617607 0.855982
vt 0.737310 0.968265
vt 0.735868 0.977999
vt 0.727476 0.968265
vt 0.615202 0.819227
vt 0.916125 0.930552
vt 0.944979 0.889450
vt 0.947275 0.730527
vt 0.144333 0.845442
vt 0.034074 0.353663
vt 0.517134 0.726364
vt 0.042477 0.160602
vt 0.049544 0.150460
vt 0.053236 0.119177
vt 0.776484 0.333194
vt 0.775075 0.048023
vt 0.922922 0.898708
vt 0.984790 0.048369
vt 0.035373 0.969569
vt 0.028720 0.977831
vt 0.030795 0.960203
vt 0.406610 0.979216
vt 0.038821 0.937621
vt 0.034457 0.944717
vt 0.037109 0.946637
vt 0.856659 0.383131
vt 0.856659 0.395575
vt 0.852579 0.410955
vt 0.836404 0.411396
vt 0.987175 0.279719
vt 0.987175 0.270050
vt 0.992437 0.276877
vt 0.843682 0.368010
vt 0.691646 0.932237
vt 0.001060 0.640150
vt 0.650512 0.257208
vt 0.660108 0.323945
vt 0.166313 0.910418
vt 0.169172 0.904568
vt 0.169172 0.913290
vt 0.809418 0.930716
vt 0.893763 0.905094
vt 0.422651 0.581233
vt 0.060840 0.817922
vt 0.062151 0.839121
vt 0.042376 0.218564
vt 0.028210 0.238129
vt 0.047295 0.158382
vt 0.054356 0.137149
vt 0.663322 0.759522
vt 0.663638 0.776247
vt 0.063069 0.053090
vt 0.072639 0.005306
vt 0.629019 0.069289
vt 0.035278 0.964004
vt 0.931711 0.339624
vt 0.941728 0.352412
vt 0.931711 0.372800
vt 0.954684 0.375715
vt 0.934145 0.412245
vt 0.932718 0.406701
vt 0.941429 0.417744
vt 0.939271 0.420721
vt 0.636210 0.212131
vt 0.934567 0.380128
vt 0.931867 0.389214
vt 0.948148 0.408055
vt 0.952954 0.389061
vt 0.269925 0.886376
vt 0.272763 0.886376
vt 0.270450 0.896320
vt 0.222438 0.948541
vt 0.224595 0.938659
vt 0.224595 0.951604
vt 0.270110 0.793741
vt 0.272774 0.777454
vt 0.272774 0.803299
vt 0.953177 0.408026
vt 0.952938 0.429972
vt 0.873688 0.016851
vt 0.875608 0.031571
vt 0.853242 0.001060
vt 0.732859 0.990814
vt 0.208748 0.648515
vt 0.095005 0.979695
vt 0.085436 0.954814
vt 0.090291 0.952893
vt 0.048210 0.205067
vt 0.639092 0.985070
vt 0.639092 0.997234
vt 0.635584 0.988840
vt 0.541046 0.736901
vt 0.754597 0.364818
vt 0.776378 0.166454
vt 0.898254 0.889547
vt 0.207748 0.801838
vt 0.184437 0.796231
vt 0.747480 0.477577
vt 0.741861 0.468595
vt 0.742589 0.463049
vt 0.981125 0.001060
vt 0.858966 0.041849
vt 0.878932 0.073497
vt 0.255337 0.976863
vt 0.881345 0.179639
vt 0.884824 0.134357
vt 0.890038 0.188194
vt 0.878139 0.191652
vt 0.902930 0.928649
vt 0.217251 0.606215
vt 0.220300 0.576242
vt 0.176010 0.686333
vt 0.173473 0.711161
vt 0.167599 0.703001
vt 0.047564 0.241518
vt 0.032267 0.461827
vt 0.041863 0.404530
vt 0.920412 0.914712
vt 0.928770 0.910532
vt 0.942293 0.914620
vt 0.840649 0.690523
vt 0.627469 0.123039
vt 0.215246 0.800212
vt 0.950908 0.048763
vt 0.943282 0.029338
vt 0.954048 0.023242
vt 0.943773 0.054925
vt 0.856492 0.251644
vt 0.858674 0.241119
vt 0.873925 0.270927
vt 0.945184 0.011951
vt 0.861849 0.147713
vt 0.862847 0.199483
vt 0.942858 0.786890
vt 0.901597 0.960271
vt 0.735506 0.459512
vt 0.742806 0.445562
vt 0.860775 0.087644
vt 0.880968 0.100343
vt 0.744189 0.966144
vt 0.727476 0.963946
vt 0.727476 0.949464
vt 0.881985 0.228283
vt 0.885869 0.282384
vt 0.226794 0.858927
vt 0.442059 0.879453
vt 0.424210 0.864325
vt 0.449502 0.870248
vt 0.050866 0.308370
vt 0.038718 0.425315
vt 0.033127 0.484666
vt 0.561874 0.454849
vt 0.967274 0.945668
vt 0.048497 0.239283
vt 0.178417 0.975779
vt 0.190037 0.982704
vt 0.178417 0.988993
vt 0.850750 0.680811
vt 0.387535 0.982593
vt 0.853242 0.239281
vt 0.950933 0.086302
vt 0.944498 0.076645
vt 0.958625 0.008683
vt 0.790818 0.888384
vt 0.791986 0.896284
vt 0.777730 0.894850
vt 0.876088 0.285246
vt 0.734768 0.441577
vt 0.187733 0.803675
vt 0.649790 0.302919
vt 0.826079 0.376517
vt 0.233146 0.544529
vt 0.206632 0.538897
vt 0.092064 0.846210
vt 0.083555 0.840696
vt 0.969284 0.948142
vt 0.042504 0.445936
vt 0.939891 0.928826
vt 0.431100 0.562174
vt 0.417322 0.557172
vt 0.420063 0.541813
vt 0.427492 0.540036
vt 0.992028 0.616899
vt 0.992028 0.589159
vt 0.996098 0.596944
vt 0.656484 0.747752
vt 0.773968 0.016322
vt 0.993825 0.770195
vt 0.993825 0.753369
vt 0.998737 0.763877
vt 0.967592 0.001060
vt 0.747480 0.708143
vt 0.741963 0.708807
vt 0.746308 0.667048
vt 0.145837 0.783328
vt 0.946874 0.137219
vt 0.482963 0.609239
vt 0.744686 0.615413
vt 0.739252 0.595467
vt 0.743018 0.555503
vt 0.742116 0.509733
vt 0.736680 0.499528
vt 0.881820 0.305873
vt 0.869185 0.293067
vt 0.828501 0.945692
vt 0.144592 0.614298
vt 0.871050 0.982118
vt 0.867129 0.994833
vt 0.867129 0.978959
vt 0.960958 0.264848
vt 0.967592 0.286555
vt 0.959067 0.276950
vt 0.958048 0.221118
vt 0.950490 0.227150
vt 0.157236 0.965877
vt 0.150844 0.985970
vt 0.150844 0.954256
vt 0.955624 0.174445
vt 0.950704 0.272723
vt 0.949016 0.184311
vt 0.952855 0.118920
vt 0.740604 0.651258
vt 0.736705 0.532344
vt 0.735737 0.509554
vt 0.172275 0.660551
vt 0.151900 0.650133
vt 0.161424 0.644791
vt 0.742845 0.950272
vt 0.655236 0.987284
vt 0.646457 0.971118
vt 0.655236 0.968267
vt 0.171253 0.630047
vt 0.643951 0.988140
vt 0.895883 0.933155
vt 0.834017 0.368010
vt 0.414993 0.592369
vt 0.939230 0.945110
vt 0.925192 0.942449
vt 0.058580 0.286522
vt 0.050288 0.368156
vt 0.044682 0.516883
vt 0.491323 0.975854
vt 0.493668 0.957620
vt 0.501606 0.972151
vt 0.067875 0.094002
vt 0.054038 0.098808
vt 0.079259 0.090420
vt 0.891153 0.815362
vt 0.616912 0.074113
vt 0.299702 0.838776
vt 0.332856 0.837364
vt 0.316662 0.857006
vt 0.736484 0.567984
vt 0.163782 0.619329
vt 0.884122 0.287367
vt 0.735532 0.935710
vt 0.418423 0.881114
vt 0.422529 0.891832
vt 0.501606 0.987876
vt 0.058099 0.254864
vt 0.053362 0.347263
vt 0.049441 0.392095
vt 0.570332 0.443206
vt 0.052775 0.173270
vt 0.065141 0.200934
vt 0.057090 0.120975
vt 0.930062 0.906136
vt 0.347143 0.866254
vt 0.337280 0.856276
vt 0.334977 0.837364
vt 0.572945 0.983264
vt 0.566769 0.997575
vt 0.566769 0.982643
vt 0.631855 0.084110
vt 0.945354 0.274796
vt 0.479185 0.716417
vt 0.171334 0.535772
vt 0.160759 0.533959
vt 0.159899 0.524010
vt 0.162129 0.601920
vt 0.171266 0.599280
vt 0.170166 0.557730
vt 0.157723 0.574119
vt 0.156904 0.592110
vt 0.654678 0.364006
vt 0.650164 0.336936
vt 0.652507 0.333321
vt 0.656063 0.400494
vt 0.172275 0.562779
vt 0.906258 0.912986
vt 0.775609 0.954420
vt 0.453534 0.907756
vt 0.418790 0.895182
vt 0.438069 0.897199
vt 0.072142 0.151223
vt 0.744483 0.356523
vt 0.613753 0.085900
vt 0.379887 0.982688
vt 0.102871 0.786794
vt 0.504645 0.955500
vt 0.492948 0.931037
vt 0.500739 0.897861
vt 0.493008 0.905801
vt 0.494036 0.868288
vt 0.491804 0.918798
vt 0.491323 0.955500
vt 0.332793 0.840932
vt 0.497754 0.841996
vt 0.789304 0.961776
vt 0.494921 0.814356
vt 0.741926 0.709069
vt 0.736373 0.696875
vt 0.740892 0.684602
vt 0.565304 0.599205
vt 0.584077 0.602515
vt 0.602184 0.913173
vt 0.918291 0.906136
vt 0.412716 0.613300
vt 0.049840 0.330671
vt 0.940586 0.921686
vt 0.937477 0.940682
vt 0.929389 0.927107
vt 0.058237 0.137706
vt 0.998293 0.006445
vt 0.992831 0.017461
vt 0.992831 0.001060
vt 0.615092 0.088332
vt 0.755350 0.433546
vt 0.741424 0.368010
vt 0.756173 0.369788
vt 0.623351 0.190573
vt 0.682048 0.561428
vt 0.737331 0.687402
vt 0.737088 0.372971
vt 0.739303 0.431891
vt 0.729262 0.430677
vt 0.623633 0.276878
vt 0.274894 0.950724
vt 0.278970 0.934938
vt 0.290191 0.946495
vt 0.636591 0.434455
vt 0.426793 0.918048
vt 0.417569 0.576578
vt 0.942757 0.906244
vt 0.594441 0.636370
vt 0.610955 0.621890
vt 0.853241 0.309410
vt 0.311404 0.858146
vt 0.740233 0.672405
vt 0.711887 0.667753
vt 0.738798 0.659438
vt 0.686300 0.678313
vt 0.686412 0.368465
vt 0.694998 0.402145
vt 0.686412 0.431215
vt 0.166041 0.902447
vt 0.165512 0.864782
vt 0.176028 0.883293
vt 0.267486 0.839273
vt 0.407457 0.600309
vt 0.942757 0.957958
vt 0.061593 0.219184
vt 0.060209 0.220556
vt 0.541360 0.723930
vt 0.884945 0.814518
vt 0.078160 0.072238
vt 0.980936 0.912213
vt 0.972323 0.848150
vt 0.980936 0.847546
vt 0.290191 0.970734
vt 0.276957 0.966519
vt 0.738212 0.621900
vt 0.711768 0.430582
vt 0.704535 0.403140
vt 0.659627 0.427294
vt 0.842845 0.975300
vt 0.842845 0.995613
vt 0.835902 0.986263
vt 0.418423 0.922467
vt 0.424910 0.929472
vt 0.207171 0.917866
vt 0.206489 0.892270
vt 0.217920 0.898253
vt 0.865567 0.770717
vt 0.865567 0.800358
vt 0.859001 0.782616
vt 0.304966 0.857889
vt 0.297364 0.904292
vt 0.798606 0.954812
vt 0.384607 0.713837
vt 0.395847 0.675000
vt 0.403839 0.706346
vt 0.972323 0.717615
vt 0.982074 0.752539
vt 0.977326 0.776419
vt 0.591987 0.595006
vt 0.660221 0.439456
vt 0.244803 0.643746
vt 0.987411 0.368346
vt 0.992852 0.387842
vt 0.987411 0.393709
vt 0.059474 0.465677
vt 0.441694 0.955580
vt 0.451665 0.931939
vt 0.452059 0.958909
vt 0.441694 0.981382
vt 0.081021 0.129885
vt 0.414844 0.535206
vt 0.900632 0.070663
vt 0.597891 0.039427
vt 0.613968 0.007990
vt 0.171293 0.913415
vt 0.171293 0.904568
vt 0.176028 0.906617
vt 0.631106 0.214873
vt 0.688323 0.868768
vt 0.671338 0.886533
vt 0.675028 0.867960
vt 0.723156 0.709270
vt 0.402447 0.712526
vt 0.633323 0.333369
vt 0.258677 0.839361
vt 0.176028 0.860631
vt 0.220164 0.926208
vt 0.605999 0.996789
vt 0.602184 0.996477
vt 0.605999 0.985616
vt 0.061867 0.250782
vt 0.990710 0.015217
vt 0.987175 0.013873
vt 0.989687 0.001060
vt 0.443251 0.931593
vt 0.599715 0.713362
vt 0.401956 0.540813
vt 0.425132 0.544697
vt 0.410740 0.566742
vt 0.802119 0.719704
vt 0.934421 0.818144
vt 0.934421 0.898260
vt 0.234389 0.995242
vt 0.226794 0.987523
vt 0.234389 0.984853
vt 0.394339 0.720046
vt 0.228269 0.982862
vt 0.860815 0.948535
vt 0.864497 0.947385
vt 0.864497 0.957959
vt 0.323922 0.867444
vt 0.696896 0.686048
vt 0.722621 0.696989
vt 0.406953 0.626791
vt 0.386773 0.626331
vt 0.855559 0.693947
vt 0.341765 0.718925
vt 0.336260 0.722016
vt 0.338159 0.704527
vt 0.723470 0.344338
vt 0.895883 0.822329
vt 0.478390 0.613355
vt 0.856152 0.949708
vt 0.326437 0.889756
vt 0.621135 0.339078
vt 0.168027 0.839499
vt 0.206489 0.955353
vt 0.170458 0.732328
vt 0.087180 0.867133
vt 0.068709 0.304191
vt 0.343846 0.690761
vt 0.629553 0.982949
vt 0.629553 0.916519
vt 0.641830 0.979319
vt 0.106137 0.765976
vt 0.156495 0.759079
vt 0.154236 0.785397
vt 0.005536 0.964253
vt 0.001060 0.929321
vt 0.010471 0.928752
vt 0.992903 0.914512
vt 0.986780 0.948295
vt 0.982923 0.914334
vt 0.272218 0.884255
vt 0.269925 0.862628
vt 0.272218 0.857439
vt 0.230699 0.837799
vt 0.238694 0.579461
vt 0.073366 0.260601
vt 0.067331 0.326282
vt 0.058296 0.485431
vt 0.342427 0.885031
vt 0.092887 0.064142
vt 0.199784 0.989968
vt 0.199784 0.951052
vt 0.203417 0.987730
vt 0.600119 0.126117
vt 0.593491 0.013106
vt 0.986447 0.420345
vt 0.974725 0.416342
vt 0.977497 0.406249
vt 0.600061 0.951403
vt 0.593588 0.984964
vt 0.593588 0.951057
vt 0.376489 0.699744
vt 0.625151 0.338406
vt 0.623727 0.328964
vt 0.236458 0.531914
vt 0.059668 0.426825
vt 0.089667 0.245411
vt 0.349422 0.908342
vt 0.349422 0.877534
vt 0.361332 0.875502
vt 0.097822 0.060568
vt 0.773991 0.324054
vt 0.712358 0.326836
vt 0.599274 0.602325
vt 0.165478 0.773048
vt 0.609964 0.220338
vt 0.095005 0.922027
vt 0.541054 0.706071
vt 0.876590 0.787585
vt 0.592649 0.194082
vt 0.919882 0.806796
vt 0.606070 0.217598
vt 0.389286 0.589700
vt 0.063588 0.410359
vt 0.588884 0.136187
vt 0.705894 0.867840
vt 0.692288 0.863483
vt 0.377537 0.990905
vt 0.372645 0.990696
vt 0.375389 0.973435
vt 0.597652 0.245358
vt 0.397705 0.653080
vt 0.062964 0.443577
vt 0.396897 0.549756
vt 0.090858 0.051467
vt 0.229558 0.656232
vt 0.176010 0.742022
vt 0.069534 0.349624
vt 0.071016 0.369941
vt 0.065793 0.387660
vt 0.397278 0.538228
vt 0.892159 0.068695
vt 0.739456 0.730753
vt 0.739596 0.713039
vt 0.744918 0.737796
vt 0.315549 0.894420
vt 0.685872 0.645398
vt 0.713700 0.689837
vt 0.609238 0.597816
vt 0.375292 0.676816
vt 0.251798 0.612239
vt 0.655052 0.722500
vt 0.585731 0.088956
vt 0.207762 0.867717
vt 0.992903 0.950096
vt 0.389202 0.569774
vt 0.067957 0.864393
vt 0.379542 0.917290
vt 0.605702 0.722134
vt 0.198062 0.802452
vt 0.311983 0.893714
vt 0.678299 0.518351
vt 0.253785 0.653109
vt 0.059907 0.873604
vt 0.987175 0.047063
vt 0.093245 0.224238
vt 0.591774 0.450147
vt 0.517023 0.699339
vt 0.097348 0.120545
vt 0.096952 0.096545
vt 0.787843 0.368010
vt 0.364975 0.713113
vt 0.676740 0.509853
vt 0.992831 0.041644
vt 0.992831 0.019581
vt 0.996466 0.032775
vt 0.611583 0.337128
vt 0.506781 0.688845
vt 0.882864 0.790916
vt 0.777730 0.958748
vt 0.704575 0.710060
vt 0.257970 0.813540
vt 0.243717 0.534152
vt 0.094195 0.876400
vt 0.093350 0.201252
vt 0.843067 0.717313
vt 0.018457 0.964253
vt 0.018592 0.929842
vt 0.377537 0.955103
vt 0.374724 0.654992
vt 0.082559 0.291009
vt 0.583421 0.074396
vt 0.569463 0.038129
vt 0.704882 0.696795
vt 0.067383 0.896097
vt 0.093846 0.220153
vt 0.991094 0.823650
vt 0.982779 0.844623
vt 0.982779 0.816443
vt 0.149779 0.585712
vt 0.394804 0.902369
vt 0.382315 0.531747
vt 0.779616 0.432782
vt 0.577838 0.158191
vt 0.974725 0.436261
vt 0.671166 0.905153
vt 0.990847 0.232455
vt 0.987175 0.265854
vt 0.987175 0.231193
vt 0.682848 0.589437
vt 0.368602 0.628357
vt 0.139704 0.576152
vt 0.115703 0.075578
vt 0.579584 0.091727
vt 0.149078 0.744835
vt 0.863362 0.982045
vt 0.601060 0.285200
vt 0.376545 0.567969
vt 0.998590 0.492692
vt 0.998590 0.513343
vt 0.992028 0.503311
vt 0.856881 0.726649
vt 0.742322 0.436609
vt 0.584495 0.209363
vt 0.984407 0.717870
vt 0.991622 0.717615
vt 0.991622 0.751248
vt 0.360772 0.677851
vt 0.695551 0.386951
vt 0.613344 0.588988
vt 0.257210 0.575734
vt 0.080234 0.385099
vt 0.077324 0.410369
vt 0.991150 0.844605
vt 0.599256 0.684618
vt 0.684764 0.924723
vt 0.909325 0.978317
vt 0.917912 0.972400
vt 0.917912 0.990798
vt 0.213736 0.868811
vt 0.349422 0.706165
vt 0.364340 0.608901
vt 0.270342 0.553131
vt 0.170657 0.739703
vt 0.077472 0.433360
vt 0.082733 0.520383
vt 0.088487 0.259863
vt 0.375638 0.538920
vt 0.374940 0.956764
vt 0.305660 0.893681
vt 0.222285 0.892270
vt 0.224595 0.902637
vt 0.222285 0.918037
vt 0.981274 0.735501
vt 0.266030 0.817280
vt 0.089363 0.894195
vt 0.091304 0.334601
vt 0.367841 0.868024
vt 0.383371 0.871424
vt 0.571591 0.014253
vt 0.368394 0.955748
vt 0.322201 0.891476
vt 0.695543 0.368010
vt 0.702541 0.389601
vt 0.471971 0.975896
vt 0.471971 0.994421
vt 0.467114 0.981688
vt 0.619579 0.435180
vt 0.294903 0.949771
vt 0.292311 0.953652
vt 0.292311 0.934938
vt 0.517167 0.681219
vt 0.092587 0.154648
vt 0.107584 0.138702
vt 0.098383 0.006778
vt 0.109333 0.020322
vt 0.696978 0.693455
vt 0.200724 0.865254
vt 0.174027 0.758299
vt 0.091821 0.262393
vt 0.094718 0.312253
vt 0.088896 0.358738
vt 0.114059 0.056972
vt 0.105205 0.744016
vt 0.911870 0.962392
vt 0.706807 0.370887
vt 0.227418 0.813746
vt 0.364388 0.648153
vt 0.262446 0.537071
vt 0.087727 0.392935
vt 0.081275 0.451110
vt 0.081960 0.476808
vt 0.983419 0.855737
vt 0.990649 0.858351
vt 0.983056 0.880497
vt 0.374643 0.535030
vt 0.740078 0.768578
vt 0.154481 0.744204
vt 0.857147 0.984100
vt 0.588169 0.221206
vt 0.599163 0.441577
vt 0.541228 0.677697
vt 0.548920 0.681835
vt 0.841581 0.739644
vt 0.576734 0.080393
vt 0.524683 0.980896
vt 0.524683 0.947946
vt 0.537026 0.961413
vt 0.111360 0.154042
vt 0.104633 0.167578
vt 0.028720 0.982362
vt 0.038887 0.979952
vt 0.038887 0.991924
vt 0.346137 0.908314
vt 0.120667 0.094747
vt 0.689965 0.362489
vt 0.658254 0.625871
vt 0.564057 0.128676
vt 0.705894 0.929568
vt 0.901827 0.806126
vt 0.992925 0.195101
vt 0.987175 0.185307
vt 0.993581 0.173193
vt 0.685598 0.661848
vt 0.720305 0.995418
vt 0.720305 0.969230
vt 0.724298 0.986646
vt 0.172291 0.915641
vt 0.172291 0.948546
vt 0.159357 0.944938
vt 0.987175 0.139595
vt 0.993261 0.148205
vt 0.987175 0.167609
vt 0.994972 0.384311
vt 0.994972 0.368346
vt 0.998156 0.382497
vt 0.093222 0.244732
vt 0.850310 0.736775
vt 0.338577 0.667078
vt 0.671414 0.922556
vt 0.685825 0.686633
vt 0.998940 0.281840
vt 0.998940 0.296818
vt 0.994419 0.289779
vt 0.171033 0.981517
vt 0.161793 0.967048
vt 0.600056 0.400859
vt 0.595550 0.341749
vt 0.272667 0.642815
vt 0.992028 0.672537
vt 0.992028 0.647517
vt 0.995791 0.658408
vt 0.106824 0.245846
vt 0.100721 0.295910
vt 0.098426 0.375249
vt 0.831610 0.977064
vt 0.820164 0.951781
vt 0.833574 0.947812
vt 0.745114 0.761912
vt 0.867910 0.769561
vt 0.966471 0.306285
vt 0.964870 0.299150
vt 0.966471 0.293362
vt 0.960182 0.306252
vt 0.958899 0.295883
vt 0.960074 0.290918
vt 0.957496 0.289493
vt 0.956805 0.299323
vt 0.611770 0.992404
vt 0.608120 0.996678
vt 0.608120 0.985616
vt 0.469583 0.973775
vt 0.455655 0.951425
vt 0.469583 0.937833
vt 0.088826 0.411693
vt 0.087861 0.431014
vt 0.820164 0.979421
vt 0.990954 0.814323
vt 0.982817 0.810885
vt 0.992954 0.800852
vt 0.372154 0.531575
vt 0.653045 0.698744
vt 0.692425 0.355662
vt 0.560136 0.074202
vt 0.431759 0.962958
vt 0.437940 0.969042
vt 0.431759 0.993299
vt 0.332856 0.910713
vt 0.561895 0.217130
vt 0.689891 0.696192
vt 0.581086 0.274449
vt 0.635182 0.577478
vt 0.365823 0.581923
vt 0.244382 0.990257
vt 0.244382 0.959098
vt 0.252212 0.980815
vt 0.096014 0.459614
vt 0.613950 0.454344
vt 0.109205 0.207300
vt 0.128959 0.066061
vt 0.624297 0.595398
vt 0.487237 0.836872
vt 0.487237 0.828178
vt 0.489185 0.831956
vt 0.687236 0.710918
vt 0.341026 0.971226
vt 0.332568 0.953998
vt 0.347143 0.950127
vt 0.863665 0.830931
vt 0.845708 0.846662
vt 0.847440 0.822457
vt 0.587303 0.252016
vt 0.588077 0.310972
vt 0.982286 0.717615
vt 0.107043 0.205190
vt 0.103641 0.243323
vt 0.123668 0.008420
vt 0.128207 0.044349
vt 0.300448 0.922868
vt 0.592279 0.338551
vt 0.601731 0.433292
vt 0.835998 0.837358
vt 0.824724 0.819910
vt 0.266575 0.793937
vt 0.228485 0.909928
vt 0.226794 0.898712
vt 0.246532 0.924027
vt 0.283596 0.602406
vt 0.349422 0.952982
vt 0.365900 0.929067
vt 0.368755 0.946835
vt 0.361106 0.616175
vt 0.666302 0.791855
vt 0.668582 0.775485
vt 0.668582 0.806646
vt 0.322135 0.941712
vt 0.329906 0.924989
vt 0.329906 0.946474
vt 0.100390 0.426500
vt 0.021935 0.933595
vt 0.023352 0.928752
vt 0.026600 0.942810
vt 0.563988 0.980523
vt 0.560424 0.967811
vt 0.571970 0.970192
vt 0.982779 0.778539
vt 0.560424 0.950228
vt 0.572945 0.954400
vt 0.114380 0.124768
vt 0.983056 0.847546
vt 0.553178 0.013322
vt 0.569455 0.007807
vt 0.560040 0.085818
vt 0.564695 0.195764
vt 0.406324 0.921215
vt 0.413053 0.950332
vt 0.407393 0.951858
vt 0.157637 0.731309
vt 0.958024 0.402829
vt 0.967977 0.405292
vt 0.956805 0.429972
vt 0.987175 0.169729
vt 0.958286 0.375970
vt 0.969221 0.396856
vt 0.970264 0.429497
vt 0.965519 0.380627
vt 0.972605 0.414597
vt 0.594311 0.357155
vt 0.332568 0.931767
vt 0.283468 0.631432
vt 0.349422 0.919410
vt 0.104141 0.188532
vt 0.024568 0.947795
vt 0.743604 0.903376
vt 0.746116 0.912287
vt 0.742728 0.919651
vt 0.345903 0.670777
vt 0.131052 0.063117
vt 0.978268 0.342683
vt 0.974726 0.339355
vt 0.981450 0.308405
vt 0.552029 0.139580
vt 0.956805 0.340230
vt 0.964148 0.364245
vt 0.959692 0.308405
vt 0.322135 0.998159
vt 0.322135 0.976843
vt 0.328482 0.981647
vt 0.676655 0.584079
vt 0.176297 0.555548
vt 0.174800 0.551746
vt 0.176297 0.548410
vt 0.632541 0.588136
vt 0.581908 0.308208
vt 0.597877 0.402099
vt 0.864126 0.876596
vt 0.860715 0.900562
vt 0.835902 0.896064
vt 0.377766 0.939528
vt 0.537392 0.929819
vt 0.526265 0.939517
vt 0.532120 0.924126
vt 0.580745 0.924731
vt 0.597017 0.935440
vt 0.580433 0.948936
vt 0.106252 0.349145
vt 0.098995 0.444131
vt 0.118607 0.168914
vt 0.992954 0.779893
vt 0.996304 0.880268
vt 0.992770 0.874335
vt 0.996304 0.868425
vt 0.119859 0.100643
vt 0.844551 0.753607
vt 0.803788 0.749222
vt 0.892397 0.105460
vt 0.685151 0.683384
vt 0.685915 0.710327
vt 0.680040 0.700916
vt 0.097316 0.715643
vt 0.680033 0.675134
vt 0.684112 0.656652
vt 0.674297 0.538451
vt 0.355314 0.997746
vt 0.349422 0.991815
vt 0.355314 0.980533
vt 0.591320 0.840484
vt 0.583850 0.846924
vt 0.577384 0.814029
vt 0.584134 0.874449
vt 0.587357 0.844265
vt 0.576279 0.877836
vt 0.589761 0.809459
vt 0.575200 0.859061
vt 0.577209 0.782589
vt 0.587498 0.773352
vt 0.258007 0.794845
vt 0.236121 0.796189
vt 0.803361 0.828242
vt 0.802119 0.802479
vt 0.809031 0.813987
vt 0.506766 0.945825
vt 0.506766 0.913195
vt 0.274864 0.545420
vt 0.598825 0.907760
vt 0.112484 0.283890
vt 0.368599 0.564945
vt 0.360138 0.554875
vt 0.373460 0.552580
vt 0.746124 0.901255
vt 0.742729 0.885738
vt 0.746124 0.863483
vt 0.900418 0.100925
vt 0.876633 0.726754
vt 0.875480 0.762878
vt 0.861971 0.767440
vt 0.692287 0.930116
vt 0.678463 0.656136
vt 0.677153 0.613395
vt 0.681570 0.620959
vt 0.857184 0.842106
vt 0.802119 0.976561
vt 0.818044 0.963835
vt 0.818044 0.976532
vt 0.980658 0.809474
vt 0.979543 0.845425
vt 0.974365 0.837480
vt 0.222381 0.920157
vt 0.224595 0.927808
vt 0.222381 0.936539
vt 0.802281 0.969715
vt 0.575200 0.905640
vt 0.583490 0.885778
vt 0.589304 0.895296
vt 0.810594 0.947812
vt 0.204369 0.948931
vt 0.179627 0.930667
vt 0.200719 0.931665
vt 0.213755 0.984078
vt 0.206489 0.973299
vt 0.218830 0.975528
vt 0.110318 0.303831
vt 0.103320 0.388583
vt 0.116249 0.191292
vt 0.139999 0.562409
vt 0.136832 0.121487
vt 0.362752 0.534667
vt 0.339593 0.908694
vt 0.868591 0.728677
vt 0.861971 0.473815
vt 0.865300 0.455752
vt 0.869383 0.478988
vt 0.869682 0.454709
vt 0.875487 0.499351
vt 0.872265 0.683855
vt 0.880077 0.676566
vt 0.874721 0.491750
vt 0.877524 0.623767
vt 0.880276 0.592120
vt 0.888219 0.583003
vt 0.883565 0.637378
vt 0.883264 0.553072
vt 0.890769 0.554339
vt 0.596249 0.897510
vt 0.473923 0.717069
vt 0.972323 0.797768
vt 0.980658 0.778539
vt 0.242493 0.956977
vt 0.229442 0.932824
vt 0.249568 0.946065
vt 0.726402 0.930939
vt 0.740387 0.909081
vt 0.740608 0.933589
vt 0.106374 0.324499
vt 0.591467 0.982045
vt 0.587895 0.994765
vt 0.588114 0.979701
vt 0.112021 0.148229
vt 0.356050 0.542094
vt 0.553495 0.081963
vt 0.878134 0.441577
vt 0.935903 0.991474
vt 0.930523 0.997172
vt 0.930523 0.982989
vt 0.633490 0.599675
vt 0.931644 0.808570
vt 0.886181 0.497585
vt 0.972704 0.785543
vt 0.974313 0.808403
vt 0.671166 0.502181
vt 0.226794 0.795191
vt 0.284941 0.580815
vt 0.096237 0.483271
vt 0.026395 0.961599
vt 0.591467 0.996554
vt 0.119822 0.244594
vt 0.120221 0.166502
vt 0.507225 0.665452
vt 0.746116 0.931074
vt 0.206489 0.957474
vt 0.219067 0.963283
vt 0.993187 0.080438
vt 0.993187 0.109360
vt 0.987175 0.084846
vt 0.602266 0.686688
vt 0.710443 0.243313
vt 0.711292 0.288114
vt 0.694680 0.310162
vt 0.334139 0.789486
vt 0.330393 0.801163
vt 0.323975 0.779580
vt 0.891518 0.502993
vt 0.884280 0.523618
vt 0.485841 0.627760
vt 0.473923 0.629550
vt 0.864123 0.329886
vt 0.867600 0.337188
vt 0.861782 0.337188
vt 0.972607 0.778856
vt 0.312125 0.835243
vt 0.300617 0.834006
vt 0.313296 0.819028
vt 0.824846 0.834480
vt 0.104262 0.413822
vt 0.515582 0.665314
vt 0.518187 0.662076
vt 0.598932 0.664590
vt 0.997335 0.346686
vt 0.997335 0.366078
vt 0.993910 0.359314
vt 0.692554 0.333127
vt 0.320656 0.815303
vt 0.325280 0.753842
vt 0.310559 0.741062
vt 0.324652 0.734674
vt 0.892635 0.515216
vt 0.893763 0.525785
vt 0.302386 0.694825
vt 0.325596 0.691846
vt 0.306691 0.728672
vt 0.306668 0.778220
vt 0.309433 0.661169
vt 0.327589 0.662601
vt 0.328260 0.616810
vt 0.312094 0.597611
vt 0.328066 0.580291
vt 0.308356 0.740636
vt 0.306832 0.749510
vt 0.926083 0.348395
vt 0.929591 0.339624
vt 0.929522 0.376981
vt 0.307720 0.632036
vt 0.574379 0.266320
vt 0.572646 0.243441
vt 0.617860 0.965657
vt 0.627013 0.971931
vt 0.617860 0.988432
vt 0.297364 0.736686
vt 0.024578 0.920418
vt 0.031452 0.909273
vt 0.040534 0.926631
vt 0.040134 0.899896
vt 0.107927 0.368682
vt 0.136970 0.143869
vt 0.575200 0.907760
vt 0.689009 0.001533
vt 0.707455 0.001060
vt 0.708059 0.015150
vt 0.489110 0.743414
vt 0.502459 0.751601
vt 0.489774 0.779544
vt 0.489612 0.693171
vt 0.502041 0.718940
vt 0.217596 0.887269
vt 0.141915 0.717201
vt 0.204812 0.874172
vt 0.187070 0.865815
vt 0.891150 0.496313
vt 0.892428 0.957600
vt 0.892428 0.992198
vt 0.887037 0.967566
vt 0.435518 0.956823
vt 0.439573 0.960837
vt 0.430674 0.960518
vt 0.494742 0.531575
vt 0.497675 0.542028
vt 0.492627 0.542156
vt 0.499985 0.553273
vt 0.492145 0.570760
vt 0.984407 0.776313
vt 0.984407 0.764042
vt 0.991704 0.764565
vt 0.984548 0.753369
vt 0.997274 0.478300
vt 0.992296 0.479077
vt 0.992028 0.467318
vt 0.326817 0.558015
vt 0.334139 0.551622
vt 0.184174 0.871747
vt 0.311627 0.580815
vt 0.300626 0.682571
vt 0.350864 0.964020
vt 0.366273 0.966494
vt 0.349422 0.978412
vt 0.314734 0.555248
vt 0.989279 0.578352
vt 0.986042 0.556523
vt 0.989907 0.543672
vt 0.303741 0.657458
vt 0.987017 0.477767
vt 0.984300 0.473520
vt 0.986656 0.463452
vt 0.541236 0.660201
vt 0.705816 0.033178
vt 0.709881 0.058829
vt 0.686412 0.041027
vt 0.502067 0.733064
vt 0.503910 0.812235
vt 0.491026 0.806162
vt 0.504456 0.801312
vt 0.056193 0.985583
vt 0.043054 0.970314
vt 0.049965 0.972210
vt 0.435691 0.942937
vt 0.439573 0.931593
vt 0.418423 0.950902
vt 0.997713 0.485322
vt 0.992028 0.490571
vt 0.912943 0.376610
vt 0.910323 0.352709
vt 0.429909 0.936140
vt 0.242261 0.998039
vt 0.237207 0.992196
vt 0.242261 0.982862
vt 0.357556 0.955103
vt 0.072610 0.938321
vt 0.074073 0.940490
vt 0.067547 0.952079
vt 0.366273 0.976535
vt 0.321321 0.547285
vt 0.317687 0.531914
vt 0.974748 0.495138
vt 0.988566 0.501250
vt 0.980217 0.540149
vt 0.987845 0.526997
vt 0.980197 0.573689
vt 0.976388 0.591439
vt 0.987732 0.604038
vt 0.259912 0.777454
vt 0.069874 0.919906
vt 0.059907 0.902493
vt 0.091779 0.918515
vt 0.620311 0.447376
vt 0.349422 0.538456
vt 0.139657 0.107927
vt 0.853445 0.745705
vt 0.142556 0.059190
vt 0.687061 0.009234
vt 0.692220 0.237618
vt 0.690774 0.176062
vt 0.710013 0.183258
vt 0.490969 0.791442
vt 0.504550 0.587201
vt 0.490114 0.599487
vt 0.997852 0.750232
vt 0.993743 0.748724
vt 0.997852 0.736387
vt 0.059907 0.960771
vt 0.083315 0.959408
vt 0.175121 0.994324
vt 0.167817 0.994197
vt 0.175121 0.983638
vt 0.174595 0.828424
vt 0.174595 0.836298
vt 0.167599 0.832931
vt 0.178418 0.963727
vt 0.189772 0.963689
vt 0.180063 0.973659
vt 0.226794 0.956648
vt 0.196990 0.972706
vt 0.557465 0.282095
vt 0.185152 0.951051
vt 0.193213 0.958751
vt 0.900144 0.500936
vt 0.904478 0.501704
vt 0.901720 0.516064
vt 0.197663 0.967820
vt 0.982678 0.478547
vt 0.097316 0.927759
vt 0.098966 0.915827
vt 0.106460 0.933516
vt 0.727181 0.908803
vt 0.711192 0.925367
vt 0.987174 0.229073
vt 0.987174 0.197222
vt 0.991407 0.213736
vt 0.324152 0.957316
vt 0.021935 0.972585
vt 0.114913 0.393713
vt 0.126916 0.556719
vt 0.855353 0.758450
vt 0.342234 0.651493
vt 0.143876 0.011848
vt 0.504535 0.770706
vt 0.708602 0.151623
vt 0.504274 0.699760
vt 0.704523 0.083127
vt 0.691053 0.068186
vt 0.490255 0.653925
vt 0.503974 0.618308
vt 0.504133 0.647527
vt 0.042655 0.985583
vt 0.905999 0.985783
vt 0.895883 0.987252
vt 0.903488 0.976940
vt 0.504049 0.568055
vt 0.895883 0.963753
vt 0.907205 0.962392
vt 0.655422 0.566928
vt 0.583083 0.329137
vt 0.975737 0.476563
vt 0.974721 0.607417
vt 0.108768 0.912599
vt 0.471714 0.869921
vt 0.485685 0.864325
vt 0.487130 0.892694
vt 0.989730 0.050152
vt 0.993261 0.049184
vt 0.990757 0.062652
vt 0.842035 0.760063
vt 0.334977 0.929646
vt 0.537816 0.089759
vt 0.828639 0.981542
vt 0.828639 0.993511
vt 0.820164 0.984048
vt 0.203684 0.890149
vt 0.193732 0.873504
vt 0.529003 0.983017
vt 0.529003 0.993728
vt 0.521033 0.986792
vt 0.842166 0.851237
vt 0.291364 0.658353
vt 0.293314 0.662606
vt 0.280959 0.673551
vt 0.070122 0.971641
vt 0.070122 0.989801
vt 0.059907 0.984739
vt 0.906795 0.520333
vt 0.196850 0.973659
vt 0.128382 0.933419
vt 0.836793 0.931817
vt 0.127006 0.247456
vt 0.120142 0.325452
vt 0.118395 0.344215
vt 0.995755 0.620419
vt 0.995434 0.644321
vt 0.992028 0.619020
vt 0.128938 0.169823
vt 0.655988 0.840254
vt 0.651254 0.836483
vt 0.662493 0.818484
vt 0.504315 0.735094
vt 0.558326 0.924051
vt 0.562174 0.918759
vt 0.567950 0.933381
vt 0.549908 0.938437
vt 0.504384 0.675299
vt 0.707308 0.112589
vt 0.690187 0.139809
vt 0.677088 0.996108
vt 0.671166 0.989790
vt 0.677088 0.984626
vt 0.184927 0.888764
vt 0.182176 0.873072
vt 0.560808 0.265252
vt 0.074014 0.933370
vt 0.902879 0.496621
vt 0.918210 0.500366
vt 0.905595 0.487969
vt 0.974382 0.518908
vt 0.986372 0.629343
vt 0.272773 0.821009
vt 0.270295 0.829322
vt 0.269811 0.812808
vt 0.940184 0.263367
vt 0.934705 0.284191
vt 0.937063 0.263845
vt 0.292578 0.556553
vt 0.645016 0.473482
vt 0.120175 0.296652
vt 0.109259 0.457871
vt 0.133788 0.192894
vt 0.117710 0.192785
vt 0.149533 0.081848
vt 0.145541 0.077719
vt 0.739456 0.787834
vt 0.535867 0.014365
vt 0.531499 0.077932
vt 0.504645 0.751547
vt 0.538241 0.078264
vt 0.504645 0.721708
vt 0.275988 0.855873
vt 0.276708 0.842442
vt 0.277052 0.872296
vt 0.274894 0.891581
vt 0.294779 0.877607
vt 0.555943 0.948107
vt 0.276416 0.820479
vt 0.294547 0.832748
vt 0.277151 0.795956
vt 0.277570 0.768131
vt 0.294492 0.784781
vt 0.278138 0.738849
vt 0.294555 0.758646
vt 0.155583 0.703844
vt 0.162190 0.716832
vt 0.896590 0.804006
vt 0.895883 0.787743
vt 0.918624 0.798346
vt 0.278701 0.707689
vt 0.295087 0.714319
vt 0.614544 0.965657
vt 0.614450 0.973275
vt 0.604689 0.973048
vt 0.543732 0.946699
vt 0.539513 0.936892
vt 0.544072 0.926044
vt 0.539513 0.913195
vt 0.279888 0.688457
vt 0.755208 0.993711
vt 0.748262 0.984157
vt 0.755681 0.984157
vt 0.929591 0.433080
vt 0.904060 0.434006
vt 0.064756 0.962892
vt 0.973608 0.558109
vt 0.057787 0.878053
vt 0.039558 0.858560
vt 0.057173 0.847927
vt 0.178639 0.908307
vt 0.329121 0.974722
vt 0.113497 0.440673
vt 0.102217 0.521889
vt 0.993261 0.078317
vt 0.336260 0.648194
vt 0.295087 0.931357
vt 0.802119 0.629888
vt 0.821216 0.610929
vt 0.828046 0.611085
vt 0.281889 0.921878
vt 0.690651 0.094778
vt 0.281647 0.932817
vt 0.554643 0.235320
vt 0.904325 0.375350
vt 0.001060 0.569995
vt 0.019627 0.545099
vt 0.012341 0.569455
vt 0.178417 0.877834
vt 0.083315 0.922027
vt 0.272773 0.805420
vt 0.979000 0.457872
vt 0.968071 0.628520
vt 0.989907 0.641364
vt 0.989083 0.683512
vt 0.973383 0.683216
vt 0.970549 0.457229
vt 0.979246 0.449946
vt 0.127586 0.918708
vt 0.295244 0.609831
vt 0.119833 0.407541
vt 0.116023 0.421601
vt 0.600064 0.648740
vt 0.142750 0.169313
vt 0.027576 0.886835
vt 0.040534 0.880174
vt 0.651910 0.674071
vt 0.689210 0.310465
vt 0.097885 0.704100
vt 0.911151 0.788816
vt 0.336569 0.800614
vt 0.346779 0.800515
vt 0.345761 0.813323
vt 0.575201 0.991635
vt 0.575780 0.979701
vt 0.585498 0.991635
vt 0.974726 0.392718
vt 0.976487 0.368346
vt 0.985290 0.370736
vt 0.918492 0.534505
vt 0.560094 0.306253
vt 0.918624 0.466918
vt 0.907871 0.472936
vt 0.909529 0.464543
vt 0.968876 0.649266
vt 0.455655 0.905229
vt 0.456192 0.883111
vt 0.295244 0.574157
vt 0.015459 0.901559
vt 0.113862 0.471985
vt 0.109437 0.487009
vt 0.159437 0.126440
vt 0.903662 0.139736
vt 0.399558 0.937142
vt 0.602184 0.983495
vt 0.615739 0.983495
vt 0.910905 0.735114
vt 0.918486 0.750893
vt 0.910893 0.690291
vt 0.918579 0.640014
vt 0.918237 0.691845
vt 0.910770 0.642376
vt 0.910685 0.616273
vt 0.832577 0.858811
vt 0.910693 0.572021
vt 0.918445 0.585194
vt 0.906401 0.447103
vt 0.917082 0.441577
vt 0.908997 0.453961
vt 0.289428 0.438341
vt 0.279870 0.419553
vt 0.293575 0.420814
vt 0.124977 0.313833
vt 0.124330 0.358390
vt 0.125055 0.371809
vt 0.637848 0.457324
vt 0.115080 0.535666
vt 0.516294 0.649203
vt 0.808091 0.779349
vt 0.655455 0.596999
vt 0.542414 0.199281
vt 0.693767 0.992166
vt 0.693767 0.972220
vt 0.702103 0.981560
vt 0.563533 0.341935
vt 0.023700 0.553461
vt 0.992318 0.328736
vt 0.998142 0.333283
vt 0.992318 0.344312
vt 0.968440 0.541590
vt 0.299957 0.288833
vt 0.287925 0.278255
vt 0.302000 0.278305
vt 0.658494 0.541965
vt 0.127753 0.900118
vt 0.336260 0.544871
vt 0.339457 0.531914
vt 0.339308 0.548345
vt 0.202015 0.914631
vt 0.787652 0.971205
vt 0.777730 0.988399
vt 0.777730 0.963897
vt 0.992028 0.645396
vt 0.136761 0.195640
vt 0.987175 0.077820
vt 0.176297 0.524010
vt 0.176297 0.546290
vt 0.174475 0.530254
vt 0.688103 0.248437
vt 0.535694 0.130311
vt 0.531315 0.139268
vt 0.342338 0.977818
vt 0.332568 0.989317
vt 0.332568 0.973347
vt 0.843337 0.034443
vt 0.851121 0.044834
vt 0.833175 0.037898
vt 0.918615 0.721141
vt 0.161981 0.706046
vt 0.291914 0.304037
vt 0.977556 0.441577
vt 0.345664 0.544161
vt 0.542256 0.645143
vt 0.853691 0.776669
vt 0.842247 0.773993
vt 0.910929 0.134315
vt 0.156493 0.051674
vt 0.833425 0.070791
vt 0.828208 0.070219
vt 0.396925 0.918428
vt 0.831263 0.021370
vt 0.529100 0.086473
vt 0.529582 0.155229
vt 0.336569 0.831811
vt 0.985290 0.404129
vt 0.019920 0.840531
vt 0.194063 0.327940
vt 0.205794 0.339341
vt 0.192543 0.346750
vt 0.188456 0.443211
vt 0.194201 0.459370
vt 0.184592 0.460607
vt 0.189517 0.474424
vt 0.108522 0.540990
vt 0.200769 0.197328
vt 0.204703 0.247475
vt 0.190860 0.247274
vt 0.507744 0.638491
vt 0.019228 0.881508
vt 0.838545 0.336886
vt 0.835882 0.359278
vt 0.830517 0.347581
vt 0.830025 0.313456
vt 0.830290 0.365656
vt 0.829496 0.178664
vt 0.823635 0.187559
vt 0.828408 0.142217
vt 0.845872 0.004871
vt 0.850631 0.012925
vt 0.832193 0.001060
vt 0.828815 0.097099
vt 0.668714 0.845203
vt 0.664614 0.875462
vt 0.664614 0.818484
vt 0.823028 0.126966
vt 0.821764 0.856599
vt 0.559786 0.267352
vt 0.994737 0.990675
vt 0.994737 0.972419
vt 0.997744 0.975202
vt 0.296056 0.323650
vt 0.281692 0.326147
vt 0.292435 0.365851
vt 0.278932 0.354182
vt 0.293836 0.342127
vt 0.284213 0.388098
vt 0.274175 0.366181
vt 0.288974 0.404920
vt 0.278604 0.302289
vt 0.273800 0.402537
vt 0.339521 0.625670
vt 0.345454 0.613810
vt 0.345101 0.646073
vt 0.934705 0.242214
vt 0.098899 0.893616
vt 0.209780 0.300353
vt 0.199622 0.316099
vt 0.194244 0.299230
vt 0.204082 0.393459
vt 0.195259 0.409832
vt 0.189693 0.396310
vt 0.191544 0.424068
vt 0.206164 0.432931
vt 0.197503 0.481844
vt 0.184896 0.489649
vt 0.196137 0.526141
vt 0.178417 0.524852
vt 0.518925 0.642251
vt 0.602184 0.656089
vt 0.822336 0.348717
vt 0.818726 0.289048
vt 0.826851 0.250994
vt 0.831107 0.018662
vt 0.802786 0.317834
vt 0.801245 0.365271
vt 0.803735 0.288089
vt 0.803649 0.258748
vt 0.804094 0.206862
vt 0.142404 0.690839
vt 0.820892 0.031473
vt 0.801245 0.033353
vt 0.803888 0.101186
vt 0.804027 0.151958
vt 0.812788 0.008620
vt 0.803135 0.066958
vt 0.889890 0.287367
vt 0.889890 0.332781
vt 0.886243 0.314714
vt 0.274313 0.440475
vt 0.287071 0.454204
vt 0.336368 0.605493
vt 0.338741 0.606224
vt 0.708015 0.890108
vt 0.199843 0.249764
vt 0.200654 0.373917
vt 0.151993 0.065888
vt 0.981450 0.366225
vt 0.487163 0.968271
vt 0.471703 0.958466
vt 0.487163 0.937833
vt 0.807150 0.868056
vt 0.274647 0.338462
vt 0.278418 0.474840
vt 0.266980 0.453457
vt 0.479500 0.921962
vt 0.199742 0.360576
vt 0.205868 0.493961
vt 0.072243 0.987888
vt 0.081307 0.976678
vt 0.075758 0.989892
vt 0.992028 0.515463
vt 0.997629 0.517017
vt 0.992028 0.538673
vt 0.645256 0.858092
vt 0.474611 0.969633
vt 0.277134 0.495557
vt 0.262162 0.483334
vt 0.281308 0.529793
vt 0.257545 0.529644
vt 0.259504 0.506699
vt 0.108252 0.874366
vt 0.098865 0.857992
vt 0.105272 0.840637
vt 0.213279 0.351251
vt 0.208413 0.447185
vt 0.570749 0.913195
vt 0.573080 0.920789
vt 0.570749 0.938720
vt 0.072243 0.967985
vt 0.171672 0.798006
vt 0.176123 0.826303
vt 0.168817 0.811309
vt 0.156612 0.686333
vt 0.864126 0.935687
vt 0.487130 0.915673
vt 0.127224 0.839499
vt 0.214473 0.331818
vt 0.220440 0.250697
vt 0.075652 0.962892
vt 0.162735 0.012315
vt 0.650664 0.655667
vt 0.178745 0.769298
vt 0.236244 0.755235
vt 0.237400 0.769102
vt 0.544074 0.257951
vt 0.859132 0.944305
vt 0.843666 0.945264
vt 0.259933 0.379037
vt 0.267185 0.433651
vt 0.128382 0.864797
vt 0.218655 0.311826
vt 0.210577 0.469717
vt 0.208894 0.147485
vt 0.201367 0.170604
vt 0.190504 0.145438
vt 0.197760 0.126399
vt 0.745999 0.972245
vt 0.739431 0.990843
vt 0.739431 0.968265
vt 0.520547 0.030313
vt 0.553689 0.256905
vt 0.271297 0.315778
vt 0.217150 0.410436
vt 0.539513 0.978692
vt 0.549858 0.975958
vt 0.549858 0.990552
vt 0.208616 0.185252
vt 0.178641 0.682837
vt 0.178417 0.658353
vt 0.236422 0.661254
vt 0.531888 0.183085
vt 0.048785 0.527297
vt 0.046799 0.536692
vt 0.669045 0.533199
vt 0.260273 0.331530
vt 0.687338 0.961764
vt 0.691316 0.967578
vt 0.687338 0.990047
vt 0.337242 0.570177
vt 0.223745 0.365440
vt 0.223521 0.383352
vt 0.854031 0.947385
vt 0.852926 0.957003
vt 0.835902 0.953975
vt 0.262246 0.658424
vt 0.271401 0.670502
vt 0.261331 0.679482
vt 0.627432 0.916519
vt 0.627432 0.943213
vt 0.625456 0.925517
vt 0.160142 0.079049
vt 0.520083 0.089357
vt 0.377384 0.843564
vt 0.396038 0.852567
vt 0.351786 0.865903
vt 0.261073 0.753744
vt 0.260089 0.775333
vt 0.294834 0.239851
vt 0.278721 0.223065
vt 0.299582 0.215747
vt 0.292100 0.275609
vt 0.253439 0.419985
vt 0.260826 0.347815
vt 0.265496 0.302312
vt 0.251620 0.400830
vt 0.262618 0.276509
vt 0.338684 0.591793
vt 0.853241 0.365346
vt 0.853241 0.329886
vt 0.859661 0.350993
vt 0.236431 0.673785
vt 0.649627 0.862657
vt 0.517931 0.014841
vt 0.398292 0.896586
vt 0.406991 0.907444
vt 0.239690 0.750978
vt 0.272096 0.736415
vt 0.272773 0.766243
vt 0.708015 0.950994
vt 0.713228 0.935710
vt 0.725355 0.941414
vt 0.267394 0.274180
vt 0.668582 0.749352
vt 0.665758 0.773364
vt 0.665758 0.745502
vt 0.245892 0.445570
vt 0.246242 0.466913
vt 0.345664 0.574867
vt 0.231718 0.318743
vt 0.232955 0.292214
vt 0.228902 0.351260
vt 0.229015 0.430862
vt 0.235203 0.249616
vt 0.658907 0.479430
vt 0.259925 0.664337
vt 0.165596 0.111938
vt 0.167599 0.789433
vt 0.197663 0.995200
vt 0.192709 0.981625
vt 0.197663 0.975779
vt 0.815067 0.872758
vt 0.322994 0.118568
vt 0.326057 0.132986
vt 0.304876 0.118362
vt 0.326809 0.152762
vt 0.303482 0.133277
vt 0.286838 0.153426
vt 0.226794 0.960766
vt 0.241899 0.971553
vt 0.226794 0.980742
vt 0.015547 0.982104
vt 0.026600 0.974705
vt 0.026600 0.988889
vt 0.740608 0.885480
vt 0.057148 0.823443
vt 0.225208 0.452097
vt 0.225492 0.472367
vt 0.234134 0.405789
vt 0.230730 0.338789
vt 0.659359 0.502596
vt 0.001060 0.886887
vt 0.097316 0.935636
vt 0.116936 0.935636
vt 0.115993 0.963725
vt 0.311273 0.169422
vt 0.287811 0.189799
vt 0.237001 0.743491
vt 0.265870 0.234828
vt 0.242356 0.489183
vt 0.257266 0.304697
vt 0.224078 0.496025
vt 0.228775 0.527917
vt 0.455741 0.920855
vt 0.575201 0.973978
vt 0.591467 0.966179
vt 0.587894 0.977581
vt 0.178417 0.892516
vt 0.163156 0.066418
vt 0.845126 0.578938
vt 0.524734 0.159588
vt 0.233736 0.502591
vt 0.246231 0.322369
vt 0.245203 0.358632
vt 0.243658 0.301434
vt 0.244884 0.275294
vt 0.246116 0.342765
vt 0.242755 0.378124
vt 0.075435 0.531408
vt 0.081145 0.524010
vt 0.239116 0.208871
vt 0.227481 0.162730
vt 0.841128 0.965864
vt 0.956146 0.997177
vt 0.956146 0.975168
vt 0.961666 0.992620
vt 0.178821 0.737446
vt 0.278892 0.168619
vt 0.261453 0.730712
vt 0.669045 0.508821
vt 0.250496 0.273484
vt 0.934705 0.336279
vt 0.934705 0.313831
vt 0.937545 0.319312
vt 0.248517 0.250685
vt 0.237740 0.689016
vt 0.234387 0.693547
vt 0.847929 0.971306
vt 0.195107 0.892270
vt 0.842625 0.793574
vt 0.940050 0.321294
vt 0.954684 0.290148
vt 0.954684 0.337503
vt 0.802119 0.800358
vt 0.170307 0.083699
vt 0.685218 0.977444
vt 0.675078 0.972224
vt 0.683830 0.961764
vt 0.403228 0.888420
vt 0.725355 0.961215
vt 0.261159 0.207206
vt 0.542120 0.973837
vt 0.539513 0.960879
vt 0.547874 0.956859
vt 0.575201 0.955751
vt 0.992967 0.247065
vt 0.992967 0.231193
vt 0.998516 0.239063
vt 0.854973 0.790214
vt 0.920541 0.149631
vt 0.802119 0.441577
vt 0.822218 0.454974
vt 0.823497 0.461623
vt 0.180596 0.001060
vt 0.203748 0.004201
vt 0.184910 0.008591
vt 0.183554 0.078734
vt 0.184316 0.065913
vt 0.197688 0.079187
vt 0.745972 0.843005
vt 0.745972 0.860652
vt 0.739456 0.859263
vt 0.176297 0.053288
vt 0.506766 0.078978
vt 0.509171 0.080888
vt 0.962325 0.975026
vt 0.242261 0.959098
vt 0.415499 0.977096
vt 0.396925 0.969580
vt 0.412737 0.965140
vt 0.237590 0.729712
vt 0.249246 0.167911
vt 0.204369 0.895057
vt 0.675296 0.961764
vt 0.321684 0.062303
vt 0.347301 0.064609
vt 0.336141 0.072566
vt 0.413053 0.881191
vt 0.292371 0.974572
vt 0.292371 0.955772
vt 0.294903 0.964867
vt 0.255293 0.164721
vt 0.275312 0.164603
vt 0.264503 0.150374
vt 0.269572 0.703985
vt 0.558303 0.967228
vt 0.228160 0.124666
vt 0.226524 0.128640
vt 0.206650 0.121111
vt 0.198300 0.111447
vt 0.222593 0.114610
vt 0.629553 0.988223
vt 0.633464 0.985070
vt 0.633464 0.997476
vt 0.192378 0.082757
vt 0.649646 0.903122
vt 0.643951 0.890843
vt 0.340985 0.021949
vt 0.362996 0.831394
vt 0.349422 0.847003
vt 0.998158 0.583999
vt 0.992028 0.587038
vt 0.992028 0.566561
vt 0.233573 0.724012
vt 0.732355 0.863483
vt 0.238118 0.714637
vt 0.234270 0.148063
vt 0.588595 0.951057
vt 0.607303 0.642011
vt 0.650631 0.638491
vt 0.671166 0.982505
vt 0.176123 0.760419
vt 0.401548 0.879094
vt 0.802119 0.874476
vt 0.234256 0.710739
vt 0.178417 0.713248
vt 0.487237 0.826057
vt 0.487237 0.814356
vt 0.489202 0.819199
vt 0.914974 0.154138
vt 0.172756 0.056617
vt 0.165909 0.061841
vt 0.659748 0.972213
vt 0.668600 0.971464
vt 0.668109 0.981928
vt 0.307815 0.090110
vt 0.322503 0.115628
vt 0.308444 0.114272
vt 0.290414 0.126351
vt 0.715152 0.871082
vt 0.476395 0.929530
vt 0.765658 0.981281
vt 0.769019 0.956541
vt 0.773275 0.973255
vt 0.992910 0.697281
vt 0.997181 0.685632
vt 0.997181 0.705131
vt 0.718184 0.991071
vt 0.708015 0.985419
vt 0.718184 0.969230
vt 0.395591 0.733474
vt 0.354050 0.730889
vt 0.394186 0.722167
vt 0.214237 0.010224
vt 0.191989 0.055546
vt 0.201206 0.013934
vt 0.191908 0.051935
vt 0.178418 0.011861
vt 0.848163 0.583138
vt 0.407181 0.832861
vt 0.410018 0.844043
vt 0.997739 0.202282
vt 0.993528 0.216734
vt 0.993528 0.197222
vt 0.224459 0.987037
vt 0.221236 0.997969
vt 0.221236 0.984226
vt 0.982146 0.300814
vt 0.969712 0.287485
vt 0.982992 0.281840
vt 0.506766 0.037007
vt 0.659748 0.992303
vt 0.402606 0.828945
vt 0.173547 0.683325
vt 0.170630 0.667251
vt 0.175338 0.664527
vt 0.165696 0.996455
vt 0.159357 0.991448
vt 0.165696 0.983638
vt 0.170630 0.662672
vt 0.406922 0.958924
vt 0.486723 0.932310
vt 0.558303 0.956711
vt 0.835902 0.973179
vt 0.209671 0.083398
vt 0.413009 0.868023
vt 0.327301 0.091728
vt 0.311297 0.086270
vt 0.331129 0.088054
vt 0.845869 0.975300
vt 0.854031 0.983251
vt 0.845869 0.993944
vt 0.402149 0.819262
vt 0.412397 0.829529
vt 0.396925 0.953979
vt 0.541698 0.950228
vt 0.259000 0.990891
vt 0.255337 0.978984
vt 0.266947 0.978984
vt 0.352945 0.738095
vt 0.395721 0.743782
vt 0.212639 0.109894
vt 0.662845 0.969343
vt 0.662845 0.933117
vt 0.668600 0.945234
vt 0.995458 0.426820
vt 0.988568 0.419324
vt 0.995458 0.406249
vt 0.573080 0.895477
vt 0.568627 0.911074
vt 0.561836 0.893499
vt 0.308490 0.066689
vt 0.710427 0.967110
vt 0.260501 0.127423
vt 0.944978 0.980058
vt 0.954026 0.975026
vt 0.949700 0.989080
vt 0.044707 0.806678
vt 0.057787 0.805502
vt 0.773275 0.990361
vt 0.668923 0.711850
vt 0.665758 0.696827
vt 0.668923 0.681186
vt 0.926720 0.159534
vt 0.922780 0.163212
vt 0.969712 0.301988
vt 0.548537 0.910862
vt 0.506766 0.905298
vt 0.538434 0.891340
vt 0.343521 0.020104
vt 0.315847 0.018678
vt 0.322816 0.011564
vt 0.559482 0.887584
vt 0.294164 0.112900
vt 0.372454 0.814587
vt 0.001060 0.823965
vt 0.954026 0.992116
vt 0.401196 0.741983
vt 0.216647 0.055223
vt 0.315869 0.027386
vt 0.739278 0.863501
vt 0.360468 0.748436
vt 0.992967 0.257066
vt 0.997851 0.249185
vt 0.997851 0.266673
vt 0.408749 0.955331
vt 0.997204 0.326615
vt 0.992318 0.318574
vt 0.997204 0.308405
vt 0.411591 0.747623
vt 0.413029 0.760185
vt 0.399032 0.772654
vt 0.471316 0.935712
vt 0.224115 0.066738
vt 0.224455 0.081871
vt 0.219541 0.052292
vt 0.854012 0.554241
vt 0.299961 0.009590
vt 0.983571 0.345031
vt 0.983764 0.334131
vt 0.988070 0.340768
vt 0.262042 0.112556
vt 0.412706 0.776795
vt 0.373711 0.760754
vt 0.929607 0.174415
vt 0.932779 0.165081
vt 0.650011 0.914359
vt 0.562774 0.792754
vt 0.507644 0.774609
vt 0.551077 0.773352
vt 0.295690 0.089272
vt 0.362743 0.803040
vt 0.269602 0.089492
vt 0.401650 0.797891
vt 0.409503 0.810700
vt 0.416302 0.807018
vt 0.228640 0.112132
vt 0.225614 0.085064
vt 0.228257 0.005344
vt 0.841355 0.483540
vt 0.300769 0.055588
vt 0.300165 0.017470
vt 0.990197 0.309437
vt 0.027478 0.808042
vt 0.229278 0.089529
vt 0.841813 0.476354
vt 0.506766 0.879198
vt 0.858201 0.555026
vt 0.558704 0.883877
vt 0.288005 0.079285
vt 0.367925 0.768673
vt 0.377207 0.796263
vt 0.758713 0.996673
vt 0.758713 0.984158
vt 0.763537 0.990180
vt 0.668688 0.816363
vt 0.665758 0.811364
vt 0.668688 0.808777
vt 0.549986 0.804665
vt 0.507372 0.798900
vt 0.555611 0.861489
vt 0.282456 0.059864
vt 0.361667 0.780489
vt 0.358953 0.772743
vt 0.248767 0.086724
vt 0.941162 0.176864
vt 0.223267 0.020492
vt 0.222569 0.011868
vt 0.543041 0.869154
vt 0.349832 0.780474
vt 0.243295 0.011093
vt 0.557413 0.804560
vt 0.276641 0.013667
vt 0.983571 0.308405
vt 0.349422 0.800001
vt 0.255832 0.058131
vt 0.238196 0.050581
vt 0.662493 0.930996
vt 0.939710 0.240094
vt 0.935066 0.224874
vt 0.938180 0.216277
vt 0.998407 0.828604
vt 0.993271 0.833243
vt 0.993271 0.816443
vt 0.261333 0.007505
vt 0.269925 0.831443
vt 0.272773 0.835972
vt 0.269925 0.855318
vt 0.239174 0.015703
vt 0.855979 0.505559
vt 0.240746 0.023457
vt 0.239084 0.038785
vt 0.274589 0.050549
vt 0.859850 0.529222
vt 0.854171 0.515009
vt 0.286697 0.040885
vt 0.560441 0.828704
vt 0.507157 0.830027
vt 0.285238 0.017227
vt 0.507348 0.854004
vt 0.934705 0.211535
vt 0.258338 0.040357
vt 0.546160 0.838612
vt 0.570018 0.835889
vt 0.271949 0.016788
vt 0.275536 0.998457
vt 0.269068 0.990858
vt 0.275536 0.978984
vt 0.570523 0.847859
vt 0.939710 0.178984
vt 0.571544 0.855362
s 1
usemtl Material
f 1/1/1 2/2/2 3/3/3
f 2/2/2 4/4/4 3/3/3
f 5/5/5 6/6/6 7/7/7
f 10/8/8 3/3/3 4/4/4
f 6/6/6 11/9/9 7/7/7
f 11/9/9 8/10/10 7/7/7
f 10/8/8 4/4/4 12/11/11
f 8/10/10 13/12/12 14/13/13
f 9/14/14 8/15/15 7/16/16
f 7/7/7 14/13/13 15/17/17
f 7/7/7 8/10/10 14/13/13
f 10/18/8 12/19/11 16/20/18
f 1/21/1 17/22/19 2/23/2
f 6/6/6 18/24/20 19/25/21
f 11/9/9 13/12/12 8/10/10
f 6/6/6 20/26/22 11/9/9
f 13/12/12 21/27/23 14/13/13
f 20/26/22 13/12/12 11/9/9
f 10/8/8 22/28/24 3/3/3
f 23/29/25 18/24/20 6/6/6
f 15/17/17 24/30/26 25/31/27
f 15/32/17 14/33/13 24/34/26
f 2/2/2 26/35/28 4/4/4
f 4/4/4 26/35/28 27/36/29
f 19/25/21 20/26/22 6/6/6
f 21/27/23 24/30/26 14/13/13
f 28/37/30 5/5/5 7/7/7
f 29/38/31 30/39/32 3/3/3
f 5/5/5 23/29/25 6/6/6
f 10/18/8 16/20/18 23/40/25
f 16/41/18 18/24/20 23/29/25
f 24/30/26 31/42/33 25/31/27
f 2/43/2 17/44/19 26/45/28
f 13/12/12 20/26/22 21/27/23
f 12/11/11 27/36/29 32/46/34
f 4/4/4 27/36/29 12/11/11
f 5/5/5 28/37/30 33/47/35
f 28/37/30 7/7/7 15/17/17
f 10/18/8 23/40/25 22/48/24
f 30/49/32 1/50/1 3/51/3
f 25/31/27 34/52/36 35/53/37
f 25/31/27 31/42/33 34/52/36
f 12/19/11 32/54/34 16/20/18
f 32/54/34 36/55/38 16/20/18
f 15/17/17 37/56/39 28/37/30
f 22/48/24 23/40/25 38/57/40
f 39/58/41 25/31/27 35/53/37
f 16/41/18 36/59/38 18/24/20
f 18/24/20 36/59/38 19/25/21
f 3/3/3 22/28/24 29/38/31
f 30/60/32 17/61/19 1/62/1
f 30/60/32 40/63/42 17/61/19
f 31/42/33 41/64/43 34/52/36
f 5/5/5 38/65/40 23/29/25
f 42/66/44 35/53/37 43/67/45
f 35/68/37 44/69/46 43/70/45
f 45/71/47 46/72/48 47/73/49
f 17/61/19 40/63/42 26/74/28
f 26/75/28 48/76/50 27/77/29
f 24/30/26 21/27/23 49/78/51
f 21/27/23 50/79/52 49/78/51
f 19/25/21 51/80/53 20/26/22
f 20/26/22 50/79/52 21/27/23
f 27/36/29 52/81/54 32/46/34
f 22/28/24 53/82/55 29/38/31
f 45/71/47 54/83/56 46/72/48
f 44/84/46 35/53/37 34/52/36
f 47/73/49 46/72/48 55/85/57
f 34/52/36 56/86/58 57/87/59
f 34/88/36 41/89/43 56/90/58
f 24/30/26 49/78/51 31/42/33
f 19/25/21 36/59/38 51/80/53
f 48/76/50 58/91/60 27/77/29
f 59/92/61 33/47/35 28/37/30
f 5/5/5 33/47/35 38/65/40
f 37/56/39 25/31/27 60/93/62
f 39/58/41 35/53/37 42/66/44
f 61/94/63 42/66/44 44/84/46
f 45/71/47 62/95/64 54/83/56
f 43/67/45 44/84/46 42/66/44
f 30/60/32 63/96/65 40/63/42
f 63/97/65 64/98/66 40/99/42
f 47/73/49 55/85/57 64/100/66
f 34/52/36 57/87/59 44/84/46
f 40/63/42 64/100/66 26/74/28
f 64/101/66 55/102/57 26/103/28
f 46/72/48 65/104/67 55/85/57
f 26/74/28 55/85/57 48/105/50
f 31/42/33 66/106/68 41/64/43
f 31/42/33 49/78/51 66/106/68
f 25/31/27 37/56/39 15/17/17
f 67/107/69 60/93/62 68/108/70
f 60/93/62 39/58/41 68/108/70
f 29/109/31 69/110/71 30/111/32
f 39/58/41 60/93/62 25/31/27
f 39/58/41 42/66/44 68/108/70
f 70/112/72 45/71/47 47/73/49
f 70/112/72 47/73/49 63/96/65
f 44/113/46 71/114/73 72/115/74
f 54/83/56 73/116/75 46/72/48
f 46/72/48 73/116/75 74/117/76
f 64/100/66 63/96/65 47/73/49
f 44/84/46 57/87/59 71/118/73
f 55/85/57 75/119/77 48/105/50
f 36/55/38 32/54/34 76/120/78
f 20/26/22 51/80/53 77/121/79
f 20/26/22 77/121/79 50/79/52
f 27/36/29 58/122/60 52/81/54
f 78/123/80 53/82/55 22/28/24
f 68/108/70 42/66/44 61/94/63
f 61/94/63 44/84/46 72/124/74
f 73/116/75 54/83/56 62/95/64
f 71/118/73 79/125/81 72/124/74
f 55/85/57 65/104/67 75/119/77
f 57/87/59 56/86/58 80/126/82
f 80/126/82 56/86/58 41/64/43
f 36/59/38 76/127/78 51/80/53
f 28/37/30 37/56/39 59/92/61
f 81/128/83 22/48/24 38/57/40
f 67/107/69 68/108/70 61/94/63
f 63/96/65 30/60/32 69/129/71
f 70/112/72 62/95/64 45/71/47
f 72/124/74 79/125/81 82/130/84
f 79/125/81 71/118/73 57/87/59
f 46/72/48 74/117/76 83/131/85
f 46/72/48 83/131/85 65/104/67
f 84/132/86 58/91/60 48/76/50
f 41/64/43 85/133/87 80/126/82
f 66/106/68 85/133/87 41/64/43
f 76/127/78 77/121/79 51/80/53
f 76/134/78 32/46/34 52/81/54
f 50/79/52 86/135/88 49/78/51
f 22/48/24 81/128/83 78/136/80
f 87/137/89 67/107/69 61/94/63
f 57/87/59 88/138/90 79/125/81
f 75/119/77 84/139/86 48/105/50
f 89/140/91 69/141/71 53/82/55
f 53/82/55 69/141/71 29/38/31
f 81/142/83 38/65/40 33/47/35
f 61/143/63 72/144/74 87/145/89
f 62/146/64 70/147/72 90/148/92
f 80/149/82 91/150/93 57/151/59
f 65/104/67 83/131/85 92/152/94
f 65/153/67 92/154/94 93/155/95
f 65/104/67 93/156/95 75/119/77
f 94/157/96 50/79/52 77/121/79
f 89/140/91 95/158/97 69/141/71
f 80/149/82 96/159/98 91/150/93
f 49/78/51 86/135/88 66/106/68
f 59/92/61 37/56/39 97/160/99
f 69/129/71 98/161/100 63/96/65
f 99/162/101 100/163/102 70/164/72
f 70/164/72 100/163/102 101/165/103
f 87/137/89 72/124/74 82/130/84
f 62/146/64 90/148/92 102/166/104
f 62/167/64 102/168/104 73/169/75
f 102/168/104 74/170/76 73/169/75
f 88/171/90 57/172/59 91/173/93
f 93/156/95 103/174/105 75/119/77
f 81/175/83 33/176/35 104/177/106
f 105/178/107 67/107/69 87/137/89
f 98/161/100 99/179/101 70/112/72
f 70/112/72 63/96/65 98/161/100
f 87/137/89 82/130/84 106/180/108
f 101/181/109 100/182/110 107/183/111
f 101/184/103 108/185/112 70/186/72
f 109/187/113 82/130/84 79/125/81
f 110/188/114 79/125/81 111/189/115
f 88/138/90 111/189/115 79/125/81
f 84/132/86 112/190/116 58/91/60
f 113/191/117 114/192/118 76/193/78
f 76/194/78 52/195/54 113/196/117
f 50/79/52 94/157/96 86/135/88
f 58/122/60 112/197/116 52/81/54
f 104/198/106 33/199/35 59/200/61
f 89/201/91 115/202/119 95/203/97
f 95/204/97 98/161/100 69/129/71
f 116/205/120 107/183/111 100/182/110
f 117/206/121 108/207/112 101/208/103
f 116/209/120 118/210/122 107/211/111
f 79/125/81 110/188/114 109/187/113
f 88/138/90 119/212/123 111/189/115
f 88/138/90 120/213/124 119/212/123
f 93/214/95 121/215/125 103/216/105
f 89/217/91 53/218/55 122/219/126
f 117/206/121 101/208/103 100/220/102
f 91/221/93 120/213/124 88/138/90
f 92/222/94 123/223/127 124/224/128
f 125/225/129 93/226/95 92/227/94
f 125/225/129 121/228/125 93/226/95
f 84/139/86 75/119/77 103/174/105
f 52/81/54 112/197/116 126/229/130
f 59/92/61 97/160/99 127/230/131
f 128/231/132 60/93/62 67/107/69
f 108/232/112 90/148/92 70/147/72
f 92/233/94 83/234/85 123/235/127
f 124/224/128 129/236/133 92/222/94
f 80/126/82 85/133/87 96/237/98
f 84/132/86 130/238/134 112/190/116
f 127/239/131 104/198/106 59/200/61
f 81/175/83 104/177/106 131/240/135
f 97/160/99 37/56/39 132/241/136
f 37/56/39 128/231/132 132/241/136
f 37/56/39 60/93/62 128/231/132
f 67/107/69 105/178/107 128/231/132
f 87/242/89 106/243/108 133/244/137
f 100/245/102 134/246/138 117/247/121
f 99/179/101 134/248/138 100/249/102
f 92/250/94 135/251/139 125/252/129
f 130/253/134 84/139/86 103/174/105
f 136/254/140 66/106/68 86/135/88
f 113/196/117 52/195/54 126/255/130
f 131/256/135 104/198/106 127/239/131
f 122/219/126 115/257/119 89/217/91
f 106/180/108 82/130/84 109/187/113
f 137/258/141 100/259/110 101/260/109
f 138/261/142 107/211/111 118/210/122
f 107/262/111 138/263/142 101/264/109
f 139/265/143 140/266/144 141/267/145
f 139/265/143 142/268/146 143/269/147
f 139/265/143 144/270/148 140/266/144
f 139/265/143 143/269/147 144/270/148
f 125/271/129 145/272/149 121/273/125
f 66/106/68 136/254/140 85/133/87
f 86/274/88 146/275/150 136/276/140
f 85/133/87 136/254/140 147/277/151
f 78/278/80 148/279/152 53/280/55
f 148/281/152 122/282/126 53/283/55
f 149/284/153 106/180/108 109/187/113
f 134/246/138 150/285/154 117/247/121
f 118/286/122 116/287/120 100/288/110
f 151/289/155 108/290/112 117/291/121
f 109/187/113 110/188/114 152/292/156
f 142/268/146 153/293/157 143/269/147
f 152/292/156 154/294/158 155/295/159
f 156/296/160 152/292/156 155/295/159
f 153/293/157 157/297/161 143/269/147
f 144/270/148 158/298/162 140/266/144
f 96/237/98 159/299/163 160/300/164
f 129/236/133 124/224/128 121/301/125
f 76/302/78 114/303/118 77/304/79
f 161/305/165 122/282/126 148/281/152
f 87/306/89 133/307/137 105/308/107
f 142/268/146 139/265/143 162/309/166
f 154/294/158 110/188/114 111/189/115
f 111/189/115 163/310/167 154/294/158
f 119/212/123 163/310/167 111/189/115
f 143/269/147 164/311/168 144/270/148
f 83/312/85 165/313/169 166/314/170
f 91/221/93 160/300/164 120/213/124
f 91/150/93 96/159/98 160/315/164
f 78/136/80 81/128/83 131/316/135
f 122/317/126 161/318/165 115/319/119
f 98/161/100 95/204/97 115/320/119
f 167/321/171 134/248/138 99/179/101
f 152/292/156 110/188/114 154/294/158
f 141/322/145 140/323/144 168/324/172
f 169/325/173 157/326/161 153/327/157
f 156/296/160 155/295/159 170/328/174
f 74/170/76 165/329/169 83/330/85
f 154/294/158 163/310/167 155/295/159
f 163/331/167 119/332/123 155/333/159
f 144/270/148 171/334/175 158/298/162
f 123/335/127 172/336/176 124/337/128
f 120/213/124 173/338/177 119/212/123
f 120/213/124 160/300/164 159/299/163
f 121/215/125 174/339/178 103/216/105
f 85/133/87 147/277/151 175/340/179
f 77/304/79 114/303/118 176/341/180
f 77/342/79 176/343/180 94/344/96
f 167/321/171 177/345/181 134/248/138
f 137/346/141 118/286/122 100/288/110
f 101/264/109 138/263/142 137/347/141
f 156/296/160 170/328/174 178/348/182
f 155/295/159 119/212/123 170/328/174
f 157/297/161 164/311/168 143/269/147
f 164/311/168 171/334/175 144/270/148
f 171/334/175 179/349/183 158/298/162
f 92/250/94 180/350/184 135/251/139
f 92/250/94 129/351/133 180/350/184
f 121/352/125 181/353/185 182/354/186
f 121/355/125 182/356/186 174/357/178
f 85/133/87 175/340/179 96/237/98
f 94/157/96 146/358/150 86/135/88
f 126/255/130 183/359/187 113/196/117
f 112/360/116 184/361/188 126/362/130
f 98/161/100 167/321/171 99/179/101
f 149/284/153 133/363/137 106/180/108
f 177/364/181 150/365/154 134/366/138
f 150/285/154 151/367/155 117/247/121
f 139/265/143 185/368/189 162/309/166
f 137/346/141 186/369/190 118/286/122
f 141/267/145 185/368/189 139/265/143
f 187/370/191 152/292/156 156/296/160
f 178/348/182 188/371/192 189/372/193
f 170/328/174 190/373/194 178/348/182
f 173/338/177 191/374/195 119/212/123
f 129/375/133 121/273/125 180/376/184
f 124/377/128 181/353/185 121/352/125
f 113/378/117 192/379/196 114/380/118
f 113/196/117 183/359/187 192/381/196
f 78/278/80 193/382/197 148/279/152
f 152/292/156 194/383/198 109/187/113
f 153/293/157 142/268/146 195/384/199
f 152/292/156 187/370/191 194/383/198
f 137/347/141 138/263/142 186/385/190
f 118/210/122 186/386/190 138/261/142
f 141/322/145 168/324/172 196/387/200
f 153/327/157 197/388/201 169/325/173
f 198/389/202 199/390/203 200/391/204
f 169/392/173 197/393/201 201/394/205
f 201/394/205 202/395/206 169/392/173
f 189/372/193 188/371/192 203/396/207
f 204/397/208 205/398/209 206/399/210
f 207/400/211 208/401/212 209/402/213
f 210/403/214 211/404/215 212/405/216
f 204/397/208 199/390/203 205/398/209
f 206/399/210 205/398/209 213/406/217
f 188/371/192 214/407/218 215/408/219
f 188/371/192 215/408/219 203/396/207
f 216/409/220 203/396/207 215/408/219
f 199/390/203 217/410/221 205/398/209
f 218/411/222 202/395/206 208/401/212
f 188/371/192 178/348/182 214/407/218
f 219/412/223 220/413/224 221/414/225
f 74/170/76 222/415/226 165/329/169
f 190/373/194 223/416/227 178/348/182
f 190/373/194 170/328/174 223/416/227
f 140/323/144 158/417/162 224/418/228
f 170/328/174 119/212/123 225/419/229
f 166/314/170 123/335/127 83/312/85
f 191/374/195 225/419/229 119/212/123
f 226/420/230 171/334/175 164/311/168
f 112/190/116 130/238/134 184/421/188
f 94/344/96 227/422/231 146/275/150
f 161/423/165 148/279/152 228/424/232
f 149/284/153 109/187/113 229/425/233
f 153/327/157 195/426/199 230/427/234
f 141/322/145 196/387/200 185/428/189
f 189/372/193 156/296/160 178/348/182
f 153/327/157 230/427/234 197/388/201
f 200/391/204 204/397/208 231/429/235
f 232/430/236 212/405/216 233/431/237
f 234/432/238 220/413/224 235/433/239
f 231/429/235 204/397/208 206/399/210
f 236/434/240 206/399/210 207/400/211
f 209/402/213 202/395/206 201/394/205
f 232/430/236 220/413/224 234/432/238
f 210/403/214 203/396/207 216/409/220
f 219/412/223 198/389/202 235/433/239
f 222/415/226 74/170/76 102/168/104
f 220/413/224 219/412/223 235/433/239
f 199/390/203 204/397/208 200/391/204
f 232/430/236 221/414/225 220/413/224
f 216/409/220 211/404/215 210/403/214
f 208/401/212 202/395/206 209/402/213
f 233/431/237 212/405/216 211/404/215
f 219/412/223 237/435/241 198/389/202
f 237/435/241 199/390/203 198/389/202
f 214/407/218 178/348/182 223/416/227
f 233/431/237 221/414/225 232/430/236
f 199/390/203 237/435/241 217/410/221
f 206/399/210 213/406/217 207/400/211
f 213/406/217 208/401/212 207/400/211
f 215/408/219 238/436/242 216/409/220
f 221/414/225 239/437/243 219/412/223
f 219/412/223 240/438/244 237/435/241
f 218/411/222 169/392/173 202/395/206
f 168/324/172 140/323/144 224/418/228
f 215/408/219 214/407/218 238/436/242
f 216/409/220 241/439/245 211/404/215
f 205/398/209 217/410/221 242/440/246
f 242/440/246 213/406/217 205/398/209
f 208/401/212 243/441/247 218/411/222
f 170/328/174 225/419/229 223/416/227
f 157/297/161 244/442/248 164/311/168
f 135/443/139 245/444/249 125/445/129
f 121/273/125 245/446/249 180/376/184
f 121/273/125 145/272/149 245/446/249
f 103/447/105 174/448/178 130/449/134
f 130/450/134 246/451/250 184/452/188
f 184/361/188 183/453/187 126/362/130
f 94/344/96 176/343/180 227/422/231
f 193/454/197 78/136/80 131/316/135
f 105/308/107 133/307/137 247/455/251
f 195/384/199 142/268/146 248/456/252
f 187/370/191 156/296/160 249/457/253
f 250/458/254 200/391/204 231/429/235
f 231/429/235 236/434/240 251/459/255
f 235/433/239 198/389/202 252/460/256
f 253/461/257 203/396/207 210/403/214
f 198/389/202 200/391/204 252/460/256
f 189/372/193 203/396/207 253/461/257
f 231/429/235 206/399/210 236/434/240
f 254/462/258 232/430/236 234/432/238
f 223/416/227 255/463/259 214/407/218
f 237/435/241 256/464/260 217/410/221
f 216/409/220 238/436/242 241/439/245
f 256/464/260 257/465/261 217/410/221
f 211/404/215 258/466/262 233/431/237
f 221/414/225 233/431/237 258/466/262
f 259/467/263 208/401/212 213/406/217
f 169/325/173 260/468/264 157/326/161
f 260/468/264 244/469/248 157/326/161
f 244/442/248 261/470/265 164/311/168
f 164/311/168 261/470/265 226/420/230
f 226/420/230 179/349/183 171/334/175
f 120/213/124 159/299/163 173/338/177
f 262/471/266 127/472/131 97/473/99
f 262/474/266 131/256/135 127/239/131
f 247/475/251 133/363/137 149/284/153
f 229/425/233 109/187/113 194/383/198
f 185/368/189 263/476/267 162/309/166
f 189/372/193 249/457/253 156/296/160
f 232/430/236 254/462/258 264/477/268
f 265/478/269 209/402/213 201/394/205
f 230/479/234 201/394/205 197/393/201
f 90/148/92 222/480/226 102/166/104
f 196/481/200 168/482/172 266/483/270
f 168/482/172 267/484/271 266/483/270
f 238/436/242 214/407/218 255/463/259
f 208/401/212 259/467/263 243/441/247
f 241/439/245 268/485/272 211/404/215
f 256/464/260 237/435/241 240/438/244
f 218/411/222 243/441/247 269/486/273
f 211/404/215 268/485/272 258/466/262
f 221/414/225 270/487/274 239/437/243
f 217/410/221 257/465/261 242/440/246
f 271/488/275 260/489/264 218/411/222
f 218/411/222 260/489/264 169/392/173
f 218/411/222 269/486/273 271/488/275
f 225/419/229 272/490/276 223/416/227
f 158/417/162 179/491/183 224/418/228
f 180/350/184 245/492/249 135/251/139
f 125/445/129 245/444/249 145/493/149
f 181/494/185 273/495/277 182/496/186
f 192/497/196 176/341/180 114/303/118
f 227/422/231 274/498/278 146/275/150
f 128/499/132 275/500/279 132/501/136
f 276/502/280 115/319/119 161/318/165
f 115/320/119 167/321/171 98/161/100
f 105/503/107 247/504/251 149/505/153
f 248/456/252 142/268/146 162/309/166
f 189/372/193 277/506/281 249/457/253
f 253/461/257 210/403/214 278/507/282
f 210/403/214 212/405/216 279/508/283
f 280/509/284 234/432/238 235/433/239
f 277/506/281 189/372/193 253/461/257
f 234/432/238 280/509/284 254/462/258
f 252/460/256 200/391/204 250/458/254
f 232/430/236 264/477/268 212/405/216
f 207/400/211 209/402/213 236/434/240
f 267/484/271 168/482/172 281/510/285
f 168/482/172 224/511/228 281/510/285
f 222/415/226 282/512/286 165/329/169
f 255/463/259 241/439/245 238/436/242
f 221/414/225 258/466/262 270/487/274
f 219/412/223 239/437/243 240/438/244
f 213/406/217 242/440/246 259/467/263
f 172/513/176 283/514/287 124/377/128
f 226/420/230 284/515/288 179/349/183
f 96/516/98 175/517/179 285/518/289
f 193/382/197 228/424/232 148/279/152
f 97/473/99 286/519/290 262/471/266
f 193/454/197 131/316/135 287/520/291
f 162/309/166 263/476/267 248/456/252
f 194/521/198 288/522/292 289/523/293
f 187/524/191 288/522/292 194/521/198
f 278/507/282 210/403/214 279/508/283
f 280/509/284 235/433/239 252/460/256
f 264/477/268 279/508/283 212/405/216
f 236/434/240 265/478/269 251/459/255
f 236/434/240 209/402/213 265/478/269
f 250/458/254 231/429/235 251/459/255
f 241/439/245 290/525/294 268/485/272
f 291/526/295 240/438/244 239/437/243
f 182/527/186 292/528/296 174/529/178
f 96/530/98 285/531/289 159/532/163
f 174/533/178 246/451/250 130/450/134
f 131/534/135 262/535/266 287/536/291
f 128/499/132 105/537/107 275/500/279
f 264/477/268 254/462/258 293/538/297
f 252/460/256 294/539/298 280/509/284
f 258/466/262 268/485/272 295/540/299
f 239/437/243 270/487/274 291/526/295
f 259/467/263 242/440/246 257/465/261
f 182/496/186 273/495/277 292/541/296
f 167/542/171 296/543/300 177/544/181
f 177/364/181 297/545/301 150/365/154
f 194/383/198 298/546/302 229/425/233
f 185/368/189 299/547/303 263/476/267
f 300/548/304 288/522/292 187/524/191
f 252/460/256 301/549/305 294/539/298
f 280/509/284 293/538/297 254/462/258
f 196/481/200 266/483/270 302/550/306
f 266/483/270 267/484/271 303/551/307
f 267/484/271 304/552/308 303/551/307
f 303/551/307 304/552/308 305/553/309
f 281/554/285 306/555/310 267/556/271
f 258/466/262 295/540/299 307/557/311
f 258/466/262 307/557/311 270/487/274
f 269/486/273 243/441/247 308/558/312
f 269/486/273 309/559/313 271/488/275
f 255/463/259 310/560/314 241/439/245
f 270/487/274 307/557/311 291/526/295
f 311/561/315 257/465/261 256/464/260
f 241/439/245 310/560/314 290/525/294
f 290/525/294 295/540/299 268/485/272
f 291/526/295 312/562/316 240/438/244
f 225/419/229 313/563/317 272/490/276
f 124/377/128 283/514/287 181/353/185
f 159/532/163 314/564/318 173/565/177
f 136/276/140 315/566/319 147/567/151
f 192/381/196 183/359/187 316/568/320
f 167/542/171 317/569/321 296/543/300
f 296/543/300 318/570/322 177/544/181
f 194/521/198 289/523/293 298/571/302
f 252/460/256 250/458/254 301/549/305
f 265/478/269 319/572/323 251/459/255
f 90/148/92 108/232/112 320/573/324
f 304/552/308 267/484/271 306/574/310
f 166/314/170 165/313/169 282/575/286
f 223/416/227 272/490/276 255/463/259
f 240/438/244 312/562/316 256/464/260
f 310/560/314 321/576/325 290/525/294
f 307/557/311 322/577/326 291/526/295
f 257/465/261 323/578/327 259/467/263
f 259/467/263 324/579/328 243/441/247
f 308/558/312 309/559/313 269/486/273
f 179/491/183 284/580/288 224/418/228
f 191/581/195 325/582/329 225/583/229
f 146/275/150 315/566/319 136/276/140
f 147/567/151 315/566/319 326/584/330
f 105/537/107 327/585/331 275/500/279
f 177/364/181 318/586/322 297/545/301
f 263/476/267 299/547/303 328/587/332
f 195/588/199 248/589/252 329/590/333
f 250/458/254 330/591/334 301/549/305
f 266/483/270 303/551/307 331/592/335
f 90/148/92 332/593/336 222/480/226
f 333/594/337 303/551/307 305/553/309
f 224/511/228 334/595/338 281/510/285
f 259/467/263 323/578/327 324/579/328
f 312/562/316 311/561/315 256/464/260
f 325/582/329 335/596/339 225/583/229
f 225/597/229 335/598/339 313/599/317
f 226/600/230 336/601/340 284/602/288
f 192/497/196 316/603/320 176/341/180
f 161/318/165 228/604/232 276/502/280
f 275/500/279 337/605/341 132/501/136
f 338/606/342 317/569/321 167/542/171
f 248/456/252 263/476/267 328/587/332
f 185/428/189 196/387/200 299/607/303
f 187/370/191 249/457/253 300/608/304
f 249/457/253 277/506/281 339/609/343
f 264/477/268 340/610/344 279/508/283
f 250/458/254 251/459/255 330/591/334
f 265/478/269 201/394/205 341/611/345
f 266/483/270 331/592/335 302/550/306
f 90/148/92 320/573/324 332/593/336
f 281/554/285 334/612/338 306/555/310
f 342/613/346 310/560/314 255/463/259
f 291/526/295 322/577/326 312/562/316
f 324/579/328 308/558/312 243/441/247
f 255/463/259 272/490/276 342/613/346
f 257/465/261 311/561/315 323/578/327
f 308/558/312 343/614/347 309/559/313
f 295/540/299 344/615/348 307/557/311
f 345/616/349 159/532/163 285/531/289
f 346/617/350 174/529/178 292/528/296
f 315/566/319 146/275/150 274/498/278
f 347/618/351 274/498/278 227/422/231
f 327/585/331 105/537/107 149/619/153
f 115/620/119 338/606/342 167/542/171
f 298/621/302 289/622/293 348/623/352
f 289/622/293 288/624/292 348/623/352
f 278/507/282 279/508/283 340/610/344
f 340/610/344 264/477/268 293/538/297
f 340/610/344 293/538/297 349/625/353
f 350/626/354 293/538/297 280/509/284
f 319/572/323 265/478/269 351/627/355
f 341/611/345 201/394/205 230/479/234
f 331/592/335 303/551/307 333/594/337
f 320/573/324 108/232/112 151/628/155
f 224/418/228 284/580/288 352/629/356
f 313/563/317 353/630/357 272/490/276
f 261/631/265 336/601/340 226/600/230
f 173/565/177 354/632/358 191/633/195
f 326/584/330 175/634/179 147/567/151
f 355/635/359 356/636/360 357/637/361
f 355/635/359 358/638/362 356/636/360
f 356/636/360 359/639/363 357/637/361
f 360/640/364 361/641/365 362/642/366
f 358/638/362 363/643/367 356/636/360
f 364/644/368 365/645/369 366/646/370
f 356/636/360 363/643/367 359/639/363
f 97/473/99 132/501/136 337/605/341
f 367/647/371 368/648/372 358/638/362
f 369/649/373 370/650/374 362/642/366
f 367/647/371 366/646/370 368/648/372
f 358/638/362 368/648/372 363/643/367
f 360/640/364 371/651/375 361/641/365
f 372/652/376 365/645/369 364/644/368
f 366/646/370 365/645/369 368/648/372
f 149/619/153 229/653/233 327/585/331
f 361/641/365 373/654/377 374/655/378
f 370/650/374 375/656/379 372/652/376
f 374/655/378 375/656/379 369/649/373
f 369/649/373 375/656/379 370/650/374
f 375/656/379 376/657/380 372/652/376
f 365/645/369 372/652/376 376/657/380
f 371/651/375 373/654/377 361/641/365
f 374/655/378 373/654/377 375/656/379
f 300/608/304 249/457/253 339/609/343
f 349/625/353 293/538/297 350/626/354
f 377/658/381 294/539/298 301/549/305
f 123/335/127 166/314/170 172/336/176
f 378/659/382 295/540/299 290/525/294
f 191/660/195 354/661/358 325/662/329
f 261/631/265 244/663/248 379/664/383
f 159/532/163 345/616/349 314/564/318
f 174/529/178 346/617/350 246/665/250
f 359/639/363 380/666/384 357/637/361
f 360/640/364 362/642/366 381/667/385
f 358/638/362 382/668/386 367/647/371
f 381/667/385 362/642/366 383/669/387
f 364/670/368 366/671/370 384/672/388
f 286/673/290 97/674/99 337/675/341
f 362/676/366 370/677/374 383/678/387
f 372/652/376 364/644/368 385/679/389
f 372/652/376 385/679/389 370/650/374
f 361/680/365 374/681/378 386/682/390
f 387/683/391 297/545/301 318/586/322
f 280/509/284 294/539/298 350/626/354
f 319/572/323 330/591/334 251/459/255
f 351/627/355 265/478/269 341/611/345
f 388/684/392 331/592/335 333/594/337
f 389/685/393 320/573/324 151/628/155
f 390/686/394 323/578/327 311/561/315
f 391/687/395 344/615/348 295/540/299
f 392/688/396 308/689/312 324/690/328
f 393/691/397 271/488/275 309/559/313
f 393/691/397 260/489/264 271/488/275
f 394/692/398 183/453/187 184/361/188
f 395/693/399 227/422/231 176/343/180
f 382/668/386 358/638/362 355/635/359
f 396/694/400 362/695/366 361/696/365
f 369/697/373 362/698/366 397/699/401
f 363/700/367 368/701/372 398/702/402
f 376/703/380 399/704/403 365/705/369
f 329/590/333 248/589/252 328/706/332
f 375/707/379 400/708/404 376/703/380
f 401/709/405 375/707/379 402/710/406
f 403/711/407 150/365/154 297/545/301
f 339/712/343 402/710/406 373/713/377
f 402/710/406 375/707/379 373/713/377
f 230/427/234 195/426/199 404/714/408
f 402/715/406 253/461/257 278/507/282
f 278/716/282 340/717/344 405/718/409
f 340/717/344 349/719/353 406/720/410
f 301/549/305 407/721/411 377/658/381
f 402/715/406 277/506/281 253/461/257
f 196/722/200 302/723/306 408/724/412
f 150/285/154 409/725/413 151/367/155
f 151/367/155 409/725/413 389/726/393
f 304/552/308 410/727/414 411/728/415
f 321/576/325 310/560/314 412/729/416
f 290/525/294 321/576/325 378/659/382
f 378/659/382 391/687/395 295/540/299
f 322/577/326 413/730/417 312/562/316
f 342/613/346 412/729/416 310/560/314
f 391/731/395 414/732/418 344/733/348
f 307/557/311 344/615/348 322/577/326
f 323/578/327 390/686/394 415/734/419
f 415/735/419 324/690/328 323/736/327
f 393/737/397 244/469/248 260/468/264
f 273/495/277 416/738/420 292/541/296
f 274/498/278 347/618/351 315/566/319
f 366/671/370 367/739/371 417/740/421
f 418/741/422 276/502/280 228/604/232
f 385/742/389 364/670/368 384/672/388
f 363/700/367 398/702/402 359/743/363
f 401/744/405 402/715/406 278/507/282
f 407/721/411 301/549/305 330/591/334
f 333/745/337 305/746/309 419/747/423
f 305/746/309 420/748/424 419/747/423
f 304/552/308 411/728/415 305/553/309
f 306/555/310 334/612/338 421/749/425
f 334/595/338 224/511/228 352/750/356
f 322/577/326 344/615/348 413/730/417
f 312/562/316 413/730/417 311/561/315
f 308/558/312 392/751/396 343/614/347
f 311/752/315 422/753/426 390/754/394
f 284/602/288 336/601/340 423/755/427
f 227/422/231 395/693/399 347/618/351
f 360/756/364 381/757/385 424/758/428
f 366/671/370 417/740/421 384/672/388
f 362/698/366 396/759/400 397/699/401
f 361/696/365 386/760/390 396/694/400
f 369/761/373 397/762/401 374/763/378
f 374/764/378 425/765/429 386/766/390
f 365/705/369 427/767/430 428/768/431
f 376/703/380 429/769/432 399/704/403
f 430/770/433 328/706/332 299/771/303
f 376/703/380 400/708/404 429/769/432
f 339/609/343 277/506/281 402/715/406
f 294/539/298 377/658/381 350/626/354
f 401/744/405 278/507/282 405/772/409
f 305/746/309 411/773/415 420/748/424
f 304/552/308 306/574/310 410/727/414
f 283/774/287 431/775/434 181/494/185
f 335/598/339 432/776/435 313/599/317
f 335/777/339 325/778/329 432/779/435
f 244/663/248 433/780/436 379/664/383
f 354/632/358 173/565/177 314/564/318
f 246/665/250 346/617/350 434/781/437
f 246/782/250 434/783/437 184/784/188
f 262/471/266 286/519/290 435/785/438
f 262/786/266 436/787/439 287/788/291
f 360/789/364 437/790/440 371/791/375
f 383/678/387 370/677/374 385/742/389
f 380/792/384 359/793/363 438/794/441
f 439/795/442 359/743/363 398/702/402
f 428/768/431 398/702/402 368/701/372
f 428/768/431 368/701/372 365/705/369
f 399/704/403 427/767/430 365/705/369
f 440/796/443 373/797/377 371/791/375
f 403/711/407 297/545/301 387/683/391
f 441/798/444 339/712/343 373/713/377
f 406/720/410 405/718/409 340/717/344
f 442/799/445 330/800/334 319/801/323
f 421/802/425 334/803/338 352/804/356
f 443/805/446 342/806/346 272/807/276
f 432/779/435 325/778/329 354/808/358
f 444/809/447 292/541/296 416/738/420
f 445/810/448 394/692/398 184/361/188
f 418/811/422 228/424/232 193/382/197
f 446/812/449 275/500/279 327/585/331
f 437/790/440 440/796/443 371/791/375
f 438/813/441 359/743/363 439/795/442
f 298/814/302 447/815/450 448/816/451
f 298/817/302 348/818/352 447/819/450
f 440/796/443 441/820/444 373/797/377
f 299/607/303 196/387/200 449/821/452
f 319/801/323 351/822/355 442/799/445
f 407/823/411 330/800/334 450/824/453
f 306/574/310 421/825/425 410/727/414
f 413/826/417 422/753/426 311/752/315
f 422/753/426 451/827/454 390/754/394
f 284/580/288 423/828/427 352/629/356
f 315/566/319 452/829/455 326/584/330
f 316/603/320 395/830/399 176/341/180
f 347/618/351 453/831/456 315/566/319
f 355/832/359 357/833/361 454/834/457
f 382/835/386 455/836/458 367/739/371
f 456/837/459 398/838/402 457/839/460
f 383/678/387 458/840/461 381/757/385
f 456/837/459 459/841/462 398/838/402
f 193/454/197 287/520/291 436/842/439
f 396/843/400 460/844/463 461/845/464
f 275/500/279 446/812/449 337/605/341
f 462/846/465 439/847/442 459/841/462
f 460/844/463 386/848/390 463/849/466
f 459/841/462 439/847/442 398/838/402
f 276/850/280 338/606/342 115/620/119
f 464/851/467 428/852/431 427/853/430
f 465/854/468 457/839/460 428/852/431
f 464/851/467 465/854/468 428/852/431
f 457/839/460 398/838/402 428/852/431
f 317/569/321 466/855/469 296/543/300
f 464/851/467 399/856/403 467/857/470
f 464/851/467 427/853/430 399/856/403
f 468/858/471 387/683/391 318/586/322
f 374/859/472 425/860/473 426/861/474
f 469/862/475 467/857/470 429/863/432
f 397/864/401 470/865/476 426/866/477
f 397/864/401 471/867/478 470/865/476
f 399/856/403 429/863/432 467/857/470
f 288/868/292 472/869/479 348/870/352
f 230/871/234 404/872/408 341/873/345
f 349/719/353 473/874/480 406/720/410
f 350/875/354 473/874/480 349/719/353
f 474/876/481 302/723/306 331/877/335
f 388/878/392 333/745/337 419/747/423
f 222/415/226 475/879/482 282/512/286
f 342/806/346 476/880/483 412/881/416
f 477/882/484 378/883/382 321/884/325
f 378/883/382 478/885/485 391/731/395
f 344/733/348 479/886/486 413/826/417
f 480/887/487 392/688/396 324/690/328
f 481/888/488 343/889/347 392/688/396
f 244/469/248 393/737/397 433/890/436
f 482/891/489 273/495/277 181/494/185
f 379/664/383 336/601/340 261/631/265
f 273/495/277 482/891/489 416/738/420
f 346/617/350 292/528/296 444/892/447
f 175/634/179 483/893/490 285/531/289
f 355/832/359 484/894/491 382/835/386
f 367/739/371 455/836/458 417/740/421
f 459/895/462 456/896/459 485/897/492
f 396/843/400 461/845/464 486/898/493
f 396/843/400 386/848/390 460/844/463
f 296/899/300 466/900/469 468/901/471
f 471/867/478 397/864/401 486/898/493
f 463/902/466 487/903/494 488/904/495
f 386/848/390 487/905/494 463/849/466
f 296/543/300 468/906/471 318/570/322
f 374/763/378 397/762/401 425/907/496
f 471/908/478 489/909/497 470/910/476
f 401/709/405 490/911/498 375/707/379
f 150/365/154 403/711/407 409/912/413
f 282/575/286 475/913/482 166/314/170
f 283/774/287 491/914/499 431/775/434
f 443/805/446 492/915/500 342/806/346
f 412/881/416 476/880/483 321/884/325
f 378/883/382 477/882/484 478/885/485
f 390/754/394 451/827/454 415/735/419
f 324/690/328 415/735/419 480/887/487
f 309/916/313 493/917/501 393/918/397
f 272/919/276 353/920/357 443/921/446
f 175/634/179 326/584/330 483/893/490
f 347/618/351 494/922/502 453/831/456
f 315/566/319 453/831/456 452/829/455
f 183/359/187 394/923/398 316/568/320
f 380/924/384 454/834/457 357/833/361
f 417/740/421 495/925/503 384/672/388
f 460/926/463 463/927/466 496/928/504
f 464/929/467 497/930/505 465/931/468
f 396/843/400 486/898/493 397/864/401
f 486/932/493 498/933/506 471/934/478
f 386/848/390 425/935/429 487/905/494
f 426/866/477 425/935/496 397/864/401
f 469/862/475 429/863/432 400/936/404
f 499/937/507 490/938/498 500/939/508
f 300/548/304 501/940/509 288/522/292
f 405/772/409 490/941/498 401/744/405
f 406/720/410 502/942/510 405/718/409
f 473/874/480 503/943/511 406/720/410
f 302/944/306 474/945/481 408/946/412
f 331/877/335 388/947/392 474/876/481
f 332/593/336 475/948/482 222/480/226
f 332/593/336 504/949/512 475/948/482
f 410/727/414 505/950/513 411/728/415
f 478/885/485 506/951/514 391/731/395
f 506/951/514 414/732/418 391/731/395
f 413/826/417 507/952/515 422/753/426
f 493/917/501 309/916/313 343/889/347
f 476/880/483 508/953/516 321/884/325
f 481/888/488 493/917/501 343/889/347
f 181/494/185 431/775/434 482/891/489
f 313/954/317 432/955/435 509/956/517
f 416/738/420 482/891/489 444/809/447
f 184/784/188 434/783/437 445/957/448
f 424/958/428 437/790/440 360/789/364
f 457/959/460 510/960/518 456/896/459
f 384/672/388 511/961/519 385/742/389
f 512/962/520 462/963/465 459/895/462
f 513/964/521 497/930/505 464/929/467
f 486/932/493 514/965/522 498/933/506
f 487/903/494 515/966/523 488/904/495
f 469/967/475 516/968/524 467/969/470
f 469/970/475 400/708/404 517/971/525
f 430/770/433 299/771/303 518/972/526
f 299/607/303 449/821/452 518/973/526
f 490/974/498 519/975/527 500/976/508
f 375/707/379 520/977/528 400/708/404
f 339/978/343 521/979/529 300/548/304
f 377/980/381 407/823/411 522/981/530
f 449/982/452 196/722/200 408/724/412
f 388/878/392 419/747/423 523/983/531
f 342/806/346 492/915/500 476/880/483
f 492/915/500 524/984/532 476/880/483
f 316/603/320 525/985/533 395/830/399
f 424/758/428 381/757/385 526/986/534
f 262/471/266 435/785/438 436/987/439
f 456/896/459 527/988/535 485/897/492
f 385/742/389 511/961/519 528/989/536
f 462/990/465 512/991/520 439/992/442
f 437/993/440 521/994/529 440/995/443
f 529/996/537 516/968/524 469/967/475
f 425/997/429 530/998/538 487/999/494
f 471/1000/478 498/1001/506 489/1002/497
f 387/1003/391 468/1004/471 531/1005/539
f 529/1006/537 469/1007/475 517/1008/525
f 298/571/302 448/1009/451 229/653/233
f 430/770/433 532/1010/540 328/706/332
f 426/1011/477 470/1012/476 530/1013/538
f 329/590/333 533/1014/541 195/588/199
f 531/1005/539 403/1015/407 387/1003/391
f 400/708/404 520/977/528 517/971/525
f 300/548/304 521/979/529 501/940/509
f 375/707/379 490/911/498 520/977/528
f 341/873/345 534/1016/542 351/822/355
f 405/718/409 502/942/510 519/1017/527
f 320/573/324 535/1018/543 332/593/336
f 332/593/336 535/1018/543 504/949/512
f 414/732/418 536/1019/544 344/733/348
f 479/886/486 507/952/515 413/826/417
f 321/884/325 508/953/516 477/882/484
f 344/733/348 536/1019/544 479/886/486
f 433/780/436 537/1020/545 379/664/383
f 314/564/318 538/1021/546 354/632/358
f 314/564/318 539/1022/547 538/1021/546
f 345/616/349 285/531/289 540/1023/548
f 452/829/455 483/893/490 326/584/330
f 454/834/457 541/1024/549 355/832/359
f 542/1025/550 381/757/385 458/840/461
f 510/960/518 527/988/535 456/896/459
f 497/930/505 457/959/460 465/931/468
f 461/1026/464 460/926/463 496/928/504
f 458/840/461 383/678/387 528/989/536
f 383/678/387 385/742/389 528/989/536
f 543/1027/551 513/964/521 467/969/470
f 513/964/521 464/929/467 467/969/470
f 544/1028/552 529/1029/537 545/1030/553
f 515/1031/523 487/999/494 530/998/538
f 498/1001/506 546/1032/554 489/1002/497
f 546/1032/554 547/1033/555 489/1002/497
f 545/1030/553 547/1033/555 548/1034/556
f 489/1035/497 547/1036/555 499/937/507
f 545/1037/553 520/1038/528 547/1036/555
f 545/1037/553 517/1008/525 520/1038/528
f 529/1006/537 517/1008/525 545/1037/553
f 426/1039/477 530/1040/538 425/1041/429
f 520/1038/528 490/938/498 547/1036/555
f 489/1035/497 499/937/507 470/1042/476
f 440/995/443 521/994/529 441/1043/444
f 547/1036/555 490/938/498 499/937/507
f 533/1044/541 404/714/408 195/426/199
f 499/937/507 500/939/508 470/1042/476
f 472/1045/479 288/522/292 501/940/509
f 441/1046/444 521/979/529 339/978/343
f 534/1016/542 442/799/445 351/822/355
f 490/1047/498 405/1048/409 519/1049/527
f 473/874/480 350/875/354 377/980/381
f 550/1050/557 172/336/176 166/314/170
f 491/1051/499 283/514/287 172/513/176
f 491/914/499 551/1052/558 431/775/434
f 410/1053/414 421/802/425 552/1054/559
f 476/880/483 524/984/532 508/953/516
f 553/1055/560 353/1056/357 313/954/317
f 554/1057/561 432/955/435 354/632/358
f 555/1058/562 314/564/318 345/616/349
f 525/1059/533 316/1060/320 394/692/398
f 556/1061/563 347/618/351 395/693/399
f 557/1062/564 556/1061/563 395/693/399
f 495/925/503 417/740/421 455/836/458
f 558/1063/565 193/382/197 436/987/439
f 548/1034/556 559/1064/566 545/1030/553
f 467/969/470 516/968/524 543/1027/551
f 547/1033/555 546/1032/554 548/1034/556
f 559/1064/566 544/1028/552 545/1030/553
f 515/1065/523 530/1066/538 498/1067/506
f 498/1067/506 530/1066/538 500/1068/508
f 544/1069/567 559/1070/568 517/1071/569
f 544/1069/567 517/1071/569 560/1072/570
f 229/653/233 448/1009/451 561/1073/571
f 498/1067/506 500/1068/508 546/1074/554
f 328/706/332 532/1010/540 329/590/333
f 548/1075/556 549/1076/572 559/1070/568
f 559/1070/568 549/1076/572 517/1071/569
f 546/1074/554 519/1077/527 548/1075/556
f 549/1078/573 520/1079/574 517/1080/575
f 517/1081/569 549/1082/572 560/1083/570
f 560/1084/570 503/1085/511 544/1086/567
f 560/1072/570 549/1076/572 502/1087/510
f 560/1072/570 502/1087/510 503/1088/511
f 503/1089/511 473/1090/480 544/1091/567
f 548/1075/556 519/1077/527 549/1076/572
f 530/1013/538 470/1012/476 500/1092/508
f 549/1076/572 519/1077/527 502/1087/510
f 546/1074/554 500/1068/508 519/1077/527
f 341/873/345 404/872/408 534/1016/542
f 502/942/510 406/720/410 503/943/511
f 522/981/530 473/874/480 377/980/381
f 450/824/453 522/981/530 407/823/411
f 330/800/334 442/799/445 450/824/453
f 534/1016/542 450/824/453 442/799/445
f 388/878/392 523/983/531 562/1093/576
f 410/1094/414 552/1095/559 563/1096/577
f 431/775/434 551/1052/558 482/891/489
f 506/951/514 536/1019/544 414/732/418
f 509/956/517 564/1097/578 313/954/317
f 553/1055/560 313/954/317 564/1097/578
f 554/1098/561 354/1099/358 538/1100/546
f 565/1101/579 336/601/340 379/664/383
f 539/1022/547 314/564/318 555/1058/562
f 540/1023/548 285/531/289 483/893/490
f 566/1102/580 454/834/457 380/924/384
f 455/836/458 382/835/386 484/894/491
f 542/1025/550 526/986/534 381/757/385
f 384/672/388 567/1103/581 511/961/519
f 459/895/462 485/897/492 512/962/520
f 488/1104/495 496/928/504 463/927/466
f 229/653/233 561/1073/571 327/585/331
f 437/790/440 568/1105/582 521/1106/529
f 529/1107/537 544/1108/552 559/1109/583
f 529/996/537 559/1110/583 516/968/524
f 533/1014/541 329/590/333 532/1010/540
f 569/1111/584 544/1091/567 473/1090/480
f 569/1111/584 473/1090/480 522/1112/530
f 348/818/352 472/1113/479 447/819/450
f 570/1114/585 534/1115/542 404/1116/408
f 570/1114/585 404/1116/408 533/1117/541
f 531/1005/539 571/1118/586 403/1015/407
f 389/685/393 535/1018/543 320/573/324
f 419/747/423 420/748/424 572/1119/587
f 420/748/424 411/773/415 573/1120/588
f 410/1121/414 563/1122/577 505/1123/513
f 443/805/446 574/1124/589 492/915/500
f 575/1125/590 392/688/396 480/887/487
f 575/1125/590 481/888/488 392/688/396
f 576/1126/591 422/753/426 507/952/515
f 540/1023/548 555/1058/562 345/616/349
f 577/1127/592 578/1128/593 444/1129/447
f 346/617/350 579/1130/594 434/781/437
f 541/1024/549 484/894/491 355/832/359
f 418/811/422 193/382/197 558/1063/565
f 286/519/290 580/1131/595 435/785/438
f 424/958/428 581/1132/596 437/790/440
f 495/925/503 567/1103/581 384/672/388
f 528/1133/536 559/1134/583 458/1135/461
f 528/1133/536 516/1136/524 559/1134/583
f 485/1137/492 582/1138/597 512/1139/520
f 458/1135/461 559/1134/583 548/1140/598
f 583/1141/599 570/1114/585 584/1142/600
f 584/1142/600 512/1139/520 582/1138/597
f 512/1143/520 438/813/441 439/795/442
f 531/1005/539 468/1004/471 585/1144/601
f 586/1145/602 548/1146/598 559/1109/603
f 587/1147/604 450/1148/453 583/1141/599
f 585/1149/601 468/1150/471 588/1151/605
f 583/1141/599 450/1148/453 534/1115/542
f 584/1142/600 533/1117/541 532/1152/540
f 584/1142/600 532/1152/540 512/1139/520
f 569/1111/584 522/1112/530 587/1147/604
f 583/1141/599 534/1115/542 570/1114/585
f 584/1142/600 570/1114/585 533/1117/541
f 532/1152/540 430/1153/433 512/1139/520
f 522/1112/530 450/1148/453 587/1147/604
f 474/876/481 388/947/392 562/1154/576
f 550/1155/557 491/1156/499 172/1157/176
f 589/1158/606 477/882/484 508/953/516
f 451/827/454 590/1159/607 415/735/419
f 591/1160/608 493/917/501 481/888/488
f 493/917/501 591/1160/608 393/918/397
f 423/828/427 592/1161/609 352/629/356
f 443/921/446 353/920/357 593/1162/610
f 553/1055/560 593/1163/610 353/1056/357
f 336/601/340 565/1101/579 423/755/427
f 444/1164/447 578/1165/593 594/1166/611
f 444/892/447 595/1167/612 346/617/350
f 418/741/422 596/1168/613 276/502/280
f 485/1137/492 527/1169/535 582/1138/597
f 457/959/460 497/930/505 510/960/518
f 528/1133/536 511/1170/519 543/1171/551
f 458/1135/461 548/1140/598 597/1172/614
f 543/1171/551 516/1136/524 528/1133/536
f 548/1173/598 598/1174/615 597/1175/614
f 512/1139/520 430/1153/433 438/1176/441
f 548/1146/598 586/1145/602 598/1177/615
f 544/1108/567 586/1145/602 559/1109/603
f 521/1106/529 568/1105/582 599/1178/616
f 521/979/529 599/1179/616 501/940/509
f 600/1180/617 409/912/413 403/711/407
f 601/1181/618 411/773/415 505/1182/513
f 352/804/356 592/1183/609 602/1184/619
f 443/921/446 593/1162/610 574/1185/589
f 480/887/487 603/1186/620 575/1125/590
f 538/1021/546 539/1022/547 554/1057/561
f 482/1187/489 577/1127/592 444/1129/447
f 594/1188/611 604/1189/621 444/809/447
f 604/1189/621 605/1190/622 444/809/447
f 605/1190/622 595/1191/612 444/809/447
f 540/1192/548 483/1193/490 606/1194/623
f 525/1059/533 394/692/398 607/1195/624
f 494/922/502 347/618/351 556/1061/563
f 526/986/534 608/1196/625 424/758/428
f 558/1063/565 436/987/439 435/785/438
f 608/1197/625 581/1198/596 424/1199/428
f 597/1172/614 542/1200/550 458/1135/461
f 582/1201/597 609/1202/626 584/1203/600
f 276/850/280 610/1204/627 338/606/342
f 610/1204/627 317/569/321 338/606/342
f 543/1171/551 511/1170/519 513/1205/521
f 488/904/495 515/966/523 611/1206/628
f 583/1207/599 612/1208/629 587/1209/604
f 544/1108/567 569/1210/584 613/1211/630
f 588/1212/605 468/901/471 614/1213/631
f 166/314/170 475/913/482 504/1214/512
f 550/1050/557 166/314/170 504/1214/512
f 421/802/425 602/1184/619 552/1054/559
f 421/802/425 352/804/356 602/1184/619
f 524/984/532 492/915/500 508/953/516
f 615/1215/632 433/890/436 393/737/397
f 432/1216/435 616/1217/633 509/1218/517
f 484/1219/491 541/1220/549 617/1221/634
f 455/1222/458 484/1219/491 510/1223/518
f 526/1224/534 542/1225/550 608/1226/625
f 455/1222/458 510/1223/518 495/1227/503
f 484/1219/491 527/1228/535 510/1223/518
f 510/1223/518 497/1229/505 495/1227/503
f 495/1227/503 497/1229/505 513/1205/521
f 495/1227/503 513/1205/521 567/1230/581
f 567/1230/581 513/1205/521 511/1170/519
f 583/1207/599 584/1203/600 618/1231/635
f 583/1207/599 618/1231/635 612/1208/629
f 587/1209/604 619/1232/636 569/1210/584
f 544/1108/567 613/1211/630 586/1145/602
f 569/1210/584 620/1233/637 613/1211/630
f 599/1234/616 568/1235/582 621/1236/638
f 585/1149/601 588/1151/605 622/1237/639
f 448/1238/451 472/1239/479 501/1240/509
f 621/1236/638 623/1241/640 599/1234/616
f 472/1239/479 448/1238/451 447/1242/450
f 624/1243/641 571/1118/586 531/1005/539
f 600/1180/617 625/1244/642 409/912/413
f 420/748/424 573/1120/588 572/1119/587
f 491/914/499 626/1245/643 551/1052/558
f 482/1187/489 551/1246/558 627/1247/644
f 492/915/500 628/1248/645 508/953/516
f 628/1248/645 589/1158/606 508/953/516
f 415/735/419 590/1159/607 480/887/487
f 479/886/486 629/1249/646 507/952/515
f 591/1160/608 615/1250/632 393/918/397
f 594/1251/611 578/1252/593 630/1253/647
f 483/893/490 631/1254/648 606/1255/623
f 452/829/455 632/1256/649 483/893/490
f 525/985/533 557/1257/564 395/830/399
f 484/1219/491 617/1221/634 527/1228/535
f 558/1063/565 633/1258/650 418/811/422
f 437/790/440 581/1132/596 568/1105/582
f 515/1259/523 498/1260/506 634/1261/651
f 587/1209/604 635/1262/652 619/1232/636
f 587/1209/604 612/1208/629 635/1262/652
f 468/901/471 466/900/469 614/1213/631
f 569/1210/584 619/1232/636 620/1233/637
f 621/1236/638 636/1263/653 623/1241/640
f 614/1213/631 637/1264/654 588/1212/605
f 588/1151/605 637/1265/654 622/1237/639
f 638/1266/655 550/1155/557 504/1267/512
f 638/1266/655 491/1156/499 550/1155/557
f 482/1187/489 627/1247/644 577/1127/592
f 630/1253/647 639/1268/656 594/1251/611
f 574/1124/589 640/1269/657 492/915/500
f 640/1269/657 628/1248/645 492/915/500
f 641/1270/658 536/1019/544 506/951/514
f 576/1126/591 507/952/515 642/1271/659
f 451/827/454 422/753/426 576/1126/591
f 423/828/427 643/1272/660 592/1161/609
f 616/1273/633 644/1274/661 509/956/517
f 616/1273/633 432/955/435 554/1057/561
f 565/1101/579 379/664/383 537/1020/545
f 645/1275/662 555/1058/562 540/1023/548
f 646/1276/663 578/1128/593 577/1127/592
f 632/1277/649 631/1278/648 483/1279/490
f 647/1280/664 525/1281/533 607/1282/624
f 648/1283/665 435/785/438 580/1131/595
f 582/1284/597 527/1228/535 617/1221/634
f 618/1231/635 584/1203/600 609/1202/626
f 610/1204/627 466/855/469 317/569/321
f 649/1285/666 514/965/522 486/932/493
f 650/1286/667 613/1287/630 620/1288/637
f 651/1289/668 652/1290/669 636/1263/653
f 613/1287/630 653/1291/670 586/1292/602
f 636/1263/653 652/1290/669 623/1241/640
f 598/1293/615 652/1290/669 651/1289/668
f 598/1293/615 653/1291/670 652/1290/669
f 586/1292/602 653/1291/670 598/1293/615
f 613/1287/630 650/1286/667 653/1291/670
f 652/1294/669 654/1295/671 623/1296/640
f 652/1294/669 655/1297/672 654/1295/671
f 653/1291/670 655/1298/672 652/1290/669
f 653/1291/670 650/1286/667 655/1298/672
f 656/1299/673 571/1118/586 624/1243/641
f 419/747/423 572/1119/587 523/983/531
f 625/1300/642 389/726/393 409/725/413
f 389/1301/393 657/1302/674 535/1303/543
f 536/1019/544 629/1249/646 479/886/486
f 644/1274/661 564/1097/578 509/956/517
f 658/1304/675 554/1057/561 539/1022/547
f 606/1255/623 631/1254/648 540/1023/548
f 454/834/457 566/1102/580 659/1305/676
f 648/1283/665 660/1306/677 435/785/438
f 596/1168/613 661/1307/678 276/502/280
f 276/850/280 661/1308/678 610/1204/627
f 609/1309/626 662/1310/679 618/1311/635
f 618/1311/635 663/1312/680 664/1313/681
f 618/1311/635 662/1310/679 665/1314/682
f 609/1309/626 666/1315/683 662/1310/679
f 498/1260/506 514/1316/522 634/1261/651
f 618/1311/635 664/1313/681 612/1317/629
f 598/1174/615 667/1318/684 597/1175/614
f 664/1313/681 635/1319/652 612/1317/629
f 666/1320/683 668/1321/685 662/1322/679
f 438/794/441 430/1323/433 669/1324/686
f 430/770/433 518/972/526 669/1325/686
f 571/1118/586 600/1326/617 403/1015/407
f 571/1118/586 656/1299/673 600/1326/617
f 626/1245/643 491/914/499 638/1327/655
f 589/1158/606 670/1328/687 477/882/484
f 670/1328/687 478/885/485 477/882/484
f 603/1186/620 480/887/487 590/1159/607
f 604/1329/621 639/1330/656 630/1331/647
f 604/1329/621 630/1331/647 578/1128/593
f 671/1332/688 658/1304/675 539/1022/547
f 555/1058/562 671/1332/688 539/1022/547
f 579/1130/594 346/617/350 595/1167/612
f 596/1333/613 418/1334/422 661/1335/678
f 672/1336/689 660/1306/677 648/1283/665
f 673/1337/690 581/1338/596 608/1339/625
f 674/1340/691 446/812/449 327/585/331
f 663/1312/680 618/1311/635 665/1314/682
f 619/1232/636 635/1262/652 675/1341/692
f 668/1321/685 676/1342/693 662/1322/679
f 677/1343/694 598/1344/615 651/1345/668
f 678/1346/695 501/940/509 599/1179/616
f 622/1347/639 637/1348/654 614/1349/631
f 679/1350/696 654/1295/671 655/1297/672
f 625/1351/642 657/1302/674 389/1301/393
f 535/1303/543 657/1302/674 504/1267/512
f 504/1267/512 657/1302/674 638/1266/655
f 639/1352/656 604/1189/621 594/1188/611
f 478/885/485 670/1328/687 506/951/514
f 506/951/514 670/1328/687 641/1270/658
f 629/1249/646 642/1271/659 507/952/515
f 575/1125/590 591/1160/608 481/888/488
f 554/1057/561 658/1304/675 616/1273/633
f 578/1128/593 605/1353/622 604/1329/621
f 671/1332/688 555/1058/562 645/1275/662
f 578/1128/593 646/1276/663 605/1353/622
f 631/1254/648 645/1275/662 540/1023/548
f 580/1131/595 672/1336/689 648/1283/665
f 566/1354/580 380/792/384 680/1355/697
f 435/785/438 633/1258/650 558/1063/565
f 435/785/438 660/1306/677 633/1258/650
f 681/1356/698 614/1213/631 466/900/469
f 515/1259/523 634/1261/651 682/1357/699
f 665/1358/682 683/1359/700 663/1360/680
f 665/1358/682 662/1322/679 684/1361/701
f 685/1362/702 686/1363/703 621/1364/638
f 531/1365/539 687/1366/704 624/1367/641
f 449/982/452 408/724/412 688/1368/705
f 638/1327/655 689/1369/706 626/1245/643
f 626/1370/643 627/1247/644 551/1246/558
f 576/1126/591 590/1159/607 451/827/454
f 564/1097/578 644/1274/661 690/1371/707
f 564/1097/578 691/1372/708 553/1055/560
f 692/1373/709 423/755/427 565/1101/579
f 647/1374/664 557/1257/564 525/985/533
f 693/1375/710 452/829/455 453/831/456
f 694/1376/711 542/1377/550 597/1378/614
f 674/1340/691 327/585/331 561/1073/571
f 681/1379/698 585/1380/601 622/1347/639
f 664/1381/681 675/1341/692 635/1262/652
f 636/1382/653 621/1364/638 686/1363/703
f 695/1383/712 651/1345/668 636/1382/653
f 655/1297/672 650/1384/667 679/1350/696
f 656/1385/673 696/1386/713 600/1387/617
f 696/1388/713 625/1351/642 600/1389/617
f 641/1270/658 629/1249/646 536/1019/544
f 697/1390/714 646/1391/663 577/1392/592
f 646/1393/663 698/1394/715 605/1395/622
f 693/1375/710 632/1256/649 452/829/455
f 699/1396/716 611/1397/628 515/1259/523
f 515/1259/523 682/1357/699 699/1396/716
f 622/1347/639 614/1349/631 681/1379/698
f 667/1318/684 598/1174/615 677/1398/694
f 700/1399/717 687/1400/704 531/1401/539
f 701/1402/718 679/1403/696 620/1404/637
f 518/973/526 449/821/452 688/1405/705
f 679/1350/696 650/1384/667 620/1406/637
f 702/1407/719 562/1093/576 523/983/531
f 627/1408/644 626/1409/643 689/1410/706
f 603/1186/620 703/1411/720 575/1125/590
f 704/1412/721 644/1413/661 616/1414/633
f 658/1415/675 704/1412/721 616/1414/633
f 645/1275/662 705/1416/722 671/1332/688
f 605/1190/622 706/1417/723 595/1191/612
f 434/783/437 707/1418/724 445/957/448
f 394/692/398 445/810/448 607/1195/624
f 418/811/422 633/1258/650 708/1419/725
f 418/811/422 708/1419/725 661/1420/678
f 709/1421/726 710/1422/727 711/1423/728
f 674/1340/691 561/1073/571 712/1424/729
f 609/1425/626 713/1426/730 666/1427/683
f 713/1428/730 668/1321/685 666/1320/683
f 700/1399/717 531/1401/539 585/1429/601
f 695/1383/712 636/1382/653 686/1363/703
f 599/1179/616 623/1296/640 714/1430/731
f 715/1431/732 688/1368/705 408/724/412
f 687/1366/704 656/1432/673 624/1367/641
f 573/1120/588 411/773/415 601/1181/618
f 627/1433/644 697/1390/714 577/1392/592
f 574/1434/589 593/1435/610 716/1436/733
f 640/1269/657 574/1124/589 716/1437/733
f 690/1438/707 691/1439/708 564/1440/578
f 593/1163/610 553/1055/560 691/1372/708
f 644/1413/661 704/1412/721 717/1441/734
f 643/1442/660 423/755/427 692/1373/709
f 698/1443/715 646/1444/663 697/1445/714
f 707/1446/724 434/781/437 579/1130/594
f 580/1131/595 286/519/290 337/605/341
f 649/1447/666 486/1448/493 461/1026/464
f 709/1449/726 718/1450/735 682/1451/699
f 585/1429/601 681/1452/698 700/1399/717
f 718/1450/735 699/1453/716 682/1451/699
f 710/1454/727 634/1455/651 719/1456/736
f 514/1316/522 719/1457/736 634/1261/651
f 662/1322/679 720/1458/737 684/1361/701
f 662/1322/679 676/1342/693 720/1458/737
f 668/1321/685 721/1459/738 676/1342/693
f 668/1321/685 713/1428/730 721/1459/738
f 623/1296/640 654/1295/671 714/1430/731
f 696/1388/713 657/1302/674 625/1351/642
f 657/1460/674 722/1461/739 638/1327/655
f 593/1163/610 691/1372/708 716/1437/733
f 705/1416/722 658/1304/675 671/1332/688
f 595/1167/612 706/1462/723 579/1130/594
f 647/1463/664 607/1464/624 723/1465/740
f 454/834/457 724/1466/741 541/1024/549
f 659/1305/676 724/1466/741 454/834/457
f 725/1467/742 496/928/504 488/1104/495
f 611/1206/628 725/1468/742 488/904/495
f 711/1469/728 710/1454/727 719/1456/736
f 514/1316/522 726/1470/743 719/1457/736
f 665/1358/682 684/1361/701 683/1359/700
f 501/940/509 678/1346/695 448/1009/451
f 518/973/526 688/1405/705 669/1324/686
f 714/1430/731 654/1295/671 727/1471/744
f 656/1432/673 687/1366/704 696/1472/713
f 638/1327/655 722/1461/739 689/1369/706
f 627/1433/644 689/1473/706 697/1390/714
f 505/1123/513 563/1122/577 728/1474/745
f 602/1184/619 592/1183/609 729/1475/746
f 628/1248/645 730/1476/747 589/1158/606
f 692/1373/709 565/1101/579 537/1020/545
f 698/1443/715 706/1417/723 605/1190/622
f 731/1477/748 647/1463/664 723/1465/740
f 694/1478/711 597/1479/614 732/1480/749
f 733/1481/750 610/1204/627 661/1308/678
f 733/1481/750 734/1482/751 610/1204/627
f 681/1483/698 466/855/469 610/1204/627
f 735/1484/752 718/1485/735 709/1486/726
f 682/1487/699 736/1488/753 709/1489/726
f 737/1490/754 712/1491/729 561/1492/571
f 714/1430/731 678/1346/695 599/1179/616
f 474/876/481 738/1493/755 408/724/412
f 738/1493/755 715/1431/732 408/724/412
f 573/1120/588 601/1181/618 739/1494/756
f 740/1495/757 628/1248/645 640/1269/657
f 741/1496/758 670/1328/687 589/1158/606
f 742/1497/759 591/1160/608 575/1125/590
f 631/1278/648 632/1277/649 743/1498/760
f 453/831/456 744/1499/761 693/1375/710
f 494/1500/502 744/1501/761 453/1502/456
f 580/1131/595 745/1503/762 672/1336/689
f 661/1420/678 708/1419/725 733/1504/750
f 380/792/384 438/794/441 680/1355/697
f 746/1505/763 700/1506/717 681/1507/698
f 709/1508/726 736/1509/753 710/1510/727
f 700/1399/717 747/1511/764 687/1400/704
f 714/1430/731 695/1512/712 686/1513/703
f 654/1295/671 679/1350/696 727/1471/744
f 601/1181/618 505/1182/513 728/1514/745
f 590/1159/607 748/1515/765 603/1186/620
f 575/1125/590 703/1411/720 742/1497/759
f 691/1372/708 749/1516/766 716/1437/733
f 704/1517/721 658/1518/675 750/1519/767
f 494/922/502 556/1061/563 751/1520/768
f 617/1521/634 541/1024/549 752/1522/769
f 580/1131/595 337/605/341 745/1503/762
f 438/794/441 753/1523/770 680/1355/697
f 610/1204/627 746/1524/763 681/1483/698
f 561/1073/571 448/1009/451 737/1525/754
f 438/794/441 669/1324/686 753/1523/770
f 562/1154/576 738/1493/755 474/876/481
f 552/1095/559 754/1526/771 563/1096/577
f 576/1126/591 748/1515/765 590/1159/607
f 640/1269/657 716/1437/733 740/1495/757
f 692/1373/709 755/1527/772 643/1442/660
f 647/1374/664 731/1528/748 557/1257/564
f 674/1340/691 756/1529/773 446/812/449
f 461/1026/464 496/928/504 757/1530/774
f 737/1525/754 758/1531/775 712/1424/729
f 722/1461/739 759/1532/776 689/1369/706
f 689/1369/706 759/1532/776 697/1445/714
f 576/1126/591 760/1533/777 748/1515/765
f 337/605/341 761/1534/778 745/1503/762
f 617/1535/634 609/1425/626 582/1536/597
f 610/1204/627 734/1482/751 746/1524/763
f 461/1026/464 757/1530/774 649/1447/666
f 674/1340/691 712/1424/729 758/1531/775
f 699/1537/716 718/1538/735 762/1539/779
f 678/1346/695 763/1540/780 448/1009/451
f 696/1541/713 722/1461/739 657/1460/674
f 642/1271/659 760/1533/777 576/1126/591
f 748/1515/765 764/1542/781 603/1186/620
f 765/1543/782 698/1443/715 697/1445/714
f 692/1373/709 537/1020/545 755/1527/772
f 556/1061/563 766/1544/783 751/1520/768
f 751/1520/768 744/1499/761 494/922/502
f 557/1062/564 766/1544/783 556/1061/563
f 562/1093/576 702/1407/719 738/1545/755
f 754/1546/771 728/1474/745 563/1122/577
f 741/1496/758 641/1270/658 670/1328/687
f 767/1547/784 629/1249/646 641/1270/658
f 768/1548/785 769/1549/786 629/1249/646
f 769/1549/786 642/1271/659 629/1249/646
f 742/1497/759 615/1250/632 591/1160/608
f 770/1550/787 706/1417/723 698/1443/715
f 707/1418/724 771/1551/788 445/957/448
f 723/1552/740 607/1553/624 772/1554/789
f 682/1357/699 634/1261/651 773/1555/790
f 663/1360/680 683/1359/700 774/1556/791
f 721/1459/738 775/1557/792 676/1342/693
f 669/1324/686 688/1405/705 776/1558/793
f 777/1559/794 696/1541/713 687/1400/704
f 702/1407/719 523/983/531 778/1560/795
f 589/1158/606 730/1476/747 741/1496/758
f 445/810/448 772/1561/789 607/1195/624
f 660/1306/677 779/1562/796 633/1258/650
f 581/1132/596 780/1563/797 568/1105/582
f 736/1488/753 682/1487/699 781/1564/798
f 678/1346/695 714/1430/731 686/1513/703
f 572/1119/587 778/1560/795 523/983/531
f 759/1532/776 782/1565/799 697/1445/714
f 602/1184/619 783/1566/800 552/1054/559
f 602/1184/619 729/1475/746 783/1566/800
f 749/1516/766 740/1495/757 716/1437/733
f 704/1517/721 750/1519/767 717/1567/734
f 698/1443/715 765/1543/782 770/1550/787
f 445/810/448 771/1568/788 772/1561/789
f 660/1306/677 672/1336/689 779/1562/796
f 446/812/449 761/1534/778 337/605/341
f 758/1531/775 756/1529/773 674/1340/691
f 568/1105/582 780/1563/797 621/1569/638
f 682/1357/699 773/1555/790 781/1570/798
f 448/1009/451 763/1540/780 737/1525/754
f 620/1233/637 619/1232/636 784/1571/801
f 702/1407/719 785/1572/802 738/1545/755
f 687/1400/704 747/1511/764 777/1559/794
f 572/1119/587 739/1494/756 778/1560/795
f 572/1119/587 573/1120/588 739/1494/756
f 552/1054/559 783/1566/800 754/1573/771
f 690/1438/707 786/1574/803 691/1439/708
f 603/1186/620 764/1542/781 703/1411/720
f 691/1372/708 786/1575/803 749/1516/766
f 592/1161/609 643/1272/660 787/1576/804
f 433/780/436 788/1577/805 537/1020/545
f 645/1275/662 789/1578/806 705/1416/722
f 631/1254/648 789/1578/806 645/1275/662
f 743/1579/760 789/1578/806 631/1254/648
f 608/1339/625 542/1580/550 673/1337/690
f 700/1399/717 790/1581/807 747/1511/764
f 620/1233/637 784/1571/801 701/1582/718
f 714/1583/731 791/1584/808 695/1585/712
f 714/1430/731 727/1471/744 791/1586/808
f 697/1445/714 782/1565/799 765/1543/782
f 433/780/436 792/1587/809 788/1577/805
f 731/1528/748 793/1588/810 557/1257/564
f 597/1175/614 667/1318/684 732/1589/749
f 664/1381/681 663/1360/680 774/1556/791
f 713/1428/730 794/1590/811 721/1459/738
f 688/1368/705 715/1431/732 795/1591/812
f 601/1181/618 728/1514/745 796/1592/813
f 787/1593/804 729/1475/746 592/1183/609
f 797/1594/814 690/1371/707 644/1274/661
f 767/1547/784 768/1548/785 629/1249/646
f 769/1549/786 760/1533/777 642/1271/659
f 537/1020/545 788/1577/805 755/1527/772
f 798/1595/815 707/1446/724 579/1130/594
f 799/1596/816 709/1486/726 711/1597/728
f 800/1598/817 699/1537/716 762/1539/779
f 753/1523/770 669/1324/686 776/1558/793
f 801/1599/818 696/1541/713 777/1559/794
f 801/1599/818 722/1461/739 696/1541/713
f 628/1248/645 802/1600/819 730/1476/747
f 741/1496/758 767/1547/784 641/1270/658
f 579/1130/594 706/1462/723 798/1595/815
f 744/1499/761 632/1256/649 693/1375/710
f 633/1258/650 803/1601/820 708/1419/725
f 708/1419/725 804/1602/821 733/1504/750
f 721/1459/738 794/1590/811 805/1603/822
f 619/1232/636 675/1341/692 784/1571/801
f 783/1566/800 806/1604/823 754/1573/771
f 797/1594/814 807/1605/824 690/1371/707
f 690/1371/707 807/1605/824 786/1575/803
f 717/1606/734 797/1607/814 644/1608/661
f 615/1215/632 792/1609/809 433/890/436
f 750/1519/767 808/1610/825 717/1567/734
f 706/1417/723 770/1550/787 809/1611/826
f 633/1258/650 779/1562/796 803/1601/820
f 542/1580/550 694/1612/711 673/1337/690
f 446/812/449 756/1529/773 810/1613/827
f 700/1506/717 746/1505/763 790/1614/807
f 609/1425/626 794/1615/811 713/1426/730
f 710/1616/727 811/1617/828 634/1618/651
f 664/1381/681 774/1556/791 812/1619/829
f 676/1342/693 775/1557/792 720/1458/737
f 801/1599/818 813/1620/830 722/1461/739
f 615/1215/632 814/1621/831 792/1609/809
f 632/1256/649 744/1499/761 815/1622/832
f 672/1336/689 816/1623/833 779/1562/796
f 745/1503/762 816/1623/833 672/1336/689
f 733/1481/750 817/1624/834 734/1482/751
f 719/1456/736 811/1625/828 711/1469/728
f 775/1557/792 721/1459/738 805/1603/822
f 678/1346/695 686/1513/703 818/1626/835
f 782/1565/799 819/1627/836 765/1543/782
f 658/1628/675 820/1629/837 750/1630/767
f 765/1543/782 819/1627/836 770/1550/787
f 706/1462/723 809/1631/826 798/1595/815
f 673/1337/690 821/1632/838 581/1338/596
f 756/1529/773 758/1531/775 822/1633/839
f 736/1634/753 811/1635/828 710/1636/727
f 775/1557/792 805/1603/822 720/1458/737
f 790/1581/807 823/1637/840 747/1511/764
f 685/1362/702 824/1638/841 686/1363/703
f 688/1405/705 825/1639/842 776/1558/793
f 601/1181/618 826/1640/843 739/1494/756
f 769/1549/786 827/1641/844 760/1533/777
f 827/1641/844 828/1642/845 760/1533/777
f 797/1607/814 717/1606/734 808/1643/825
f 755/1527/772 829/1644/846 643/1442/660
f 617/1535/634 830/1645/847 609/1425/626
f 734/1646/751 790/1647/807 746/1648/763
f 581/1132/596 821/1649/838 780/1563/797
f 790/1581/807 831/1650/848 823/1637/840
f 722/1461/739 832/1651/849 759/1532/776
f 601/1181/618 833/1652/850 826/1640/843
f 728/1474/745 754/1546/771 796/1653/813
f 628/1248/645 740/1495/757 802/1600/819
f 748/1515/765 760/1533/777 834/1654/851
f 748/1515/765 834/1654/851 764/1542/781
f 742/1497/759 814/1655/831 615/1250/632
f 749/1516/766 835/1656/852 740/1495/757
f 819/1627/836 836/1657/853 770/1550/787
f 718/1538/735 837/1658/854 762/1539/779
f 699/1396/716 800/1659/817 611/1397/628
f 762/1539/779 837/1658/854 800/1598/817
f 753/1660/770 776/1661/793 838/1662/855
f 679/1403/696 701/1402/718 839/1663/856
f 795/1591/812 825/1664/842 688/1368/705
f 738/1493/755 795/1591/812 715/1431/732
f 783/1566/800 729/1475/746 840/1665/857
f 730/1476/747 841/1666/858 741/1496/758
f 769/1549/786 768/1548/785 827/1641/844
f 760/1533/777 828/1642/845 834/1654/851
f 820/1667/837 842/1668/859 750/1519/767
f 842/1668/859 808/1610/825 750/1519/767
f 733/1504/750 804/1602/821 843/1669/860
f 446/812/449 810/1613/827 761/1534/778
f 709/1486/726 799/1596/816 735/1484/752
f 735/1670/752 837/1658/854 718/1538/735
f 634/1261/651 811/1671/828 773/1555/790
f 719/1457/736 726/1470/743 811/1671/828
f 685/1362/702 844/1672/861 824/1638/841
f 686/1363/703 824/1638/841 791/1673/808
f 824/1674/841 695/1675/712 791/1676/808
f 679/1350/696 839/1677/856 727/1471/744
f 823/1637/840 777/1559/794 747/1511/764
f 835/1678/852 845/1679/862 740/1680/757
f 788/1577/805 792/1587/809 846/1681/863
f 705/1416/722 820/1682/837 658/1304/675
f 705/1416/722 847/1683/864 820/1682/837
f 793/1684/810 848/1685/865 557/1062/564
f 557/1062/564 848/1685/865 766/1544/783
f 805/1603/822 849/1686/866 720/1458/737
f 780/1563/797 685/1687/702 621/1569/638
f 796/1653/813 754/1546/771 850/1688/867
f 845/1689/862 802/1600/819 740/1495/757
f 802/1600/819 851/1690/868 730/1476/747
f 730/1476/747 851/1690/868 841/1666/858
f 767/1547/784 841/1666/858 852/1691/869
f 767/1547/784 852/1691/869 768/1548/785
f 766/1544/783 853/1692/870 751/1520/768
f 733/1481/750 843/1693/860 817/1624/834
f 734/1646/751 854/1694/871 790/1647/807
f 664/1381/681 812/1619/829 675/1341/692
f 763/1540/780 678/1346/695 818/1626/835
f 818/1626/835 686/1513/703 791/1586/808
f 651/1345/668 695/1383/712 855/1695/872
f 738/1493/755 785/1696/802 795/1591/812
f 777/1559/794 856/1697/873 801/1599/818
f 801/1599/818 856/1697/873 813/1620/830
f 722/1461/739 813/1620/830 832/1651/849
f 796/1592/813 850/1698/867 601/1181/618
f 767/1547/784 741/1496/758 841/1666/858
f 827/1641/844 857/1699/874 828/1642/845
f 764/1542/781 858/1700/875 703/1411/720
f 703/1411/720 859/1701/876 742/1497/759
f 836/1702/853 860/1703/877 770/1704/787
f 770/1550/787 860/1705/877 809/1611/826
f 723/1552/740 772/1554/789 861/1706/878
f 708/1419/725 803/1601/820 804/1602/821
f 817/1624/834 854/1707/871 734/1482/751
f 711/1469/728 811/1625/828 799/1708/816
f 862/1709/879 758/1531/775 737/1525/754
f 823/1637/840 856/1697/873 777/1559/794
f 787/1576/804 643/1272/660 829/1710/846
f 863/1711/880 864/1712/881 755/1527/772
f 864/1712/881 829/1644/846 755/1527/772
f 865/1713/882 707/1446/724 798/1595/815
f 866/1714/883 803/1601/820 779/1562/796
f 855/1695/872 677/1343/694 651/1345/668
f 759/1715/776 867/1716/884 782/1717/799
f 806/1604/823 783/1566/800 840/1665/857
f 868/1718/885 869/1719/886 820/1682/837
f 869/1720/886 842/1721/859 820/1722/837
f 788/1577/805 846/1681/863 755/1527/772
f 743/1498/760 632/1277/649 870/1723/887
f 815/1622/832 870/1724/887 632/1256/649
f 566/1102/580 871/1725/888 659/1305/676
f 566/1354/580 680/1355/697 871/1726/888
f 816/1623/833 745/1503/762 872/1727/889
f 752/1728/769 830/1645/847 617/1535/634
f 496/928/504 873/1729/890 757/1530/774
f 790/1730/807 854/1731/871 831/1732/848
f 683/1359/700 874/1733/891 774/1556/791
f 727/1734/744 875/1735/892 791/1736/808
f 856/1737/873 823/1738/840 876/1739/893
f 601/1181/618 850/1698/867 833/1652/850
f 729/1740/746 787/1741/804 840/1742/857
f 877/1743/894 835/1744/852 749/1745/766
f 877/1746/894 845/1689/862 835/1656/852
f 834/1654/851 858/1700/875 764/1542/781
f 798/1595/815 809/1631/826 878/1747/895
f 861/1748/878 731/1477/748 723/1465/740
f 766/1544/783 848/1685/865 853/1692/870
f 779/1562/796 816/1623/833 866/1714/883
f 725/1467/742 873/1729/890 496/928/504
f 609/1425/626 879/1749/896 794/1615/811
f 737/1525/754 763/1540/780 862/1709/879
f 720/1458/737 880/1750/897 684/1361/701
f 805/1751/822 881/1752/898 849/1753/866
f 831/1754/848 882/1755/899 823/1738/840
f 727/1471/744 883/1756/900 875/1757/892
f 702/1407/719 884/1758/901 785/1572/802
f 782/1759/799 867/1760/884 819/1761/836
f 885/1762/902 845/1689/862 877/1746/894
f 851/1690/868 802/1600/819 886/1763/903
f 768/1548/785 887/1764/904 827/1641/844
f 858/1700/875 859/1701/876 703/1411/720
f 820/1682/837 847/1683/864 868/1718/885
f 846/1681/863 863/1711/880 755/1527/772
f 819/1765/836 888/1766/905 836/1767/853
f 772/1554/789 889/1768/906 861/1706/878
f 890/1769/907 793/1588/810 731/1528/748
f 799/1770/816 736/1771/753 735/1772/752
f 799/1770/816 811/1773/828 736/1771/753
f 830/1645/847 879/1749/896 609/1425/626
f 735/1772/752 736/1771/753 781/1774/798
f 735/1772/752 781/1774/798 837/1775/854
f 781/1774/798 800/1776/817 837/1775/854
f 781/1774/798 773/1777/790 800/1776/817
f 811/1778/828 726/1779/743 773/1780/790
f 758/1531/775 862/1709/879 822/1633/839
f 759/1781/776 891/1782/908 867/1783/884
f 857/1699/874 892/1784/909 828/1642/845
f 828/1642/845 893/1785/910 834/1654/851
f 888/1766/905 819/1765/836 867/1786/884
f 797/1787/814 808/1788/825 894/1789/911
f 860/1705/877 878/1790/895 809/1611/826
f 772/1561/789 771/1568/788 889/1791/906
f 659/1305/676 895/1792/912 724/1466/741
f 803/1601/820 866/1714/883 896/1793/913
f 897/1794/914 843/1795/860 804/1796/821
f 898/1797/915 773/1555/790 726/1470/743
f 862/1709/879 763/1540/780 899/1798/916
f 684/1361/701 874/1733/891 683/1359/700
f 881/1799/898 880/1750/897 720/1458/737
f 881/1799/898 720/1458/737 849/1686/866
f 794/1590/811 881/1799/898 805/1603/822
f 900/1800/917 763/1540/780 818/1626/835
f 776/1558/793 825/1639/842 901/1801/918
f 883/1756/900 727/1471/744 839/1677/856
f 891/1802/908 759/1532/776 832/1651/849
f 902/1803/919 754/1804/771 806/1805/823
f 903/1806/920 859/1701/876 858/1700/875
f 859/1701/876 814/1655/831 742/1497/759
f 787/1576/804 829/1710/846 904/1807/921
f 786/1575/803 807/1605/824 905/1808/922
f 847/1683/864 705/1416/722 789/1578/806
f 906/1809/923 744/1499/761 751/1520/768
f 896/1793/913 804/1602/821 803/1601/820
f 872/1727/889 745/1503/762 761/1534/778
f 680/1355/697 753/1523/770 838/1810/855
f 667/1811/684 677/1812/694 907/1813/924
f 794/1590/811 879/1814/896 881/1799/898
f 854/1815/871 908/1816/925 909/1817/926
f 854/1818/871 910/1819/927 908/1820/925
f 763/1540/780 900/1800/917 911/1821/928
f 791/1586/808 912/1822/929 818/1626/835
f 701/1402/718 913/1823/930 839/1663/856
f 882/1755/899 876/1739/893 823/1738/840
f 768/1548/785 852/1691/869 887/1764/904
f 828/1642/845 892/1784/909 893/1785/910
f 893/1785/910 858/1700/875 834/1654/851
f 914/1824/931 807/1605/824 797/1594/814
f 807/1605/824 914/1824/931 905/1808/922
f 786/1575/803 915/1825/932 749/1516/766
f 890/1826/907 848/1685/865 793/1684/810
f 848/1685/865 916/1827/933 853/1692/870
f 611/1397/628 800/1659/817 917/1828/934
f 726/1470/743 514/1316/522 898/1797/915
f 875/1757/892 918/1829/935 791/1586/808
f 883/1756/900 839/1677/856 913/1830/930
f 919/1831/936 920/1832/937 908/1820/925
f 901/1833/918 825/1664/842 795/1591/812
f 921/1834/938 856/1835/873 876/1836/893
f 778/1560/795 739/1494/756 922/1837/939
f 856/1838/873 923/1839/940 813/1840/830
f 813/1620/830 924/1841/941 832/1651/849
f 850/1842/867 754/1843/771 902/1844/919
f 840/1845/857 787/1846/804 904/1847/921
f 925/1848/942 893/1785/910 892/1784/909
f 877/1849/894 749/1850/766 915/1851/932
f 926/1852/943 927/1853/944 928/1854/945
f 894/1789/911 808/1788/825 842/1855/859
f 927/1853/944 860/1856/877 929/1857/946
f 847/1683/864 789/1578/806 930/1858/947
f 929/1859/946 860/1703/877 836/1702/853
f 815/1622/832 744/1499/761 906/1809/923
f 724/1466/741 752/1522/769 541/1024/549
f 931/1860/948 897/1861/914 804/1602/821
f 932/1862/949 866/1714/883 816/1623/833
f 810/1613/827 756/1529/773 933/1863/950
f 934/1864/951 843/1865/860 897/1866/914
f 935/1867/952 854/1707/871 817/1624/834
f 936/1868/953 880/1869/897 830/1870/847
f 937/1871/954 831/1732/848 854/1731/871
f 936/1868/953 938/1872/955 684/1873/701
f 936/1868/953 684/1873/701 880/1869/897
f 880/1869/897 879/1874/896 830/1870/847
f 874/1875/891 684/1873/701 938/1872/955
f 879/1874/896 880/1869/897 881/1876/898
f 855/1695/872 695/1383/712 824/1638/841
f 844/1672/861 855/1695/872 824/1638/841
f 912/1822/929 791/1586/808 918/1829/935
f 875/1757/892 883/1756/900 939/1877/956
f 908/1816/925 920/1878/937 909/1817/926
f 940/1879/957 702/1407/719 778/1560/795
f 941/1880/958 923/1839/940 856/1838/873
f 845/1689/862 886/1763/903 802/1600/819
f 894/1881/911 914/1824/931 797/1594/814
f 877/1849/894 915/1851/932 885/1882/902
f 905/1808/922 915/1825/932 786/1575/803
f 847/1883/864 942/1884/959 868/1885/885
f 930/1858/947 789/1578/806 743/1579/760
f 890/1886/907 731/1477/748 861/1748/878
f 943/1887/960 751/1520/768 853/1692/870
f 943/1888/960 906/1889/923 751/1890/768
f 895/1792/912 659/1305/676 871/1725/888
f 944/1891/961 761/1534/778 810/1613/827
f 945/1892/962 774/1893/791 938/1872/955
f 938/1872/955 774/1893/791 874/1875/891
f 945/1892/962 812/1894/829 774/1893/791
f 854/1895/871 909/1896/926 937/1897/954
f 773/1555/790 917/1828/934 800/1659/817
f 946/1898/963 675/1341/692 812/1619/829
f 763/1540/780 911/1821/928 899/1798/916
f 907/1899/924 677/1900/694 947/1901/964
f 776/1558/793 948/1902/965 838/1810/855
f 948/1902/965 776/1558/793 901/1801/918
f 912/1822/929 949/1903/966 818/1626/835
f 883/1756/900 913/1830/930 950/1904/967
f 856/1905/873 951/1906/968 941/1907/958
f 922/1837/939 739/1494/756 826/1640/843
f 923/1839/940 924/1908/941 813/1840/830
f 924/1909/941 952/1910/969 832/1911/849
f 953/1912/970 867/1913/884 891/1914/908
f 857/1699/874 827/1641/844 887/1764/904
f 954/1915/971 852/1691/869 841/1666/858
f 955/1916/972 858/1700/875 893/1785/910
f 903/1806/920 858/1700/875 955/1916/972
f 868/1718/885 956/1917/973 869/1719/886
f 842/1855/859 869/1918/886 894/1789/911
f 929/1857/946 928/1854/945 927/1853/944
f 888/1919/905 929/1920/946 836/1921/853
f 957/1922/974 930/1858/947 743/1579/760
f 958/1923/975 798/1595/815 878/1747/895
f 959/1924/976 707/1446/724 865/1713/882
f 960/1925/977 771/1551/788 707/1418/724
f 890/1826/907 916/1827/933 848/1685/865
f 936/1926/953 830/1927/847 961/1928/978
f 934/1929/951 817/1624/834 843/1693/860
f 962/1930/979 938/1931/955 936/1926/953
f 963/1932/980 675/1341/692 946/1898/963
f 822/1633/839 862/1709/879 899/1798/916
f 963/1932/980 784/1571/801 675/1341/692
f 831/1933/848 937/1934/954 882/1935/899
f 907/1936/924 947/1937/964 950/1938/967
f 855/1939/872 947/1937/964 677/1940/694
f 855/1939/872 918/1941/935 947/1937/964
f 907/1936/924 950/1938/967 964/1942/981
f 918/1941/935 939/1943/956 947/1937/964
f 939/1943/956 950/1938/967 947/1937/964
f 964/1942/981 913/1944/930 701/1945/718
f 964/1942/981 950/1938/967 913/1944/930
f 875/1757/892 939/1877/956 918/1829/935
f 883/1756/900 950/1904/967 939/1877/956
f 965/1946/982 901/1833/918 795/1591/812
f 966/1947/983 795/1591/812 785/1696/802
f 940/1879/957 884/1758/901 702/1407/719
f 951/1948/968 856/1949/873 921/1950/938
f 832/1911/849 967/1951/984 891/1952/908
f 833/1652/850 850/1698/867 902/1953/919
f 953/1912/970 888/1954/905 867/1913/884
f 845/1689/862 968/1955/985 886/1763/903
f 926/1956/943 969/1957/986 927/1958/944
f 958/1959/975 865/1960/882 798/1961/815
f 959/1962/976 960/1925/977 707/1418/724
f 970/1963/987 971/1964/988 752/1965/769
f 752/1728/769 971/1966/988 830/1645/847
f 938/1931/955 972/1967/989 973/1968/990
f 938/1931/955 962/1930/979 972/1967/989
f 938/1931/955 973/1968/990 945/1969/962
f 946/1898/963 812/1619/829 973/1968/990
f 773/1555/790 898/1797/915 917/1828/934
f 935/1970/952 910/1819/927 854/1818/871
f 937/1971/954 919/1972/936 910/1973/927
f 964/1974/981 701/1975/718 974/1976/991
f 974/1977/991 701/1978/718 784/1979/801
f 937/1971/954 909/1980/926 919/1972/936
f 912/1981/929 844/1982/861 685/1983/702
f 855/1939/872 844/1982/861 918/1941/935
f 912/1981/929 918/1941/935 844/1982/861
f 909/1980/926 920/1984/937 919/1972/936
f 965/1946/982 795/1591/812 966/1947/983
f 952/1910/969 967/1951/984 832/1911/849
f 891/1985/908 967/1986/984 975/1987/992
f 926/1988/943 928/1989/945 969/1990/986
f 886/1763/903 976/1991/993 851/1690/868
f 857/1699/874 977/1992/994 892/1784/909
f 894/1881/911 956/1917/973 978/1993/995
f 814/1621/831 979/1994/996 792/1609/809
f 930/1858/947 980/1995/997 847/1683/864
f 860/1705/877 981/1996/998 878/1790/895
f 743/1498/760 870/1723/887 957/1997/974
f 752/1965/769 982/1998/999 970/1963/987
f 816/1623/833 872/1727/889 932/1862/949
f 983/1999/1000 984/2000/1001 694/2001/711
f 673/2002/690 694/2001/711 984/2000/1001
f 983/1999/1000 694/2001/711 985/2003/1002
f 986/2004/1003 987/2005/1004 982/1998/999
f 732/2006/749 985/2003/1002 694/2001/711
f 987/2005/1004 970/1963/987 982/1998/999
f 988/2007/1005 987/2005/1004 986/2004/1003
f 989/2008/1006 990/2009/1007 988/2007/1005
f 962/1930/979 936/1926/953 961/1928/978
f 990/2009/1007 991/2010/1008 988/2007/1005
f 992/2011/1009 990/2009/1007 989/2008/1006
f 992/2011/1009 993/2012/1010 990/2009/1007
f 812/1619/829 945/1969/962 973/1968/990
f 780/2013/797 912/1981/929 685/1983/702
f 514/965/522 649/1285/666 898/2014/915
f 964/1974/981 994/2015/1011 907/2016/924
f 937/2017/954 995/2018/1012 882/2019/899
f 818/1626/835 949/1903/966 900/1800/917
f 923/2020/940 996/2021/1013 924/2022/941
f 851/1690/868 997/2023/1014 841/1666/858
f 977/1992/994 857/1699/874 887/1764/904
f 894/1881/911 978/1993/995 914/1824/931
f 914/2024/931 998/2025/1015 905/2026/922
f 942/2027/959 847/1683/864 980/1995/997
f 860/1705/877 927/1958/944 999/2028/1016
f 866/1714/883 1000/2029/1017 896/1793/913
f 673/2002/690 984/2000/1001 821/2030/838
f 830/2031/847 971/2032/988 961/2033/978
f 991/2010/1008 987/2005/1004 988/2007/1005
f 680/1355/697 838/1810/855 1001/2034/1018
f 757/1530/774 1002/2035/1019 649/1447/666
f 732/2006/749 667/2036/684 985/2003/1002
f 907/2016/924 994/2015/1011 1003/2037/1020
f 1004/2038/1021 994/2015/1011 964/1974/981
f 784/1571/801 963/1932/980 974/2039/991
f 1001/2034/1018 838/1810/855 948/1902/965
f 910/1819/927 919/1831/936 908/1820/925
f 995/2018/1012 876/1836/893 882/2019/899
f 884/2040/901 966/1947/983 785/1696/802
f 876/1836/893 995/2018/1012 921/1834/938
f 826/1640/843 1005/2041/1022 922/1837/939
f 845/1689/862 885/1762/902 968/1955/985
f 841/1666/858 997/2023/1014 954/1915/971
f 859/1701/876 1006/2042/1023 814/1655/831
f 915/1851/932 1007/2043/1024 885/1882/902
f 869/1719/886 956/1917/973 894/1881/911
f 978/2044/995 998/2025/1015 914/2024/931
f 915/1825/932 905/1808/922 1007/2045/1024
f 868/1718/885 1008/2046/1025 956/1917/973
f 979/2047/996 846/1681/863 792/1587/809
f 868/1885/885 942/1884/959 1008/2048/1025
f 969/1957/986 999/2028/1016 927/1958/944
f 928/1989/945 929/2049/946 999/2050/1016
f 860/1705/877 999/2028/1016 981/1996/998
f 888/2051/905 1009/2052/1026 929/2053/946
f 771/1568/788 960/2054/977 889/1791/906
f 680/1355/697 1001/2034/1018 871/1726/888
f 986/2055/1003 982/2056/999 1010/2057/1027
f 971/2058/988 1011/2059/1028 961/2060/978
f 985/2003/1002 1003/2061/1020 1012/2062/1029
f 725/1468/742 917/2063/934 873/2064/890
f 992/2011/1009 1012/2062/1029 993/2012/1010
f 907/2065/924 1013/2066/1030 667/2067/684
f 907/2016/924 1003/2037/1020 1013/2068/1030
f 1001/2069/1018 948/2070/965 1014/2071/1031
f 964/1974/981 974/1976/991 1004/2038/1021
f 995/2072/1012 951/1948/968 921/1950/938
f 977/1992/994 1015/2073/1032 892/1784/909
f 846/1681/863 979/2047/996 1016/2074/1033
f 846/1681/863 1016/2074/1033 1017/2075/1034
f 864/1712/881 1018/2076/1035 829/1644/846
f 929/2077/946 1009/2078/1026 999/2079/1016
f 752/1522/769 724/1466/741 1019/2080/1036
f 752/1522/769 1010/2057/1027 982/2056/999
f 932/1862/949 1000/2029/1017 866/1714/883
f 1011/2059/1028 1020/2081/1037 961/2060/978
f 962/2082/979 1021/2083/1038 972/2084/989
f 962/2082/979 961/2060/978 1021/2083/1038
f 822/1633/839 933/1863/950 756/1529/773
f 725/1468/742 611/1206/628 917/2063/934
f 667/2036/684 1003/2061/1020 985/2003/1002
f 1003/2061/1020 994/2085/1039 1012/2062/1029
f 1012/2062/1029 994/2085/1039 1004/2086/1021
f 1012/2062/1029 1004/2086/1021 993/2012/1010
f 972/2084/989 1022/2087/1040 973/2088/990
f 972/2084/989 1023/2089/1041 1022/2087/1040
f 961/2060/978 1020/2081/1037 1024/2090/1042
f 973/2088/990 1025/2091/1043 946/2092/963
f 946/2092/963 1025/2091/1043 963/2093/980
f 973/2088/990 1022/2087/1040 1025/2091/1043
f 1024/2090/1042 1021/2083/1038 961/2060/978
f 1014/2071/1031 1024/2090/1042 1020/2081/1037
f 963/2093/980 1026/2094/1044 974/2095/991
f 1023/2089/1041 972/2084/989 1021/2083/1038
f 1014/2071/1031 948/2070/965 1024/2090/1042
f 1027/2096/1045 1021/2083/1038 1028/2097/1046
f 1028/2098/1046 1021/2099/1038 1024/2100/1042
f 1025/2091/1043 1029/2101/1047 963/2093/980
f 963/2093/980 1029/2101/1047 1026/2094/1044
f 1023/2089/1041 1021/2083/1038 1027/2096/1045
f 911/1821/928 1030/2102/1048 1031/2103/1049
f 900/2104/917 1030/2105/1048 911/2106/928
f 1022/2087/1040 1023/2089/1041 1032/2107/1050
f 1027/2096/1045 1032/2107/1050 1023/2089/1041
f 940/1879/957 778/1560/795 922/1837/939
f 826/1640/843 833/1652/850 1005/2041/1022
f 975/2108/992 1033/2109/1051 891/2110/908
f 891/2110/908 1033/2109/1051 953/2111/970
f 954/1915/971 1034/2112/1052 852/1691/869
f 852/1691/869 1034/2112/1052 887/1764/904
f 1015/2073/1032 925/1848/942 892/1784/909
f 925/1848/942 955/1916/972 893/1785/910
f 864/1712/881 863/1711/880 1018/2076/1035
f 928/1989/945 999/2050/1016 969/1990/986
f 942/2027/959 1035/2113/1053 1008/2046/1025
f 1009/2114/1026 888/1954/905 953/1912/970
f 1019/2080/1036 1010/2057/1027 752/1522/769
f 1036/2115/1054 821/2116/838 984/2117/1001
f 970/2118/987 1037/2119/1055 971/2120/988
f 987/2121/1004 1038/2122/1056 970/2118/987
f 1036/2123/1054 780/1563/797 821/1649/838
f 934/1929/951 1039/2124/1057 817/1624/834
f 780/1563/797 1036/2123/1054 1040/2125/1058
f 780/1563/797 1040/2125/1058 912/2126/929
f 933/1863/950 822/1633/839 899/1798/916
f 1013/2127/1030 1003/2061/1020 667/2036/684
f 917/2128/934 898/2129/915 1041/2130/1059
f 898/2131/915 649/2132/666 1042/2133/1060
f 994/2134/1061 1043/2135/1062 1004/2136/1063
f 1004/2136/1021 1043/2135/1064 1044/2137/1065
f 1004/2136/1021 1044/2137/1065 993/2138/1010
f 1003/2139/1066 994/2140/1067 1045/2141/1068
f 1004/2142/1069 1045/2141/1070 994/2140/1071
f 1004/2143/1069 1043/2144/1062 1045/2145/1070
f 974/2095/991 1046/2146/1072 1004/2147/1021
f 911/1821/928 1031/2103/1049 899/1798/916
f 912/2126/929 1040/2125/1058 949/2148/966
f 1026/2094/1044 1047/2149/1073 974/2095/991
f 1046/2146/1072 974/2095/991 1047/2149/1073
f 1025/2091/1043 1022/2087/1040 1048/2150/1074
f 1049/2151/1075 1050/2152/1076 1051/2153/1077
f 1046/2146/1072 1047/2149/1073 1052/2154/1078
f 1029/2155/1047 1053/2156/1079 1026/2157/1044
f 1025/2091/1043 1054/2158/1080 1029/2101/1047
f 1025/2091/1043 1048/2150/1074 1054/2158/1080
f 1051/2159/1077 1055/2160/1081 1049/2161/1075
f 976/1991/993 886/1763/903 968/1955/985
f 997/2023/1014 851/1690/868 976/1991/993
f 1006/2042/1023 859/1701/876 903/1806/920
f 1017/2075/1034 863/1711/880 846/1681/863
f 1017/2075/1034 1056/2162/1082 863/1711/880
f 983/2163/1000 985/2164/1002 1057/2165/1083
f 931/1860/948 804/1602/821 896/1793/913
f 1058/2166/1084 1037/2119/1055 970/2118/987
f 1059/2167/1085 1020/2168/1037 1060/2169/1086
f 1059/2170/1085 1014/2171/1031 1020/2172/1037
f 898/2131/915 1061/2173/1087 1041/2174/1059
f 898/2131/915 1042/2133/1060 1062/2175/1088
f 1062/2175/1088 1061/2173/1087 898/2131/915
f 1004/2143/1021 1046/2176/1072 1043/2144/1064
f 1043/2144/1064 1046/2176/1072 1044/2177/1065
f 1064/2178/1089 1065/2179/1090 1028/2098/1046
f 1064/2178/1089 1028/2098/1046 1024/2100/1042
f 1066/2180/1091 1061/2173/1087 1062/2175/1088
f 1044/2181/1065 1046/2182/1072 1067/2183/1092
f 1062/2184/1093 1050/2152/1076 1049/2151/1075
f 1068/2185/1094 1069/2186/1095 1070/2187/1096
f 1051/2153/1077 1050/2152/1076 1063/2188/1097
f 1067/2189/1092 1052/2154/1078 1051/2190/1098
f 1067/2189/1092 1046/2146/1072 1052/2154/1078
f 1071/2191/1099 1051/2159/1098 1052/2192/1078
f 1072/2193/1100 1047/2194/1073 1026/2157/1044
f 1073/2195/1101 1053/2156/1079 1029/2155/1047
f 1074/2196/1102 1029/2155/1047 1054/2197/1080
f 901/1833/918 965/1946/982 1075/2198/1103
f 1076/2199/1104 902/2200/919 806/1604/823
f 806/1604/823 840/1665/857 1077/2201/1105
f 977/1992/994 887/1764/904 1034/2112/1052
f 904/1807/921 829/1710/846 1018/2202/1035
f 999/2028/1016 1009/2203/1026 981/1996/998
f 930/1858/947 1078/2204/1106 980/1995/997
f 981/2205/998 958/1923/975 878/1747/895
f 957/1922/974 1078/2204/1106 930/1858/947
f 943/1887/960 853/1692/870 1079/2206/1107
f 895/1792/912 1019/2080/1036 724/1466/741
f 984/2117/1001 1080/2207/1108 1036/2115/1054
f 761/1534/778 944/1891/961 872/1727/889
f 1081/2208/1109 1082/2209/1110 988/2210/1005
f 1038/2122/1056 1058/2166/1084 970/2118/987
f 1011/2211/1028 1060/2169/1086 1020/2168/1037
f 993/2138/1010 1083/2212/1111 990/2213/1007
f 1003/2214/1112 1063/2215/1113 1045/2216/1114
f 1040/2217/1058 1070/2187/1096 949/2218/966
f 994/2219/1061 1045/2220/1070 1043/2221/1062
f 1066/2222/1091 1084/2223/1115 1061/2224/1087
f 1050/2225/1076 1085/2226/1116 1063/2227/1097
f 910/2228/927 995/2018/1012 937/2017/954
f 1070/2187/1096 1069/2186/1095 949/2218/966
f 1063/2227/1097 1085/2226/1116 1051/2229/1077
f 949/1903/966 1086/2230/1117 900/1800/917
f 1062/2231/1093 1049/2232/1075 1085/2226/1116
f 1051/2233/1098 1087/2234/1118 1067/2235/1092
f 1051/2229/1077 1085/2226/1116 1055/2236/1119
f 1085/2226/1116 1049/2232/1075 1055/2236/1081
f 1055/2160/1120 1051/2159/1098 1087/2237/1121
f 1072/2193/1100 1026/2157/1044 1053/2156/1079
f 884/2238/901 940/2239/957 966/2240/983
f 1088/2241/1122 923/2020/940 941/2242/958
f 1077/2243/1105 840/2244/857 1089/2245/1123
f 1089/2246/1123 840/1845/857 904/1847/921
f 885/1882/902 1007/2043/1024 1090/2247/1124
f 977/1992/994 1091/2248/1125 1015/2073/1032
f 814/1621/831 1092/2249/1126 979/1994/996
f 863/1711/880 1056/2162/1082 1018/2076/1035
f 981/2205/998 1009/2250/1026 958/1923/975
f 890/1886/907 861/1748/878 1093/2251/1127
f 890/1826/907 1094/2252/1128 916/1827/933
f 1011/2211/1028 971/2120/988 1095/2253/1129
f 988/2210/1005 1082/2209/1110 989/2254/1006
f 987/2121/1004 1096/2255/1130 1038/2122/1056
f 1012/2256/1029 1097/2257/1131 985/2164/1002
f 987/2121/1004 991/2258/1008 1096/2255/1130
f 990/2213/1007 1098/2259/1132 991/2258/1008
f 991/2258/1008 1098/2259/1132 1099/2260/1133
f 1059/2170/1085 1100/2261/1134 1014/2171/1031
f 649/2262/666 1002/2263/1019 1042/2264/1060
f 817/1624/834 1039/2124/1057 935/1867/952
f 990/2213/1007 1083/2212/1111 1098/2259/1132
f 993/2138/1010 1044/2137/1065 1101/2265/1135
f 1042/2264/1060 1102/2266/1136 1062/2267/1088
f 901/1801/918 1103/2268/1137 948/1902/965
f 949/1903/966 1069/2269/1095 1086/2230/1117
f 1071/2191/1099 1104/2270/1138 1051/2159/1098
f 1054/2197/1080 1105/2271/1139 1074/2196/1102
f 966/2240/983 940/2239/957 1106/2272/1140
f 923/2020/940 1088/2241/1122 996/2021/1013
f 952/2273/969 924/2274/941 1107/2275/1141
f 956/2276/973 1008/2277/1025 1108/2278/1142
f 1035/2113/1053 942/2027/959 980/1995/997
f 865/1713/882 1109/2279/1143 959/1924/976
f 870/1723/887 1078/2280/1106 957/1997/974
f 932/1862/949 872/1727/889 1110/2281/1144
f 933/1863/950 944/1891/961 810/1613/827
f 1041/2282/1059 1061/2283/1087 1111/2284/1145
f 993/2138/1010 1101/2265/1135 1083/2212/1111
f 1040/2125/1058 1112/2285/1146 1070/2286/1096
f 1041/2287/1059 1111/2288/1145 1113/2289/1147
f 910/1819/927 1114/2290/1148 995/2072/1012
f 1067/2291/1092 1115/2292/1149 1044/2293/1065
f 1062/2231/1093 1085/2226/1116 1050/2225/1076
f 1066/2294/1091 1062/2295/1088 1102/2296/1136
f 1067/2235/1092 1087/2234/1118 1115/2297/1149
f 1085/2226/1150 1055/2236/1151 1087/2298/1152
f 1073/2195/1101 1029/2155/1047 1074/2196/1102
f 966/2240/983 1106/2272/1140 965/2299/982
f 951/1906/968 1116/2300/1153 941/1907/958
f 1090/2301/1124 968/1955/985 885/1762/902
f 997/2023/1014 976/1991/993 1117/2302/1154
f 997/2023/1014 1117/2302/1154 1118/2303/1155
f 997/2023/1014 1118/2303/1155 954/1915/971
f 978/2304/995 1119/2305/1156 998/2306/1015
f 956/1917/973 1108/2307/1142 978/1993/995
f 865/1713/882 958/1923/975 1109/2279/1143
f 1093/2308/1127 1094/2309/1128 890/2310/907
f 1079/2206/1107 853/1692/870 916/1827/933
f 984/2117/1001 983/2163/1000 1080/2207/1108
f 986/2055/1003 1081/2208/1109 988/2210/1005
f 971/2120/988 1037/2119/1055 1095/2253/1129
f 1058/2166/1084 1120/2311/1157 1037/2119/1055
f 1121/2312/1158 1002/2313/1019 757/2314/774
f 1121/2312/1158 757/2314/774 1111/2315/1145
f 991/2258/1008 1122/2316/1159 1096/2255/1130
f 992/2317/1009 1123/2318/1160 1012/2256/1029
f 991/2258/1008 1099/2260/1133 1122/2316/1159
f 1036/2123/1054 1112/2285/1146 1040/2125/1058
f 910/1819/927 935/1970/952 1114/2290/1148
f 1041/2319/1059 1113/2320/1147 917/2321/934
f 1124/2322/1161 1068/2323/1094 1070/2286/1096
f 1031/2103/1049 1030/2102/1048 1125/2324/1162
f 1068/2185/1094 1126/2325/1163 1069/2186/1095
f 1055/2326/1164 1127/2327/1165 1087/2234/1118
f 1055/2326/1164 1128/2328/1166 1127/2327/1165
f 1052/2192/1078 1047/2194/1073 1129/2329/1167
f 1054/2197/1080 1048/2330/1074 1105/2271/1139
f 1128/2331/1166 1055/2332/1164 1130/2333/1168
f 1055/2160/1164 1051/2159/1098 1104/2270/1138
f 1072/2193/1100 1129/2329/1167 1047/2194/1073
f 1075/2334/1103 965/2335/982 1131/2336/1169
f 902/1953/919 1076/2337/1104 833/1652/850
f 904/1807/921 1018/2202/1035 1132/2338/1170
f 1133/2339/1171 976/1991/993 968/1955/985
f 1006/2042/1023 903/1806/920 1134/2340/1172
f 978/1993/995 1108/2307/1142 1119/2341/1156
f 998/2342/1015 1007/2045/1024 905/1808/922
f 815/1622/832 1135/2343/1173 870/1724/887
f 1136/2344/1174 815/1622/832 906/1809/923
f 861/1706/878 889/1768/906 1137/2345/1175
f 896/1793/913 1138/2346/1176 931/1860/948
f 896/1793/913 1139/2347/1177 1138/2346/1176
f 1095/2253/1129 1060/2169/1086 1011/2211/1028
f 1120/2311/1157 1140/2348/1178 1037/2119/1055
f 1037/2119/1055 1140/2348/1178 1095/2253/1129
f 896/1793/913 1000/2029/1017 1141/2349/1179
f 1038/2122/1056 1142/2350/1180 1058/2166/1084
f 1142/2350/1180 1120/2311/1157 1058/2166/1084
f 1120/2351/1157 1142/2352/1180 1140/2353/1178
f 1095/2354/1129 1140/2353/1178 1143/2355/1181
f 1096/2255/1130 1142/2350/1180 1038/2122/1056
f 757/2314/774 873/2356/890 1111/2315/1145
f 1096/2357/1130 1144/2358/1182 1142/2352/1180
f 1142/2352/1180 1143/2355/1181 1140/2353/1178
f 1122/2359/1159 1144/2358/1182 1096/2357/1130
f 1099/2360/1133 1145/2361/1183 1122/2359/1159
f 1099/2360/1133 1098/2362/1132 1146/2363/1184
f 1122/2359/1159 1145/2361/1183 1144/2358/1182
f 1142/2352/1180 1144/2358/1182 1143/2355/1181
f 1147/2364/1185 1114/2365/1148 935/1867/952
f 1001/2366/1018 1014/2367/1031 1148/2368/1186
f 1098/2362/1132 1083/2369/1111 1149/2370/1187
f 1098/2362/1132 1149/2370/1187 1146/2363/1184
f 1061/2371/1087 1084/2372/1115 1111/2373/1145
f 1002/2263/1019 1102/2266/1136 1042/2264/1060
f 1111/2315/1145 917/2374/934 1113/2375/1147
f 1002/2313/1019 1084/2376/1188 1102/2377/1136
f 1115/2292/1149 1101/2378/1135 1044/2293/1065
f 1083/2369/1111 1101/2378/1135 1149/2370/1187
f 1146/2363/1184 1145/2361/1183 1099/2360/1133
f 1113/2379/1189 1084/2380/1115 1066/2381/1091
f 1024/2100/1042 948/2382/965 1103/2383/1137
f 1101/2378/1135 1115/2292/1149 1149/2370/1187
f 1066/2294/1091 1102/2296/1136 1113/2384/1189
f 1053/2156/1079 1150/2385/1190 1072/2193/1100
f 924/2386/941 996/2387/1013 1107/2388/1141
f 967/1986/984 1151/2389/1191 975/1987/992
f 806/1604/823 1077/2201/1105 1076/2199/1104
f 904/1847/921 1132/2390/1170 1089/2246/1123
f 954/1915/971 1118/2303/1155 1034/2112/1052
f 925/1848/942 1152/2391/1192 955/1916/972
f 903/1806/920 955/1916/972 1134/2340/1172
f 1006/2042/1023 1092/2392/1126 814/1655/831
f 1008/2277/1025 1153/2393/1193 1108/2278/1142
f 861/1748/878 1137/2394/1175 1093/2251/1127
f 815/1622/832 1136/2344/1174 1135/2343/1173
f 986/2055/1003 1010/2057/1027 1081/2208/1109
f 1057/2165/1083 985/2164/1002 1097/2257/1131
f 1143/2355/1181 1100/2395/1134 1095/2354/1129
f 896/2396/913 1141/2397/1179 1139/2398/1177
f 992/2317/1009 989/2254/1006 1123/2318/1160
f 989/2254/1006 1082/2209/1110 1123/2318/1160
f 1095/2354/1129 1100/2395/1134 1060/2399/1086
f 1012/2256/1029 1154/2400/1194 1097/2257/1131
f 1012/2256/1029 1123/2318/1160 1154/2400/1194
f 1060/2399/1086 1100/2395/1134 1059/2401/1085
f 873/2356/890 917/2374/934 1111/2315/1145
f 1002/2313/1019 1121/2312/1158 1084/2376/1188
f 1070/2286/1096 1112/2285/1146 1124/2322/1161
f 1031/2103/1049 1155/2402/1195 899/1798/916
f 1113/2375/1189 1102/2377/1136 1084/2376/1188
f 1064/2178/1089 1156/2403/1196 1065/2179/1090
f 1024/2100/1042 1103/2383/1137 1064/2178/1089
f 1027/2404/1045 1157/2405/1197 1032/2406/1050
f 1068/2323/1094 1124/2322/1161 1126/2407/1163
f 1069/2186/1095 1126/2325/1163 1158/2408/1198
f 1130/2333/1168 1159/2409/1199 1128/2331/1166
f 1130/2410/1168 1055/2160/1164 1104/2270/1138
f 1073/2195/1101 1150/2385/1190 1053/2156/1079
f 1048/2330/1074 1160/2411/1200 1105/2271/1139
f 1022/2412/1040 1160/2411/1200 1048/2330/1074
f 1032/2413/1050 1161/2414/1201 1022/2412/1040
f 1130/2410/1168 1162/2415/1202 1159/2416/1199
f 1106/2272/1140 1131/2417/1169 965/2299/982
f 922/1837/939 1163/2418/1203 940/1879/957
f 1164/2419/1204 1015/2073/1032 1091/2248/1125
f 1165/2420/1205 1152/2391/1192 925/1848/942
f 1166/2421/1206 1018/2076/1035 1056/2162/1082
f 1153/2422/1193 1008/2046/1025 1035/2113/1053
f 1167/2423/1207 1009/2424/1026 953/2111/970
f 1078/2204/1106 870/1724/887 1135/2343/1173
f 960/2054/977 1137/2425/1175 889/1791/906
f 1168/2426/1208 1010/2057/1027 1019/2080/1036
f 1169/2427/1209 1039/2124/1057 934/1929/951
f 1100/2428/1134 1148/2368/1186 1014/2367/1031
f 1170/2429/1210 1084/2430/1188 1121/2431/1158
f 1084/2432/1211 1113/2433/1212 1170/2434/1213
f 1157/2435/1197 1027/2436/1045 1028/2437/1046
f 1155/2402/1195 1031/2103/1049 1125/2324/1162
f 1171/2438/1214 1115/2297/1149 1087/2234/1118
f 1172/2439/1215 1086/2230/1117 1069/2269/1095
f 1173/2440/1216 1159/2441/1199 1174/2442/1217
f 1071/2191/1099 1052/2192/1078 1129/2329/1167
f 1175/2443/1218 1022/2412/1040 1161/2414/1201
f 1151/2444/1191 967/2445/984 952/2273/969
f 1005/2041/1022 833/1652/850 1176/2446/1219
f 1176/2446/1219 833/1652/850 1076/2337/1104
f 975/2108/992 1177/2447/1220 1033/2109/1051
f 1006/2042/1023 1178/2448/1221 1179/2449/1222
f 1033/2109/1051 1177/2447/1220 953/2111/970
f 1177/2447/1220 1167/2423/1207 953/2111/970
f 1180/2450/1223 1035/2113/1053 980/1995/997
f 959/1962/976 1181/2451/1224 960/1925/977
f 1010/2057/1027 1168/2426/1208 1081/2208/1109
f 931/2452/948 934/1864/951 897/1866/914
f 1147/2364/1185 935/1867/952 1039/2124/1057
f 1182/2453/1225 1111/2373/1145 1084/2372/1115
f 1182/2453/1225 1084/2372/1115 1170/2454/1210
f 1143/2455/1181 1183/2456/1226 1100/2428/1134
f 1144/2457/1182 1184/2458/1227 1185/2459/1228
f 1145/2460/1183 1146/2461/1184 1184/2458/1227
f 1186/2462/1229 995/2072/1012 1114/2290/1148
f 1149/2463/1187 1187/2464/1230 1146/2461/1184
f 1087/2234/1118 1127/2327/1165 1171/2438/1214
f 1126/2465/1163 1124/2466/1161 1188/2467/1231
f 1074/2468/1102 1189/2469/1232 1073/2470/1101
f 1175/2443/1218 1160/2411/1200 1022/2412/1040
f 1090/2301/1124 1133/2339/1171 968/1955/985
f 1133/2339/1171 1190/2471/1233 976/1991/993
f 976/1991/993 1190/2471/1233 1117/2302/1154
f 1118/2303/1155 1191/2472/1234 1034/2112/1052
f 1034/2112/1052 1192/2473/1235 977/1992/994
f 1164/2419/1204 1165/2420/1205 1015/2073/1032
f 1015/2073/1032 1165/2420/1205 925/1848/942
f 955/1916/972 1152/2391/1192 1134/2340/1172
f 1006/2042/1023 1134/2340/1172 1178/2448/1221
f 1006/2042/1023 1179/2449/1222 1092/2392/1126
f 1132/2338/1170 1018/2202/1035 1166/2474/1206
f 1092/2249/1126 1193/2475/1236 979/1994/996
f 979/2047/996 1194/2476/1237 1016/2074/1033
f 1016/2074/1033 1194/2476/1237 1017/2075/1034
f 1109/2279/1143 1195/2477/1238 959/1924/976
f 871/1726/888 1001/2034/1018 1148/2478/1186
f 899/1798/916 1196/2479/1239 933/1863/950
f 1146/2461/1184 1187/2464/1230 1184/2458/1227
f 1115/2297/1149 1171/2438/1214 1149/2463/1187
f 1030/2480/1048 1197/2481/1240 1125/2482/1162
f 1069/2269/1095 1158/2483/1198 1172/2439/1215
f 1157/2405/1197 1161/2484/1201 1032/2406/1050
f 1126/2485/1163 1188/2486/1231 1158/2487/1198
f 1072/2193/1100 1150/2385/1190 1198/2488/1241
f 1174/2489/1217 1199/2490/1242 1188/2491/1231
f 1130/2410/1168 1104/2270/1138 1162/2415/1202
f 901/1801/918 1200/2492/1243 1103/2268/1137
f 1131/2417/1169 1106/2272/1140 1201/2493/1244
f 922/1837/939 1005/2041/1022 1163/2418/1203
f 1077/2494/1105 1089/2495/1123 1202/2496/1245
f 975/1987/992 1151/2389/1191 1177/2497/1220
f 1034/2112/1052 1191/2472/1234 1192/2473/1235
f 1203/2498/1246 1119/2499/1156 1108/2500/1142
f 1119/2305/1156 1204/2501/1247 998/2306/1015
f 998/2342/1015 1204/2502/1247 1007/2045/1024
f 1108/2278/1142 1153/2393/1193 1203/2503/1246
f 958/2504/975 1205/2505/1248 1109/2506/1143
f 1081/2208/1109 1206/2507/1249 1082/2209/1110
f 872/1727/889 1207/2508/1250 1110/2281/1144
f 944/1891/961 1208/2509/1251 872/1727/889
f 1182/2510/1225 1209/2511/1252 1111/2512/1145
f 1209/2513/1252 1057/2514/1083 1121/2515/1158
f 1185/2459/1228 1210/2516/1253 1144/2457/1182
f 1144/2457/1182 1210/2516/1253 1143/2455/1181
f 1143/2455/1181 1210/2516/1253 1183/2456/1226
f 1114/2365/1148 1147/2364/1185 1186/2517/1229
f 1145/2460/1183 1184/2458/1227 1144/2457/1182
f 1149/2463/1187 1171/2438/1214 1187/2464/1230
f 1128/2328/1166 1159/2441/1199 1127/2327/1165
f 1198/2488/1241 1129/2329/1167 1072/2193/1100
f 1174/2489/1217 1162/2518/1202 1199/2490/1242
f 1174/2519/1217 1159/2416/1199 1162/2415/1202
f 1089/2495/1123 1132/2520/1170 1202/2496/1245
f 1192/2473/1235 1091/2248/1125 977/1992/994
f 1211/2521/1254 1166/2421/1206 1056/2162/1082
f 958/1923/975 1212/2522/1255 1205/2523/1248
f 958/1923/975 1009/2250/1026 1212/2522/1255
f 959/1962/976 1195/2524/1238 1181/2451/1224
f 916/1827/933 1094/2252/1128 1213/2525/1256
f 983/2163/1000 1057/2165/1083 1080/2207/1108
f 1057/2514/1083 1097/2526/1131 1214/2527/1257
f 1138/2528/1176 934/1864/951 931/2452/948
f 1111/2529/1145 1209/2513/1252 1121/2515/1158
f 1208/2509/1251 1207/2508/1250 872/1727/889
f 1000/2029/1017 1215/2530/1258 1141/2349/1179
f 933/1863/950 1216/2531/1259 944/1891/961
f 1057/2532/1083 1170/2429/1210 1121/2431/1158
f 1148/2368/1186 1100/2428/1134 1183/2456/1226
f 1028/2437/1046 1217/2533/1260 1157/2435/1197
f 1159/2441/1199 1173/2440/1216 1127/2327/1165
f 1188/2467/1231 1124/2466/1161 1173/2440/1216
f 1188/2467/1231 1173/2440/1216 1174/2442/1217
f 996/2387/1013 1218/2534/1261 1107/2388/1141
f 1117/2535/1154 1219/2536/1262 1118/2537/1155
f 1152/2538/1192 1220/2539/1263 1134/2540/1172
f 1134/2540/1172 1220/2539/1263 1178/2541/1221
f 1221/2542/1264 1193/2475/1236 1092/2249/1126
f 1204/2543/1247 1222/2544/1265 1007/2545/1024
f 979/2047/996 1193/2546/1236 1194/2476/1237
f 1167/2423/1207 1212/2547/1255 1009/2424/1026
f 1019/2548/1036 895/2549/912 1223/2550/1266
f 1168/2551/1208 1019/2548/1036 1223/2550/1266
f 1223/2550/1266 895/2549/912 871/2552/888
f 1168/2426/1208 1206/2507/1249 1081/2208/1109
f 1082/2553/1110 1224/2554/1267 1123/2555/1160
f 1036/2556/1054 1080/2557/1108 1112/2558/1146
f 1154/2559/1194 1214/2527/1257 1097/2526/1131
f 1154/2560/1194 1225/2561/1268 1214/2562/1257
f 1123/2555/1160 1225/2563/1268 1154/2559/1194
f 1186/2462/1229 1226/2564/1269 995/2072/1012
f 900/1800/917 1197/2565/1240 1030/2102/1048
f 1188/2566/1231 1199/2567/1242 1158/2568/1198
f 1104/2569/1138 1227/2570/1270 1162/2518/1202
f 1129/2571/1167 1228/2572/1271 1071/2573/1099
f 1129/2571/1167 1198/2574/1241 1229/2575/1272
f 1189/2469/1232 1150/2576/1190 1073/2470/1101
f 1199/2490/1242 1162/2518/1202 1230/2577/1273
f 1150/2576/1190 1231/2578/1274 1198/2574/1241
f 1075/2579/1103 1200/2580/1243 901/2581/918
f 1131/2336/1169 1201/2582/1244 1075/2334/1103
f 940/2239/957 1163/2583/1203 1106/2272/1140
f 1232/2584/1275 1190/2585/1233 1133/2586/1171
f 1233/2587/1276 1164/2588/1204 1091/2589/1125
f 1152/2538/1192 1165/2590/1205 1234/2591/1277
f 1178/2541/1221 1235/2592/1278 1179/2593/1222
f 1179/2593/1222 1221/2594/1264 1092/2595/1126
f 1194/2476/1237 1236/2596/1279 1017/2075/1034
f 1017/2075/1034 1236/2596/1279 1056/2162/1082
f 916/1827/933 1213/2525/1256 1079/2206/1107
f 1181/2597/1224 1137/2425/1175 960/2054/977
f 871/2552/888 1237/2598/1280 1223/2550/1266
f 1223/2550/1266 1237/2598/1280 1168/2551/1208
f 1168/2551/1208 1237/2598/1280 1238/2599/1281
f 1168/2551/1208 1238/2599/1281 1206/2600/1249
f 1057/2514/1083 1209/2513/1252 1080/2557/1108
f 1080/2557/1108 1209/2513/1252 1182/2601/1225
f 1206/2600/1249 1224/2554/1267 1082/2553/1110
f 1237/2598/1280 1183/2602/1226 1238/2599/1281
f 1237/2598/1280 871/2552/888 1148/2603/1186
f 1237/2598/1280 1148/2603/1186 1183/2602/1226
f 1080/2557/1108 1182/2601/1225 1112/2558/1146
f 1206/2600/1249 1238/2599/1281 1224/2554/1267
f 1123/2555/1160 1224/2554/1267 1225/2563/1268
f 1238/2599/1281 1183/2602/1226 1210/2604/1253
f 1224/2554/1267 1238/2599/1281 1185/2605/1228
f 1238/2599/1281 1210/2604/1253 1185/2605/1228
f 1216/2531/1259 933/1863/950 1196/2479/1239
f 1184/2606/1227 1225/2563/1268 1224/2554/1267
f 1239/2607/1282 1039/2124/1057 1169/2427/1209
f 1057/2514/1083 1214/2527/1257 1170/2608/1210
f 1184/2606/1227 1224/2554/1267 1185/2605/1228
f 1182/2601/1225 1170/2608/1210 1112/2558/1146
f 1170/2608/1210 1214/2527/1257 1173/2609/1216
f 1225/2563/1268 1171/2610/1214 1214/2527/1257
f 1184/2606/1227 1187/2611/1230 1225/2563/1268
f 1225/2563/1268 1187/2611/1230 1171/2610/1214
f 1112/2558/1146 1170/2608/1210 1124/2612/1161
f 1171/2610/1214 1127/2613/1165 1214/2527/1257
f 1214/2527/1257 1127/2613/1165 1173/2609/1216
f 1170/2608/1210 1173/2609/1216 1124/2612/1161
f 1217/2614/1260 1028/2615/1046 1065/2616/1090
f 1226/2564/1269 951/1948/968 995/2072/1012
f 1227/2570/1270 1104/2569/1138 1071/2573/1099
f 1240/2617/1283 1074/2468/1102 1105/2618/1139
f 1075/2579/1103 1201/2619/1244 1241/2620/1284
f 1116/2621/1153 1088/2241/1122 941/2242/958
f 1005/2041/1022 1176/2446/1219 1163/2418/1203
f 1232/2584/1275 1133/2586/1171 1090/2622/1124
f 1233/2587/1276 1091/2589/1125 1192/2623/1235
f 1090/2622/1124 1007/2545/1024 1222/2544/1265
f 1056/2162/1082 1236/2596/1279 1211/2521/1254
f 906/1809/923 1242/2624/1285 1136/2344/1174
f 906/1889/923 943/1888/960 1242/2625/1285
f 944/1891/961 1216/2531/1259 1208/2509/1251
f 1039/2124/1057 1239/2607/1282 1147/2364/1185
f 1125/2626/1162 1243/2627/1286 1155/2628/1195
f 1226/2564/1269 1244/2629/1287 951/1948/968
f 900/1800/917 1086/2230/1117 1197/2565/1240
f 1162/2518/1202 1227/2570/1270 1230/2577/1273
f 1071/2573/1099 1245/2630/1288 1227/2570/1270
f 1231/2578/1274 1150/2576/1190 1189/2469/1232
f 1105/2618/1139 1160/2631/1200 1246/2632/1289
f 1129/2571/1167 1229/2575/1272 1228/2572/1271
f 1189/2469/1232 1074/2468/1102 1240/2617/1283
f 952/2273/969 1247/2633/1290 1151/2444/1191
f 1191/2634/1234 1118/2537/1155 1219/2536/1262
f 1221/2594/1264 1179/2593/1222 1248/2635/1291
f 1119/2636/1156 1249/2637/1292 1204/2638/1247
f 1109/2279/1143 1205/2523/1248 1195/2477/1238
f 1093/2639/1127 1137/2640/1175 1250/2641/1293
f 1093/2308/1127 1251/2642/1294 1094/2309/1128
f 932/1862/949 1110/2281/1144 1000/2029/1017
f 1125/2626/1162 1197/2643/1240 1243/2627/1286
f 1228/2572/1271 1245/2630/1288 1071/2573/1099
f 1105/2618/1139 1246/2632/1289 1240/2617/1283
f 1175/2644/1218 1252/2645/1295 1160/2631/1200
f 1161/2646/1201 1253/2647/1296 1254/2648/1297
f 1163/2583/1203 1255/2649/1298 1106/2272/1140
f 1163/2583/1203 1176/2650/1219 1255/2649/1298
f 1247/2633/1290 952/2273/969 1107/2275/1141
f 1255/2649/1298 1176/2650/1219 1076/2651/1104
f 1256/2652/1299 1191/2634/1234 1219/2536/1262
f 1257/2653/1300 1220/2539/1263 1152/2538/1192
f 1090/2654/1124 1222/2655/1265 1258/2656/1301
f 1249/2637/1292 1119/2636/1156 1203/2657/1246
f 1215/2658/1258 1000/2659/1017 1110/2660/1144
f 1259/2661/1302 1147/2364/1185 1239/2607/1282
f 1156/2403/1196 1064/2178/1089 1103/2383/1137
f 1244/2662/1287 1116/2300/1153 951/1906/968
f 1161/2646/1201 1254/2648/1297 1175/2644/1218
f 1241/2620/1284 1200/2580/1243 1075/2579/1103
f 1106/2272/1140 1255/2649/1298 1201/2493/1244
f 1247/2633/1290 1107/2275/1141 1260/2663/1303
f 1255/2649/1298 1076/2651/1104 1077/2664/1105
f 1117/2535/1154 1190/2585/1233 1261/2665/1304
f 1234/2591/1277 1165/2590/1205 1164/2588/1204
f 1152/2538/1192 1234/2591/1277 1257/2653/1300
f 1222/2544/1265 1204/2543/1247 1258/2666/1301
f 1203/2657/1246 1153/2667/1193 1249/2637/1292
f 1251/2668/1294 1213/2525/1256 1094/2252/1128
f 1250/2669/1293 1137/2425/1175 1181/2597/1224
f 1103/2670/1137 1262/2671/1305 1156/2672/1196
f 1197/2565/1240 1086/2230/1117 1263/2673/1306
f 1264/2674/1307 1265/2675/1308 1116/2300/1153
f 1264/2674/1307 1116/2300/1153 1244/2662/1287
f 1198/2574/1241 1266/2676/1309 1229/2575/1272
f 1240/2617/1283 1267/2677/1310 1189/2469/1232
f 1268/2678/1311 1255/2649/1298 1077/2664/1105
f 1232/2584/1275 1090/2622/1124 1258/2666/1301
f 1235/2592/1278 1248/2635/1291 1179/2593/1222
f 1232/2584/1275 1269/2679/1312 1190/2585/1233
f 1269/2679/1312 1261/2665/1304 1190/2585/1233
f 1178/2541/1221 1220/2539/1263 1270/2680/1313
f 1178/2541/1221 1270/2680/1313 1235/2592/1278
f 1271/2681/1314 1153/2682/1193 1035/2683/1053
f 1271/2681/1314 1035/2683/1053 1180/2684/1223
f 1272/2685/1315 1093/2686/1127 1250/2687/1293
f 1242/2624/1285 943/1887/960 1079/2206/1107
f 1273/2688/1316 1138/2346/1176 1139/2347/1177
f 1259/2661/1302 1186/2517/1229 1147/2364/1185
f 1263/2673/1306 1243/2689/1286 1197/2565/1240
f 1230/2577/1273 1227/2570/1270 1274/2690/1317
f 1266/2676/1309 1198/2574/1241 1231/2578/1274
f 1246/2632/1289 1160/2631/1200 1252/2645/1295
f 1255/2649/1298 1268/2678/1311 1201/2493/1244
f 1270/2680/1313 1220/2539/1263 1257/2653/1300
f 1261/2665/1304 1219/2536/1262 1117/2535/1154
f 1275/2691/1318 1164/2588/1204 1233/2587/1276
f 1275/2691/1318 1234/2591/1277 1164/2588/1204
f 1276/2692/1319 1277/2693/1320 1278/2694/1321
f 1249/2695/1292 1258/2666/1301 1204/2543/1247
f 1279/2696/1322 1166/2697/1206 1211/2698/1254
f 1216/2531/1259 1196/2479/1239 1280/2699/1323
f 1161/2484/1201 1157/2405/1197 1281/2700/1324
f 1155/2402/1195 1243/2689/1286 1263/2673/1306
f 1281/2700/1324 1253/2701/1296 1161/2484/1201
f 1103/2268/1137 1200/2492/1243 1282/2702/1325
f 1283/2703/1326 1227/2570/1270 1245/2630/1288
f 1175/2644/1218 1254/2648/1297 1252/2645/1295
f 1274/2690/1317 1227/2570/1270 1283/2703/1326
f 1077/2704/1105 1202/2705/1245 1268/2706/1311
f 1268/2707/1311 1202/2496/1245 1132/2520/1170
f 1256/2652/1299 1192/2623/1235 1191/2634/1234
f 1284/2708/1327 1192/2623/1235 1256/2652/1299
f 1285/2709/1328 1233/2587/1276 1192/2623/1235
f 1277/2710/1320 1286/2711/1329 1278/2712/1321
f 1153/2682/1193 1271/2681/1314 1249/2695/1292
f 1194/2713/1237 1193/2714/1236 1287/2715/1330
f 1194/2716/1237 1287/2717/1330 1236/2718/1279
f 1288/2719/1331 1135/2343/1173 1136/2344/1174
f 1110/2281/1144 1207/2508/1250 1289/2720/1332
f 1290/2721/1333 1239/2722/1282 1169/2723/1209
f 1217/2724/1260 1065/2725/1090 1156/2672/1196
f 1172/2726/1215 1291/2727/1334 1086/2728/1117
f 1291/2727/1334 1172/2726/1215 1158/2729/1198
f 1231/2578/1274 1189/2469/1232 1292/2730/1335
f 1246/2632/1289 1267/2677/1310 1240/2617/1283
f 1245/2630/1288 1228/2572/1271 1293/2731/1336
f 1228/2572/1271 1229/2575/1272 1293/2731/1336
f 1230/2577/1273 1294/2732/1337 1199/2490/1242
f 1231/2578/1274 1295/2733/1338 1266/2676/1309
f 1189/2469/1232 1267/2677/1310 1292/2730/1335
f 1296/2734/1339 1199/2490/1242 1294/2732/1337
f 1292/2730/1335 1295/2733/1338 1231/2578/1274
f 1241/2620/1284 1201/2619/1244 1297/2735/1340
f 1201/2736/1244 1268/2737/1311 1297/2738/1340
f 1219/2536/1262 1261/2665/1304 1256/2652/1299
f 1235/2592/1278 1270/2680/1313 1248/2635/1291
f 1298/2739/1341 1279/2696/1322 1211/2698/1254
f 1272/2740/1315 1251/2642/1294 1093/2308/1127
f 1273/2688/1316 1299/2741/1342 1138/2346/1176
f 934/1864/951 1299/2742/1342 1169/2743/1209
f 1156/2672/1196 1262/2671/1305 1300/2744/1343
f 1217/2724/1260 1281/2745/1324 1157/2746/1197
f 1301/2747/1344 1302/2748/1345 1303/2749/1346
f 1158/2729/1198 1199/2490/1242 1304/2750/1347
f 1304/2751/1347 1199/2752/1242 1296/2753/1339
f 1230/2577/1273 1274/2690/1317 1294/2732/1337
f 1246/2632/1289 1305/2754/1348 1267/2677/1310
f 1246/2632/1289 1252/2645/1295 1306/2755/1349
f 1241/2620/1284 1297/2735/1340 1200/2580/1243
f 1268/2707/1311 1132/2520/1170 1307/2756/1350
f 1261/2665/1304 1269/2679/1312 1308/2757/1351
f 1232/2584/1275 1258/2666/1301 1309/2758/1352
f 1309/2758/1352 1269/2679/1312 1232/2584/1275
f 1310/2759/1353 1256/2652/1299 1261/2665/1304
f 1275/2691/1318 1233/2587/1276 1285/2709/1328
f 1311/2760/1354 1234/2591/1277 1275/2691/1318
f 1192/2623/1235 1284/2708/1327 1285/2709/1328
f 1312/2761/1355 1258/2666/1301 1249/2695/1292
f 1132/2338/1170 1166/2474/1206 1279/2762/1322
f 1236/2763/1279 1298/2739/1341 1211/2698/1254
f 1078/2204/1106 1180/2450/1223 980/1995/997
f 1135/2343/1173 1313/2764/1356 1078/2204/1106
f 1289/2765/1332 1215/2658/1258 1110/2660/1144
f 1299/2742/1342 934/1864/951 1138/2528/1176
f 1196/2766/1239 1314/2767/1357 1280/2768/1323
f 1259/2769/1302 1226/2564/1269 1186/2462/1229
f 1314/2770/1357 1196/2771/1239 1315/2772/1358
f 1196/2771/1239 899/2773/916 1316/2774/1359
f 1316/2774/1359 899/2773/916 1317/2775/1360
f 1300/2744/1343 1217/2724/1260 1156/2672/1196
f 1318/2776/1361 1319/2777/1362 1303/2778/1346
f 1303/2779/1346 1302/2780/1345 1318/2781/1361
f 1158/2729/1198 1304/2750/1347 1291/2727/1334
f 1245/2630/1288 1293/2731/1336 1283/2703/1326
f 1292/2730/1335 1267/2677/1310 1305/2754/1348
f 1246/2632/1289 1306/2755/1349 1305/2754/1348
f 1229/2575/1272 1266/2676/1309 1293/2731/1336
f 1218/2782/1261 996/2021/1013 1088/2241/1122
f 1297/2735/1340 1307/2756/1350 1200/2580/1243
f 1218/2534/1261 1260/2783/1303 1107/2388/1141
f 1268/2707/1311 1307/2756/1350 1297/2735/1340
f 1320/2784/1363 1270/2680/1313 1257/2653/1300
f 1270/2680/1313 1321/2785/1364 1248/2635/1291
f 1322/2786/1365 1275/2691/1318 1285/2709/1328
f 1284/2708/1327 1256/2652/1299 1310/2759/1353
f 1257/2653/1300 1234/2591/1277 1311/2760/1354
f 1323/2787/1366 1261/2665/1304 1308/2757/1351
f 1323/2787/1366 1310/2759/1353 1261/2665/1304
f 1307/2788/1350 1132/2338/1170 1279/2762/1322
f 1167/2423/1207 1324/2789/1367 1212/2547/1255
f 1169/2790/1209 1325/2791/1368 1290/2792/1333
f 1196/2771/1239 1316/2774/1359 1315/2772/1358
f 1155/2793/1195 1263/2794/1306 1317/2775/1360
f 1300/2744/1343 1262/2671/1305 1326/2795/1369
f 1086/2728/1117 1291/2727/1334 1263/2794/1306
f 1304/2750/1347 1327/2796/1370 1291/2727/1334
f 1254/2648/1297 1328/2797/1371 1252/2645/1295
f 1294/2732/1337 1329/2798/1372 1296/2734/1339
f 1294/2732/1337 1274/2690/1317 1329/2798/1372
f 1283/2703/1326 1329/2798/1372 1274/2690/1317
f 1252/2645/1295 1328/2797/1371 1306/2755/1349
f 1258/2666/1301 1312/2761/1355 1309/2758/1352
f 1330/2799/1373 1248/2635/1291 1321/2785/1364
f 1257/2653/1300 1311/2760/1354 1320/2784/1363
f 1270/2680/1313 1320/2784/1363 1321/2785/1364
f 1331/2800/1374 1248/2635/1291 1330/2799/1373
f 1309/2758/1352 1308/2757/1351 1269/2679/1312
f 1221/2594/1264 1248/2635/1291 1331/2800/1374
f 1151/2444/1191 1247/2633/1290 1332/2801/1375
f 1276/2802/1319 1286/2803/1329 1277/2804/1320
f 1151/2389/1191 1332/2805/1375 1177/2497/1220
f 1136/2344/1174 1242/2624/1285 1288/2719/1331
f 1079/2206/1107 1333/2806/1376 1242/2624/1285
f 1141/2397/1179 1334/2807/1377 1139/2398/1177
f 1216/2531/1259 1280/2699/1323 1335/2808/1378
f 899/2773/916 1155/2793/1195 1317/2775/1360
f 1328/2797/1371 1254/2648/1297 1336/2809/1379
f 1253/2647/1296 1336/2809/1379 1254/2648/1297
f 1329/2798/1372 1283/2703/1326 1337/2810/1380
f 1293/2731/1336 1266/2676/1309 1338/2811/1381
f 1329/2798/1372 1339/2812/1382 1296/2734/1339
f 1304/2750/1347 1296/2734/1339 1340/2813/1383
f 1283/2703/1326 1293/2731/1336 1341/2814/1384
f 1295/2733/1338 1342/2815/1385 1266/2676/1309
f 1266/2676/1309 1342/2815/1385 1338/2811/1381
f 1305/2754/1348 1311/2760/1354 1292/2730/1335
f 1253/2647/1296 1331/2800/1374 1336/2809/1379
f 1296/2734/1339 1339/2812/1382 1340/2813/1383
f 1295/2733/1338 1322/2786/1365 1342/2815/1385
f 1283/2703/1326 1341/2814/1384 1337/2810/1380
f 1292/2730/1335 1322/2786/1365 1295/2733/1338
f 1311/2760/1354 1322/2786/1365 1292/2730/1335
f 1339/2812/1382 1309/2758/1352 1340/2813/1383
f 1328/2797/1371 1336/2809/1379 1330/2799/1373
f 1306/2755/1349 1321/2785/1364 1305/2754/1348
f 1328/2797/1371 1321/2785/1364 1306/2755/1349
f 1341/2814/1384 1338/2811/1381 1323/2787/1366
f 1338/2811/1381 1342/2815/1385 1284/2708/1327
f 1322/2786/1365 1285/2709/1328 1342/2815/1385
f 1328/2797/1371 1330/2799/1373 1321/2785/1364
f 1338/2811/1381 1310/2759/1353 1323/2787/1366
f 1341/2814/1384 1323/2787/1366 1337/2810/1380
f 1305/2754/1348 1321/2785/1364 1320/2784/1363
f 1340/2813/1383 1309/2758/1352 1312/2761/1355
f 1337/2810/1380 1308/2757/1351 1339/2812/1382
f 1305/2754/1348 1320/2784/1363 1311/2760/1354
f 1336/2809/1379 1331/2800/1374 1330/2799/1373
f 1337/2810/1380 1323/2787/1366 1308/2757/1351
f 1284/2708/1327 1342/2815/1385 1285/2709/1328
f 1322/2786/1365 1311/2760/1354 1275/2691/1318
f 1339/2812/1382 1308/2757/1351 1309/2758/1352
f 1331/2816/1374 1343/2817/1386 1221/2542/1264
f 1312/2761/1355 1249/2695/1292 1344/2818/1387
f 1249/2695/1292 1271/2681/1314 1345/2819/1388
f 1236/2763/1279 1287/2715/1330 1298/2739/1341
f 1286/2711/1329 1346/2820/1389 1278/2712/1321
f 1177/2447/1220 1324/2789/1367 1167/2423/1207
f 1242/2624/1285 1333/2806/1376 1288/2719/1331
f 1079/2206/1107 1213/2525/1256 1333/2806/1376
f 1314/2821/1357 1315/2822/1358 1280/2823/1323
f 1226/2564/1269 1259/2769/1302 1244/2629/1287
f 1103/2670/1137 1282/2824/1325 1262/2671/1305
f 1263/2794/1306 1347/2825/1390 1317/2775/1360
f 1348/2826/1391 1281/2745/1324 1217/2724/1260
f 1291/2727/1334 1347/2825/1390 1263/2794/1306
f 1200/2492/1243 1307/2788/1350 1349/2827/1392
f 1350/2828/1393 1327/2796/1370 1304/2750/1347
f 1304/2829/1347 1340/2830/1383 1350/2831/1393
f 1293/2731/1336 1338/2811/1381 1341/2814/1384
f 1329/2798/1372 1337/2810/1380 1339/2812/1382
f 1351/2832/1394 1340/2813/1383 1312/2761/1355
f 1350/2828/1393 1340/2813/1383 1351/2832/1394
f 1310/2759/1353 1338/2811/1381 1284/2708/1327
f 1345/2819/1388 1344/2818/1387 1249/2695/1292
f 1352/2833/1395 1353/2834/1396 1298/2739/1341
f 1287/2715/1330 1352/2833/1395 1298/2739/1341
f 1286/2711/1329 1354/2835/1397 1346/2820/1389
f 1346/2836/1389 1177/2497/1220 1332/2805/1375
f 1212/2522/1255 1355/2837/1398 1205/2523/1248
f 1180/2450/1223 1078/2204/1106 1313/2764/1356
f 1195/2838/1238 1205/2839/1248 1356/2840/1399
f 1356/2841/1399 1205/2523/1248 1355/2837/1398
f 1357/2842/1400 1135/2343/1173 1288/2719/1331
f 1273/2843/1316 1358/2844/1401 1299/2845/1342
f 1169/2743/1209 1299/2742/1342 1359/2846/1402
f 1319/2847/1362 1301/2747/1344 1303/2749/1346
f 1262/2671/1305 1282/2824/1325 1326/2795/1369
f 1291/2727/1334 1360/2848/1403 1347/2825/1390
f 1327/2796/1370 1360/2848/1403 1291/2727/1334
f 1253/2701/1296 1281/2700/1324 1331/2816/1374
f 1282/2702/1325 1200/2492/1243 1349/2827/1392
f 1350/2828/1393 1351/2832/1394 1327/2796/1370
f 1281/2700/1324 1343/2817/1386 1331/2816/1374
f 1351/2832/1394 1312/2761/1355 1344/2818/1387
f 1276/2849/1319 1278/2850/1321 1361/2851/1404
f 1276/2802/1319 1362/2852/1405 1286/2803/1329
f 1278/2853/1321 1346/2854/1389 1361/2855/1404
f 1212/2522/1255 1324/2856/1367 1355/2837/1398
f 1363/2857/1406 1181/2451/1224 1195/2524/1238
f 1250/2858/1293 1364/2859/1407 1365/2860/1408
f 1250/2861/1293 1365/2862/1408 1272/2863/1315
f 1288/2864/1331 1333/2865/1376 1366/2866/1409
f 1213/2867/1256 1367/2868/1410 1333/2869/1376
f 1213/2525/1256 1251/2668/1294 1368/2870/1411
f 1273/2688/1316 1139/2347/1177 1369/2871/1412
f 1141/2349/1179 1215/2530/1258 1334/2872/1377
f 1315/2822/1358 1370/2873/1413 1280/2823/1323
f 1318/2776/1361 1371/2874/1414 1319/2777/1362
f 1302/2875/1345 1301/2876/1344 1318/2877/1361
f 1326/2795/1369 1372/2878/1415 1300/2744/1343
f 1327/2796/1370 1351/2832/1394 1360/2848/1403
f 1360/2848/1403 1351/2832/1394 1344/2818/1387
f 1349/2827/1392 1307/2788/1350 1279/2762/1322
f 1193/2475/1236 1221/2542/1264 1343/2817/1386
f 1344/2818/1387 1345/2819/1388 1373/2879/1416
f 1353/2834/1396 1279/2696/1322 1298/2739/1341
f 1346/2836/1389 1324/2880/1367 1177/2497/1220
f 1313/2764/1356 1135/2343/1173 1357/2842/1400
f 1358/2844/1401 1359/2881/1402 1299/2845/1342
f 1374/2882/1417 1207/2883/1250 1208/2884/1251
f 1359/2846/1402 1325/2885/1368 1169/2743/1209
f 1371/2886/1414 1318/2887/1361 1375/2888/1418
f 1217/2724/1260 1300/2744/1343 1372/2878/1415
f 1347/2825/1390 1376/2889/1419 1377/2890/1420
f 1377/2890/1420 1376/2889/1419 1378/2891/1421
f 1376/2889/1419 1373/2879/1416 1345/2819/1388
f 1343/2892/1386 1287/2715/1330 1193/2714/1236
f 1352/2833/1395 1287/2715/1330 1343/2892/1386
f 1361/2851/1404 1362/2893/1405 1276/2849/1319
f 1379/2894/1422 1380/2895/1423 1381/2896/1424
f 1381/2896/1424 1313/2897/1356 1382/2898/1425
f 1381/2896/1424 1380/2895/1423 1180/2684/1223
f 1271/2681/1314 1180/2684/1223 1380/2895/1423
f 1346/2899/1389 1355/2900/1398 1324/2901/1367
f 1366/2866/1409 1357/2902/1400 1288/2864/1331
f 1272/2740/1315 1383/2903/1426 1251/2642/1294
f 1383/2903/1426 1384/2904/1427 1251/2642/1294
f 1207/2883/1250 1374/2882/1417 1289/2905/1332
f 1385/2906/1428 1290/2721/1333 1325/2907/1368
f 1265/2908/1308 1386/2909/1429 1116/2910/1153
f 1217/2724/1260 1372/2878/1415 1348/2826/1391
f 1282/2824/1325 1387/2911/1430 1326/2795/1369
f 1326/2795/1369 1387/2911/1430 1372/2878/1415
f 1116/2621/1153 1388/2912/1431 1088/2241/1122
f 1347/2825/1390 1373/2879/1416 1376/2889/1419
f 1389/2913/1432 1353/2834/1396 1352/2833/1395
f 1345/2819/1388 1271/2681/1314 1390/2914/1433
f 1286/2803/1329 1362/2852/1405 1354/2915/1397
f 1379/2894/1422 1381/2896/1424 1382/2898/1425
f 1381/2896/1424 1180/2684/1223 1313/2897/1356
f 1250/2669/1293 1391/2916/1434 1364/2917/1407
f 1273/2843/1316 1392/2918/1435 1358/2844/1401
f 1289/2765/1332 1393/2919/1436 1215/2658/1258
f 1359/2846/1402 1394/2920/1437 1325/2885/1368
f 1244/2629/1287 1259/2769/1302 1264/2921/1307
f 1377/2890/1420 1317/2775/1360 1347/2825/1390
f 1377/2890/1420 1378/2891/1421 1317/2775/1360
f 1088/2241/1122 1388/2912/1431 1218/2782/1261
f 1347/2825/1390 1360/2848/1403 1373/2879/1416
f 1348/2826/1391 1372/2878/1415 1389/2913/1432
f 1387/2911/1430 1395/2922/1438 1372/2878/1415
f 1387/2911/1430 1282/2824/1325 1349/2923/1392
f 1281/2745/1324 1348/2826/1391 1343/2892/1386
f 1344/2818/1387 1373/2879/1416 1360/2848/1403
f 1395/2922/1438 1389/2913/1432 1372/2878/1415
f 1343/2892/1386 1389/2913/1432 1352/2833/1395
f 1395/2922/1438 1349/2923/1392 1279/2696/1322
f 1395/2922/1438 1279/2696/1322 1353/2834/1396
f 1396/2924/1439 1333/2925/1376 1367/2926/1410
f 1397/2927/1440 1181/2451/1224 1363/2857/1406
f 1396/2928/1439 1213/2525/1256 1368/2870/1411
f 1213/2525/1256 1396/2928/1439 1367/2929/1410
f 1394/2930/1437 1359/2931/1402 1358/2932/1401
f 1398/2933/1441 1280/2934/1323 1370/2935/1413
f 1399/2936/1442 1316/2774/1359 1317/2775/1360
f 1386/2937/1429 1388/2912/1431 1116/2621/1153
f 1348/2826/1391 1389/2913/1432 1343/2892/1386
f 1349/2923/1392 1395/2922/1438 1387/2911/1430
f 1395/2922/1438 1353/2834/1396 1389/2913/1432
f 1376/2889/1419 1390/2914/1433 1378/2891/1421
f 1376/2889/1419 1345/2819/1388 1390/2914/1433
f 1247/2633/1290 1400/2938/1443 1332/2801/1375
f 1382/2939/1425 1313/2940/1356 1401/2941/1444
f 1361/2942/1404 1346/2943/1389 1332/2944/1375
f 1356/2945/1399 1363/2946/1406 1195/2947/1238
f 1402/2948/1445 1356/2949/1399 1355/2950/1398
f 1383/2951/1426 1272/2863/1315 1365/2862/1408
f 1396/2952/1439 1366/2866/1409 1333/2865/1376
f 1384/2953/1427 1368/2954/1411 1251/2955/1294
f 1391/2916/1434 1250/2669/1293 1181/2597/1224
f 1139/2398/1177 1334/2807/1377 1369/2956/1412
f 1239/2722/1282 1264/2957/1307 1259/2958/1302
f 1315/2959/1358 1316/2960/1359 1370/2961/1413
f 1399/2936/1442 1317/2775/1360 1378/2891/1421
f 1346/2962/1389 1402/2963/1445 1355/2964/1398
f 1397/2965/1440 1391/2966/1434 1181/2967/1224
f 1369/2871/1412 1392/2968/1435 1273/2688/1316
f 1392/2969/1435 1394/2930/1437 1358/2932/1401
f 1290/2721/1333 1371/2970/1414 1239/2722/1282
f 1264/2971/1307 1375/2972/1418 1265/2973/1308
f 1264/2974/1307 1371/2975/1414 1375/2976/1418
f 1375/2972/1418 1386/2977/1429 1265/2973/1308
f 1318/2877/1361 1301/2876/1344 1375/2978/1418
f 1247/2633/1290 1260/2663/1303 1403/2979/1446
f 1271/2681/1314 1380/2895/1423 1390/2914/1433
f 1362/2893/1405 1361/2851/1404 1402/2980/1445
f 1354/2835/1397 1402/2981/1445 1346/2820/1389
f 1357/2902/1400 1404/2982/1447 1313/2897/1356
f 1394/2920/1437 1405/2983/1448 1325/2885/1368
f 1335/2984/1378 1406/2985/1449 1216/2986/1259
f 1325/2987/1368 1405/2988/1448 1385/2989/1428
f 1239/2722/1282 1371/2970/1414 1264/2957/1307
f 1316/2774/1359 1399/2936/1442 1370/2935/1413
f 1371/2970/1414 1407/2990/1450 1319/2991/1362
f 1301/2876/1344 1407/2992/1450 1375/2978/1418
f 1361/2851/1404 1332/2993/1375 1402/2980/1445
f 1362/2994/1405 1402/2995/1445 1354/2996/1397
f 1408/2997/1451 1356/2949/1399 1409/2998/1452
f 1313/2897/1356 1404/2982/1447 1401/2999/1444
f 1208/3000/1251 1410/3001/1453 1374/3002/1417
f 1406/2985/1449 1335/2984/1378 1398/2933/1441
f 1280/2934/1323 1398/2933/1441 1335/2984/1378
f 1400/3003/1443 1402/3004/1445 1332/3005/1375
f 1356/2949/1399 1402/2948/1445 1409/2998/1452
f 1366/2866/1409 1404/2982/1447 1357/2902/1400
f 1405/3006/1448 1394/3007/1437 1411/3008/1454
f 1216/2986/1259 1410/3009/1453 1208/2884/1251
f 1216/2986/1259 1406/2985/1449 1410/3009/1453
f 1319/2847/1362 1407/3010/1450 1301/2747/1344
f 1378/2891/1421 1390/2914/1433 1412/3011/1455
f 1382/3012/1425 1413/3013/1456 1379/3014/1422
f 1260/2783/1303 1414/3015/1457 1403/3016/1446
f 1382/2939/1425 1401/2941/1444 1413/3017/1456
f 1247/2633/1290 1403/2979/1446 1400/2938/1443
f 1415/3018/1458 1404/3019/1447 1366/3020/1409
f 1356/3021/1399 1397/2927/1440 1363/2857/1406
f 1356/3021/1399 1416/3022/1459 1397/2927/1440
f 1416/3023/1459 1391/2966/1434 1397/2965/1440
f 1394/3007/1437 1392/3024/1435 1411/3008/1454
f 1392/3024/1435 1369/3025/1412 1417/3026/1460
f 1215/3027/1258 1393/3028/1436 1334/3029/1377
f 1405/3006/1448 1411/3008/1454 1385/3030/1428
f 1398/2933/1441 1370/2935/1413 1418/3031/1461
f 1290/2721/1333 1419/3032/1462 1371/2970/1414
f 1419/3032/1462 1290/2721/1333 1385/2906/1428
f 1218/2534/1261 1420/3033/1463 1414/3015/1457
f 1218/2534/1261 1414/3015/1457 1260/2783/1303
f 1390/2914/1433 1380/2895/1423 1412/3011/1455
f 1413/3013/1456 1380/3034/1423 1379/3014/1422
f 1400/3035/1443 1409/2998/1452 1402/2948/1445
f 1421/3036/1464 1366/2866/1409 1396/2952/1439
f 1396/2952/1439 1368/2954/1411 1421/3036/1464
f 1289/2905/1332 1374/2882/1417 1422/3037/1465
f 1388/2912/1431 1420/3038/1463 1218/2782/1261
f 1399/2936/1442 1378/2891/1421 1412/3011/1455
f 1423/3039/1466 1408/2997/1451 1409/2998/1452
f 1416/3040/1459 1424/3041/1467 1391/3042/1434
f 1399/2936/1442 1418/3031/1461 1370/2935/1413
f 1386/3043/1429 1375/2978/1418 1407/2992/1450
f 1386/3044/1429 1407/3045/1450 1388/3046/1431
f 1403/3047/1446 1414/3048/1457 1425/3049/1468
f 1403/2979/1446 1409/3050/1452 1400/2938/1443
f 1366/2866/1409 1426/3051/1469 1415/3052/1458
f 1421/3036/1464 1368/2954/1411 1427/3053/1470
f 1289/2905/1332 1422/3037/1465 1393/3028/1436
f 1334/2807/1377 1428/3054/1471 1369/2956/1412
f 1393/3028/1436 1428/3055/1471 1334/3029/1377
f 1411/3056/1454 1429/3057/1472 1385/3058/1428
f 1418/3031/1461 1399/2936/1442 1430/3059/1473
f 1414/3048/1457 1431/3060/1474 1425/3049/1468
f 1409/2998/1452 1403/3047/1446 1425/3049/1468
f 1432/3061/1475 1423/3039/1466 1409/2998/1452
f 1424/3062/1467 1356/3021/1399 1408/3063/1451
f 1421/3036/1464 1426/3051/1469 1366/2866/1409
f 1433/3064/1476 1384/2904/1427 1383/2903/1426
f 1424/3062/1467 1416/3022/1459 1356/3021/1399
f 1424/3065/1467 1364/3066/1407 1391/3067/1434
f 1398/2933/1441 1434/3068/1477 1406/2985/1449
f 1410/3009/1453 1406/2985/1449 1434/3068/1477
f 1435/3069/1478 1419/3032/1462 1385/2906/1428
f 1419/3032/1462 1407/2990/1450 1371/2970/1414
f 1434/3068/1477 1418/3031/1461 1436/3070/1479
f 1418/3031/1461 1430/3059/1473 1436/3070/1479
f 1437/3071/1480 1388/3072/1431 1407/2990/1450
f 1388/3072/1431 1431/3060/1474 1420/3073/1463
f 1388/3072/1431 1437/3071/1480 1431/3060/1474
f 1412/3011/1455 1380/2895/1423 1413/3074/1456
f 1425/3049/1468 1432/3061/1475 1409/2998/1452
f 1438/3075/1481 1413/3074/1456 1401/2999/1444
f 1439/3076/1482 1383/2951/1426 1365/2862/1408
f 1439/3077/1482 1365/2860/1408 1364/2859/1407
f 1427/3053/1470 1368/2954/1411 1384/2953/1427
f 1374/2882/1417 1440/3078/1483 1422/3037/1465
f 1417/3026/1460 1411/3008/1454 1392/3024/1435
f 1393/3028/1436 1441/3079/1484 1428/3055/1471
f 1398/2933/1441 1418/3031/1461 1434/3068/1477
f 1429/3057/1472 1435/3080/1478 1385/3058/1428
f 1399/2936/1442 1412/3011/1455 1430/3059/1473
f 1431/3081/1474 1414/3015/1457 1420/3033/1463
f 1412/3011/1455 1413/3074/1456 1430/3059/1473
f 1442/3082/1485 1413/3074/1456 1438/3075/1481
f 1438/3075/1481 1401/2999/1444 1404/2982/1447
f 1439/3077/1482 1364/2859/1407 1443/3083/1486
f 1369/3025/1412 1444/3084/1487 1417/3026/1460
f 1428/3054/1471 1444/3085/1487 1369/2956/1412
f 1417/3026/1460 1429/3086/1472 1411/3008/1454
f 1410/3009/1453 1434/3068/1477 1445/3087/1488
f 1419/3032/1462 1437/3071/1480 1407/2990/1450
f 1437/3071/1480 1425/3049/1468 1431/3060/1474
f 1419/3032/1462 1446/3088/1489 1447/3089/1490
f 1446/3088/1489 1432/3061/1475 1447/3089/1490
f 1442/3082/1485 1430/3059/1473 1413/3074/1456
f 1448/3090/1491 1432/3091/1475 1446/3092/1489
f 1442/3093/1485 1438/3094/1481 1415/3095/1458
f 1415/3052/1458 1438/3075/1481 1404/2982/1447
f 1364/3066/1407 1449/3096/1492 1443/3097/1486
f 1417/3026/1460 1450/3098/1493 1429/3086/1472
f 1410/3009/1453 1440/3078/1483 1374/2882/1417
f 1410/3009/1453 1445/3087/1488 1451/3099/1494
f 1419/3032/1462 1447/3089/1490 1437/3071/1480
f 1435/3069/1478 1452/3100/1495 1419/3032/1462
f 1419/3032/1462 1452/3100/1495 1446/3088/1489
f 1446/3088/1489 1452/3100/1495 1448/3101/1491
f 1453/3102/1496 1430/3059/1473 1442/3082/1485
f 1448/3101/1491 1423/3039/1466 1432/3061/1475
f 1415/3052/1458 1453/3102/1496 1442/3082/1485
f 1423/3103/1466 1424/3062/1467 1408/3063/1451
f 1454/3104/1497 1384/2953/1427 1433/3105/1476
f 1424/3065/1467 1449/3096/1492 1364/3066/1407
f 1410/3009/1453 1451/3099/1494 1440/3078/1483
f 1447/3089/1490 1425/3049/1468 1437/3071/1480
f 1447/3089/1490 1432/3061/1475 1425/3049/1468
f 1430/3059/1473 1453/3102/1496 1436/3070/1479
f 1427/3053/1470 1384/2953/1427 1454/3104/1497
f 1417/3026/1460 1455/3106/1498 1450/3098/1493
f 1393/3028/1436 1422/3037/1465 1441/3079/1484
f 1445/3087/1488 1434/3068/1477 1436/3070/1479
f 1456/3107/1499 1448/3101/1491 1452/3100/1495
f 1453/3102/1496 1415/3052/1458 1426/3051/1469
f 1457/3108/1500 1383/2951/1426 1439/3076/1482
f 1423/3109/1466 1449/3096/1492 1424/3065/1467
f 1440/3078/1483 1441/3079/1484 1422/3037/1465
f 1441/3079/1484 1458/3110/1501 1428/3055/1471
f 1429/3057/1472 1450/3111/1493 1435/3080/1478
f 1435/3069/1478 1459/3112/1502 1452/3100/1495
f 1459/3112/1502 1456/3107/1499 1452/3100/1495
f 1460/3113/1503 1453/3102/1496 1426/3051/1469
f 1461/3114/1504 1426/3051/1469 1421/3036/1464
f 1457/3115/1500 1433/3064/1476 1383/2903/1426
f 1417/3026/1460 1444/3084/1487 1455/3106/1498
f 1441/3116/1484 1462/3117/1505 1458/3118/1501
f 1435/3119/1478 1450/3120/1493 1459/3121/1502
f 1428/3055/1471 1458/3110/1501 1463/3122/1506
f 1445/3087/1488 1460/3113/1503 1451/3099/1494
f 1436/3070/1479 1460/3113/1503 1445/3087/1488
f 1460/3113/1503 1426/3051/1469 1461/3114/1504
f 1463/3122/1506 1457/3108/1500 1439/3076/1482
f 1421/3123/1464 1427/3124/1470 1461/3125/1504
f 1457/3108/1500 1464/3126/1507 1433/3105/1476
f 1439/3077/1482 1443/3083/1486 1465/3127/1508
f 1464/3126/1507 1466/3128/1509 1454/3104/1497
f 1454/3104/1497 1433/3105/1476 1464/3126/1507
f 1427/3053/1470 1454/3104/1497 1467/3129/1510
f 1440/3078/1483 1451/3099/1494 1468/3130/1511
f 1428/3054/1471 1469/3131/1512 1444/3085/1487
f 1428/3054/1471 1463/3132/1506 1469/3131/1512
f 1436/3070/1479 1453/3102/1496 1460/3113/1503
f 1463/3132/1506 1439/3077/1482 1465/3127/1508
f 1440/3078/1483 1470/3133/1513 1441/3079/1484
f 1440/3078/1483 1468/3130/1511 1470/3133/1513
f 1457/3108/1500 1463/3122/1506 1458/3110/1501
f 1448/3134/1491 1449/3096/1492 1423/3109/1466
f 1427/3053/1470 1467/3129/1510 1461/3114/1504
f 1466/3128/1509 1467/3129/1510 1454/3104/1497
f 1443/3097/1486 1449/3096/1492 1465/3135/1508
f 1470/3133/1513 1462/3136/1505 1441/3079/1484
f 1455/3106/1498 1444/3084/1487 1469/3137/1512
f 1462/3117/1505 1471/3138/1514 1458/3118/1501
f 1470/3133/1513 1468/3130/1511 1472/3139/1515
f 1468/3130/1511 1451/3099/1494 1460/3113/1503
f 1463/3132/1506 1465/3127/1508 1469/3131/1512
f 1473/3140/1516 1448/3134/1491 1456/3141/1499
f 1466/3128/1509 1464/3126/1507 1471/3142/1514
f 1459/3143/1502 1474/3144/1517 1456/3145/1499
f 1456/3141/1499 1474/3146/1517 1473/3140/1516
f 1471/3138/1514 1464/3147/1507 1458/3118/1501
f 1458/3110/1501 1464/3126/1507 1457/3108/1500
f 1472/3139/1515 1461/3114/1504 1467/3129/1510
f 1474/3146/1517 1459/3148/1502 1450/3098/1493
f 1455/3106/1498 1469/3137/1512 1450/3098/1493
f 1462/3136/1505 1470/3133/1513 1471/3142/1514
f 1472/3139/1515 1471/3142/1514 1470/3133/1513
f 1468/3130/1511 1460/3113/1503 1472/3139/1515
f 1450/3098/1493 1469/3137/1512 1465/3135/1508
f 1450/3098/1493 1473/3140/1516 1474/3146/1517
f 1472/3139/1515 1466/3128/1509 1471/3142/1514
f 1450/3098/1493 1465/3135/1508 1473/3140/1516
f 1472/3139/1515 1467/3129/1510 1466/3128/1509
f 1473/3140/1516 1449/3096/1492 1448/3134/1491
f 1473/3140/1516 1465/3135/1508 1449/3096/1492
f 1461/3114/1504 1472/3139/1515 1460/3113/1503
