# Blender 4.4.0
# www.blender.org
mtllib A_realistic_3D_image__1108225542_texture.mtl
o A_realistic_3D_image__1108225542_texture
v 0.115372 -0.876345 -0.339800
v 0.192533 -0.907875 -0.340796
v 0.154390 -0.910338 -0.329560
v 0.310143 -0.839829 -0.343395
v -0.145389 -0.843163 -0.345325
v -0.000063 -0.861431 -0.341310
v -0.111373 -0.874538 -0.337217
v 0.028743 -0.829810 -0.343452
v -0.430307 -0.889305 -0.341172
v -0.303775 -0.957547 -0.336421
v -0.438441 -0.952136 -0.336512
v 0.440624 -0.915666 -0.340530
v -0.225887 -0.949088 -0.336978
v -0.159180 -0.910651 -0.335118
v 0.404568 -0.832440 -0.338313
v 0.441780 -0.890900 -0.337536
v 0.020642 -0.873834 -0.333526
v -0.342365 -0.819489 -0.332689
v -0.055305 -0.818812 -0.333198
v 0.228350 -0.957092 -0.336938
v 0.378181 -0.957130 -0.335090
v 0.440007 -0.955151 -0.332997
v -0.194818 -0.914403 -0.329467
v 0.414409 -0.819780 -0.327539
v -0.414128 -0.821534 -0.333538
v 0.213363 -0.818310 -0.329631
v -0.433459 -0.958228 -0.327448
v -0.442474 -0.887313 -0.309810
v 0.135198 -0.878478 -0.246338
v 0.306516 0.890059 -0.326728
v 0.447541 0.945511 -0.327062
v 0.443645 0.885009 -0.323200
v 0.447372 0.958834 -0.323779
v -0.155555 0.884849 -0.325663
v -0.085796 0.957663 -0.325848
v 0.064944 0.890223 -0.327029
v -0.324885 0.887653 -0.326074
v -0.448709 0.891963 -0.326783
v -0.303168 0.959582 -0.325249
v 0.157427 0.951151 -0.326730
v 0.254026 0.955681 -0.326381
v -0.441320 -0.947821 -0.190044
v 0.006719 -0.869755 -0.242025
v -0.201871 -0.815593 -0.308791
v 0.006656 -0.816083 -0.308638
v -0.440840 0.883629 -0.317052
v 0.237590 0.882968 -0.317924
v 0.038906 0.883172 -0.319044
v -0.444582 0.958425 -0.325100
v 0.019270 0.959858 -0.317790
v 0.181779 0.959825 -0.317784
v -0.225815 -0.958260 -0.251192
v -0.153771 -0.910943 -0.268358
v -0.134932 -0.881094 -0.247749
v 0.418658 -0.821238 -0.222670
v -0.391804 -0.815662 -0.307949
v 0.391902 -0.813879 -0.303591
v -0.334679 0.882665 -0.302584
v 0.182419 -0.813016 -0.301372
v 0.312728 -0.814334 -0.302389
v -0.049543 0.882927 -0.234996
v -0.168331 0.960162 -0.162546
v 0.351104 -0.957616 -0.251716
v -0.191861 -0.800367 -0.311071
v -0.105256 -0.745173 -0.311307
v 0.019189 -0.798396 -0.311497
v 0.084404 -0.747027 -0.309720
v -0.400975 -0.799022 -0.310338
v -0.247505 -0.750269 -0.311311
v 0.258585 -0.797729 -0.312261
v 0.189618 -0.745635 -0.311459
v 0.377637 -0.745156 -0.309006
v -0.449696 0.889894 -0.099596
v 0.192197 -0.913253 -0.277011
v 0.018406 -0.810559 -0.303823
v -0.388539 -0.810105 -0.303747
v 0.401313 -0.801127 -0.308554
v -0.377897 -0.744953 -0.302075
v 0.449762 0.893470 -0.203382
v -0.448094 0.959347 -0.225031
v -0.136362 -0.810523 -0.304193
v 0.319275 0.882553 -0.240413
v -0.186475 -0.906897 -0.253625
v -0.261904 -0.742246 -0.249459
v 0.392833 -0.814853 -0.273212
v 0.222994 -0.742843 -0.189737
v 0.440672 -0.957761 -0.070193
v 0.361296 -0.958638 -0.236388
v -0.439725 -0.876946 -0.141311
v 0.332109 0.960089 -0.151890
v 0.153776 -0.907691 -0.257358
v -0.394283 -0.816441 -0.190219
v 0.349876 0.882896 -0.206694
v 0.440090 -0.879710 -0.085176
v 0.383357 -0.746214 -0.164302
v -0.271446 0.879205 -0.239582
v -0.360393 -0.957757 -0.251251
v 0.266456 -0.742376 -0.245552
v 0.321422 -0.741291 -0.244129
v 0.439769 0.959594 -0.118988
v 0.227142 -0.958448 -0.251561
v -0.318165 0.881362 -0.239926
v 0.270463 0.881792 -0.240281
v 0.400001 -0.799624 -0.189346
v -0.223322 -0.742016 -0.200343
v -0.089641 -0.742838 -0.149010
v 0.199852 -0.911526 -0.249436
v -0.343243 -0.742568 -0.207608
v -0.317059 -0.741892 -0.246737
v 0.271436 -0.024589 -0.254185
v 0.322986 0.056222 -0.254455
v 0.324502 -0.191051 -0.252703
v 0.322064 0.250713 -0.253358
v 0.271369 -0.471939 -0.250645
v 0.321735 -0.578777 -0.248729
v -0.322070 -0.332520 -0.252597
v -0.272902 -0.429545 -0.251302
v -0.321917 -0.624369 -0.246788
v 0.322422 -0.308114 -0.252733
v -0.271765 -0.140743 -0.253541
v -0.322765 0.041926 -0.254589
v -0.272069 0.125461 -0.253973
v 0.272941 0.337174 -0.251417
v -0.270777 0.300010 -0.251444
v -0.323504 0.327592 -0.251579
v 0.321671 0.479643 -0.248781
v 0.273130 0.533075 -0.247613
v -0.267810 -0.733586 -0.246867
v -0.269283 -0.626793 -0.247537
v 0.226254 -0.330788 -0.199197
v 0.227570 -0.054655 -0.204704
v -0.356911 -0.256152 -0.192018
v -0.229766 0.090362 -0.207948
v -0.227228 0.178289 -0.200120
v -0.357264 0.231746 -0.190291
v -0.272583 0.553380 -0.246498
v -0.323577 0.484503 -0.247861
v -0.321819 0.607844 -0.245496
v -0.332589 -0.884098 -0.248293
v 0.331328 -0.883831 -0.248355
v -0.389619 -0.809451 -0.179879
v 0.393110 -0.812820 -0.231760
v -0.250776 -0.741624 -0.227864
v -0.226298 -0.422550 -0.196736
v -0.357676 -0.427880 -0.188491
v 0.357562 -0.256593 -0.190228
v 0.357169 0.121860 -0.191169
v 0.227470 0.147723 -0.203460
v -0.356896 0.481129 -0.186911
v -0.227337 0.499912 -0.199724
v 0.324408 0.640645 -0.241675
v 0.273377 0.741350 -0.242563
v -0.438485 0.883014 -0.116471
v 0.350317 -0.875949 -0.237517
v -0.188083 -0.806753 -0.194072
v -0.380026 -0.744568 -0.206830
v -0.356619 -0.634761 -0.181986
v -0.354989 -0.875197 -0.233843
v -0.308572 -0.823297 -0.206519
v 0.237868 -0.809099 -0.196478
v -0.417746 -0.820477 -0.110348
v 0.224871 -0.597075 -0.190934
v 0.357528 0.512589 -0.182973
v 0.342538 -0.864005 -0.234157
v -0.227511 -0.737871 -0.197424
v 0.226819 0.628065 -0.195465
v -0.362695 -0.958488 -0.076155
v 0.333088 -0.852102 -0.226225
v -0.326269 -0.841739 -0.218388
v -0.403376 -0.796191 -0.118929
v 0.227206 0.458255 -0.201028
v -0.356134 0.731562 -0.179755
v -0.352026 0.881823 -0.189439
v 0.226602 0.882304 -0.198307
v -0.048179 -0.814718 -0.199953
v -0.229749 0.039919 -0.207136
v 0.158059 0.882728 -0.152890
v 0.360068 -0.880923 -0.212356
v 0.307529 -0.820473 -0.203923
v -0.358046 -0.034616 -0.192156
v -0.226684 -0.194444 -0.201792
v 0.342763 0.877772 -0.205627
v -0.222811 0.882120 -0.185726
v -0.225626 0.785939 -0.193297
v 0.357063 -0.587352 -0.183801
v -0.228036 0.319988 -0.204278
v -0.225035 -0.641329 -0.191822
v 0.121549 -0.806419 -0.192145
v 0.228228 0.733496 -0.197711
v 0.356604 0.880393 -0.175246
v -0.292814 -0.807324 -0.192934
v 0.296331 -0.806530 -0.184691
v 0.357263 -0.740497 -0.180629
v -0.356730 0.091765 -0.189218
v -0.231322 0.009721 -0.180897
v 0.362559 -0.958583 -0.087474
v -0.296600 -0.806785 -0.110936
v 0.395923 -0.817846 -0.127822
v 0.237665 0.143110 -0.152986
v 0.450087 0.950877 -0.149287
v -0.054277 -0.806163 -0.188993
v 0.236981 -0.308367 -0.153301
v 0.237400 0.441009 -0.153321
v 0.231362 0.829408 -0.165050
v -0.361125 -0.882592 -0.054352
v 0.237375 -0.000943 -0.153271
v -0.237548 0.213508 -0.153107
v -0.236120 0.440575 -0.153185
v -0.237689 0.568125 -0.153452
v -0.127707 -0.806078 -0.054949
v 0.295161 -0.805770 0.029833
v 0.382118 -0.744176 -0.060156
v 0.238163 -0.617502 -0.153636
v -0.324405 -0.232101 -0.125625
v -0.326827 -0.131560 -0.129738
v 0.327254 -0.129279 -0.131293
v -0.061222 0.005095 -0.179700
v -0.078038 0.017779 -0.167970
v -0.011570 0.051737 -0.179395
v -0.325171 0.115726 -0.125995
v 0.226965 0.881597 -0.176049
v -0.236878 0.749968 -0.153232
v 0.418719 -0.822121 -0.122517
v -0.232746 -0.715721 -0.149352
v -0.323712 -0.498830 -0.121922
v 0.325234 -0.280493 -0.126412
v 0.081284 -0.018948 -0.174622
v 0.055513 -0.080240 -0.166659
v 0.031751 -0.073364 -0.176376
v -0.016369 0.021243 -0.164560
v 0.034584 0.012386 -0.170162
v 0.051366 0.039558 -0.177273
v -0.238419 0.079139 -0.152629
v -0.327654 0.422038 -0.124258
v 0.326323 0.387284 -0.124845
v 0.439950 0.883025 -0.072280
v -0.325797 -0.740355 -0.116798
v -0.229541 -0.740772 -0.151423
v -0.236976 -0.617416 -0.153390
v -0.238421 -0.384863 -0.153117
v -0.030572 -0.088592 -0.176556
v -0.026796 -0.051859 -0.166816
v 0.018887 -0.058280 -0.167341
v -0.068228 -0.054458 -0.176537
v 0.038978 -0.037736 -0.167410
v -0.043278 -0.004534 -0.168009
v 0.030652 0.061665 -0.147678
v 0.237157 0.631649 -0.153305
v 0.321046 0.726367 -0.115857
v -0.236061 0.877790 -0.153982
v -0.225195 0.882699 -0.166002
v 0.401146 -0.789789 -0.102276
v 0.018690 -0.099325 -0.146885
v -0.345648 0.879700 -0.150448
v -0.047203 0.882613 -0.152703
v 0.323634 -0.742898 -0.114006
v -0.040674 -0.092559 -0.146679
v 0.089476 -0.028192 -0.148802
v -0.085843 0.004485 -0.150018
v 0.072278 0.024562 -0.146374
v 0.173503 0.960114 0.052371
v -0.441311 -0.906025 -0.032441
v -0.391360 -0.812354 -0.022534
v -0.038267 -0.042743 -0.152774
v -0.070682 -0.068113 -0.146773
v 0.322911 0.031040 -0.128016
v -0.029195 0.069349 -0.147635
v -0.237642 -0.010216 -0.152761
v -0.000433 0.104181 -0.160108
v 0.000563 0.125391 -0.145988
v 0.233003 -0.741846 -0.149915
v 0.237739 -0.483375 -0.152024
v -0.235791 -0.184902 -0.148712
v 0.233431 0.879585 -0.150273
v 0.329247 0.881448 -0.119147
v 0.361953 -0.883825 -0.043058
v 0.049252 -0.090349 -0.146220
v 0.006526 -0.059247 -0.088026
v 0.048570 0.050461 -0.147098
v -0.225571 0.881530 -0.152124
v 0.390478 -0.809987 -0.104030
v 0.204537 -0.699441 -0.146531
v -0.206152 -0.699473 -0.147012
v 0.017406 -0.700988 -0.147284
v 0.231346 -0.600117 -0.147246
v -0.231872 -0.380256 -0.147752
v -0.207316 -0.474873 -0.146701
v 0.204087 -0.442647 -0.145733
v 0.231273 -0.332978 -0.148597
v -0.206524 -0.231345 -0.147164
v 0.202287 -0.102222 -0.144340
v 0.231280 -0.106574 -0.147240
v -0.205596 0.032885 -0.146537
v -0.231458 0.036742 -0.147740
v -0.122742 -0.106124 -0.145550
v 0.233478 0.019558 -0.148477
v 0.122698 0.088258 -0.145783
v 0.121247 -0.024394 -0.141624
v 0.204078 0.179220 -0.146203
v -0.123229 0.085065 -0.145484
v 0.231036 0.143759 -0.147844
v -0.231572 0.310376 -0.147415
v -0.206738 0.434632 -0.146888
v 0.205368 0.359241 -0.146406
v 0.231418 0.599782 -0.147952
v -0.231997 0.660171 -0.147693
v 0.207084 0.696308 -0.146796
v -0.206299 0.847121 -0.146473
v -0.323343 0.721586 -0.116705
v 0.204258 0.844058 -0.145964
v -0.231179 0.876047 -0.147389
v -0.076170 0.848870 -0.146981
v 0.178075 0.875996 -0.147163
v 0.073347 0.849756 -0.147182
v 0.175032 -0.675362 -0.115673
v 0.149343 -0.644166 -0.145394
v -0.153003 -0.643053 -0.145707
v 0.154300 -0.501576 -0.145610
v -0.156529 -0.500938 -0.142841
v -0.137280 -0.468672 -0.145236
v 0.018970 -0.372987 -0.146157
v 0.155464 -0.411824 -0.145175
v 0.135512 -0.460839 -0.145119
v -0.156727 -0.418319 -0.144928
v 0.149796 -0.353522 -0.144272
v -0.015697 -0.199000 -0.145739
v -0.154096 -0.315053 -0.145231
v 0.153992 -0.139988 -0.145341
v -0.155915 -0.144046 -0.144988
v 0.123416 -0.105808 -0.144002
v -0.124374 -0.012298 -0.131635
v 0.154292 0.118183 -0.144614
v -0.153807 0.117889 -0.144198
v -0.156419 0.231737 -0.144474
v 0.155183 0.237075 -0.144738
v 0.027675 0.360092 -0.146081
v 0.149865 0.357646 -0.144610
v -0.143887 0.266781 -0.145279
v -0.009450 0.358360 -0.145875
v -0.151333 0.360276 -0.144251
v -0.133776 -0.663329 -0.116798
v -0.178922 -0.677378 -0.118964
v -0.153371 -0.444395 -0.117203
v 0.151491 -0.439254 -0.116623
v 0.176229 -0.153601 -0.116119
v 0.127127 -0.108492 -0.118368
v 0.177162 0.094853 -0.115316
v 0.129581 0.086785 -0.116144
v -0.105635 0.364729 -0.123341
v -0.187621 0.410174 -0.126637
v -0.181014 0.565901 -0.120612
v -0.186838 0.464851 -0.126684
v -0.185318 0.653254 -0.124059
v -0.180192 0.727583 -0.119066
v -0.183745 0.822062 -0.123760
v -0.100950 0.814722 -0.112954
v -0.033428 0.825949 -0.122141
v 0.112640 0.821881 -0.118595
v 0.053251 0.821184 -0.118077
v 0.184948 0.825761 -0.124334
v -0.159755 -0.503182 -0.118112
v 0.146440 -0.477699 -0.118588
v 0.161329 -0.409723 -0.116940
v -0.126878 -0.107507 -0.119916
v -0.129951 0.088681 -0.115416
v -0.160284 0.120925 -0.117944
v -0.149782 0.253969 -0.117836
v 0.156325 0.244399 -0.115863
v -0.158208 0.362847 -0.116447
v -0.115200 0.364132 -0.117732
v -0.056092 0.366464 -0.115963
v 0.096118 0.364429 -0.118798
v -0.093523 0.460249 -0.119258
v -0.094809 0.536897 -0.138125
v -0.032053 0.493734 -0.136794
v 0.183715 0.721686 -0.123800
v 0.180317 0.633175 -0.118613
v -0.119404 0.603947 -0.135775
v -0.103182 0.676207 -0.138619
v -0.089275 0.626253 -0.118280
v -0.148611 0.704467 -0.120402
v -0.058105 0.728327 -0.134879
v 0.098385 0.766149 -0.120360
v 0.119614 0.676281 -0.135618
v 0.052193 0.732549 -0.136014
v -0.047204 0.698182 -0.125657
v 0.008575 0.733603 -0.135923
v -0.320074 0.881937 -0.113249
v -0.158975 -0.644221 -0.116504
v -0.176362 -0.490023 -0.115612
v 0.157252 -0.345992 -0.116863
v -0.176855 0.124754 -0.116297
v 0.046571 -0.005007 -0.062793
v 0.159978 0.216749 -0.117894
v 0.175676 0.234972 -0.115562
v 0.020687 0.457111 -0.126293
v 0.089580 0.530844 -0.139187
v 0.099585 0.461426 -0.120978
v 0.033562 0.530122 -0.124536
v -0.043019 0.532976 -0.127098
v -0.052280 0.543924 -0.123009
v 0.184035 0.519297 -0.124299
v 0.162480 0.555403 -0.121850
v 0.104978 0.571353 -0.133265
v -0.157247 0.636821 -0.122977
v 0.035954 0.705654 -0.121294
v -0.094587 0.769594 -0.120251
v -0.045227 0.787383 -0.122297
v -0.382498 -0.745126 0.005221
v -0.159905 -0.137654 -0.117211
v -0.176925 -0.152251 -0.116071
v -0.158672 0.276257 -0.115634
v -0.103549 0.390347 -0.132591
v -0.080086 0.405445 -0.115709
v 0.178395 0.429149 -0.116976
v -0.134121 0.507048 -0.120319
v 0.079298 0.573337 -0.123243
v 0.087745 0.646711 -0.124516
v -0.076925 0.664872 -0.113171
v -0.129532 0.786017 -0.124733
v -0.137982 0.745378 -0.127363
v 0.149324 0.721483 -0.121784
v 0.022213 0.794997 -0.122139
v -0.009783 -0.676424 -0.115895
v 0.159760 -0.601783 -0.118408
v 0.147836 -0.657949 -0.117330
v 0.157876 -0.498268 -0.118087
v -0.159551 -0.424411 -0.115210
v -0.173577 -0.329834 -0.113786
v 0.159310 -0.140303 -0.120196
v 0.159684 0.118802 -0.118368
v 0.158612 0.359673 -0.115900
v 0.117689 0.400291 -0.118669
v 0.086889 0.416834 -0.116090
v 0.179610 0.394353 -0.119343
v 0.149588 0.436854 -0.126781
v 0.029024 0.399761 -0.117495
v -0.061172 0.420074 -0.125650
v -0.162748 0.491566 -0.125582
v -0.134444 0.441666 -0.117053
v 0.140047 0.452473 -0.114647
v 0.142148 0.471624 -0.125744
v -0.027563 0.810283 -0.126666
v 0.177175 -0.468383 -0.114825
v 0.322747 -0.504317 -0.121407
v -0.158725 -0.339763 -0.117444
v 0.173106 -0.363075 -0.115236
v -0.285957 -0.155155 -0.123084
v -0.293399 -0.108853 -0.124907
v -0.293379 0.150021 -0.124019
v -0.129018 0.398142 -0.115228
v -0.175405 0.420643 -0.117434
v -0.025894 0.530497 -0.091746
v 0.003758 0.719590 -0.008390
v -0.438246 -0.957058 -0.069982
v 0.287156 -0.299720 -0.122699
v -0.287053 -0.378740 -0.119986
v -0.286159 -0.295379 -0.121490
v 0.269693 -0.281537 -0.122388
v -0.269745 -0.282415 -0.121786
v 0.164243 -0.134813 -0.116482
v 0.268728 -0.168568 -0.118570
v 0.292348 -0.148599 -0.124066
v -0.268656 -0.171983 -0.116317
v 0.286355 -0.153668 -0.119111
v -0.286688 -0.103201 -0.119373
v -0.133172 -0.107182 -0.115094
v 0.287133 0.156744 -0.119422
v 0.292632 0.171085 -0.124539
v -0.286713 0.245291 -0.119748
v -0.289260 0.330176 -0.120675
v 0.292098 0.329469 -0.121476
v -0.175371 0.391357 -0.116257
v -0.074481 0.567388 -0.028471
v 0.286896 -0.640610 -0.113190
v 0.286673 -0.505429 -0.114264
v -0.286604 -0.653260 -0.111435
v -0.287093 -0.520014 -0.113705
v 0.287056 0.312836 -0.114766
v 0.287448 0.497065 -0.112920
v -0.288129 0.519977 -0.116443
v 0.291785 0.510627 -0.117288
v -0.288834 -0.742955 -0.109299
v -0.286157 -0.297546 0.039935
v -0.012780 -0.056594 0.042733
v 0.286549 0.152407 0.020061
v -0.286587 0.151943 0.004612
v 0.289369 0.689020 -0.113156
v -0.287622 0.778781 -0.110626
v 0.289243 0.878530 -0.110203
v 0.289056 -0.740332 -0.107653
v -0.269418 -0.282465 0.121477
v 0.268846 -0.282446 0.120294
v -0.040177 0.003995 -0.038451
v -0.286604 0.574517 0.028762
v 0.286672 0.693934 -0.106687
v -0.288521 0.876733 -0.106737
v 0.286522 0.448681 0.020629
v -0.000505 0.527130 0.123139
v 0.048424 0.541411 0.122724
v 0.021646 0.016931 -0.057403
v 0.286805 0.876218 -0.095388
v -0.295175 -0.806579 0.192887
v 0.285636 -0.300034 -0.051756
v -0.269186 -0.169375 0.122603
v -0.286612 0.037789 0.122905
v -0.048493 -0.017833 0.041831
v -0.445018 0.883556 0.009608
v 0.292955 0.882510 -0.043494
v -0.447840 0.959181 -0.048402
v 0.292689 -0.741027 -0.031083
v 0.286946 -0.735028 -0.003717
v 0.286382 -0.155602 0.009882
v 0.396874 -0.817578 0.003230
v 0.089414 0.608903 -0.031226
v 0.082469 0.655507 0.011791
v -0.286464 -0.572062 0.075374
v 0.449367 0.889094 0.056096
v 0.269069 -0.168752 0.121744
v 0.439490 0.959718 -0.012454
v -0.365489 -0.905292 -0.020545
v 0.423755 -0.825742 0.007098
v -0.402552 -0.793767 0.003470
v 0.055448 0.691935 -0.018928
v 0.041777 -0.039609 0.053196
v -0.287737 0.881429 0.067010
v 0.431279 -0.910904 -0.037088
v -0.090227 -0.806102 0.193766
v 0.393811 -0.809461 0.009479
v -0.041729 0.703293 0.126102
v -0.450151 0.947275 0.045459
v -0.328647 0.882599 0.116962
v -0.009266 0.022226 0.018682
v 0.449885 0.950348 -0.001395
v -0.390238 -0.810637 -0.005233
v 0.435491 -0.898958 0.015012
v -0.442607 0.959773 0.056756
v -0.427582 -0.838737 0.001192
v -0.287421 -0.741773 0.104659
v -0.083521 0.654317 0.126808
v 0.286777 0.830865 0.110526
v 0.002959 0.711679 0.082722
v 0.289476 0.879351 0.105885
v 0.326314 0.881961 0.115333
v -0.396775 -0.816443 0.042258
v 0.364311 -0.905876 -0.001882
v 0.286219 -0.303336 0.050830
v -0.429136 -0.903721 0.001359
v 0.287139 -0.740699 0.108416
v -0.286826 -0.151762 0.122880
v 0.382112 -0.744694 0.109078
v -0.050374 0.542968 0.121899
v 0.438940 0.959786 0.130824
v -0.438262 -0.906915 0.033424
v -0.440205 -0.905738 0.037757
v 0.390526 -0.815074 0.073719
v -0.086268 0.593728 0.122198
v -0.287278 0.760866 0.110859
v -0.390172 -0.909360 0.039166
v 0.404309 -0.907401 0.033349
v 0.370607 -0.913282 0.035180
v 0.022661 -0.054524 0.168090
v 0.043520 0.000798 0.084857
v -0.361357 -0.910002 0.044425
v 0.440505 0.882971 0.177516
v 0.291606 -0.742225 0.039067
v 0.286693 -0.505777 0.111774
v 0.449095 0.957216 0.048216
v -0.032006 -0.047703 0.104532
v -0.448007 0.884680 0.101184
v 0.089506 0.629113 0.124714
v 0.364619 -0.957663 0.071787
v 0.439749 -0.957755 0.072934
v -0.420848 -0.825982 0.190376
v 0.084580 0.585619 0.123318
v -0.277288 0.960048 0.243703
v -0.363236 -0.958519 0.071359
v -0.043345 0.001427 0.147876
v -0.441324 -0.956738 0.069568
v 0.442351 -0.886578 0.221932
v 0.288071 0.480863 0.116918
v 0.032904 0.705737 0.121827
v -0.002158 0.023644 0.168160
v -0.441449 -0.881749 0.189885
v 0.287219 -0.450358 0.117529
v 0.402102 -0.794966 0.203025
v 0.287918 -0.631619 0.112522
v 0.073615 0.671702 0.125186
v 0.287813 0.631542 0.111859
v 0.450072 0.949720 0.150038
v 0.360333 -0.881875 0.208381
v -0.286853 0.294338 0.115702
v -0.393803 -0.810041 0.250492
v -0.401719 -0.793592 0.202297
v -0.287565 -0.701810 0.110818
v 0.288776 -0.299553 0.122353
v 0.287248 -0.150317 0.123202
v -0.288237 0.671026 0.112327
v -0.287263 -0.502317 0.116862
v 0.045589 -0.007950 0.168519
v -0.286469 0.496927 0.111534
v 0.361355 -0.955448 0.228223
v 0.395869 -0.817488 0.127778
v 0.324689 -0.742759 0.114140
v -0.327800 -0.740959 0.120420
v -0.292819 -0.606442 0.113864
v 0.287402 0.291477 0.119391
v 0.300617 -0.812448 0.198648
v -0.288889 -0.298863 0.121759
v -0.007949 -0.060849 0.167429
v 0.392277 -0.809187 0.136683
v -0.291038 0.877028 0.110417
v -0.321474 -0.614220 0.117365
v 0.290887 -0.520260 0.117065
v -0.288565 0.477746 0.117475
v -0.291757 0.516243 0.117330
v 0.324736 0.669852 0.117883
v -0.320518 0.776998 0.115380
v 0.323562 -0.557407 0.119796
v 0.288333 0.152712 0.123308
v -0.290288 0.276410 0.122002
v 0.328841 0.457231 0.126231
v -0.324101 0.632173 0.118553
v 0.037317 0.730563 0.135835
v -0.325441 -0.289011 0.126137
v -0.324826 0.459868 0.122882
v 0.414656 -0.818976 0.325140
v -0.397162 -0.815379 0.254369
v 0.064663 -0.678049 0.116487
v 0.002057 -0.664456 0.116843
v -0.175982 -0.676236 0.116622
v 0.131611 -0.664104 0.115883
v 0.177675 -0.677487 0.118245
v -0.136177 -0.662884 0.117400
v -0.160320 -0.645433 0.117183
v 0.159387 -0.645051 0.116667
v -0.176421 -0.465143 0.116182
v 0.173863 -0.466797 0.115050
v -0.153650 -0.449642 0.117465
v 0.160593 -0.504822 0.118419
v 0.143952 -0.465165 0.117387
v -0.156719 -0.409150 0.116958
v 0.159975 -0.427419 0.116589
v -0.178797 -0.322610 0.115192
v 0.175373 -0.273695 0.115411
v 0.159024 -0.338792 0.115430
v 0.153997 -0.354083 0.120551
v 0.184193 -0.314573 0.125466
v 0.324832 -0.149143 0.127265
v -0.159720 -0.277169 0.118251
v 0.160225 -0.278283 0.118274
v 0.159647 -0.138927 0.117326
v -0.160396 -0.139215 0.116544
v -0.174321 -0.103920 0.115576
v 0.175442 -0.127217 0.115665
v 0.320983 0.030905 0.125601
v -0.127352 -0.103831 0.115743
v 0.129103 -0.095705 0.117667
v -0.322351 -0.025136 0.126687
v 0.189716 -0.029051 0.131581
v 0.177383 0.034471 0.115130
v -0.129792 0.087894 0.115425
v 0.128825 0.086772 0.116469
v -0.178567 0.028876 0.115362
v -0.326522 0.208759 0.127688
v 0.176767 0.144186 0.116236
v 0.160923 0.121034 0.118054
v -0.161246 0.118938 0.117286
v 0.330491 0.171886 0.134202
v -0.178523 0.257770 0.116166
v 0.157622 0.238236 0.118021
v -0.161899 0.231505 0.116444
v 0.327384 0.273306 0.126812
v -0.149823 0.259736 0.118290
v 0.164830 0.280135 0.113965
v 0.148756 0.265970 0.119153
v 0.179488 0.395089 0.119508
v -0.154997 0.358575 0.144487
v -0.157735 0.359279 0.117382
v 0.159088 0.355061 0.116620
v -0.180349 0.398031 0.119703
v 0.123669 0.401626 0.117058
v 0.103053 0.365950 0.116480
v -0.103902 0.366151 0.120671
v -0.116319 0.392484 0.119895
v 0.015654 0.396859 0.115347
v 0.098072 0.385057 0.121313
v -0.085238 0.414478 0.114755
v 0.098861 0.424122 0.116396
v -0.043899 0.412928 0.127326
v 0.054980 0.417010 0.127699
v -0.141616 0.449847 0.114042
v 0.138259 0.450711 0.114367
v -0.107134 0.443534 0.128740
v -0.158512 0.434927 0.126168
v 0.137259 0.414452 0.126398
v -0.356153 0.700617 0.179119
v 0.356390 0.751443 0.178680
v -0.152007 0.755491 0.125689
v -0.071397 0.823672 0.118182
v -0.184408 0.822980 0.122973
v 0.012205 -0.701549 0.146726
v 0.150531 -0.645565 0.144136
v -0.154234 -0.640808 0.145585
v -0.204145 -0.696456 0.146095
v -0.206141 -0.498072 0.146013
v -0.356945 -0.444163 0.187256
v 0.142327 -0.480837 0.145103
v 0.154776 -0.431076 0.134971
v -0.203543 -0.324859 0.146258
v 0.147346 -0.130368 0.145054
v -0.123494 -0.105461 0.144362
v 0.205391 0.048194 0.146531
v -0.155960 0.118311 0.144350
v -0.205874 0.073550 0.146699
v -0.204951 0.220308 0.146242
v 0.155851 0.122677 0.144385
v -0.143340 0.269521 0.145411
v 0.150713 0.249954 0.145312
v 0.207223 0.298789 0.146569
v 0.178590 0.422385 0.120270
v 0.182281 0.491751 0.122863
v 0.149627 0.469287 0.124962
v 0.123214 0.455162 0.124321
v 0.060728 0.442963 0.119071
v -0.182753 0.493860 0.122240
v -0.117931 0.479036 0.120910
v -0.166866 0.553306 0.119541
v 0.154431 0.538986 0.121294
v 0.357684 0.465764 0.185000
v -0.179306 0.609442 0.119062
v -0.114415 0.681295 0.137071
v -0.157554 0.696496 0.120375
v 0.178791 0.599760 0.118309
v 0.182087 0.726870 0.119887
v 0.127601 0.715244 0.126981
v -0.050188 0.736397 0.134521
v -0.084903 0.777224 0.119793
v 0.057978 0.795177 0.118849
v -0.078741 0.797892 0.129016
v 0.184299 0.824166 0.122570
v 0.035347 0.825074 0.121569
v -0.357464 0.881637 0.175319
v 0.207470 -0.699656 0.146746
v -0.158663 -0.400310 0.144063
v 0.357147 -0.316721 0.189626
v -0.156999 -0.327161 0.134547
v 0.154040 -0.243242 0.144298
v -0.157740 -0.140197 0.139109
v -0.358123 -0.099631 0.192241
v -0.040231 -0.034018 0.167559
v 0.123758 0.085541 0.144749
v -0.156110 0.218478 0.145154
v -0.358306 0.315781 0.188229
v 0.148422 0.359990 0.144598
v -0.102300 0.362962 0.135940
v 0.042640 0.362207 0.141151
v -0.026242 0.439018 0.123774
v 0.032293 0.488192 0.137186
v 0.206385 0.503527 0.147065
v 0.116926 0.558877 0.135723
v -0.116962 0.584663 0.136987
v -0.185613 0.699420 0.125048
v 0.205630 0.845026 0.145867
v 0.117963 -0.030735 0.144438
v -0.357143 0.088940 0.190429
v -0.055529 0.501845 0.137206
v -0.207317 0.596505 0.147008
v 0.129656 0.640799 0.136352
v -0.043216 0.849297 0.146194
v -0.380038 -0.746116 0.294799
v 0.156202 -0.530070 0.145882
v -0.152691 -0.476370 0.143510
v 0.154150 -0.380927 0.145102
v -0.042370 0.000011 0.168725
v -0.121442 0.081953 0.145236
v 0.356926 0.131559 0.192405
v -0.440907 0.959914 0.303460
v 0.437113 -0.957172 0.334880
v 0.352472 -0.740766 0.168895
v -0.150175 -0.205391 0.145659
v 0.207552 -0.228793 0.147197
v 0.235726 0.355323 0.146150
v -0.206485 0.845103 0.146382
v -0.356527 -0.675271 0.180183
v -0.033141 0.354815 0.145734
v -0.205803 0.378268 0.146298
v -0.040236 -0.456089 0.145608
v 0.043827 -0.092799 0.145626
v -0.037496 -0.091623 0.146813
v -0.073803 -0.066834 0.146164
v 0.006837 -0.100698 0.161822
v 0.080089 -0.049966 0.146161
v -0.087564 -0.003612 0.148227
v 0.081112 0.011472 0.147104
v 0.037946 0.059546 0.145772
v -0.062280 0.029974 0.148064
v -0.035905 0.061539 0.147759
v 0.013912 0.094796 0.160188
v 0.017864 0.114674 0.146237
v -0.014750 0.117951 0.146300
v -0.011522 0.087137 0.163540
v 0.231021 0.335675 0.146986
v 0.355155 0.880895 0.172682
v -0.448111 0.891612 0.326997
v -0.353999 -0.738110 0.183649
v 0.011645 -0.743120 0.148698
v -0.152789 -0.740633 0.149010
v 0.230351 -0.741674 0.148691
v -0.231961 -0.739054 0.149204
v 0.356300 -0.733030 0.180551
v 0.235747 -0.669474 0.153637
v 0.232555 -0.506854 0.148077
v 0.238221 -0.508633 0.153889
v -0.231639 -0.384800 0.147356
v -0.236704 -0.622896 0.153847
v -0.238356 -0.387410 0.153783
v 0.238397 -0.271412 0.151036
v -0.238251 -0.256487 0.150228
v 0.237260 -0.211724 0.153498
v 0.231118 -0.138609 0.147741
v -0.238085 -0.201471 0.151066
v -0.230962 -0.119468 0.146877
v -0.239745 -0.121870 0.150399
v 0.237625 -0.108546 0.153709
v -0.238998 -0.023924 0.152059
v -0.231412 0.127394 0.147268
v 0.230995 0.057974 0.147851
v 0.237771 0.024160 0.153259
v -0.239154 0.086049 0.151938
v 0.237892 0.156153 0.153051
v -0.237923 0.130491 0.153331
v -0.232043 0.286129 0.148811
v -0.237467 0.339274 0.153580
v 0.237636 0.350233 0.153054
v -0.234388 0.471268 0.149041
v 0.236829 0.500928 0.150861
v 0.234677 0.588190 0.149395
v -0.231693 0.643089 0.147236
v -0.237114 0.642401 0.154065
v 0.237668 0.686119 0.153684
v 0.231756 0.723774 0.148453
v -0.235255 0.880447 0.153120
v 0.234261 0.881523 0.153219
v -0.231771 0.876346 0.148780
v 0.230209 0.876340 0.148001
v -0.100155 0.876334 0.148730
v -0.127912 0.882351 0.152852
v -0.008568 0.882287 0.152602
v 0.108481 -0.806779 0.193724
v 0.221335 -0.743439 0.188643
v -0.226332 -0.736428 0.177815
v -0.030260 -0.089003 0.176523
v -0.066937 -0.054464 0.178135
v -0.059122 0.025946 0.178604
v 0.042488 0.048332 0.164870
v -0.007253 0.053914 0.177431
v -0.227025 0.075946 0.203378
v 0.227385 0.540364 0.198680
v -0.225991 0.532310 0.198095
v 0.225056 0.881925 0.189365
v 0.449032 0.888217 0.284181
v -0.141316 -0.743376 0.247583
v -0.228451 -0.491027 0.180524
v 0.224554 -0.323507 0.196190
v -0.227244 -0.171791 0.203131
v 0.229415 -0.117052 0.206325
v 0.064796 -0.058676 0.178255
v 0.227070 0.052806 0.202660
v 0.078541 -0.009015 0.176024
v -0.227482 0.268685 0.204086
v -0.225456 0.736994 0.193726
v -0.225541 0.882418 0.196784
v 0.024045 0.882963 0.230352
v -0.226375 -0.305306 0.189150
v 0.440361 0.960076 0.241430
v -0.333137 -0.849459 0.223443
v 0.393908 -0.811964 0.295245
v -0.230843 -0.743167 0.211297
v 0.009825 0.959921 0.317900
v -0.357754 0.482192 0.184646
v 0.357827 -0.533489 0.187173
v 0.350468 -0.741400 0.200719
v 0.343647 0.880801 0.205114
v 0.415969 0.882955 0.286543
v -0.439178 -0.956468 0.225544
v 0.225097 -0.549005 0.193094
v -0.227378 -0.641972 0.194494
v 0.321948 -0.604180 0.247797
v -0.322362 -0.575948 0.248604
v 0.322040 0.716469 0.242740
v 0.225001 0.796538 0.194881
v -0.356925 -0.884090 0.239799
v 0.378783 -0.746220 0.309129
v -0.226933 -0.469930 0.197854
v -0.439633 0.882975 0.317315
v -0.230639 -0.337540 0.203954
v 0.001162 -0.863224 0.236753
v 0.158263 -0.744644 0.307553
v -0.322383 -0.358836 0.252197
v 0.324014 -0.171845 0.253542
v 0.322748 0.420321 0.250705
v 0.272787 0.670443 0.243042
v -0.321327 0.881543 0.241721
v -0.269586 -0.628817 0.247673
v -0.273551 0.674559 0.243788
v 0.345333 -0.877571 0.245704
v 0.134019 -0.878525 0.245180
v -0.272382 -0.382284 0.251737
v -0.323518 -0.035011 0.254794
v 0.271555 0.319843 0.251149
v -0.272691 0.355267 0.250881
v -0.321663 0.644938 0.243788
v 0.321427 0.881847 0.240044
v -0.352554 -0.958556 0.251580
v 0.353856 -0.958147 0.252713
v -0.239844 -0.881149 0.248043
v 0.267274 -0.742369 0.247116
v -0.268941 -0.742691 0.247215
v -0.319725 -0.741938 0.245400
v 0.322195 -0.374353 0.251854
v 0.272643 -0.218694 0.253090
v 0.271220 0.066180 0.254473
v 0.271935 0.881183 0.241117
v -0.136671 -0.881259 0.248110
v -0.415754 -0.821661 0.329878
v -0.271308 -0.081822 0.253744
v -0.024609 -0.872628 0.243332
v -0.322556 0.070883 0.254970
v -0.270787 0.162037 0.253236
v 0.271445 -0.502959 0.250079
v 0.245468 0.882939 0.317785
v 0.321862 0.130382 0.254612
v -0.375527 -0.744510 0.304725
v 0.320886 -0.742098 0.246128
v -0.265547 0.882021 0.238968
v 0.195236 -0.916916 0.250324
v 0.224715 -0.957995 0.253003
v -0.224553 -0.957197 0.250380
v -0.189099 -0.908698 0.250483
v -0.321780 0.291826 0.253176
v 0.449798 0.952755 0.292468
v -0.447930 0.958222 0.320305
v 0.210611 0.959556 0.319309
v 0.227959 -0.957870 0.336063
v -0.156614 -0.910717 0.267759
v -0.442809 -0.907193 0.339288
v 0.051996 -0.744298 0.305525
v 0.298202 -0.743873 0.300847
v 0.156984 -0.909208 0.334220
v 0.078660 -0.874196 0.336354
v 0.190732 -0.908871 0.339312
v 0.396870 -0.808003 0.301303
v -0.398796 -0.809088 0.305454
v 0.448561 0.886532 0.311643
v -0.018342 -0.873453 0.333579
v -0.144373 0.883429 0.321932
v -0.430235 -0.958048 0.336161
v 0.442498 -0.903172 0.340977
v -0.116692 0.959744 0.315961
v 0.339311 0.959018 0.321337
v 0.441355 0.955629 0.325441
v -0.098065 -0.874180 0.337482
v 0.000723 -0.859592 0.342765
v -0.147608 -0.891604 0.337872
v 0.134457 -0.882764 0.337684
v -0.314352 0.956661 0.325572
v -0.361659 -0.813472 0.303776
v -0.296920 -0.811417 0.301251
v -0.211853 -0.817639 0.309042
v -0.184994 -0.810241 0.303748
v 0.008403 -0.814109 0.304397
v 0.166464 -0.815601 0.309115
v 0.177935 -0.810446 0.304733
v 0.329329 -0.813437 0.303847
v -0.312889 -0.797375 0.311591
v 0.076275 -0.797986 0.312389
v 0.318880 -0.797600 0.311359
v -0.330774 -0.750761 0.311581
v 0.284161 -0.751864 0.311970
v -0.187783 -0.908748 0.337733
v 0.067251 -0.750641 0.311711
v -0.226725 -0.954417 0.336313
v -0.281427 -0.822463 0.337242
v 0.015642 -0.818303 0.333118
v 0.248021 -0.820094 0.333320
v 0.415454 -0.824316 0.335441
v 0.449007 0.887699 0.324540
v -0.043094 0.891388 0.327179
v -0.270878 0.891892 0.327016
v 0.230468 0.891062 0.327033
v -0.156704 0.948831 0.327213
v 0.208514 0.947235 0.327251
v 0.283976 -0.853760 0.344508
v -0.202285 -0.839975 0.345112
v -0.356930 -0.857328 0.343964
v -0.080281 -0.833810 0.343133
v 0.157910 -0.841184 0.345821
vn -0.2055 -0.6797 -0.7041
vn -0.1774 -0.4179 -0.8910
vn -0.4276 -0.8865 -0.1769
vn 0.0095 0.1869 -0.9823
vn 0.0165 0.0388 -0.9991
vn -0.0443 -0.6260 -0.7786
vn 0.3592 -0.8278 -0.4311
vn 0.0231 0.1938 -0.9808
vn -0.3665 0.0950 -0.9256
vn 0.0131 -0.7435 -0.6686
vn -0.7463 -0.4100 -0.5243
vn 0.2443 -0.0440 -0.9687
vn 0.4132 -0.7990 -0.4369
vn 0.2635 -0.9266 -0.2682
vn 0.1586 0.3476 -0.9241
vn 0.9302 0.1759 -0.3222
vn -0.1290 -0.7643 -0.6318
vn -0.0131 0.7383 -0.6743
vn -0.0050 0.8578 -0.5139
vn -0.4139 -0.8635 -0.2883
vn 0.0096 -0.8229 -0.5681
vn 0.7793 -0.4716 -0.4126
vn 0.5545 -0.7868 0.2711
vn 0.3925 0.8448 -0.3638
vn -0.4951 0.7981 -0.3435
vn 0.0054 0.8842 -0.4670
vn -0.3219 -0.9409 -0.1057
vn -0.9746 0.1824 -0.1299
vn -0.2346 -0.6866 0.6882
vn -0.0100 -0.2064 -0.9784
vn 0.6888 0.0430 -0.7237
vn 0.3514 -0.8736 -0.3367
vn 0.5833 0.6771 -0.4487
vn -0.0013 -0.6925 -0.7214
vn -0.0003 0.6295 -0.7770
vn 0.0018 -0.4223 -0.9065
vn -0.0029 -0.6630 -0.7486
vn -0.6731 -0.3314 -0.6611
vn 0.0005 0.6039 -0.7971
vn -0.0020 0.4372 -0.8994
vn 0.0048 0.7159 -0.6982
vn -0.9783 -0.2072 -0.0001
vn -0.0640 -0.9708 0.2312
vn -0.0006 0.8755 -0.4833
vn 0.0032 0.8759 -0.4825
vn -0.2754 -0.9431 -0.1864
vn -0.0014 -0.9716 -0.2366
vn 0.0023 -0.9378 -0.3472
vn -0.5551 0.6000 -0.5761
vn 0.0005 0.9764 -0.2162
vn 0.0049 0.9282 -0.3721
vn 0.4113 -0.7999 0.4371
vn 0.4301 -0.8707 0.2385
vn 0.2415 -0.7443 0.6226
vn 0.6192 0.7852 -0.0058
vn -0.2616 0.9275 -0.2672
vn 0.4100 0.7601 -0.5041
vn -0.0101 -0.9975 -0.0694
vn 0.0037 0.4647 -0.8854
vn -0.0039 0.1997 -0.9799
vn 0.0046 -0.9999 -0.0111
vn -0.0025 1.0000 -0.0046
vn -0.3091 -0.7715 0.5561
vn -0.0019 -0.2864 -0.9581
vn 0.0008 0.8403 -0.5421
vn 0.0013 -0.2707 -0.9627
vn -0.0039 0.5571 -0.8304
vn -0.5922 -0.3597 -0.7211
vn -0.0178 0.5522 -0.8335
vn 0.0027 -0.2717 -0.9624
vn -0.0132 0.8237 -0.5669
vn 0.2351 0.8702 -0.4331
vn -0.9236 -0.3833 -0.0026
vn -0.4856 -0.8732 0.0423
vn 0.0067 -0.0917 -0.9958
vn -0.5836 0.1296 -0.8016
vn 0.7519 -0.2640 -0.6041
vn -0.3604 0.9057 -0.2233
vn 0.9658 -0.2590 -0.0137
vn -0.6962 0.7177 -0.0112
vn 0.0016 0.0698 -0.9976
vn 0.2767 -0.7450 -0.6070
vn 0.1761 -0.7306 0.6597
vn 0.1243 0.9502 -0.2858
vn 0.9357 0.3526 -0.0085
vn -0.4750 0.8796 -0.0258
vn 0.6152 -0.7600 0.2098
vn -0.6391 -0.7435 0.1968
vn -0.9808 0.1948 0.0030
vn 0.0063 0.9999 -0.0091
vn -0.3707 -0.8792 0.2993
vn -0.5749 0.8182 -0.0090
vn 0.2602 -0.9529 -0.1555
vn 0.9897 0.1384 0.0365
vn 0.6345 0.7728 0.0133
vn 0.3106 -0.6179 -0.7224
vn 0.3621 -0.8131 0.4558
vn -0.3377 0.6218 -0.7066
vn 0.5325 0.5785 -0.6179
vn 0.3583 0.9336 0.0050
vn -0.4563 -0.6264 0.6320
vn -0.5262 -0.5860 -0.6163
vn -0.2547 -0.7253 -0.6395
vn 0.9940 -0.1093 0.0083
vn 0.2332 0.9684 -0.0882
vn 0.0069 0.7222 -0.6917
vn -0.2779 -0.5170 0.8096
vn -0.6950 0.6870 -0.2124
vn -0.2152 0.5125 -0.8313
vn -0.3669 -0.0006 -0.9302
vn 0.6098 0.0017 -0.7925
vn 0.5203 -0.0060 -0.8540
vn 0.5035 0.0118 -0.8639
vn -0.4303 -0.0109 -0.9026
vn 0.5139 -0.0188 -0.8576
vn -0.5027 -0.0104 -0.8644
vn 0.3303 -0.0118 -0.9438
vn -0.5737 -0.0167 -0.8189
vn 0.4079 -0.0110 -0.9130
vn 0.5147 -0.0071 -0.8573
vn -0.5641 0.0033 -0.8257
vn 0.4930 0.0117 -0.8700
vn -0.4048 0.0135 -0.9143
vn 0.4662 0.0103 -0.8846
vn -0.5090 0.0146 -0.8606
vn 0.4078 0.0232 -0.9128
vn -0.3832 0.0255 -0.9233
vn 0.5080 0.2397 -0.8274
vn 0.4860 -0.0019 -0.8740
vn -0.9733 -0.0019 -0.2295
vn -0.9867 0.0006 -0.1627
vn -0.9995 -0.0019 -0.0311
vn 0.9089 0.0003 -0.4171
vn 0.9776 0.0013 -0.2106
vn -0.9998 -0.0020 -0.0207
vn 0.3395 0.0195 -0.9404
vn -0.6055 0.0212 -0.7956
vn -0.3972 0.0240 -0.9174
vn 0.1374 -0.3436 0.9290
vn -0.0894 -0.3553 0.9305
vn -0.9646 -0.2634 -0.0076
vn 0.9765 0.2142 0.0243
vn 0.5635 0.7107 -0.4212
vn 0.9583 -0.0007 -0.2859
vn -0.9998 -0.0017 -0.0203
vn 0.9897 -0.0030 -0.1432
vn 0.9976 0.0014 0.0696
vn -0.9641 0.0031 -0.2657
vn -0.9912 0.0048 -0.1326
vn 0.9629 0.0070 -0.2699
vn 0.5922 0.0172 -0.8056
vn -0.4259 0.0069 -0.9048
vn -0.1376 -0.9905 -0.0004
vn -0.7252 -0.3051 0.6173
vn 0.0218 -0.7920 0.6102
vn -0.4741 0.8804 -0.0115
vn -0.9988 -0.0343 0.0347
vn 0.8388 -0.4327 0.3305
vn 0.2713 -0.7172 0.6418
vn -0.0096 -0.8351 0.5500
vn -0.6582 0.7528 -0.0043
vn -0.9851 0.0026 -0.1718
vn 0.9969 0.0034 -0.0784
vn -0.5343 -0.6362 0.5566
vn 0.8974 0.2864 -0.3356
vn -0.9766 0.0036 -0.2150
vn 0.6092 -0.7171 0.3387
vn -0.4449 -0.7207 0.5316
vn 0.5146 -0.7218 0.4628
vn -0.9980 -0.0629 -0.0088
vn -0.9626 0.0052 -0.2710
vn -0.9972 0.0068 -0.0738
vn -0.5388 -0.8324 -0.1296
vn -0.5896 -0.7272 -0.3514
vn -0.0027 -0.6687 0.7435
vn 0.9485 0.0002 -0.3167
vn -0.0119 -0.9678 -0.2513
vn -0.8908 -0.4429 0.1010
vn -0.3640 -0.7622 0.5353
vn -0.9966 0.0021 0.0821
vn 0.9978 0.0001 -0.0669
vn 0.7809 -0.4378 -0.4456
vn 0.6281 -0.7779 0.0188
vn 0.9681 -0.0015 -0.2506
vn 0.9979 0.0003 0.0646
vn 0.9844 -0.0009 -0.1758
vn 0.9921 0.0084 -0.1249
vn -0.0011 -0.8716 0.4902
vn -0.9675 -0.0113 -0.2526
vn 0.8339 -0.5502 -0.0438
vn 0.2021 -0.9528 0.2268
vn -0.5153 -0.8466 0.1332
vn 0.5891 0.8080 0.0100
vn -0.9999 0.0034 -0.0102
vn 0.9911 0.0001 0.1332
vn -0.7208 -0.6086 0.3318
vn 0.5664 -0.8241 0.0116
vn 0.4940 0.8694 0.0087
vn -0.9505 -0.0016 -0.3107
vn 0.9131 0.4078 0.0027
vn -0.0013 -0.9655 0.2604
vn -0.9498 0.0009 -0.3128
vn -0.9492 -0.0025 -0.3148
vn -0.9821 -0.0173 0.1878
vn 0.9001 -0.4357 0.0040
vn -0.9647 0.0022 -0.2633
vn 0.9471 -0.0020 -0.3209
vn 0.9596 -0.0000 -0.2814
vn 0.9857 0.0002 -0.1686
vn 0.0025 -1.0000 0.0012
vn -0.2480 -0.9687 -0.0025
vn 0.5012 0.8651 -0.0186
vn -0.9912 0.0161 -0.1317
vn -0.4918 0.0192 0.8705
vn -0.5869 0.0054 0.8096
vn 0.6725 0.0073 0.7401
vn 0.1021 -0.1111 -0.9886
vn -0.6977 0.3794 -0.6076
vn -0.0447 0.3102 -0.9496
vn -0.6272 -0.0058 0.7788
vn -0.8193 -0.5648 0.0992
vn 0.9920 -0.0153 -0.1250
vn 0.5754 0.8179 -0.0009
vn 0.8569 0.0534 -0.5127
vn -0.4812 0.0203 0.8764
vn 0.4595 0.0158 0.8881
vn 0.4337 0.0301 -0.9005
vn 0.4791 -0.6658 -0.5720
vn -0.0229 0.1021 -0.9945
vn 0.2817 -0.8473 -0.4502
vn -0.4522 -0.5171 -0.7268
vn 0.4586 0.5228 -0.7186
vn 0.9734 0.0014 -0.2291
vn -0.5814 -0.0125 0.8135
vn 0.5030 -0.0156 0.8641
vn 0.2568 -0.9664 -0.0112
vn -0.5084 0.6346 0.5821
vn 0.5462 0.6073 -0.5769
vn 0.9878 0.0179 -0.1547
vn 0.9797 0.0024 -0.2007
vn -0.1683 -0.6255 -0.7619
vn 0.3866 0.7300 -0.5636
vn -0.2855 0.8574 -0.4283
vn -0.4123 -0.1499 -0.8987
vn -0.7522 0.2892 -0.5921
vn 0.8878 -0.1922 -0.4182
vn 0.2731 0.4675 -0.8407
vn -0.9831 -0.0079 -0.1827
vn 0.5128 -0.0156 0.8584
vn 0.7714 -0.5596 -0.3028
vn 0.2146 -0.9766 -0.0103
vn 0.9930 -0.1179 -0.0005
vn 0.0786 -0.6638 -0.7438
vn -0.7656 -0.5492 0.3352
vn 0.0014 -0.9296 -0.3685
vn 0.4783 0.6377 0.6037
vn -0.1873 -0.4439 -0.8763
vn 0.6411 -0.1754 -0.7471
vn -0.6303 0.0675 -0.7734
vn 0.6297 0.3580 -0.6895
vn 0.0002 1.0000 0.0005
vn -0.8075 -0.4374 0.3957
vn -0.9612 0.2751 0.0206
vn 0.8166 0.5674 0.1058
vn -0.5517 -0.4275 -0.7162
vn 0.4821 -0.0048 0.8761
vn -0.3509 0.4466 -0.8231
vn 0.9766 0.0043 -0.2152
vn -0.0204 0.2118 -0.9771
vn 0.0031 0.1047 -0.9945
vn -0.5337 0.3518 -0.7690
vn -0.9513 -0.0004 -0.3081
vn 0.6347 -0.0003 -0.7728
vn -0.5517 -0.3303 -0.7658
vn 0.3377 -0.8423 0.4201
vn -0.9329 -0.3599 0.0075
vn 0.2555 -0.2705 -0.9282
vn -0.1146 0.9934 -0.0001
vn 0.4166 0.4697 -0.7783
vn 0.1937 -0.9071 -0.3736
vn 0.9911 0.1331 -0.0061
vn -0.1571 0.1683 -0.9731
vn 0.1267 0.2506 -0.9597
vn -0.0001 0.5350 -0.8449
vn -0.3699 0.0042 -0.9291
vn 0.3301 0.0023 -0.9439
vn 0.4749 0.0008 -0.8800
vn -0.5190 -0.0016 -0.8548
vn -0.3654 -0.0007 -0.9308
vn 0.4978 -0.0012 -0.8673
vn -0.4053 -0.0000 -0.9142
vn -0.4922 0.0022 -0.8705
vn 0.3617 0.0013 -0.9323
vn 0.4532 -0.0007 -0.8914
vn -0.3425 0.1085 -0.9332
vn -0.4297 -0.0015 -0.9030
vn 0.2852 -0.1035 -0.9529
vn 0.6919 -0.0408 -0.7209
vn -0.4400 -0.0012 -0.8980
vn -0.4097 -0.2002 -0.8900
vn -0.3614 -0.0010 -0.9324
vn 0.4155 -0.0007 -0.9096
vn 0.4937 -0.0004 -0.8696
vn -0.5066 0.0030 -0.8622
vn -0.3897 -0.0016 -0.9209
vn 0.5079 -0.0007 -0.8614
vn -0.5142 -0.0018 -0.8577
vn 0.3553 -0.1134 -0.9278
vn -0.5598 -0.0159 0.8285
vn -0.2132 -0.1928 -0.9578
vn 0.1978 -0.3484 -0.9162
vn 0.0087 -0.4422 -0.8969
vn -0.0067 -0.3096 -0.9508
vn -0.0055 -0.5589 -0.8292
vn -0.2141 0.2493 -0.9445
vn 0.5329 -0.5384 -0.6528
vn -0.3183 -0.2953 -0.9009
vn 0.7939 0.1859 -0.5789
vn -0.8966 0.1494 -0.4170
vn -0.5833 0.0588 -0.8102
vn 0.0020 0.0030 -1.0000
vn 0.8577 -0.1708 -0.4849
vn 0.9961 -0.0187 0.0864
vn -0.6334 -0.1330 -0.7623
vn 0.7287 0.0375 -0.6838
vn 0.0008 -0.0063 -1.0000
vn -0.7455 0.0022 -0.6665
vn 0.5799 0.2375 -0.7793
vn -0.7702 0.4291 -0.4718
vn 0.6168 0.2745 -0.7377
vn -0.7907 -0.0153 -0.6120
vn 0.7437 -0.3028 -0.5960
vn -0.7563 -0.3040 -0.5794
vn -0.6857 0.0849 -0.7229
vn 0.7906 0.0457 -0.6107
vn -0.0021 0.4503 -0.8929
vn 0.5309 0.5101 -0.6767
vn -0.6728 -0.0132 -0.7397
vn -0.0119 0.7172 -0.6968
vn -0.3115 0.8324 -0.4584
vn -0.1108 -0.5005 -0.8586
vn 0.2376 0.1523 -0.9594
vn -0.7114 -0.1087 -0.6943
vn 0.7025 -0.1862 -0.6868
vn -0.5747 -0.0038 -0.8184
vn 0.7715 0.3637 -0.5221
vn -0.3122 -0.0144 -0.9499
vn 0.7261 -0.3250 -0.6060
vn 0.0708 0.6316 -0.7720
vn 0.5731 -0.0014 -0.8195
vn 0.1711 0.0086 -0.9852
vn 0.4013 -0.0398 -0.9151
vn 0.3818 -0.0290 -0.9238
vn 0.2050 0.0292 -0.9783
vn 0.1913 -0.2748 -0.9423
vn 0.0522 -0.1357 -0.9894
vn -0.0196 -0.3802 -0.9247
vn -0.0199 -0.1874 -0.9821
vn 0.0333 -0.2093 -0.9773
vn -0.3624 -0.3454 -0.8657
vn -0.5945 0.1355 -0.7926
vn 0.7138 0.2155 -0.6664
vn 0.6546 -0.0349 -0.7552
vn -0.7966 0.4028 -0.4507
vn -0.5842 -0.1950 -0.7879
vn -0.8068 -0.3345 -0.4870
vn -0.8155 0.0337 -0.5777
vn 0.7794 0.0623 -0.6235
vn -0.4442 0.2272 -0.8667
vn -0.3555 0.4705 -0.8077
vn 0.0159 0.6231 -0.7820
vn 0.0157 0.5596 -0.8286
vn -0.0989 -0.0856 -0.9914
vn 0.0011 0.0657 -0.9978
vn 0.0223 0.0119 -0.9997
vn -0.3417 -0.0127 -0.9397
vn -0.1784 0.0089 -0.9839
vn 0.0276 0.0096 -0.9996
vn 0.1777 -0.1154 -0.9773
vn 0.9195 0.0460 -0.3905
vn 0.0080 0.0067 -0.9999
vn -0.0478 0.0690 -0.9965
vn 0.0972 0.1475 -0.9843
vn 0.0325 -0.0026 -0.9995
vn 0.0002 0.0228 -0.9997
vn 0.4590 -0.7578 -0.4637
vn -0.0435 -0.4267 -0.9034
vn -0.3206 -0.7165 0.6195
vn -0.6795 -0.2177 -0.7007
vn 0.2656 0.0164 -0.9639
vn 0.7500 0.0047 -0.6615
vn 0.3004 -0.0223 -0.9535
vn -0.9549 -0.2966 0.0129
vn 0.7890 0.0529 -0.6122
vn -0.2669 0.0084 -0.9637
vn 0.0368 -0.1092 -0.9933
vn -0.0444 0.0408 -0.9982
vn 0.0480 -0.1214 -0.9914
vn -0.1824 0.6447 -0.7424
vn 0.2842 0.6473 -0.7072
vn 0.5966 0.5521 -0.5824
vn -0.3873 0.0033 -0.9220
vn 0.1096 -0.0041 -0.9940
vn -0.1367 0.0685 -0.9882
vn -0.1679 0.0322 -0.9853
vn -0.4902 -0.6530 -0.5773
vn 0.1042 -0.2310 -0.9674
vn 0.0641 -0.0632 -0.9959
vn -0.4693 0.8831 -0.0012
vn -0.6638 0.2737 -0.6961
vn 0.1920 0.0765 -0.9784
vn -0.4581 -0.0711 -0.8861
vn -0.1784 0.0264 -0.9836
vn 0.0634 -0.0519 -0.9966
vn -0.1488 0.0244 -0.9886
vn -0.1020 -0.0563 -0.9932
vn -0.7757 0.4095 -0.4802
vn -0.8257 -0.2474 -0.5070
vn 0.7889 -0.5260 -0.3178
vn 0.0676 0.0734 -0.9950
vn 0.1644 -0.1770 -0.9704
vn 0.0712 0.0535 -0.9960
vn 0.0427 0.0839 -0.9956
vn 0.0049 0.4274 -0.9041
vn 0.6893 -0.0508 -0.7227
vn 0.2688 -0.3369 -0.9024
vn 0.6713 0.1699 -0.7215
vn -0.7087 -0.0445 -0.7041
vn 0.1580 -0.0046 -0.9874
vn 0.6335 0.2504 -0.7321
vn 0.5163 -0.1976 -0.8333
vn 0.2084 0.1850 -0.9604
vn -0.1093 0.0206 -0.9938
vn 0.0410 -0.0899 -0.9951
vn -0.2331 -0.0366 -0.9718
vn -0.1794 0.0246 -0.9835
vn 0.0181 -0.1285 -0.9915
vn -0.0795 -0.1986 -0.9768
vn 0.0805 0.0010 -0.9968
vn -0.0040 -0.1191 -0.9929
vn -0.3342 -0.0892 -0.9383
vn -0.0454 -0.0985 -0.9941
vn 0.0106 0.0509 -0.9986
vn -0.1035 0.0051 -0.9946
vn 0.4320 0.0219 0.9016
vn -0.7362 -0.0070 -0.6768
vn -0.0791 -0.0028 -0.9969
vn -0.6944 -0.2172 0.6860
vn -0.3284 -0.0148 0.9444
vn -0.3301 -0.0055 0.9439
vn -0.0628 0.1041 -0.9926
vn 0.2086 0.0336 -0.9774
vn 0.2887 0.9563 -0.0468
vn -0.1410 -0.9864 -0.0839
vn -0.6261 -0.7286 0.2777
vn 0.5534 0.2146 0.8048
vn -0.9090 0.0152 0.4166
vn -0.5984 0.3768 0.7071
vn 0.7298 0.3861 0.5642
vn -0.5723 0.2186 0.7903
vn 0.4326 0.1734 -0.8847
vn 0.8074 -0.4504 0.3811
vn 0.4395 -0.1171 0.8906
vn -0.9339 -0.2248 0.2781
vn 0.9168 -0.3576 0.1778
vn -0.8926 -0.0152 0.4506
vn -0.5377 0.1881 -0.8219
vn 0.8652 -0.0055 0.5015
vn 0.3577 -0.0080 0.9338
vn -0.8737 -0.0099 0.4863
vn -0.6940 -0.0168 0.7198
vn 0.5900 -0.0163 0.8073
vn 0.1599 -0.0914 -0.9829
vn 0.7997 0.6003 0.0091
vn 0.8796 0.0198 0.4753
vn 0.9116 0.0119 0.4110
vn -0.7727 0.0201 0.6345
vn -0.7745 0.0181 0.6323
vn 0.9519 -0.0069 0.3064
vn 0.9361 -0.0072 0.3517
vn -0.7491 -0.0131 0.6623
vn 0.3871 -0.0189 0.9218
vn -0.4533 0.7938 0.4055
vn -0.9455 0.3255 -0.0066
vn 0.2607 0.9654 0.0049
vn 1.0000 -0.0006 -0.0051
vn -0.9997 0.0110 -0.0208
vn 0.7492 0.0173 0.6622
vn -0.6420 -0.0229 0.7664
vn 0.6964 -0.4003 0.5957
vn 0.5482 0.7939 0.2631
vn -0.7998 0.4611 -0.3844
vn 0.8359 0.3902 -0.3861
vn 0.7589 -0.6512 0.0052
vn -1.0000 -0.0015 -0.0021
vn 0.9929 0.0187 0.1174
vn -0.8544 -0.3737 0.3609
vn 0.9982 0.0261 0.0533
vn 0.0229 0.7158 0.6979
vn -0.4218 0.7465 0.5146
vn -0.4029 -0.9152 -0.0122
vn 0.9466 -0.3206 0.0331
vn 0.3062 -0.8959 -0.3219
vn 0.9076 0.4197 0.0116
vn -0.7178 -0.4063 -0.5654
vn -0.8248 -0.0061 -0.5654
vn 0.9963 0.0855 -0.0033
vn -0.6512 -0.7589 -0.0012
vn 0.2801 -0.9599 0.0096
vn -0.7477 0.6640 0.0047
vn 0.3284 0.9445 0.0055
vn 0.8953 0.4454 0.0103
vn 0.8675 -0.4974 0.0014
vn 0.6395 0.7687 0.0080
vn -0.9992 0.0396 0.0101
vn -0.9285 -0.3714 -0.0009
vn -0.9988 0.0005 -0.0497
vn 0.9401 -0.3410 -0.0008
vn 0.7109 -0.4306 -0.5560
vn 0.4046 0.9144 -0.0144
vn 0.3970 -0.9078 0.1350
vn 0.7171 0.6969 0.0044
vn -0.9651 -0.2608 0.0232
vn -0.6219 -0.7831 -0.0000
vn -0.8647 0.5021 -0.0130
vn -0.6422 -0.7659 -0.0292
vn 0.5387 -0.7064 0.4592
vn 0.0032 -0.8281 -0.5605
vn 0.9765 -0.2154 0.0064
vn 0.4370 -0.7048 0.5587
vn -0.9688 0.2478 0.0007
vn -0.2386 -0.9286 -0.2840
vn 0.1212 -0.9926 -0.0100
vn 0.9203 0.3909 -0.0176
vn -0.9982 0.0560 0.0235
vn 0.8261 -0.5445 -0.1449
vn -0.3983 0.9172 0.0092
vn -0.9724 0.2333 0.0054
vn -0.8169 0.5247 -0.2395
vn 0.7675 -0.2609 0.5855
vn 0.7687 -0.0383 -0.6385
vn -0.1050 -0.9859 0.1303
vn 0.6940 -0.6357 -0.3381
vn 0.4127 -0.7456 -0.5232
vn -0.5803 0.8144 0.0002
vn -0.3652 -0.9187 0.1503
vn 0.9701 0.2417 -0.0211
vn -0.6507 -0.7546 -0.0844
vn 0.8326 0.4798 -0.2765
vn -0.5338 -0.1978 -0.8222
vn 0.4103 0.9120 0.0033
vn 0.5246 0.6501 0.5497
vn 0.2730 0.9620 0.0069
vn -0.3876 -0.9195 -0.0658
vn -0.8819 -0.3792 -0.2802
vn 0.8307 0.5567 0.0054
vn 0.8725 0.2371 0.4274
vn -0.7446 -0.0145 -0.6674
vn -0.0066 -0.9049 -0.4256
vn 0.0377 -0.8586 -0.5113
vn 0.0808 -0.7707 -0.6321
vn -0.3898 0.7736 0.4996
vn -0.7590 -0.6509 -0.0165
vn 0.0435 -0.8651 -0.4997
vn 0.3022 -0.9532 -0.0056
vn 0.3512 0.9362 0.0103
vn 0.9785 0.0103 -0.2061
vn 0.8250 0.5651 -0.0061
vn 0.6828 0.7305 -0.0146
vn -0.5870 -0.8096 -0.0060
vn -0.8674 -0.1276 0.4810
vn -0.4281 -0.8088 -0.4033
vn 0.3723 -0.8041 -0.4634
vn -0.6935 0.7205 0.0050
vn -0.7555 0.2577 0.6024
vn -0.0001 0.9999 0.0152
vn 0.3033 -0.8209 -0.4839
vn 0.8457 -0.5324 -0.0359
vn -0.6043 -0.6199 -0.5005
vn 0.9927 0.1204 -0.0032
vn 0.8396 -0.0110 -0.5431
vn -0.6097 -0.6739 0.4173
vn -0.0050 -0.9200 0.3919
vn -0.9868 0.1621 0.0044
vn 0.7667 0.0183 -0.6418
vn 0.9864 -0.1642 0.0097
vn 0.6655 0.0230 -0.7461
vn -0.5802 -0.4155 0.7005
vn 0.6561 -0.0169 -0.7545
vn 0.9112 0.4119 0.0038
vn -0.9299 -0.3413 -0.1371
vn -0.9785 0.0249 -0.2045
vn -0.9990 0.0263 -0.0348
vn -0.9998 0.0167 0.0054
vn -0.6517 0.0259 -0.7581
vn 0.5270 0.2136 -0.8226
vn 0.6980 -0.1728 -0.6950
vn -0.7500 -0.0118 -0.6613
vn -0.8104 0.0245 -0.5853
vn -0.6647 -0.1610 0.7295
vn -0.9460 -0.0188 -0.3235
vn -0.5158 -0.8502 -0.1059
vn 0.5896 0.8074 -0.0219
vn 0.4398 0.6739 -0.5936
vn -0.5592 0.4955 -0.6647
vn -0.6957 0.0215 -0.7180
vn 0.7627 -0.0122 -0.6467
vn -0.4397 -0.8425 -0.3113
vn -0.6422 0.3036 -0.7039
vn 0.2581 0.7448 0.6153
vn 0.9888 -0.1485 -0.0146
vn -0.5235 -0.3629 -0.7709
vn -0.5173 0.0193 -0.8556
vn 0.5082 0.0276 -0.8608
vn -0.6591 -0.0263 -0.7516
vn -0.4318 -0.0314 -0.9014
vn 0.5945 -0.0133 -0.8040
vn -0.5756 -0.0172 -0.8176
vn 0.5230 0.0212 -0.8521
vn 0.5714 -0.0087 -0.8207
vn -0.6664 0.0132 -0.7455
vn 0.5352 -0.0178 -0.8445
vn -0.5136 -0.0140 -0.8579
vn -0.1250 -0.2547 0.9589
vn -0.3974 0.0196 -0.9175
vn -0.5099 -0.0156 -0.8601
vn 0.6264 0.7705 0.1179
vn -0.6637 0.7466 -0.0462
vn -0.0034 0.3721 0.9282
vn 0.0024 -0.3853 0.9228
vn 0.1137 0.2459 0.9626
vn 0.1262 -0.3731 0.9192
vn -0.1577 0.3290 0.9311
vn -0.1397 -0.5739 0.8070
vn -0.4251 -0.1942 0.8841
vn 0.5883 -0.1880 0.7865
vn 0.3739 0.0045 0.9275
vn -0.2838 0.0052 0.9589
vn -0.8840 -0.0222 0.4670
vn 0.7420 0.1590 0.6512
vn 0.7772 -0.0568 0.6267
vn -0.7377 -0.0195 0.6749
vn 0.5392 -0.0610 0.8400
vn 0.2108 0.0008 0.9775
vn -0.2242 -0.0018 0.9745
vn 0.6054 -0.0370 0.7950
vn 0.9474 -0.0038 0.3201
vn -0.7101 0.0057 0.7041
vn 0.4724 0.0012 -0.8814
vn -0.8163 -0.0089 0.5775
vn 0.6864 -0.0204 0.7269
vn 0.6239 0.1373 0.7694
vn -0.5955 0.3098 0.7412
vn 0.3444 0.0064 0.9388
vn -0.3652 0.0085 0.9309
vn 0.2651 0.0110 -0.9642
vn -0.5873 0.2365 0.7741
vn 0.7155 0.1620 0.6796
vn -0.5588 0.0006 -0.8293
vn -0.7326 0.0059 0.6806
vn -0.4023 0.0046 0.9155
vn -0.6550 -0.2787 0.7024
vn 0.7757 -0.3686 0.5124
vn 0.3224 -0.0014 0.9466
vn -0.5732 -0.0089 -0.8194
vn -0.2995 -0.0614 0.9521
vn 0.8608 -0.4756 0.1809
vn -0.4572 -0.1938 0.8680
vn 0.6388 -0.0046 -0.7693
vn 0.3432 -0.0075 0.9392
vn 0.7175 0.0915 0.6905
vn -0.8094 0.1216 0.5745
vn 0.5648 -0.0205 -0.8249
vn -0.7757 0.0404 0.6298
vn 0.5166 -0.1238 0.8473
vn 0.9240 -0.2082 0.3208
vn -0.2827 -0.1055 0.9534
vn -0.5286 0.6526 0.5428
vn -0.2750 0.1890 0.9427
vn 0.2866 0.2658 0.9204
vn 0.2278 -0.0532 0.9723
vn -0.0734 -0.0510 0.9960
vn 0.0783 0.5278 0.8458
vn -0.0150 0.6771 0.7358
vn 0.0831 0.0425 0.9956
vn -0.0005 -0.3612 0.9325
vn 0.0491 -0.0492 0.9976
vn -0.1207 -0.3401 0.9326
vn 0.1965 -0.3130 0.9292
vn -0.0577 -0.2900 0.9553
vn 0.0970 -0.2726 0.9572
vn 0.0183 -0.1241 0.9921
vn -0.3444 -0.0476 0.9376
vn -0.1614 -0.2173 0.9627
vn 0.1509 0.0804 0.9853
vn -0.2418 -0.0245 0.9700
vn -1.0000 0.0032 -0.0017
vn 0.9971 -0.0011 0.0759
vn 0.0344 -0.0241 0.9991
vn -0.0488 -0.2593 0.9646
vn 0.3308 -0.1431 0.9328
vn 0.0005 0.5258 0.8506
vn 0.3089 -0.6821 0.6628
vn -0.4349 -0.2569 0.8631
vn 0.2936 0.1819 0.9385
vn 0.3506 0.0001 0.9365
vn -1.0000 -0.0030 0.0074
vn 0.6563 0.0533 0.7526
vn 0.9715 -0.1386 0.1921
vn 0.4128 -0.0019 0.9108
vn 0.7328 0.2458 0.6345
vn -0.6157 0.2323 0.7529
vn -0.4659 0.0027 0.8848
vn -0.8503 -0.3516 0.3917
vn 0.4748 0.0038 0.8801
vn 0.3661 -0.0011 0.9306
vn 0.8472 -0.1818 0.4992
vn -0.7222 0.1285 0.6797
vn 0.7106 -0.0799 0.6991
vn -0.4062 0.0272 0.9134
vn -0.3562 -0.0118 0.9343
vn -0.2116 0.0145 0.9773
vn -0.0305 -0.1342 0.9905
vn 0.0363 -0.0737 0.9966
vn 0.0456 0.0015 0.9990
vn 0.2565 -0.0198 0.9664
vn -0.0716 -0.0089 0.9974
vn 0.1403 -0.0225 0.9899
vn 0.0755 -0.0183 0.9970
vn 0.9985 0.0019 -0.0540
vn 0.1161 0.0225 0.9930
vn -0.0263 0.0087 0.9996
vn -0.0592 0.0548 0.9967
vn -0.0343 0.0050 0.9994
vn -0.4289 -0.0085 0.9033
vn 0.1066 0.0498 0.9931
vn -0.0511 0.1087 0.9928
vn 0.0367 -0.1016 0.9941
vn 0.0267 0.0429 0.9987
vn 0.0059 -0.0160 0.9999
vn -0.1486 -0.1811 0.9722
vn -0.0002 -0.3651 0.9310
vn -0.6535 -0.7474 -0.1202
vn -0.2398 0.1394 0.9608
vn -0.8960 -0.0258 0.4433
vn 0.9999 -0.0001 0.0144
vn -0.9792 0.0009 0.2030
vn 0.8125 -0.0144 0.5828
vn -0.8632 0.1721 0.4745
vn -1.0000 0.0013 0.0091
vn 0.8670 0.3417 0.3626
vn 0.4783 -0.1452 0.8661
vn -0.3352 0.0394 0.9413
vn -0.9999 0.0003 0.0146
vn 0.4114 0.5383 0.7355
vn -0.0135 0.8987 0.4384
vn -0.0040 0.8994 0.4370
vn 0.0121 -0.0692 0.9975
vn -0.0037 0.0334 0.9994
vn -0.4474 -0.0103 0.8943
vn 0.0402 -0.0129 0.9991
vn 0.0644 0.0124 0.9978
vn 0.3553 -0.0282 0.9343
vn -0.2729 -0.2505 0.9289
vn 0.4342 0.0265 0.9004
vn -1.0000 -0.0013 0.0060
vn 0.0242 0.0637 0.9977
vn 0.4868 0.0095 0.8735
vn -0.0434 0.0229 0.9988
vn 0.0002 -0.4391 0.8984
vn -0.6238 0.7775 0.0804
vn 0.7057 0.0484 0.7069
vn -0.7121 -0.0223 0.7017
vn 0.6283 -0.0180 0.7778
vn 0.5675 -0.2939 0.7692
vn -0.2861 -0.0909 0.9539
vn 0.9996 -0.0005 0.0286
vn -0.2492 0.9681 0.0265
vn 0.4710 -0.7653 0.4387
vn 0.7390 0.6547 -0.1592
vn -0.2866 0.0135 0.9580
vn -0.4755 0.0010 0.8797
vn -0.5415 0.0572 0.8388
vn 0.1401 -0.2569 0.9562
vn -0.9998 -0.0111 0.0194
vn -0.0037 0.3331 0.9429
vn 0.4865 -0.0006 0.8737
vn -0.0065 -0.0009 1.0000
vn 0.1636 -0.3075 0.9374
vn -0.2439 -0.7930 0.5582
vn -0.4595 -0.3560 0.8138
vn 0.0864 -0.9465 0.3110
vn 0.7061 -0.2510 0.6622
vn -0.5375 0.0900 0.8384
vn 0.5473 0.2531 0.7977
vn 0.5660 0.3047 0.7661
vn -0.5153 0.4142 0.7503
vn -0.4964 0.3711 0.7848
vn 0.2296 0.4011 0.8868
vn 0.0355 0.1679 0.9852
vn -0.1283 0.2488 0.9600
vn -0.3817 0.3680 0.8479
vn -0.5104 0.0671 0.8573
vn 0.5383 -0.8419 -0.0384
vn -0.5729 -0.2823 0.7695
vn -0.5822 0.8121 0.0389
vn 0.0027 0.8570 0.5153
vn 0.0069 0.7142 0.6999
vn -0.5466 0.3488 0.7613
vn 0.5943 0.0869 0.7995
vn 0.9981 0.0576 0.0196
vn -0.9921 0.0338 0.1205
vn -0.4321 0.0037 0.9018
vn -0.9936 0.0077 0.1124
vn 0.4110 0.0021 0.9116
vn 0.9923 0.0172 0.1230
vn 0.9932 0.0063 0.1159
vn -0.8243 -0.0057 0.5661
vn 0.7919 -0.0063 0.6106
vn -0.9925 -0.0010 0.1226
vn -0.4705 -0.0019 0.8824
vn 0.8559 0.0187 0.5167
vn 0.2647 0.0039 0.9643
vn 0.8863 0.0040 0.4632
vn -0.9770 -0.0020 0.2135
vn 0.9132 -0.0042 0.4076
vn 0.3777 -0.0079 0.9259
vn -0.3496 0.0011 0.9369
vn -0.9009 0.0012 0.4339
vn 0.9394 -0.0176 0.3423
vn -0.8999 0.0006 0.4361
vn 0.9512 -0.0129 0.3083
vn 0.4039 -0.0014 0.9148
vn 0.9772 -0.0078 0.2122
vn -0.9887 0.0392 0.1446
vn 0.6767 0.0006 0.7363
vn -0.8595 -0.0146 0.5110
vn -0.7673 0.0044 0.6413
vn 0.4531 -0.0013 0.8915
vn 0.9933 -0.0011 0.1157
vn -0.9945 -0.0059 0.1045
vn -0.4379 -0.0029 0.8990
vn 0.7347 -0.4713 0.4880
vn -0.6001 -0.6674 0.4410
vn 0.2462 -0.2315 0.9412
vn -0.1621 -0.2652 0.9505
vn 0.0031 -0.3919 0.9200
vn 0.0071 -0.9207 0.3902
vn -0.0010 -0.8497 0.5272
vn -0.0077 -0.7987 -0.6016
vn -0.6590 0.7516 0.0290
vn 0.9838 -0.1491 -0.0994
vn -0.2690 -0.4010 0.8757
vn -0.2120 -0.0930 0.9728
vn -0.4813 0.3995 0.7803
vn 0.6281 0.5182 0.5805
vn -0.0811 0.0979 0.9919
vn 0.9849 -0.0029 0.1729
vn -0.9880 0.0020 0.1546
vn 0.9786 0.0028 0.2059
vn -0.6711 -0.7397 0.0498
vn 0.9415 -0.3369 -0.0022
vn 0.0032 0.9998 0.0189
vn 0.9809 0.0039 -0.1946
vn -0.9909 -0.0004 0.1346
vn 0.9833 0.0006 0.1819
vn -0.9626 0.0003 0.2708
vn 0.3069 -0.2866 0.9076
vn -0.9915 -0.0000 0.1305
vn 0.5508 0.0929 0.8295
vn 0.9645 0.0032 0.2640
vn 0.9893 -0.0028 0.1457
vn 0.5061 -0.8260 0.2481
vn -0.0014 -1.0000 0.0072
vn 0.9950 0.0020 -0.1002
vn 0.2779 0.9605 0.0130
vn 0.5028 -0.6936 -0.5159
vn 0.8508 0.3717 0.3714
vn 0.6859 0.6809 0.2568
vn -0.0021 0.9312 0.3646
vn -0.9999 0.0047 0.0136
vn 0.9918 -0.0043 0.1279
vn 0.4284 0.8930 0.1378
vn 0.6351 -0.7038 0.3183
vn 0.0290 -0.9988 0.0391
vn -0.6762 -0.7366 0.0142
vn -0.9842 0.0075 0.1767
vn 0.9324 0.0142 0.3612
vn 0.5129 -0.0171 0.8583
vn -0.5136 -0.0193 0.8578
vn 0.6045 0.0194 0.7964
vn -0.9332 0.0052 0.3593
vn 0.7912 -0.3183 -0.5221
vn 0.4426 0.7031 0.5566
vn 0.9308 -0.0037 0.3656
vn -0.1399 -0.9508 0.2766
vn 0.8812 -0.0070 0.4728
vn 0.1010 -0.9119 -0.3977
vn 0.0010 0.8582 0.5133
vn -0.5059 -0.0110 0.8625
vn 0.5098 -0.0052 0.8603
vn 0.4987 0.0178 0.8666
vn -0.3361 0.0157 0.9417
vn -0.4307 -0.7519 0.4991
vn 0.4242 -0.0100 0.9055
vn 0.5142 0.0091 0.8576
vn -0.2811 -0.3803 -0.8811
vn -0.2685 -0.8256 -0.4963
vn 0.4755 -0.0110 0.8796
vn -0.4995 0.0003 0.8663
vn -0.4206 0.0152 0.9071
vn 0.4005 0.0191 0.9161
vn -0.4296 0.0197 0.9028
vn 0.3770 -0.6444 0.6653
vn 0.2649 -0.8083 -0.5258
vn -0.4314 -0.7996 -0.4177
vn 0.0249 -0.3277 -0.9444
vn -0.3301 0.6323 0.7009
vn 0.3466 0.7371 0.5801
vn -0.4202 0.6349 0.6483
vn 0.5049 -0.0118 0.8631
vn -0.4140 -0.0090 0.9102
vn -0.4186 0.0020 0.9082
vn -0.4206 -0.5680 0.7074
vn 0.2184 -0.6976 -0.6824
vn -0.3862 0.8235 0.4156
vn 0.4185 -0.0039 0.9082
vn 0.0998 -0.9267 -0.3623
vn -0.5996 0.0048 0.8003
vn 0.3641 0.0055 0.9313
vn -0.4222 -0.0092 0.9064
vn 0.0007 -0.9627 0.2704
vn 0.3942 0.0073 0.9190
vn -0.2055 0.9088 0.3631
vn 0.4468 0.7053 0.5504
vn 0.2273 -0.5771 0.7844
vn -0.4898 -0.7400 -0.4610
vn -0.3012 -0.6335 -0.7127
vn 0.2553 -0.7838 -0.5661
vn 0.4207 -0.6819 -0.5983
vn -0.4943 0.0157 0.8691
vn 0.9481 0.3145 0.0468
vn -0.5030 0.7659 0.4006
vn -0.0026 0.9230 0.3847
vn -0.3800 -0.7886 0.4835
vn 0.3731 -0.9204 -0.1168
vn -0.8281 0.0299 0.5597
vn -0.0015 0.9214 0.3886
vn 0.0138 0.9734 0.2286
vn -0.3994 -0.7642 0.5065
vn -0.1199 -0.8693 0.4795
vn -0.2544 -0.5155 0.8182
vn 0.5688 -0.4528 0.6866
vn -0.7359 0.2915 0.6112
vn 0.7309 -0.6823 0.0168
vn 0.2704 -0.9369 0.2217
vn 0.0011 -0.8724 0.4888
vn -0.1749 -0.6416 0.7468
vn 0.8009 0.1449 0.5809
vn -0.0003 0.9193 0.3936
vn 0.0028 0.8737 0.4865
vn 0.3997 0.6998 0.5920
vn 0.2234 -0.8280 0.5144
vn 0.0838 -0.4471 0.8905
vn 0.2032 -0.5355 0.8198
vn -0.3456 -0.6749 0.6519
vn -0.0021 0.7929 0.6094
vn 0.0544 0.3155 0.9474
vn 0.0061 0.3995 0.9167
vn -0.0030 0.8983 0.4394
vn -0.0098 -0.0832 0.9965
vn -0.0041 0.5372 0.8435
vn 0.0015 0.9024 0.4309
vn 0.0026 -0.0253 0.9997
vn 0.0461 0.4299 0.9017
vn -0.0073 -0.3694 0.9292
vn 0.0021 -0.2025 0.9793
vn 0.0370 -0.2411 0.9698
vn -0.0385 0.2654 0.9634
vn -0.0004 0.3902 0.9207
vn 0.2600 -0.6365 0.7261
vn 0.0085 0.3807 0.9247
vn 0.5348 -0.7655 0.3578
vn -0.0195 0.6539 0.7564
vn 0.0025 0.7870 0.6170
vn 0.0125 0.7709 0.6368
vn 0.1392 0.7423 0.6555
vn 0.4489 -0.5888 0.6722
vn -0.0079 -0.3125 0.9499
vn 0.0067 -0.3898 0.9209
vn 0.0020 -0.4144 0.9101
vn -0.0002 0.2555 0.9668
vn -0.0010 0.2961 0.9552
vn 0.0107 0.0570 0.9983
vn 0.0059 0.0447 0.9990
vn -0.0496 0.1153 0.9921
vn 0.0212 0.1236 0.9921
vn -0.0286 0.0254 0.9993
vt 0.559894 0.591641
vt 0.569401 0.568409
vt 0.570164 0.580002
vt 0.548924 0.532977
vt 0.549841 0.670069
vt 0.555379 0.626369
vt 0.559316 0.659914
vt 0.545856 0.617674
vt 0.563696 0.755872
vt 0.584281 0.717841
vt 0.582627 0.758372
vt 0.571792 0.493740
vt 0.581746 0.694391
vt 0.570188 0.674328
vt 0.546728 0.504606
vt 0.564342 0.493420
vt 0.559137 0.620215
vt 0.542709 0.729480
vt 0.542555 0.643073
vt 0.584238 0.557672
vt 0.584281 0.512593
vt 0.583702 0.494004
vt 0.924559 0.785986
vt 0.929284 0.792370
vt 0.924559 0.802375
vt 0.542945 0.501751
vt 0.543309 0.751071
vt 0.542461 0.562242
vt 0.148192 0.383969
vt 0.149478 0.464856
vt 0.145147 0.409350
vt 0.145147 0.666153
vt 0.185709 0.665767
vt 0.146686 0.668873
vt 0.255423 0.529687
vt 0.235918 0.535735
vt 0.236477 0.529710
vt 0.216019 0.534150
vt 0.524424 0.652348
vt 0.499358 0.646676
vt 0.527467 0.640519
vt 0.301585 0.900795
vt 0.318328 0.943224
vt 0.300097 0.942036
vt 0.322332 0.943135
vt 0.299873 0.761708
vt 0.321822 0.782678
vt 0.301562 0.828088
vt 0.300666 0.710745
vt 0.301928 0.673481
vt 0.322332 0.717245
vt 0.319937 0.855897
vt 0.321330 0.884967
vt 0.254147 0.566509
vt 0.257243 0.532806
vt 0.259720 0.533968
vt 0.271383 0.531014
vt 0.278747 0.531410
vt 0.497817 0.607979
vt 0.525395 0.612000
vt 0.148119 0.297542
vt 0.155434 0.339801
vt 0.155642 0.402589
vt 0.540773 0.001171
vt 0.540537 0.038468
vt 0.537832 0.003554
vt 0.540773 0.155860
vt 0.537999 0.207863
vt 0.538364 0.148030
vt 0.540648 0.228609
vt 0.321940 0.674680
vt 0.145414 0.110487
vt 0.147850 0.142107
vt 0.145147 0.183759
vt 0.147860 0.191037
vt 0.145266 0.212816
vt 0.209147 0.665348
vt 0.209451 0.691190
vt 0.568644 0.952915
vt 0.579574 0.935414
vt 0.579574 0.958455
vt 0.297942 0.529687
vt 0.297781 0.559631
vt 0.147802 0.275948
vt 0.155538 0.282614
vt 0.150262 0.525396
vt 0.157469 0.518565
vt 0.533459 0.035523
vt 0.540386 0.089466
vt 0.539561 0.269914
vt 0.527712 0.605728
vt 0.157975 0.455485
vt 0.157768 0.494729
vt 0.513065 0.121381
vt 0.194592 0.085619
vt 0.397143 0.717728
vt 0.388924 0.742816
vt 0.352023 0.717056
vt 0.526247 0.572239
vt 0.328747 0.736429
vt 0.345374 0.762491
vt 0.329354 0.799957
vt 0.344823 0.819561
vt 0.329138 0.673481
vt 0.343832 0.719676
vt 0.329571 0.872020
vt 0.345252 0.851246
vt 0.345401 0.907813
vt 0.472353 0.000844
vt 0.145587 0.045026
vt 0.429461 0.940858
vt 0.419374 0.924169
vt 0.431091 0.921713
vt 0.325672 0.799646
vt 0.324935 0.848988
vt 0.325785 0.677159
vt 0.324548 0.888220
vt 0.328546 0.914943
vt 0.324693 0.912062
vt 0.345401 0.680337
vt 0.484232 0.719177
vt 0.502282 0.717056
vt 0.487231 0.753281
vt 0.145622 0.002455
vt 0.175759 0.001391
vt 0.324122 0.676220
vt 0.324156 0.733396
vt 0.325675 0.753066
vt 0.324020 0.796158
vt 0.514644 0.232452
vt 0.259377 0.913507
vt 0.273771 0.920973
vt 0.260284 0.929757
vt 0.769755 0.898408
vt 0.770442 0.918567
vt 0.760390 0.922534
vt 0.784106 0.898408
vt 0.499251 0.565330
vt 0.351711 0.314168
vt 0.370357 0.309797
vt 0.351697 0.356966
vt 0.166616 0.518829
vt 0.352135 0.414083
vt 0.388251 0.455813
vt 0.351595 0.445753
vt 0.373675 0.909106
vt 0.386294 0.912347
vt 0.373675 0.933572
vt 0.050794 0.800843
vt 0.055144 0.800141
vt 0.050594 0.809498
vt 0.633514 0.760060
vt 0.613273 0.785993
vt 0.613489 0.761081
vt 0.258990 0.607926
vt 0.758961 0.899610
vt 0.506195 0.717641
vt 0.391984 0.747441
vt 0.415756 0.718404
vt 0.415756 0.797551
vt 0.232804 0.579061
vt 0.197827 0.236297
vt 0.146067 0.271011
vt 0.417445 0.945825
vt 0.190989 0.281785
vt 0.504485 0.241662
vt 0.281929 0.601868
vt 0.891947 0.814100
vt 0.891522 0.784525
vt 0.893621 0.812504
vt 0.070102 0.796172
vt 0.070287 0.837453
vt 0.514473 0.054563
vt 0.168924 0.691591
vt 0.371435 0.468883
vt 0.371855 0.485426
vt 0.352299 0.502361
vt 0.207740 0.268715
vt 0.273235 0.942515
vt 0.504979 0.931113
vt 0.504043 0.949386
vt 0.495306 0.949087
vt 0.514586 0.040490
vt 0.514610 0.217754
vt 0.391444 0.933930
vt 0.055610 0.833454
vt 0.385142 0.321424
vt 0.400574 0.361691
vt 0.259377 0.937974
vt 0.382975 0.285318
vt 0.371188 0.293189
vt 0.354528 0.274877
vt 0.873756 0.764640
vt 0.889217 0.740271
vt 0.889834 0.814739
vt 0.888788 0.681705
vt 0.351595 0.742768
vt 0.431091 0.949318
vt 0.872689 0.980822
vt 0.874023 0.899365
vt 0.889241 0.931512
vt 0.811461 0.857590
vt 0.826069 0.886905
vt 0.810914 0.945491
vt 0.889292 0.849993
vt 0.826963 0.799933
vt 0.811958 0.744824
vt 0.827363 0.719767
vt 0.873921 0.655704
vt 0.828047 0.667212
vt 0.812229 0.658805
vt 0.888459 0.612777
vt 0.873799 0.596720
vt 0.812161 0.980891
vt 0.827000 0.978484
vt 0.828788 0.981097
vt 0.826760 0.946320
vt 0.889218 0.980463
vt 0.859830 0.857019
vt 0.860082 0.773849
vt 0.800510 0.834676
vt 0.933025 0.794292
vt 0.934355 0.715712
vt 0.951754 0.725075
vt 0.936180 0.664184
vt 0.954717 0.699197
vt 0.801280 0.687755
vt 0.827918 0.590922
vt 0.812457 0.611562
vt 0.813188 0.574429
vt 0.434648 0.920025
vt 0.425369 0.891166
vt 0.446666 0.898549
vt 0.417445 0.918975
vt 0.717246 0.920670
vt 0.740469 0.903667
vt 0.739219 0.926348
vt 0.504979 0.958827
vt 0.775769 0.924998
vt 0.181843 0.526607
vt 0.928523 0.616708
vt 0.924655 0.577449
vt 0.928441 0.579404
vt 0.051248 0.821124
vt 0.931913 0.971446
vt 0.932027 0.969273
vt 0.939198 0.971257
vt 0.932271 0.937807
vt 0.931913 0.879669
vt 0.952416 0.876609
vt 0.799930 0.886397
vt 0.832931 0.843191
vt 0.854279 0.827340
vt 0.834217 0.923228
vt 0.832222 0.678201
vt 0.853637 0.715601
vt 0.832189 0.735552
vt 0.859894 0.712908
vt 0.801814 0.612666
vt 0.938775 0.589618
vt 0.956609 0.604268
vt 0.889096 0.564309
vt 0.873673 0.534012
vt 0.828788 0.492823
vt 0.814734 0.492083
vt 0.477426 0.004234
vt 0.391827 0.841022
vt 0.367648 0.835430
vt 0.371981 0.830870
vt 0.726614 0.897370
vt 0.717246 0.884248
vt 0.286533 0.945004
vt 0.275459 0.945312
vt 0.275459 0.913507
vt 0.179103 0.518869
vt 0.383212 0.274256
vt 0.799804 0.948714
vt 0.833066 0.808513
vt 0.887364 0.491467
vt 0.872672 0.491727
vt 0.390118 0.846303
vt 0.426846 0.883279
vt 0.499024 0.505811
vt 0.500892 0.549842
vt 0.486556 0.513020
vt 0.500344 0.705744
vt 0.484619 0.677571
vt 0.215015 0.274687
vt 0.859524 0.937231
vt 0.833258 0.610726
vt 0.855627 0.600388
vt 0.483062 0.549300
vt 0.364456 0.833774
vt 0.950330 0.969739
vt 0.859272 0.568278
vt 0.168776 0.744327
vt 0.496112 0.709114
vt 0.493717 0.706263
vt 0.490076 0.507700
vt 0.924559 0.635093
vt 0.376860 0.313149
vt 0.803888 0.981141
vt 0.859566 0.619400
vt 0.802431 0.537270
vt 0.499387 0.030284
vt 0.501977 0.204538
vt 0.417445 0.879584
vt 0.485098 0.591433
vt 0.893621 0.781141
vt 0.951702 0.739988
vt 0.804039 0.492005
vt 0.488309 0.183889
vt 0.366187 0.843414
vt 0.486985 0.698555
vt 0.800575 0.767961
vt 0.952232 0.809155
vt 0.834980 0.492073
vt 0.847325 0.492910
vt 0.835408 0.563186
vt 0.942653 0.493560
vt 0.963161 0.491578
vt 0.960193 0.519915
vt 0.504160 0.239529
vt 0.300335 0.529687
vt 0.324980 0.533275
vt 0.299943 0.578647
vt 0.205363 0.782270
vt 0.204530 0.830613
vt 0.189010 0.787999
vt 0.188906 0.811905
vt 0.835614 0.971325
vt 0.856318 0.925161
vt 0.954255 0.657297
vt 0.859052 0.491708
vt 0.360962 0.832961
vt 0.952711 0.941260
vt 0.498251 0.069196
vt 0.483088 0.642547
vt 0.859052 0.981133
vt 0.859643 0.536521
vt 0.857364 0.492005
vt 0.351595 0.831026
vt 0.215734 0.590392
vt 0.482513 0.517764
vt 0.386030 0.320138
vt 0.489563 0.714465
vt 0.481186 0.695196
vt 0.390973 0.496228
vt 0.395873 0.504123
vt 0.801174 0.729912
vt 0.958694 0.749696
vt 0.634255 0.238707
vt 0.633729 0.196554
vt 0.645744 0.253309
vt 0.392248 0.792288
vt 0.336650 0.539904
vt 0.343201 0.544697
vt 0.348805 0.572444
vt 0.210396 0.519671
vt 0.984329 0.714228
vt 0.998186 0.619271
vt 0.998819 0.712781
vt 0.504199 0.767137
vt 0.481795 0.589604
vt 0.857364 0.970433
vt 0.984601 0.850187
vt 0.999156 0.773723
vt 0.998016 0.856890
vt 0.984403 0.624518
vt 0.996801 0.568144
vt 0.988290 0.507549
vt 0.997127 0.536388
vt 0.322381 0.583214
vt 0.348901 0.549823
vt 0.984474 0.757608
vt 0.968429 0.212753
vt 0.967678 0.170071
vt 0.981587 0.202236
vt 0.981461 0.133860
vt 0.968761 0.115900
vt 0.981770 0.095446
vt 0.495011 0.243688
vt 0.198598 0.271876
vt 0.441285 0.567752
vt 0.416582 0.695261
vt 0.070902 0.866529
vt 0.996206 0.980999
vt 0.984552 0.943278
vt 0.996182 0.937096
vt 0.637508 0.395163
vt 0.614918 0.336682
vt 0.637196 0.343437
vt 0.615718 0.306381
vt 0.636013 0.276736
vt 0.738104 0.343805
vt 0.736115 0.229852
vt 0.757128 0.305189
vt 0.598515 0.750859
vt 0.594245 0.755651
vt 0.585969 0.734642
vt 0.612935 0.231957
vt 0.991788 0.491825
vt 0.997513 0.491578
vt 0.970179 0.029785
vt 0.971540 0.000844
vt 0.981797 0.040689
vt 0.495273 0.204645
vt 0.212002 0.526557
vt 0.963310 0.964780
vt 0.636990 0.457495
vt 0.615550 0.417013
vt 0.759398 0.350698
vt 0.741337 0.443380
vt 0.609849 0.708910
vt 0.627490 0.718479
vt 0.624726 0.725301
vt 0.594995 0.737110
vt 0.599114 0.722043
vt 0.591442 0.716159
vt 0.973663 0.263552
vt 0.981770 0.242700
vt 0.610956 0.139742
vt 0.631232 0.121495
vt 0.736115 0.112189
vt 0.756335 0.149633
vt 0.463994 0.268768
vt 0.410324 0.290579
vt 0.399878 0.319555
vt 0.969460 0.459595
vt 0.968663 0.393698
vt 0.980854 0.452460
vt 0.981341 0.382427
vt 0.627490 0.744410
vt 0.616603 0.742319
vt 0.619847 0.728812
vt 0.616169 0.754708
vt 0.614269 0.722200
vt 0.601938 0.745880
vt 0.675532 0.911716
vt 0.684987 0.924456
vt 0.675969 0.930745
vt 0.627705 0.046145
vt 0.984403 0.567109
vt 0.736349 0.001422
vt 0.757806 0.047489
vt 0.981555 0.002196
vt 0.492312 0.068474
vt 0.488688 0.065209
vt 0.634256 0.817747
vt 0.058656 0.857800
vt 0.962949 0.971949
vt 0.673260 0.932817
vt 0.670419 0.958741
vt 0.664388 0.947715
vt 0.487641 0.032203
vt 0.488282 0.122075
vt 0.483659 0.789321
vt 0.742802 0.489487
vt 0.764901 0.489895
vt 0.664244 0.929827
vt 0.591589 0.941890
vt 0.594110 0.922350
vt 0.601936 0.925963
vt 0.793531 0.937390
vt 0.792376 0.919325
vt 0.796273 0.915836
vt 0.591589 0.906350
vt 0.602126 0.911339
vt 0.259331 0.188541
vt 0.241576 0.606571
vt 0.892495 0.741361
vt 0.752428 0.912961
vt 0.757273 0.923789
vt 0.752428 0.927511
vt 0.785794 0.940397
vt 0.757928 0.256887
vt 0.679085 0.891945
vt 0.685183 0.906390
vt 0.981536 0.269609
vt 0.039190 0.579618
vt 0.047967 0.569095
vt 0.057205 0.581928
vt 0.048123 0.562743
vt 0.617622 0.001754
vt 0.628559 0.000844
vt 0.457813 0.516784
vt 0.400243 0.458829
vt 0.616109 0.489763
vt 0.642041 0.489795
vt 0.980979 0.482081
vt 0.984186 0.902890
vt 0.967678 0.324994
vt 0.982048 0.322227
vt 0.664253 0.920747
vt 0.673234 0.921418
vt 0.984186 0.492458
vt 0.487507 0.206592
vt 0.478122 0.235439
vt 0.438580 0.715368
vt 0.411038 0.486132
vt 0.984457 0.980740
vt 0.664244 0.956904
vt 0.556179 0.912036
vt 0.559735 0.935943
vt 0.545942 0.935681
vt 0.685183 0.937221
vt 0.685087 0.929922
vt 0.785794 0.898408
vt 0.929558 0.784299
vt 0.924559 0.772201
vt 0.929558 0.766942
vt 0.488131 0.068361
vt 0.348674 0.831712
vt 0.349460 0.862745
vt 0.347089 0.856069
vt 0.044722 0.490334
vt 0.133250 0.477357
vt 0.141843 0.490127
vt 0.002638 0.489665
vt 0.009642 0.477246
vt 0.001657 0.482126
vt 0.076933 0.477767
vt 0.141347 0.447452
vt 0.143459 0.452673
vt 0.349308 0.830024
vt 0.347550 0.801153
vt 0.349308 0.730960
vt 0.001974 0.381107
vt 0.143343 0.412286
vt 0.009335 0.409610
vt 0.133159 0.400027
vt 0.347089 0.732577
vt 0.141393 0.367002
vt 0.009628 0.336272
vt 0.143163 0.359580
vt 0.132674 0.297513
vt 0.348289 0.673481
vt 0.141428 0.298825
vt 0.000844 0.322274
vt 0.143345 0.267002
vt 0.009955 0.256703
vt 0.596232 0.946134
vt 0.212382 0.743251
vt 0.211139 0.691685
vt 0.213256 0.677592
vt 0.011037 0.632470
vt 0.022173 0.599148
vt 0.026713 0.621018
vt 0.002184 0.255531
vt 0.142128 0.260839
vt 0.074934 0.608982
vt 0.084888 0.573920
vt 0.084425 0.607855
vt 0.133289 0.212755
vt 0.069726 0.593103
vt 0.211139 0.665348
vt 0.010864 0.574895
vt 0.143459 0.223622
vt 0.062594 0.585303
vt 0.141413 0.223437
vt 0.212306 0.822704
vt 0.213924 0.782270
vt 0.213924 0.835546
vt 0.002203 0.173129
vt 0.891666 0.687702
vt 0.893913 0.658894
vt 0.893859 0.739674
vt 0.009698 0.135719
vt 0.133717 0.158543
vt 0.143444 0.133911
vt 0.141623 0.086109
vt 0.891782 0.620578
vt 0.143410 0.076501
vt 0.893756 0.555633
vt 0.891522 0.582999
vt 0.002150 0.067790
vt 0.134306 0.057037
vt 0.009911 0.011502
vt 0.891657 0.529268
vt 0.142309 0.001843
vt 0.606446 0.049612
vt 0.891526 0.491467
vt 0.133478 0.012544
vt 0.893913 0.491855
vt 0.002437 0.002782
vt 0.049083 0.011012
vt 0.125616 0.002916
vt 0.094089 0.010787
vt 0.486700 0.066681
vt 0.057866 0.000844
vt 0.004173 0.001120
vt 0.119650 0.000868
vt 0.241497 0.282516
vt 0.787188 0.559393
vt 0.796703 0.606708
vt 0.787349 0.615728
vt 0.093003 0.794484
vt 0.002003 0.794164
vt 0.094478 0.751543
vt 0.000894 0.751374
vt 0.006707 0.741650
vt 0.053733 0.712825
vt 0.753669 0.911273
vt 0.753669 0.884248
vt 0.757273 0.898977
vt 0.000844 0.726489
vt 0.094812 0.724516
vt 0.093089 0.706961
vt 0.043271 0.660433
vt 0.001625 0.695390
vt 0.094334 0.642654
vt 0.001052 0.643893
vt 0.053619 0.630412
vt 0.062810 0.627709
vt 0.085112 0.632366
vt 0.035748 0.628378
vt 0.010394 0.604251
vt 0.094381 0.564910
vt 0.001643 0.565015
vt 0.000844 0.530730
vt 0.094635 0.529106
vt 0.056253 0.492063
vt 0.093016 0.492797
vt 0.004619 0.520174
vt 0.045077 0.492587
vt 0.002355 0.492022
vt 0.928523 0.664099
vt 0.224199 0.981528
vt 0.215783 0.896278
vt 0.224525 0.890476
vt 0.983736 0.391223
vt 0.994613 0.450060
vt 0.983739 0.457467
vt 0.533224 0.739828
vt 0.540732 0.731858
vt 0.537855 0.747011
vt 0.635702 0.573597
vt 0.643350 0.582459
vt 0.633669 0.589193
vt 0.124539 0.313050
vt 0.275572 0.956429
vt 0.275459 0.947000
vt 0.283229 0.947652
vt 0.124863 0.238232
vt 0.529400 0.587717
vt 0.532787 0.577016
vt 0.538484 0.588045
vt 0.635725 0.650991
vt 0.642031 0.664724
vt 0.635229 0.693723
vt 0.984060 0.241213
vt 0.983904 0.122649
vt 0.991688 0.129263
vt 0.994134 0.083051
vt 0.991771 0.113075
vt 0.992707 0.057421
vt 0.984140 0.000844
vt 0.994686 0.035302
vt 0.992994 0.007499
vt 0.787188 0.642267
vt 0.797273 0.649940
vt 0.789427 0.662648
vt 0.796140 0.694952
vt 0.787188 0.706599
vt 0.787506 0.688718
vt 0.794721 0.734361
vt 0.788343 0.728406
vt 0.376574 0.881932
vt 0.604510 0.920311
vt 0.607840 0.909841
vt 0.610289 0.919614
vt 0.635725 0.600153
vt 0.642360 0.594057
vt 0.025284 0.400522
vt 0.030402 0.407767
vt 0.023360 0.418221
vt 0.644255 0.573181
vt 0.635153 0.556720
vt 0.313965 0.946228
vt 0.321670 0.954676
vt 0.313965 0.955982
vt 0.309015 0.954188
vt 0.299873 0.955423
vt 0.309015 0.944912
vt 0.300051 0.947283
vt 0.539161 0.777662
vt 0.540732 0.788282
vt 0.533035 0.781435
vt 0.539545 0.539955
vt 0.531404 0.541888
vt 0.529400 0.506637
vt 0.534777 0.748699
vt 0.540732 0.749553
vt 0.643719 0.661848
vt 0.644255 0.679631
vt 0.635170 0.704890
vt 0.643394 0.725472
vt 0.635605 0.741696
vt 0.043504 0.128107
vt 0.043321 0.104977
vt 0.062188 0.117997
vt 0.127049 0.049446
vt 0.125956 0.076113
vt 0.016511 0.796325
vt 0.038825 0.796172
vt 0.024792 0.804143
vt 0.040834 0.063021
vt 0.026985 0.054544
vt 0.054375 0.047348
vt 0.101340 0.036040
vt 0.107864 0.063071
vt 0.087586 0.046106
vt 0.057559 0.056452
vt 0.074457 0.045776
vt 0.476437 0.039895
vt 0.052029 0.856660
vt 0.603813 0.962781
vt 0.610289 0.962399
vt 0.995867 0.394674
vt 0.634666 0.493420
vt 0.643634 0.554596
vt 0.983736 0.319266
vt 0.995727 0.213169
vt 0.556913 0.966069
vt 0.551038 0.965851
vt 0.556913 0.937647
vt 0.187218 0.875498
vt 0.172085 0.876281
vt 0.177690 0.847313
vt 0.539707 0.547873
vt 0.124447 0.196035
vt 0.077950 0.129067
vt 0.098829 0.106850
vt 0.101645 0.127804
vt 0.081822 0.107089
vt 0.058798 0.106201
vt 0.035908 0.084784
vt 0.055972 0.102911
vt 0.127108 0.110393
vt 0.120604 0.099520
vt 0.103413 0.094671
vt 0.024397 0.074906
vt 0.082546 0.054237
vt 0.043257 0.034947
vt 0.058138 0.029599
vt 0.127447 0.018104
vt 0.447070 0.273564
vt 0.322332 0.944912
vt 0.995735 0.294965
vt 0.539468 0.822541
vt 0.533846 0.821552
vt 0.534055 0.774767
vt 0.924559 0.828049
vt 0.929532 0.820439
vt 0.929532 0.834602
vt 0.125319 0.137557
vt 0.031305 0.113999
vt 0.095584 0.094091
vt 0.098154 0.071995
vt 0.036893 0.806319
vt 0.048613 0.805506
vt 0.017471 0.047577
vt 0.032787 0.029980
vt 0.030262 0.042209
vt 0.116677 0.049502
vt 0.078437 0.027326
vt 0.105625 0.019266
vt 0.016468 0.019112
vt 0.787357 0.492073
vt 0.795840 0.500147
vt 0.796703 0.551069
vt 0.215734 0.888657
vt 0.635673 0.642535
vt 0.644255 0.629945
vt 0.643415 0.647219
vt 0.643822 0.599496
vt 0.533642 0.733822
vt 0.996715 0.347264
vt 0.642301 0.493689
vt 0.540031 0.700760
vt 0.533224 0.647465
vt 0.539675 0.649268
vt 0.532335 0.644943
vt 0.531779 0.621079
vt 0.539966 0.645777
vt 0.048613 0.879818
vt 0.045054 0.909135
vt 0.042046 0.878738
vt 0.540732 0.576781
vt 0.538383 0.505811
vt 0.107058 0.146226
vt 0.100560 0.157019
vt 0.097766 0.141241
vt 0.125702 0.148030
vt 0.116748 0.135204
vt 0.080359 0.146362
vt 0.053297 0.140199
vt 0.022738 0.118640
vt 0.031162 0.133697
vt 0.113759 0.130528
vt 0.114506 0.124733
vt 0.015492 0.126675
vt 0.017206 0.096262
vt 0.044807 0.078120
vt 0.015962 0.069946
vt 0.211834 0.758059
vt 0.213256 0.744939
vt 0.213256 0.772838
vt 0.041279 0.021374
vt 0.063503 0.022697
vt 0.061696 0.017989
vt 0.087744 0.019460
vt 0.791111 0.617416
vt 0.604027 0.001361
vt 0.215734 0.981077
vt 0.124067 0.470175
vt 0.124746 0.407848
vt 0.762136 0.418068
vt 0.533787 0.708323
vt 0.123547 0.376133
vt 0.607599 0.313576
vt 0.608968 0.299615
vt 0.283229 0.957558
vt 0.607102 0.221680
vt 0.644104 0.648907
vt 0.644255 0.744318
vt 0.039880 0.156858
vt 0.036945 0.157050
vt 0.040605 0.149121
vt 0.032768 0.146810
vt 0.924559 0.811825
vt 0.929736 0.804063
vt 0.929736 0.818751
vt 0.047502 0.144624
vt 0.995620 0.125701
vt 0.423425 0.874674
vt 0.429856 0.864743
vt 0.446422 0.876727
vt 0.664732 0.847482
vt 0.647432 0.813122
vt 0.663962 0.809042
vt 0.256931 0.597585
vt 0.189095 0.865498
vt 0.017563 0.470672
vt 0.031133 0.466459
vt 0.068442 0.470441
vt 0.115901 0.464919
vt 0.023549 0.460698
vt 0.119512 0.448006
vt 0.018339 0.414260
vt 0.118963 0.416833
vt 0.115531 0.410635
vt 0.023408 0.394507
vt 0.117039 0.399064
vt 0.120010 0.390173
vt 0.767343 0.356279
vt 0.118795 0.370979
vt 0.019192 0.366026
vt 0.023697 0.369011
vt 0.608401 0.380912
vt 0.608113 0.355805
vt 0.119490 0.309030
vt 0.770523 0.350711
vt 0.480764 0.917356
vt 0.476674 0.914587
vt 0.480764 0.897283
vt 0.023380 0.308147
vt 0.018243 0.312541
vt 0.531022 0.714412
vt 0.529400 0.649245
vt 0.531022 0.647465
vt 0.120939 0.307387
vt 0.605466 0.351918
vt 0.771065 0.316683
vt 0.765334 0.310807
vt 0.603200 0.318708
vt 0.637895 0.762048
vt 0.644893 0.760060
vt 0.643165 0.761636
vt 0.606444 0.297958
vt 0.031412 0.298984
vt 0.033355 0.299072
vt 0.347273 0.902569
vt 0.347273 0.888934
vt 0.349459 0.902445
vt 0.032425 0.240001
vt 0.213924 0.861441
vt 0.213924 0.877359
vt 0.212638 0.871516
vt 0.018324 0.229122
vt 0.109791 0.299446
vt 0.110548 0.240645
vt 0.034245 0.270371
vt 0.042046 0.937730
vt 0.767640 0.312291
vt 0.765918 0.218831
vt 0.763619 0.214552
vt 0.023327 0.230276
vt 0.119638 0.231007
vt 0.604340 0.193033
vt 0.119741 0.201512
vt 0.026514 0.190214
vt 0.118627 0.193190
vt 0.023821 0.183505
vt 0.604449 0.167467
vt 0.763680 0.166853
vt 0.018825 0.148837
vt 0.023987 0.157427
vt 0.119340 0.158476
vt 0.995948 0.134372
vt 0.054718 0.156369
vt 0.015245 0.143141
vt 0.018832 0.140015
vt 0.482874 0.929425
vt 0.482874 0.903330
vt 0.506196 0.914727
vt 0.771319 0.458900
vt 0.770447 0.418198
vt 0.607888 0.463621
vt 0.607702 0.423488
vt 0.766289 0.171821
vt 0.765765 0.116348
vt 0.601990 0.110353
vt 0.763861 0.112297
vt 0.754767 0.000844
vt 0.351595 0.884309
vt 0.427241 0.503761
vt 0.608270 0.490638
vt 0.567042 0.357549
vt 0.550614 0.872615
vt 0.647587 0.796807
vt 0.647432 0.705106
vt 0.686440 0.709393
vt 0.573259 0.221980
vt 0.420743 0.873081
vt 0.764426 0.058561
vt 0.598791 0.032473
vt 0.764237 0.001493
vt 0.772732 0.488926
vt 0.287437 0.797363
vt 0.282575 0.797309
vt 0.287437 0.724106
vt 0.568933 0.836557
vt 0.602125 0.834923
vt 0.568644 0.904662
vt 0.471969 0.799952
vt 0.481512 0.802371
vt 0.477815 0.836112
vt 0.564443 0.094916
vt 0.766443 0.057054
vt 0.597327 0.003008
vt 0.649120 0.604745
vt 0.649172 0.547957
vt 0.686450 0.621930
vt 0.445360 0.801456
vt 0.459883 0.803335
vt 0.798116 0.130636
vt 0.297524 0.587793
vt 0.543500 0.353580
vt 0.267074 0.811395
vt 0.282427 0.809653
vt 0.278664 0.843622
vt 0.648651 0.659122
vt 0.768238 0.002146
vt 0.146042 0.746419
vt 0.348901 0.657941
vt 0.608801 0.886789
vt 0.603814 0.908004
vt 0.603814 0.834923
vt 0.609183 0.908153
vt 0.538377 0.898215
vt 0.533035 0.824229
vt 0.538282 0.826266
vt 0.543877 0.257149
vt 0.461571 0.806559
vt 0.472798 0.858799
vt 0.672496 0.812996
vt 0.439458 0.002248
vt 0.412570 0.301726
vt 0.412963 0.475707
vt 0.145147 0.529687
vt 0.164877 0.531031
vt 0.148626 0.590579
vt 0.282523 0.748701
vt 0.455345 0.224497
vt 0.475431 0.223396
vt 0.228950 0.001467
vt 0.436019 0.476822
vt 0.444274 0.475063
vt 0.152073 0.659895
vt 0.149718 0.630490
vt 0.180960 0.660156
vt 0.644893 0.800446
vt 0.249863 0.519858
vt 0.588241 0.760060
vt 0.576480 0.784592
vt 0.566101 0.760060
vt 0.562078 0.793764
vt 0.613412 0.831005
vt 0.366321 0.517806
vt 0.559807 0.440439
vt 0.486173 0.826236
vt 0.641197 0.834344
vt 0.239823 0.268630
vt 0.315415 0.592764
vt 0.286201 0.841990
vt 0.296776 0.624821
vt 0.145147 0.757679
vt 0.168015 0.761025
vt 0.251031 0.527999
vt 0.203804 0.861904
vt 0.209365 0.857114
vt 0.680141 0.843452
vt 0.688117 0.811195
vt 0.668986 0.492115
vt 0.653773 0.493207
vt 0.649891 0.492073
vt 0.566956 0.869536
vt 0.474467 0.049405
vt 0.422147 0.049608
vt 0.351595 0.956403
vt 0.351595 0.932615
vt 0.363187 0.943889
vt 0.347089 0.887246
vt 0.366458 0.579525
vt 0.052499 0.888887
vt 0.542461 0.931410
vt 0.048613 0.876717
vt 0.617052 0.854543
vt 0.412821 0.807463
vt 0.050301 0.887649
vt 0.565658 0.935959
vt 0.551706 0.781098
vt 0.407111 0.037278
vt 0.269441 0.866568
vt 0.243134 0.271817
vt 0.208846 0.861696
vt 0.602125 0.902472
vt 0.163057 0.820382
vt 0.459883 0.877896
vt 0.275970 0.629966
vt 0.272186 0.615156
vt 0.636207 0.846309
vt 0.260619 0.003038
vt 0.221274 0.617237
vt 0.683723 0.800127
vt 0.260093 0.849421
vt 0.552950 0.002770
vt 0.553581 0.491732
vt 0.417444 0.843943
vt 0.031626 0.873162
vt 0.711470 0.510991
vt 0.650683 0.546794
vt 0.666072 0.874897
vt 0.710445 0.496427
vt 0.407509 0.234521
vt 0.613272 0.858619
vt 0.260996 0.280863
vt 0.653397 0.888717
vt 0.392618 0.818008
vt 0.353929 0.896853
vt 0.193729 0.533656
vt 0.148914 0.767818
vt 0.414028 0.823143
vt 0.240848 0.617131
vt 0.212459 0.663660
vt 0.545116 0.314218
vt 0.503486 0.271724
vt 0.425339 0.271574
vt 0.478204 0.503802
vt 0.533035 0.898299
vt 0.430318 0.799952
vt 0.504176 0.808674
vt 0.282970 0.268463
vt 0.241841 0.623832
vt 0.241493 0.624621
vt 0.271090 0.517879
vt 0.246712 0.282830
vt 0.007678 0.831854
vt 0.013627 0.872495
vt 0.542478 0.039366
vt 0.160775 0.779087
vt 0.404638 0.828650
vt 0.394497 0.829182
vt 0.561524 0.834931
vt 0.000844 0.877050
vt 0.285458 0.886453
vt 0.410356 0.223433
vt 0.314279 0.611561
vt 0.173854 0.810379
vt 0.388767 0.268898
vt 0.146271 0.777505
vt 0.457143 0.476520
vt 0.212020 0.594391
vt 0.258088 0.271537
vt 0.169469 0.780582
vt 0.544894 0.853948
vt 0.466810 0.879439
vt 0.635924 0.869143
vt 0.352283 0.907418
vt 0.145698 0.778815
vt 0.568766 0.823992
vt 0.349252 0.940904
vt 0.343560 0.957093
vt 0.343560 0.916631
vt 0.339270 0.928935
vt 0.324020 0.939233
vt 0.337481 0.918776
vt 0.305562 0.273564
vt 0.581912 0.823458
vt 0.316927 0.052811
vt 0.341872 0.938499
vt 0.759710 0.950365
vt 0.774146 0.941768
vt 0.774413 0.950387
vt 0.324020 0.916631
vt 0.506195 0.822363
vt 0.893887 0.877461
vt 0.891522 0.875320
vt 0.893887 0.859426
vt 0.070902 0.914082
vt 0.259377 0.905540
vt 0.595570 0.818123
vt 0.774413 0.926686
vt 0.758961 0.926884
vt 0.280047 0.688538
vt 0.258931 0.648035
vt 0.713577 0.614396
vt 0.675758 0.886146
vt 0.629178 0.753424
vt 0.629178 0.708910
vt 0.633109 0.729280
vt 0.271767 0.911572
vt 0.234287 0.663116
vt 0.213377 0.578095
vt 0.217430 0.666467
vt 0.057470 0.943789
vt 0.213078 0.631482
vt 0.542461 0.319539
vt 0.481349 0.888066
vt 0.556105 0.820961
vt 0.712057 0.569813
vt 0.288736 0.271876
vt 0.362859 0.715368
vt 0.544127 0.179859
vt 0.323720 0.281564
vt 0.208693 0.926231
vt 0.203761 0.912660
vt 0.551783 0.479742
vt 0.042552 0.939418
vt 0.048613 0.940364
vt 0.042552 0.961055
vt 0.715558 0.800936
vt 0.542827 0.066423
vt 0.504152 0.851249
vt 0.146472 0.922284
vt 0.168396 0.887745
vt 0.169461 0.951492
vt 0.477005 0.302193
vt 0.478031 0.475181
vt 0.548935 0.419720
vt 0.168014 0.789368
vt 0.543845 0.118837
vt 0.146113 0.882979
vt 0.287369 0.519463
vt 0.479743 0.486501
vt 0.713148 0.807354
vt 0.481760 0.290034
vt 0.551250 0.451043
vt 0.714289 0.670403
vt 0.365747 0.697246
vt 0.281676 0.724064
vt 0.552345 0.835083
vt 0.688117 0.886489
vt 0.411882 0.001332
vt 0.052597 0.924452
vt 0.050695 0.906719
vt 0.542461 0.004385
vt 0.409071 0.048615
vt 0.050375 0.922528
vt 0.102671 0.980870
vt 0.115100 0.969294
vt 0.114976 0.981312
vt 0.105331 0.942740
vt 0.114034 0.940556
vt 0.214046 0.598513
vt 0.214046 0.533567
vt 0.154633 0.795156
vt 0.542792 0.124650
vt 0.122287 0.608376
vt 0.120748 0.602543
vt 0.122744 0.555948
vt 0.129636 0.567485
vt 0.129000 0.507460
vt 0.140624 0.555905
vt 0.123561 0.528900
vt 0.113605 0.523861
vt 0.123099 0.493902
vt 0.129777 0.492842
vt 0.140766 0.492022
vt 0.131797 0.947873
vt 0.143036 0.981287
vt 0.131788 0.980712
vt 0.142327 0.925487
vt 0.132457 0.914345
vt 0.546664 0.358497
vt 0.715558 0.711407
vt 0.543189 0.185296
vt 0.121486 0.614152
vt 0.129918 0.612873
vt 0.142137 0.619948
vt 0.111666 0.567453
vt 0.732876 0.947786
vt 0.728545 0.933551
vt 0.735150 0.928036
vt 0.111748 0.492022
vt 0.116272 0.909244
vt 0.105912 0.844820
vt 0.131230 0.893302
vt 0.116899 0.847989
vt 0.131396 0.847899
vt 0.119770 0.674773
vt 0.120969 0.669380
vt 0.110418 0.619338
vt 0.256801 0.775082
vt 0.257313 0.727966
vt 0.279941 0.728083
vt 0.346815 0.524982
vt 0.210311 0.926686
vt 0.210618 0.872746
vt 0.670045 0.470786
vt 0.681585 0.466550
vt 0.714102 0.469690
vt 0.657654 0.466739
vt 0.649791 0.470879
vt 0.707007 0.465762
vt 0.711374 0.460451
vt 0.652762 0.461066
vt 0.714095 0.406120
vt 0.856365 0.460311
vt 0.853165 0.470088
vt 0.853656 0.406630
vt 0.515967 0.892559
vt 0.519273 0.833665
vt 0.522895 0.838670
vt 0.720679 0.794919
vt 0.717704 0.741267
vt 0.720924 0.752697
vt 0.723735 0.740717
vt 0.520813 0.821559
vt 0.720626 0.729383
vt 0.526764 0.795921
vt 0.717578 0.683121
vt 0.720552 0.702689
vt 0.722692 0.707294
vt 0.643841 0.882412
vt 0.643841 0.836032
vt 0.645541 0.855774
vt 0.848667 0.360850
vt 0.852464 0.348488
vt 0.141945 0.802560
vt 0.523962 0.781947
vt 0.721033 0.684476
vt 0.125389 0.842775
vt 0.720958 0.642507
vt 0.527637 0.740562
vt 0.125249 0.808540
vt 0.122855 0.843164
vt 0.530915 0.730181
vt 0.130675 0.802963
vt 0.123561 0.809118
vt 0.717675 0.639011
vt 0.118351 0.803713
vt 0.140499 0.748343
vt 0.711278 0.308008
vt 0.705045 0.297426
vt 0.713597 0.297345
vt 0.726642 0.629427
vt 0.108348 0.765390
vt 0.119501 0.746643
vt 0.130488 0.711708
vt 0.851738 0.304383
vt 0.844954 0.274909
vt 0.850844 0.255695
vt 0.705431 0.239684
vt 0.717246 0.590324
vt 0.726467 0.574473
vt 0.714334 0.257345
vt 0.108421 0.694945
vt 0.717660 0.557285
vt 0.213128 0.859753
vt 0.213128 0.837234
vt 0.213924 0.845656
vt 0.711633 0.230267
vt 0.143036 0.705895
vt 0.927751 0.734716
vt 0.924559 0.707548
vt 0.927751 0.665787
vt 0.720985 0.564227
vt 0.721621 0.528926
vt 0.893941 0.857738
vt 0.891522 0.823923
vt 0.893941 0.815788
vt 0.142003 0.675339
vt 0.180919 0.916578
vt 0.178940 0.907941
vt 0.184057 0.908854
vt 0.719346 0.516315
vt 0.723523 0.520557
vt 0.130012 0.669912
vt 0.852069 0.181716
vt 0.850174 0.222665
vt 0.847790 0.147133
vt 0.174608 0.877969
vt 0.181952 0.878095
vt 0.851984 0.159168
vt 0.711035 0.157899
vt 0.715730 0.146182
vt 0.714538 0.188418
vt 0.507884 0.928853
vt 0.512911 0.914122
vt 0.517674 0.924362
vt 0.474692 0.947182
vt 0.481104 0.942066
vt 0.481104 0.954520
vt 0.663110 0.156485
vt 0.678831 0.146975
vt 0.701974 0.155959
vt 0.704062 0.147999
vt 0.857364 0.145145
vt 0.388082 0.952614
vt 0.383010 0.949901
vt 0.388082 0.935618
vt 0.697148 0.141438
vt 0.373675 0.942638
vt 0.790895 0.766464
vt 0.787188 0.748526
vt 0.790895 0.736049
vt 0.790771 0.791476
vt 0.787274 0.778296
vt 0.519110 0.918416
vt 0.516529 0.906856
vt 0.707295 0.130656
vt 0.508029 0.899812
vt 0.364874 0.966343
vt 0.365519 0.952995
vt 0.371629 0.959162
vt 0.370855 0.945172
vt 0.713285 0.135133
vt 0.855484 0.130353
vt 0.852743 0.141333
vt 0.101806 0.546801
vt 0.896376 0.554947
vt 0.895769 0.492179
vt 0.916881 0.530415
vt 0.371987 0.914428
vt 0.351595 0.930927
vt 0.351595 0.909106
vt 0.289125 0.804883
vt 0.289182 0.732416
vt 0.298185 0.789236
vt 0.750588 0.933180
vt 0.750713 0.972196
vt 0.742201 0.977825
vt 0.750598 0.891548
vt 0.742157 0.886036
vt 0.750713 0.884248
vt 0.726303 0.475770
vt 0.726666 0.416024
vt 0.881778 0.400113
vt 0.892285 0.353236
vt 0.893852 0.451149
vt 0.730657 0.745490
vt 0.336328 0.940921
vt 0.340717 0.943106
vt 0.333663 0.952770
vt 0.714305 0.363191
vt 0.726264 0.363869
vt 0.729845 0.639960
vt 0.017812 0.878738
vt 0.013438 0.936306
vt 0.005514 0.936293
vt 0.838284 0.251729
vt 0.644280 0.746006
vt 0.644280 0.755547
vt 0.636053 0.747146
vt 0.726830 0.243888
vt 0.726564 0.199694
vt 0.728213 0.563775
vt 0.178891 0.950417
vt 0.171149 0.950242
vt 0.171149 0.904621
vt 0.729417 0.525438
vt 0.927786 0.851772
vt 0.927786 0.864408
vt 0.924559 0.855839
vt 0.836867 0.176273
vt 0.449413 0.895747
vt 0.448355 0.879584
vt 0.456518 0.880387
vt 0.659229 0.141976
vt 0.650203 0.139670
vt 0.650154 0.118795
vt 0.507884 0.894247
vt 0.512986 0.897909
vt 0.706423 0.951937
vt 0.703021 0.936890
vt 0.711253 0.945631
vt 0.364874 0.932615
vt 0.704502 0.132663
vt 0.704607 0.121933
vt 0.716785 0.117323
vt 0.713238 0.099453
vt 0.711253 0.912574
vt 0.899235 0.617678
vt 0.918885 0.614828
vt 0.714987 0.859583
vt 0.699695 0.838014
vt 0.710827 0.833370
vt 0.649712 0.086252
vt 0.649498 0.047985
vt 0.661161 0.051375
vt 0.677281 0.890257
vt 0.689805 0.821395
vt 0.698985 0.809041
vt 0.695492 0.044612
vt 0.671960 0.027129
vt 0.698323 0.032211
vt 0.797597 0.873232
vt 0.797597 0.896720
vt 0.792536 0.879367
vt 0.649743 0.018695
vt 0.676753 0.018079
vt 0.440748 0.953425
vt 0.432779 0.921712
vt 0.443011 0.921712
vt 0.784090 0.965852
vt 0.776101 0.951929
vt 0.784090 0.926686
vt 0.750462 0.980527
vt 0.507884 0.890578
vt 0.841216 0.476915
vt 0.725973 0.730510
vt 0.514441 0.818451
vt 0.897170 0.917411
vt 0.899273 0.796958
vt 0.920368 0.845991
vt 0.518252 0.796630
vt 0.728401 0.673964
vt 0.521458 0.740417
vt 0.096500 0.787766
vt 0.471726 0.895595
vt 0.286201 0.911654
vt 0.734159 0.574891
vt 0.172490 0.920108
vt 0.881815 0.171267
vt 0.893080 0.127711
vt 0.892108 0.203341
vt 0.448430 0.975003
vt 0.448355 0.958064
vt 0.456855 0.971735
vt 0.454006 0.896235
vt 0.455717 0.939874
vt 0.649854 0.147891
vt 0.692593 0.142022
vt 0.674593 0.141020
vt 0.671480 0.133201
vt 0.688515 0.134199
vt 0.929617 0.765254
vt 0.924559 0.754057
vt 0.929617 0.736404
vt 0.527421 0.907748
vt 0.656628 0.125489
vt 0.681019 0.119550
vt 0.850875 0.124816
vt 0.847619 0.138917
vt 0.835967 0.114627
vt 0.846057 0.118044
vt 0.701174 0.931004
vt 0.654877 0.104503
vt 0.665192 0.098455
vt 0.589511 0.832183
vt 0.708285 0.090157
vt 0.692490 0.102837
vt 0.699133 0.087470
vt 0.845802 0.047232
vt 0.847298 0.085498
vt 0.715405 0.082519
vt 0.711747 0.056356
vt 0.717998 0.055420
vt 0.712008 0.038613
vt 0.679798 0.046571
vt 0.834877 0.011792
vt 0.844331 0.017950
vt 0.239130 0.956669
vt 0.244851 0.936362
vt 0.244851 0.973579
vt 0.699404 0.026018
vt 0.695471 0.018251
vt 0.289650 0.838906
vt 0.340717 0.958774
vt 0.735106 0.609893
vt 0.891671 0.273765
vt 0.881049 0.239578
vt 0.259377 0.958113
vt 0.260137 0.945628
vt 0.266810 0.957405
vt 0.721056 0.493745
vt 0.729702 0.492296
vt 0.689805 0.910886
vt 0.690861 0.892036
vt 0.705133 0.898845
vt 0.611584 0.819961
vt 0.600339 0.810573
vt 0.700488 0.867112
vt 0.713075 0.876486
vt 0.697092 0.115237
vt 0.683662 0.107723
vt 0.727213 0.086403
vt 0.564737 0.833235
vt 0.699738 0.069239
vt 0.663021 0.073815
vt 0.542461 0.829473
vt 0.717246 0.928036
vt 0.296485 0.922576
vt 0.289125 0.898866
vt 0.297544 0.890434
vt 0.189403 0.939623
vt 0.298017 0.724064
vt 0.728289 0.760347
vt 0.511898 0.841214
vt 0.535524 0.955187
vt 0.531534 0.932159
vt 0.538377 0.940652
vt 0.924559 0.850084
vt 0.924559 0.836290
vt 0.929435 0.841089
vt 0.017812 0.947358
vt 0.481512 0.894067
vt 0.008777 0.879943
vt 0.920980 0.713705
vt 0.899295 0.672076
vt 0.707847 0.061063
vt 0.691928 0.054585
vt 0.670604 0.064360
vt 0.389540 0.028593
vt 0.613351 0.921704
vt 0.258931 0.721328
vt 0.256857 0.632620
vt 0.496231 0.494867
vt 0.728871 0.795111
vt 0.517102 0.759769
vt 0.838997 0.335136
vt 0.581262 0.952498
vt 0.589678 0.935414
vt 0.589678 0.963434
vt 0.259699 0.911819
vt 0.832138 0.159251
vt 0.296142 0.856400
vt 0.289125 0.849705
vt 0.334914 0.003547
vt 0.298185 0.713045
vt 0.298185 0.848017
vt 0.894081 0.489334
vt 0.883492 0.469699
vt 0.538377 0.899987
vt 0.549350 0.937647
vt 0.549350 0.966667
vt 0.542461 0.951055
vt 0.901741 0.702008
vt 0.898324 0.743975
vt 0.635170 0.757571
vt 0.266810 0.944203
vt 0.457007 0.917099
vt 0.726747 0.152125
vt 0.717292 0.018210
vt 0.726932 0.011541
vt 0.296127 0.967434
vt 0.289125 0.973813
vt 0.784974 0.793031
vt 0.764186 0.737648
vt 0.784250 0.743511
vt 0.728528 0.715428
vt 0.785500 0.720595
vt 0.748932 0.628427
vt 0.784394 0.661918
vt 0.515425 0.729401
vt 0.764094 0.627901
vt 0.770589 0.620358
vt 0.507884 0.717056
vt 0.699486 0.948035
vt 0.694411 0.936994
vt 0.698711 0.923552
vt 0.742440 0.615607
vt 0.033562 0.955496
vt 0.039986 0.937293
vt 0.039986 0.968390
vt 0.742499 0.597109
vt 0.000844 0.905160
vt 0.750094 0.582537
vt 0.768968 0.591233
vt 0.764080 0.581783
vt 0.779132 0.575448
vt 0.757951 0.571901
vt 0.753897 0.565894
vt 0.759880 0.564838
vt 0.785500 0.534261
vt 0.785247 0.564424
vt 0.025413 0.945586
vt 0.031874 0.937293
vt 0.031874 0.954598
vt 0.763188 0.493468
vt 0.783243 0.518918
vt 0.785184 0.492073
vt 0.832769 0.165171
vt 0.390233 0.243199
vt 0.633952 0.926611
vt 0.534273 0.274378
vt 0.500812 0.282142
vt 0.687444 0.490320
vt 0.686874 0.477800
vt 0.717601 0.489196
vt 0.647432 0.490385
vt 0.651156 0.477676
vt 0.732132 0.488540
vt 0.895769 0.971953
vt 0.917865 0.968761
vt 0.837227 0.489580
vt 0.834779 0.467866
vt 0.835986 0.418870
vt 0.833603 0.419437
vt 0.731661 0.381857
vt 0.734120 0.453558
vt 0.734427 0.382640
vt 0.833247 0.347992
vt 0.733569 0.343207
vt 0.832538 0.330033
vt 0.834667 0.307986
vt 0.733744 0.326642
vt 0.731446 0.301956
vt 0.733895 0.302666
vt 0.642153 0.919450
vt 0.637895 0.892361
vt 0.642153 0.836032
vt 0.831968 0.298966
vt 0.734164 0.273175
vt 0.731643 0.227616
vt 0.833786 0.248794
vt 0.831470 0.259004
vt 0.734173 0.240058
vt 0.773621 0.601294
vt 0.830917 0.219259
vt 0.734285 0.226680
vt 0.732141 0.179816
vt 0.734279 0.163808
vt 0.924559 0.575761
vt 0.924559 0.492132
vt 0.928785 0.503195
vt 0.830096 0.160820
vt 0.732641 0.124058
vt 0.830114 0.115433
vt 0.830446 0.089149
vt 0.731731 0.072319
vt 0.734356 0.072527
vt 0.828439 0.059685
vt 0.830554 0.048319
vt 0.733810 0.000844
vt 0.828237 0.000844
vt 0.732135 0.002079
vt 0.830240 0.002377
vt 0.651416 0.012506
vt 0.647432 0.003136
vt 0.697019 0.010651
vt 0.708045 0.002384
vt 0.396207 0.065402
vt 0.397509 0.066459
vt 0.397505 0.106095
vt 0.396274 0.097725
vt 0.396333 0.133665
vt 0.397678 0.205584
vt 0.396112 0.206794
vt 0.279941 0.806972
vt 0.324874 0.280583
vt 0.366860 0.639366
vt 0.828515 0.490317
vt 0.914179 0.971006
vt 0.964998 0.969562
vt 0.965960 0.935633
vt 0.973636 0.969147
vt 0.880728 0.296369
vt 0.689805 0.925879
vt 0.698746 0.912573
vt 0.252977 0.926358
vt 0.243361 0.923782
vt 0.252407 0.907287
vt 0.239130 0.899882
vt 0.241941 0.888657
vt 0.247207 0.897663
vt 0.753828 0.585964
vt 0.019500 0.954706
vt 0.966307 0.726404
vt 0.966905 0.713248
vt 0.982037 0.729926
vt 0.819286 0.103804
vt 0.981415 0.595003
vt 0.966651 0.612339
vt 0.968033 0.562078
vt 0.820515 0.000909
vt 0.356650 0.271441
vt 0.490338 0.342733
vt 0.520015 0.346227
vt 0.490208 0.392257
vt 0.502197 0.455404
vt 0.490168 0.458098
vt 0.226213 0.958236
vt 0.226213 0.888657
vt 0.237442 0.939726
vt 0.966141 0.866193
vt 0.974559 0.896871
vt 0.824211 0.363911
vt 0.981540 0.803077
vt 0.965714 0.811216
vt 0.965472 0.787789
vt 0.819933 0.301798
vt 0.785794 0.942085
vt 0.794170 0.942085
vt 0.789356 0.956878
vt 0.820489 0.250633
vt 0.966179 0.758868
vt 0.542461 0.834923
vt 0.675532 0.949457
vt 0.685266 0.938910
vt 0.685266 0.954144
vt 0.324020 0.959101
vt 0.324020 0.940921
vt 0.331975 0.947579
vt 0.473004 0.942066
vt 0.463623 0.954338
vt 0.461571 0.942066
vt 0.924559 0.875936
vt 0.924559 0.866096
vt 0.928716 0.874859
vt 0.967366 0.651585
vt 0.982498 0.673060
vt 0.968362 0.491670
vt 0.980584 0.534438
vt 0.981668 0.491578
vt 0.372914 0.143474
vt 0.385228 0.204016
vt 0.965371 0.827449
vt 0.977506 0.842124
vt 0.763403 0.574160
vt 0.102486 0.492281
vt 0.316280 0.268888
vt 0.333862 0.663470
vt 0.052027 0.969233
vt 0.490414 0.318885
vt 0.509105 0.319261
vt 0.689805 0.954457
vt 0.765934 0.584202
vt 0.339285 0.139258
vt 0.882197 0.488621
vt 0.152124 0.786058
vt 0.474986 0.930147
vt 0.467788 0.923780
vt 0.468814 0.913559
vt 0.749881 0.603333
vt 0.100019 0.612570
vt 0.915023 0.492132
vt 0.383058 0.068317
vt 0.982498 0.972164
vt 0.919825 0.909903
vt 0.239130 0.934674
vt 0.467531 0.940378
vt 0.461571 0.931724
vt 0.145147 0.802971
vt 0.153415 0.800479
vt 0.166720 0.782270
vt 0.187218 0.792866
vt 0.178444 0.795702
vt 0.461571 0.906279
vt 0.465036 0.897283
vt 0.882653 0.121147
vt 0.883822 0.055359
vt 0.894081 0.075815
vt 0.922871 0.971988
vt 0.558601 0.949358
vt 0.566561 0.937647
vt 0.566561 0.956818
vt 0.474511 0.905921
vt 0.098864 0.662679
vt 0.931913 0.001012
vt 0.941777 0.001106
vt 0.932988 0.040013
vt 0.355937 0.261493
vt 0.417444 0.717056
vt 0.440954 0.717920
vt 0.417444 0.764033
vt 0.825914 0.431794
vt 0.097893 0.730990
vt 0.486118 0.890295
vt 0.505814 0.494275
vt 0.978343 0.941705
vt 0.933425 0.426979
vt 0.954418 0.448364
vt 0.931913 0.487048
vt 0.860585 0.439802
vt 0.933967 0.126060
vt 0.954560 0.050654
vt 0.819499 0.026648
vt 0.380467 0.239729
vt 0.322154 0.666327
vt 0.070421 0.969964
vt 0.979613 0.890963
vt 0.346791 0.003825
vt 0.299873 0.620031
vt 0.538446 0.502855
vt 0.895769 0.488438
vt 0.899717 0.459988
vt 0.904620 0.490444
vt 0.900013 0.408182
vt 0.897422 0.358613
vt 0.901823 0.368300
vt 0.256785 0.672677
vt 0.586207 0.566674
vt 0.603296 0.599409
vt 0.585969 0.626483
vt 0.538016 0.436448
vt 0.900595 0.318402
vt 0.859692 0.374426
vt 0.934361 0.361707
vt 0.935531 0.226720
vt 0.955862 0.318190
vt 0.956029 0.139857
vt 0.800113 0.064872
vt 0.862298 0.000879
vt 0.885016 0.000844
vt 0.920126 0.455855
vt 0.897419 0.106382
vt 0.895769 0.044749
vt 0.916697 0.063356
vt 0.607697 0.495908
vt 0.607947 0.559506
vt 0.921000 0.381605
vt 0.859242 0.276914
vt 0.799804 0.170482
vt 0.919027 0.159506
vt 0.899777 0.185760
vt 0.861805 0.072134
vt 0.954199 0.000844
vt 0.343885 0.001256
vt 0.300508 0.671793
vt 0.145147 0.877969
vt 0.608681 0.672064
vt 0.586076 0.688162
vt 0.587959 0.508893
vt 0.519800 0.469242
vt 0.920181 0.490148
vt 0.806236 0.490303
vt 0.860962 0.489779
vt 0.955581 0.379165
vt 0.801526 0.332651
vt 0.800138 0.246880
vt 0.799804 0.001406
vt 0.608732 0.641011
vt 0.347586 0.274968
vt 0.900001 0.243802
vt 0.920540 0.291131
vt 0.351595 0.710916
vt 0.599060 0.699896
vt 0.606140 0.607233
vt 0.519394 0.292500
vt 0.859052 0.245023
vt 0.919720 0.217700
vt 0.803748 0.418230
vt 0.896156 0.000956
vt 0.369636 0.218127
vt 0.346553 0.210142
vt 0.443424 0.772233
vt 0.369952 0.233031
vt 0.169461 0.880633
vt 0.956825 0.227177
vt 0.609526 0.707222
vt 0.537264 0.275728
vt 0.937796 0.489611
vt 0.954070 0.489890
vt 0.913566 0.000915
vt 0.619532 0.541135
vt 0.631914 0.532293
vt 0.631981 0.706030
vt 0.631591 0.667491
vt 0.616992 0.656817
vt 0.859403 0.178484
vt 0.963595 0.064430
vt 0.925571 0.072091
vt 0.924429 0.000844
vt 0.963509 0.000962
vt 0.331635 0.271774
vt 0.631981 0.493420
vt 0.337811 0.518714
vt 0.964114 0.489882
vt 0.257191 0.000844
vt 0.339983 0.001443
vt 0.929034 0.489727
vt 0.964308 0.417802
vt 0.929872 0.439732
vt 0.930198 0.374352
vt 0.928712 0.178421
vt 0.965397 0.170028
vt 0.339719 0.199715
vt 0.649751 0.942292
vt 0.647432 0.920747
vt 0.662556 0.946410
vt 0.617649 0.647211
vt 0.241968 0.700975
vt 0.216127 0.702797
vt 0.537426 0.404450
vt 0.535972 0.478577
vt 0.519493 0.485383
vt 0.965104 0.332209
vt 0.930226 0.276834
vt 0.965990 0.246424
vt 0.929830 0.244950
vt 0.763886 0.886492
vt 0.790343 0.878161
vt 0.789700 0.896720
vt 0.762074 0.862906
vt 0.790848 0.838047
vt 0.519929 0.307796
vt 0.762875 0.896720
vt 0.053387 0.971154
vt 0.208425 0.939420
vt 0.485619 0.898000
vt 0.483924 0.859554
vt 0.254622 0.782483
vt 0.216963 0.807965
vt 0.215734 0.782962
vt 0.788464 0.830414
vt 0.761417 0.833688
vt 0.345359 0.092741
vt 0.419682 0.797381
vt 0.275170 0.722376
vt 0.087479 0.956346
vt 0.073212 0.926564
vt 0.091796 0.931918
vt 0.370359 0.056264
vt 0.369537 0.039467
vt 0.348378 0.271298
vt 0.338695 0.101166
vt 0.505168 0.891159
vt 0.340336 0.238468
vt 0.341570 0.269214
vt 0.482874 0.959701
vt 0.489701 0.931113
vt 0.493618 0.959701
vt 0.758961 0.839539
vt 0.340270 0.280014
vt 0.257243 0.702281
vt 0.668550 0.901683
vt 0.647432 0.919059
vt 0.647432 0.904169
vt 0.762524 0.879723
vt 0.613889 0.924865
vt 0.341572 0.041671
vt 0.785294 0.796799
vt 0.759015 0.809773
vt 0.339785 0.291224
vt 0.481971 0.772400
vt 0.339079 0.310705
vt 0.341479 0.336351
vt 0.339921 0.344396
vt 0.340260 0.402649
vt 0.341802 0.450245
vt 0.340502 0.453670
vt 0.340348 0.499273
vt 0.892035 0.879149
vt 0.893887 0.898678
vt 0.892035 0.899494
vt 0.796591 0.789246
vt 0.794164 0.750713
vt 0.797272 0.755540
vt 0.093400 0.860122
vt 0.088620 0.870583
vt 0.092109 0.824883
vt 0.092406 0.891048
vt 0.093400 0.918968
vt 0.088654 0.915214
vt 0.188906 0.942873
vt 0.539307 0.289243
vt 0.539307 0.474401
vt 0.647566 0.892100
vt 0.673844 0.891945
vt 0.257663 0.903285
vt 0.254665 0.896595
vt 0.257663 0.888657
vt 0.796470 0.736049
vt 0.794164 0.867911
vt 0.190650 0.951826
vt 0.539272 0.409083
vt 0.480956 0.798264
vt 0.349907 0.315412
vt 0.348907 0.404833
vt 0.349146 0.474811
vt 0.349907 0.525248
vt 0.204631 0.954780
vt 0.074136 0.796172
vt 0.088185 0.799572
vt 0.074862 0.908588
vt 0.074355 0.868962
vt 0.072590 0.886591
vt 0.344495 0.271429
vt 0.585167 0.909075
vt 0.569258 0.930198
vt 0.568644 0.906350
vt 0.343773 0.123226
vt 0.486004 0.901642
vt 0.662556 0.924359
vt 0.343855 0.054629
vt 0.343778 0.205610
vt 0.394107 0.950104
vt 0.393515 0.940655
vt 0.413942 0.942779
vt 0.342058 0.089186
vt 0.585167 0.933726
vt 0.241160 0.886252
vt 0.215734 0.884566
vt 0.217397 0.882273
vt 0.040130 0.935605
vt 0.020642 0.930993
vt 0.038655 0.911125
vt 0.342085 0.199159
vt 0.019500 0.902438
vt 0.020000 0.879252
vt 0.040130 0.878738
vt 0.413433 0.902177
vt 0.396572 0.897688
vt 0.413942 0.852093
vt 0.613273 0.953281
vt 0.613273 0.928299
vt 0.627211 0.942179
vt 0.396900 0.830870
vt 0.257689 0.848423
vt 0.257389 0.886969
vt 0.226364 0.856182
vt 0.717246 0.842567
vt 0.730790 0.835557
vt 0.717246 0.879767
vt 0.751592 0.839631
vt 0.226687 0.715900
vt 0.215955 0.726278
vt 0.752788 0.816815
vt 0.757273 0.852134
vt 0.756920 0.796799
vt 0.215734 0.809653
vt 0.222635 0.832747
vt 0.216181 0.852128
vt 0.747196 0.867724
vt 0.732633 0.882560
vt 0.242967 0.840614
vt 0.521821 0.945852
vt 0.507884 0.930541
vt 0.519715 0.937752
vt 0.516131 0.949441
vt 0.735737 0.828158
vt 0.740716 0.818917
vt 0.246539 0.950160
vt 0.253896 0.936362
vt 0.253896 0.964860
vt 0.526101 0.930541
vt 0.744589 0.802041
vt 0.640987 0.931407
vt 0.628899 0.955235
vt 0.628899 0.928299
s 1
usemtl Material.001
f 1/1/1 2/2/2 3/3/3
f 2/2/2 1/1/1 4/4/4
f 5/5/5 6/6/6 7/7/7
f 6/6/6 5/5/5 8/8/8
f 1/1/1 8/8/8 4/4/4
f 9/9/9 5/5/5 10/10/10
f 10/10/10 11/11/11 9/9/9
f 12/12/12 2/2/2 4/4/4
f 13/13/13 5/5/5 14/14/14
f 15/15/15 16/16/16 12/12/12
f 4/4/4 15/15/15 12/12/12
f 17/17/17 6/6/6 8/8/8
f 1/1/1 17/17/17 8/8/8
f 9/9/9 18/18/18 5/5/5
f 5/5/5 19/19/19 8/8/8
f 5/5/5 18/18/18 19/19/19
f 20/20/20 2/2/2 21/21/21
f 21/21/21 2/2/2 12/12/12
f 13/13/13 10/10/10 5/5/5
f 21/21/21 12/12/12 22/22/22
f 14/23/14 23/24/23 13/25/13
f 14/14/14 5/5/5 7/7/7
f 15/15/15 24/26/24 16/16/16
f 25/27/25 18/18/18 9/9/9
f 8/8/8 26/28/26 4/4/4
f 19/29/19 26/30/26 8/31/8
f 11/32/11 10/33/10 27/34/27
f 11/35/11 28/36/28 9/37/9
f 28/36/28 25/38/25 9/37/9
f 4/4/4 26/28/26 15/15/15
f 3/39/3 29/40/29 1/41/1
f 30/42/30 31/43/31 32/44/32
f 30/42/30 33/45/33 31/43/31
f 34/46/34 35/47/35 36/48/36
f 37/49/37 38/50/38 39/51/39
f 36/48/36 40/52/40 30/42/30
f 36/48/36 35/47/35 40/52/40
f 30/42/30 40/52/40 41/53/41
f 34/46/34 39/51/39 35/47/35
f 42/54/42 11/35/11 27/55/27
f 42/54/42 28/36/28 11/35/11
f 22/56/22 12/57/12 16/58/16
f 1/41/1 43/59/43 17/60/17
f 26/28/26 24/26/24 15/15/15
f 18/61/18 44/62/44 19/29/19
f 26/30/26 19/29/19 45/63/45
f 38/64/38 37/65/37 46/66/46
f 36/67/36 47/68/47 48/69/48
f 36/67/36 30/70/30 47/68/47
f 37/49/37 39/51/39 34/46/34
f 38/50/38 49/71/49 39/51/39
f 35/72/35 50/73/50 40/74/40
f 30/42/30 41/53/41 33/45/33
f 51/75/51 41/76/41 40/74/40
f 10/33/10 13/77/13 52/78/52
f 53/79/53 7/80/7 54/81/54
f 16/58/16 24/82/24 55/83/55
f 25/84/25 56/85/56 18/61/18
f 24/86/24 26/30/26 57/87/57
f 46/66/46 37/65/37 58/88/58
f 36/67/36 48/69/48 34/89/34
f 30/70/30 32/90/32 47/68/47
f 40/74/40 50/73/50 51/75/51
f 17/60/17 43/59/43 6/91/6
f 59/92/59 60/93/60 26/30/26
f 37/65/37 34/89/34 58/88/58
f 48/69/48 61/94/61 34/89/34
f 50/73/50 35/72/35 62/95/62
f 21/96/21 63/97/63 20/98/20
f 6/91/6 43/59/43 7/99/7
f 18/61/18 56/85/56 44/62/44
f 19/29/19 44/62/44 45/63/45
f 26/30/26 45/63/45 59/92/59
f 26/30/26 60/93/60 57/87/57
f 64/100/64 65/101/65 66/102/66
f 66/102/66 65/101/65 67/103/67
f 64/100/64 68/104/68 69/105/69
f 70/106/70 66/102/66 67/103/67
f 69/105/69 65/101/65 64/100/64
f 70/106/70 67/103/67 71/107/71
f 71/107/71 72/108/72 70/106/70
f 73/109/73 38/64/38 46/66/46
f 62/95/62 35/72/35 39/110/39
f 74/111/74 3/112/3 2/113/2
f 75/114/75 70/106/70 59/115/59
f 76/116/76 68/104/68 64/100/64
f 66/102/66 70/106/70 75/114/75
f 60/117/60 70/106/70 77/118/77
f 60/117/60 77/118/77 57/119/57
f 77/118/77 70/106/70 72/108/72
f 69/105/69 68/104/68 78/120/78
f 32/121/32 31/122/31 79/123/79
f 49/124/49 80/125/80 39/110/39
f 56/126/56 76/116/76 44/127/44
f 76/116/76 81/128/81 44/127/44
f 44/127/44 81/128/81 45/129/45
f 81/128/81 75/114/75 45/129/45
f 75/114/75 59/115/59 45/129/45
f 76/116/76 64/100/64 81/128/81
f 81/128/81 64/100/64 66/102/66
f 81/128/81 66/102/66 75/114/75
f 70/106/70 60/117/60 59/115/59
f 32/90/32 82/130/82 47/68/47
f 2/131/2 20/132/20 74/133/74
f 14/134/14 53/135/53 83/136/83
f 7/137/7 53/135/53 14/134/14
f 7/99/7 43/59/43 54/138/54
f 69/139/69 84/140/84 65/141/65
f 34/89/34 61/94/61 58/88/58
f 57/87/57 85/142/85 24/86/24
f 67/143/67 86/144/86 71/145/71
f 13/146/13 23/147/23 52/148/52
f 57/149/57 77/150/77 85/151/85
f 38/152/38 80/153/80 49/154/49
f 16/58/16 87/155/87 22/56/22
f 14/134/14 83/136/83 23/156/23
f 65/141/65 86/144/86 67/143/67
f 48/69/48 47/68/47 61/94/61
f 33/157/33 79/123/79 31/122/31
f 21/96/21 88/158/88 63/97/63
f 22/159/22 87/160/87 21/96/21
f 28/36/28 42/54/42 89/161/89
f 41/76/41 90/162/90 33/163/33
f 74/111/74 91/164/91 3/112/3
f 43/59/43 1/41/1 29/40/29
f 25/84/25 92/165/92 56/85/56
f 32/90/32 93/166/93 82/130/82
f 55/83/55 94/167/94 16/58/16
f 56/168/56 92/169/92 76/170/76
f 77/150/77 72/171/72 95/172/95
f 61/94/61 96/173/96 58/88/58
f 10/33/10 52/78/52 97/174/97
f 98/175/98 99/176/99 72/177/72
f 90/162/90 100/178/100 33/163/33
f 10/33/10 97/174/97 27/34/27
f 20/132/20 101/179/101 74/133/74
f 3/180/3 91/181/91 29/182/29
f 58/88/58 96/173/96 102/183/102
f 47/68/47 82/130/82 103/184/103
f 23/147/23 83/185/83 52/148/52
f 85/151/85 77/150/77 104/186/104
f 65/141/65 105/187/105 106/188/106
f 71/145/71 98/175/98 72/177/72
f 107/189/107 74/133/74 101/179/101
f 108/190/108 109/191/109 78/192/78
f 110/193/110 111/194/111 112/195/112
f 110/193/110 113/196/113 111/194/111
f 51/75/51 50/73/50 90/162/90
f 63/97/63 101/197/101 20/98/20
f 74/111/74 107/198/107 91/164/91
f 78/192/78 109/191/109 84/140/84
f 78/192/78 84/140/84 69/139/69
f 98/199/98 114/200/114 115/201/115
f 116/202/116 117/203/117 118/204/118
f 115/201/115 114/200/114 119/205/119
f 114/200/114 110/193/110 119/205/119
f 117/203/117 116/202/116 120/206/120
f 110/193/110 112/195/112 119/205/119
f 116/202/116 121/207/121 120/206/120
f 121/207/121 122/208/122 120/206/120
f 110/193/110 123/209/123 113/196/113
f 121/207/121 124/210/124 122/208/122
f 121/207/121 125/211/125 124/210/124
f 123/209/123 126/212/126 113/196/113
f 123/209/123 127/213/127 126/212/126
f 109/214/109 128/215/128 84/216/84
f 109/214/109 129/217/129 128/215/128
f 118/204/118 129/217/129 109/214/109
f 98/199/98 115/201/115 99/218/99
f 118/204/118 117/203/117 129/217/129
f 114/200/114 130/219/130 110/193/110
f 130/219/130 131/220/131 110/193/110
f 116/202/116 132/221/132 121/207/121
f 120/222/120 122/223/122 133/224/133
f 124/225/124 134/226/134 122/223/122
f 135/227/135 125/211/125 121/207/121
f 125/211/125 136/228/136 124/210/124
f 125/211/125 137/229/137 136/228/136
f 137/229/137 138/230/138 136/228/136
f 51/75/51 90/162/90 41/76/41
f 52/231/52 139/232/139 97/233/97
f 52/231/52 83/234/83 139/232/139
f 140/235/140 101/236/101 63/237/63
f 29/182/29 91/181/91 107/238/107
f 83/136/83 53/135/53 54/239/54
f 55/240/55 24/86/24 85/142/85
f 141/241/141 68/242/68 76/243/76
f 142/244/142 85/151/85 104/186/104
f 86/144/86 98/175/98 71/145/71
f 84/245/84 128/246/128 143/247/143
f 129/248/129 117/249/117 144/250/144
f 118/204/118 145/251/145 116/202/116
f 119/252/119 146/253/146 115/254/115
f 113/255/113 147/256/147 111/257/111
f 110/193/110 148/258/148 123/209/123
f 149/259/149 137/229/137 125/211/125
f 124/225/124 136/260/136 150/261/150
f 127/213/127 151/262/151 126/212/126
f 152/263/152 151/262/151 127/213/127
f 138/230/138 96/264/96 136/228/136
f 102/265/102 96/264/96 138/230/138
f 46/66/46 58/88/58 153/266/153
f 63/267/63 154/268/154 140/269/140
f 101/236/101 140/235/140 107/270/107
f 107/270/107 140/235/140 29/271/29
f 83/272/83 54/273/54 155/274/155
f 85/142/85 142/275/142 55/240/55
f 78/192/78 156/276/156 108/190/108
f 118/204/118 157/277/157 145/251/145
f 119/252/119 112/278/112 146/253/146
f 152/263/152 82/279/82 151/262/151
f 152/263/152 103/280/103 82/279/82
f 63/267/63 88/281/88 154/268/154
f 97/233/97 139/232/139 158/282/158
f 139/283/139 83/284/83 159/285/159
f 140/286/140 160/287/160 29/40/29
f 25/84/25 161/288/161 92/165/92
f 84/140/84 105/187/105 65/141/65
f 162/289/162 114/200/114 98/199/98
f 113/255/113 126/290/126 163/291/163
f 83/284/83 155/292/155 159/285/159
f 140/269/140 154/268/154 164/293/164
f 128/246/128 165/294/165 143/247/143
f 131/220/131 148/258/148 110/193/110
f 127/213/127 166/295/166 152/263/152
f 27/34/27 97/174/97 167/296/167
f 140/286/140 164/297/164 168/298/168
f 159/285/159 169/299/169 139/283/139
f 170/300/170 68/242/68 141/241/141
f 105/187/105 84/140/84 143/301/143
f 106/188/106 86/144/86 65/141/65
f 108/302/108 118/204/118 109/214/109
f 133/224/133 122/223/122 134/226/134
f 171/303/171 166/295/166 127/213/127
f 138/230/138 137/229/137 172/304/172
f 173/305/173 58/88/58 102/183/102
f 103/184/103 174/306/174 47/68/47
f 139/232/139 169/307/169 158/282/158
f 175/308/175 54/138/54 43/59/43
f 141/309/141 76/170/76 92/169/92
f 116/202/116 145/251/145 132/221/132
f 120/222/120 133/224/133 176/310/176
f 147/256/147 113/255/113 163/291/163
f 102/265/102 172/304/172 173/311/173
f 61/94/61 47/68/47 177/312/177
f 88/281/88 178/313/178 154/268/154
f 140/286/140 179/314/179 160/287/160
f 128/246/128 129/248/129 165/294/165
f 117/249/117 120/222/120 144/250/144
f 132/221/132 180/315/180 121/207/121
f 120/222/120 176/310/176 181/316/181
f 82/317/82 182/318/182 151/319/151
f 96/320/96 183/321/183 184/322/184
f 82/130/82 93/166/93 182/323/182
f 21/96/21 87/160/87 88/158/88
f 97/324/97 158/325/158 167/326/167
f 154/268/154 178/313/178 164/293/164
f 168/298/168 179/314/179 140/286/140
f 68/327/68 170/328/170 78/329/78
f 78/329/78 170/328/170 156/330/156
f 99/331/99 115/254/115 185/332/185
f 112/278/112 111/257/111 146/253/146
f 186/333/186 134/226/134 124/225/124
f 151/319/151 163/291/163 126/290/126
f 152/263/152 174/334/174 103/280/103
f 164/293/164 178/313/178 168/335/168
f 29/40/29 175/308/175 43/59/43
f 129/248/129 144/250/144 187/336/187
f 115/254/115 146/253/146 185/332/185
f 73/109/73 46/66/46 153/266/153
f 177/312/177 47/68/47 174/306/174
f 104/186/104 77/150/77 95/172/95
f 165/294/165 129/248/129 187/336/187
f 125/211/125 135/227/135 149/259/149
f 124/225/124 150/261/150 186/333/186
f 61/94/61 183/337/183 96/173/96
f 87/155/87 16/58/16 94/167/94
f 160/287/160 188/338/188 29/40/29
f 98/199/98 86/339/86 162/289/162
f 120/222/120 181/316/181 144/250/144
f 148/258/148 171/303/171 123/209/123
f 123/209/123 171/303/171 127/213/127
f 96/320/96 184/322/184 136/260/136
f 166/295/166 189/340/189 152/263/152
f 174/334/174 152/263/152 189/340/189
f 151/319/151 182/318/182 190/341/190
f 179/342/179 168/335/168 178/313/178
f 175/308/175 29/40/29 188/338/188
f 161/343/161 25/38/25 28/36/28
f 191/344/191 159/285/159 155/292/155
f 165/345/165 105/187/105 143/301/143
f 130/219/130 114/200/114 162/289/162
f 150/261/150 136/260/136 184/322/184
f 102/265/102 138/230/138 172/304/172
f 178/346/178 192/347/192 179/314/179
f 72/177/72 193/348/193 95/349/95
f 72/177/72 99/176/99 193/348/193
f 108/302/108 157/277/157 118/204/118
f 180/315/180 194/350/194 121/207/121
f 146/253/146 111/257/111 147/256/147
f 181/316/181 176/310/176 195/351/195
f 176/310/176 133/224/133 195/351/195
f 195/351/195 133/224/133 134/226/134
f 194/352/194 135/353/135 121/354/121
f 88/158/88 87/160/87 196/355/196
f 169/356/169 159/357/159 197/358/197
f 54/138/54 175/308/175 155/292/155
f 55/240/55 142/275/142 198/359/198
f 199/360/199 171/361/171 148/362/148
f 79/123/79 33/157/33 200/363/200
f 155/292/155 175/308/175 201/364/201
f 99/331/99 185/332/185 193/365/193
f 202/366/202 131/367/131 130/368/130
f 171/361/171 203/369/203 166/370/166
f 166/370/166 204/371/204 189/372/189
f 167/326/167 158/325/158 205/373/205
f 159/357/159 191/374/191 197/358/197
f 175/308/175 188/338/188 201/364/201
f 179/314/179 192/347/192 160/287/160
f 206/375/206 148/362/148 131/367/131
f 134/376/134 186/377/186 207/378/207
f 208/379/208 186/377/186 150/380/150
f 150/380/150 209/381/209 208/379/208
f 149/259/149 172/304/172 137/229/137
f 93/166/93 190/382/190 182/323/182
f 33/163/33 100/178/100 200/383/200
f 201/364/201 210/384/210 155/292/155
f 160/287/160 211/385/211 188/338/188
f 160/287/160 192/347/192 211/385/211
f 95/172/95 212/386/212 104/186/104
f 86/387/86 213/388/213 162/389/162
f 145/390/145 214/391/214 132/392/132
f 132/392/132 215/393/215 180/394/180
f 146/395/146 147/396/147 216/397/216
f 217/398/217 218/399/218 219/400/219
f 194/352/194 220/401/220 135/353/135
f 151/319/151 190/341/190 163/291/163
f 204/371/204 221/402/221 189/372/189
f 189/372/189 221/402/221 174/403/174
f 184/404/184 183/405/183 222/406/222
f 174/306/174 221/407/221 177/312/177
f 39/110/39 80/125/80 62/95/62
f 28/36/28 89/161/89 161/343/161
f 198/359/198 223/408/223 55/240/55
f 188/338/188 211/385/211 201/364/201
f 187/336/187 224/409/224 165/294/165
f 157/410/157 225/411/225 145/390/145
f 146/395/146 226/412/226 185/413/185
f 227/414/227 228/415/228 229/416/229
f 219/400/219 230/417/230 217/398/217
f 231/418/231 232/419/232 227/414/227
f 219/400/219 232/419/232 231/418/231
f 195/420/195 134/376/134 233/421/233
f 134/376/134 207/378/207 233/421/233
f 199/360/199 203/369/203 171/361/171
f 186/377/186 208/379/208 207/378/207
f 135/353/135 234/422/234 149/423/149
f 147/396/147 163/424/163 235/425/235
f 184/404/184 209/381/209 150/380/150
f 32/90/32 236/426/236 93/166/93
f 155/292/155 210/384/210 191/344/191
f 156/276/156 237/427/237 108/190/108
f 165/345/165 238/428/238 105/187/105
f 187/429/187 144/430/144 239/431/239
f 144/430/144 240/432/240 239/431/239
f 241/433/241 229/416/229 228/415/228
f 229/416/229 241/433/241 242/434/242
f 229/416/229 242/434/242 243/435/243
f 241/433/241 244/436/244 242/434/242
f 245/437/245 227/414/227 229/416/229
f 217/398/217 246/438/246 244/436/244
f 244/436/244 218/399/218 217/398/217
f 246/438/246 217/398/217 230/417/230
f 230/417/230 219/400/219 231/418/231
f 219/439/219 247/440/247 232/441/232
f 149/423/149 234/422/234 172/442/172
f 166/370/166 248/443/248 204/371/204
f 163/424/163 190/444/190 249/445/249
f 183/405/183 250/446/250 222/406/222
f 183/337/183 251/447/251 250/448/250
f 38/152/38 73/449/73 80/153/80
f 104/186/104 252/450/252 142/244/142
f 238/428/238 106/188/106 105/187/105
f 165/294/165 224/409/224 238/451/238
f 241/452/241 228/453/228 253/454/253
f 243/435/243 245/437/245 229/416/229
f 244/436/244 246/438/246 242/434/242
f 231/418/231 227/414/227 245/437/245
f 184/404/184 222/406/222 209/381/209
f 173/305/173 254/455/254 153/266/153
f 61/94/61 255/456/255 183/337/183
f 32/121/32 79/123/79 236/457/236
f 193/458/193 185/413/185 256/459/256
f 241/452/241 253/454/253 257/460/257
f 228/461/228 227/462/227 258/463/258
f 244/464/244 259/465/259 218/466/218
f 227/462/227 232/467/232 260/468/260
f 261/469/261 90/162/90 50/73/50
f 262/470/262 89/161/89 42/54/42
f 169/356/169 197/358/197 158/325/158
f 141/309/141 92/169/92 263/471/263
f 246/472/246 264/473/264 242/474/242
f 265/475/265 259/465/259 244/464/244
f 147/396/147 266/476/266 216/397/216
f 218/477/218 267/478/267 219/439/219
f 219/439/219 267/478/267 247/440/247
f 195/420/195 233/421/233 268/479/268
f 267/480/267 269/481/269 247/482/247
f 270/483/270 269/481/269 267/480/267
f 172/442/172 254/484/254 173/485/173
f 173/305/173 153/266/153 58/88/58
f 190/382/190 93/166/93 236/426/236
f 61/94/61 177/312/177 255/456/255
f 191/344/191 210/384/210 197/486/197
f 104/186/104 212/386/212 252/450/252
f 86/144/86 106/188/106 271/487/271
f 237/488/237 157/410/157 108/489/108
f 187/429/187 239/431/239 224/490/224
f 162/389/162 272/491/272 130/368/130
f 272/491/272 202/366/202 130/368/130
f 144/430/144 181/492/181 240/432/240
f 181/492/181 273/493/273 240/432/240
f 181/492/181 195/420/195 268/479/268
f 241/452/241 265/494/265 244/495/244
f 227/462/227 260/468/260 258/463/258
f 206/375/206 199/360/199 148/362/148
f 203/369/203 248/443/248 166/370/166
f 274/496/274 221/402/221 204/371/204
f 251/447/251 183/337/183 255/456/255
f 177/312/177 221/407/221 274/497/274
f 236/426/236 275/498/275 190/382/190
f 276/499/276 192/347/192 178/346/178
f 256/500/256 95/349/95 193/348/193
f 271/501/271 213/388/213 86/387/86
f 213/388/213 272/491/272 162/389/162
f 181/492/181 268/479/268 273/493/273
f 206/375/206 131/367/131 202/366/202
f 253/454/253 228/453/228 277/502/277
f 278/503/278 243/504/243 242/505/242
f 260/506/260 232/441/232 279/507/279
f 259/465/259 267/508/267 218/466/218
f 279/507/279 232/441/232 247/440/247
f 247/509/247 269/510/269 270/511/270
f 251/447/251 280/512/280 250/448/250
f 251/447/251 255/456/255 280/512/280
f 142/513/142 281/514/281 198/515/198
f 106/516/106 282/517/282 271/518/271
f 238/519/238 283/520/283 106/516/106
f 224/521/224 283/520/283 238/519/238
f 283/520/283 284/522/284 106/516/106
f 106/516/106 284/522/284 282/517/282
f 271/518/271 282/517/282 285/523/285
f 271/518/271 285/523/285 213/524/213
f 224/525/224 239/526/239 286/527/286
f 286/528/286 283/520/283 224/521/224
f 285/523/285 272/529/272 213/524/213
f 283/520/283 286/528/286 287/530/287
f 282/517/282 288/531/288 285/523/285
f 239/526/239 240/532/240 286/527/286
f 285/523/285 289/533/289 272/529/272
f 285/523/285 288/531/288 289/533/289
f 286/528/286 290/534/290 287/530/287
f 289/533/289 202/535/202 272/529/272
f 288/531/288 291/536/291 289/533/289
f 286/527/286 240/532/240 273/537/273
f 291/536/291 292/538/292 289/533/289
f 289/533/289 292/538/292 202/535/202
f 226/412/226 146/395/146 216/397/216
f 286/528/286 273/539/273 290/534/290
f 202/535/202 292/538/292 206/540/206
f 273/539/273 293/541/293 290/534/290
f 228/461/228 258/463/258 277/542/277
f 257/460/257 265/494/265 241/452/241
f 273/543/273 268/544/268 294/545/294
f 295/546/295 259/547/259 265/548/265
f 294/549/294 293/541/293 273/539/273
f 291/536/291 296/550/296 292/538/292
f 292/538/292 296/550/296 206/540/206
f 258/551/258 297/552/297 298/553/298
f 296/550/296 291/536/291 299/554/299
f 258/551/258 260/555/260 297/552/297
f 268/544/268 233/556/233 294/545/294
f 259/547/259 300/557/300 267/480/267
f 206/540/206 296/550/296 199/558/199
f 247/482/247 297/552/297 279/559/279
f 279/559/279 297/552/297 260/555/260
f 296/550/296 301/560/301 199/558/199
f 299/554/299 301/560/301 296/550/296
f 233/561/233 207/562/207 294/563/294
f 294/549/294 302/564/302 293/541/293
f 207/565/207 302/566/302 294/567/294
f 302/564/302 303/568/303 293/541/293
f 299/554/299 304/569/304 301/560/301
f 199/558/199 301/560/301 203/570/203
f 304/569/304 305/571/305 301/560/301
f 301/560/301 305/571/305 203/570/203
f 207/565/207 208/572/208 302/566/302
f 203/570/203 305/571/305 248/573/248
f 208/572/208 306/574/306 302/566/302
f 208/572/208 209/575/209 306/574/306
f 302/564/302 306/576/306 303/568/303
f 307/577/307 305/571/305 304/569/304
f 306/576/306 308/578/308 303/568/303
f 209/575/209 222/579/222 306/574/306
f 305/571/305 307/577/307 274/580/274
f 305/571/305 274/580/274 248/573/248
f 172/442/172 309/581/309 254/484/254
f 222/579/222 250/582/250 306/574/306
f 307/577/307 310/583/310 274/580/274
f 248/443/248 274/496/274 204/371/204
f 250/582/250 311/584/311 306/574/306
f 306/576/306 311/585/311 308/578/308
f 308/578/308 311/585/311 312/586/312
f 312/586/312 313/587/313 314/588/314
f 314/588/314 313/587/313 310/583/310
f 312/586/312 311/585/311 313/587/313
f 310/583/310 313/587/313 274/580/274
f 280/512/280 311/589/311 250/448/250
f 255/590/255 311/585/311 280/591/280
f 255/590/255 313/587/313 311/585/311
f 177/592/177 313/587/313 255/590/255
f 274/580/274 313/587/313 177/592/177
f 50/73/50 62/95/62 261/469/261
f 161/288/161 263/593/263 92/165/92
f 284/594/284 315/595/315 282/596/282
f 316/597/316 317/598/317 318/599/318
f 319/600/319 320/601/320 317/598/317
f 317/598/317 321/602/321 318/599/318
f 317/598/317 320/601/320 321/602/321
f 318/603/318 322/604/322 323/605/323
f 320/601/320 324/606/324 321/602/321
f 318/599/318 321/602/321 322/607/322
f 322/607/322 321/602/321 325/608/325
f 321/602/321 324/606/324 326/609/326
f 327/610/327 326/609/326 324/606/324
f 325/608/325 321/602/321 328/611/328
f 321/602/321 326/609/326 328/611/328
f 326/609/326 327/610/327 295/546/295
f 327/610/327 329/612/329 295/546/295
f 326/609/326 253/613/253 277/614/277
f 326/609/326 277/614/277 328/611/328
f 328/611/328 277/614/277 330/615/330
f 326/609/326 257/616/257 253/613/253
f 295/546/295 257/616/257 326/609/326
f 295/546/295 265/548/265 257/616/257
f 277/614/277 298/553/298 330/615/330
f 258/551/258 298/553/298 277/614/277
f 295/546/295 331/617/331 259/547/259
f 331/617/331 300/557/300 259/547/259
f 300/557/300 270/483/270 267/480/267
f 247/482/247 270/483/270 297/552/297
f 270/483/270 332/618/332 297/552/297
f 333/619/333 334/620/334 300/557/300
f 270/483/270 335/621/335 332/618/332
f 300/557/300 336/622/336 270/483/270
f 334/620/334 336/622/336 300/557/300
f 270/483/270 337/623/337 335/621/335
f 336/622/336 337/623/337 270/483/270
f 334/620/334 338/624/338 336/622/336
f 338/624/338 339/625/339 336/622/336
f 340/626/340 339/625/339 338/624/338
f 163/424/163 249/445/249 235/425/235
f 141/241/141 263/627/263 170/300/170
f 316/628/316 341/629/341 317/630/317
f 287/631/287 342/632/342 283/633/283
f 343/634/343 324/635/324 320/636/320
f 322/637/322 344/638/344 323/639/323
f 288/531/288 345/640/345 291/536/291
f 328/641/328 330/642/330 346/643/346
f 291/536/291 347/644/347 299/554/299
f 297/645/297 332/646/332 348/647/348
f 340/648/340 349/649/349 339/650/339
f 293/651/293 303/652/303 350/653/350
f 303/652/303 351/654/351 352/655/352
f 303/652/303 353/656/353 351/654/351
f 303/652/303 308/657/308 353/656/353
f 308/657/308 354/658/354 353/656/353
f 355/659/355 354/658/354 308/657/308
f 356/660/356 312/661/312 357/662/357
f 357/662/357 312/661/312 314/663/314
f 358/664/358 359/665/359 314/663/314
f 310/666/310 360/667/360 314/663/314
f 196/668/196 178/313/178 88/281/88
f 361/669/361 320/670/320 319/671/319
f 318/672/318 323/639/323 362/673/362
f 343/674/343 320/675/320 361/676/361
f 363/677/363 322/637/322 325/678/325
f 214/391/214 215/393/215 132/392/132
f 329/679/329 364/680/364 295/681/295
f 365/682/365 366/683/366 300/684/300
f 366/683/366 333/685/333 300/684/300
f 338/686/338 334/687/334 367/688/367
f 368/689/368 335/690/335 337/691/337
f 369/692/369 340/693/340 338/686/338
f 370/694/370 349/649/349 340/648/340
f 371/695/371 336/696/336 339/650/339
f 372/697/372 337/698/337 336/696/336
f 373/699/373 374/700/374 375/701/375
f 376/702/376 307/577/307 377/703/377
f 378/704/378 379/705/379 380/706/380
f 379/707/379 381/708/381 382/709/382
f 383/710/383 384/711/384 385/712/385
f 386/713/386 382/709/382 387/714/387
f 254/455/254 388/715/388 153/266/153
f 142/244/142 252/450/252 281/716/281
f 389/717/389 319/671/319 317/718/317
f 287/631/287 390/719/390 342/632/342
f 325/678/325 328/720/328 391/721/391
f 290/722/290 293/651/293 392/723/392
f 295/724/295 364/725/364 331/726/331
f 231/727/231 245/728/245 393/729/393
f 394/730/394 335/690/335 368/689/368
f 299/554/299 395/731/395 304/569/304
f 336/696/336 371/695/371 372/697/372
f 396/732/396 397/733/397 398/734/398
f 375/701/375 399/735/399 396/732/396
f 396/732/396 399/735/399 397/733/397
f 374/700/374 400/736/400 375/701/375
f 374/700/374 378/737/378 401/738/401
f 304/569/304 402/739/402 307/577/307
f 403/740/403 404/741/404 384/711/384
f 307/577/307 402/739/402 377/703/377
f 405/742/405 379/707/379 378/737/378
f 406/743/406 387/714/387 385/712/385
f 381/708/381 407/744/407 382/709/382
f 382/709/382 407/744/407 408/745/408
f 382/709/382 408/745/408 387/714/387
f 408/745/408 385/712/385 387/714/387
f 307/577/307 360/746/360 310/583/310
f 156/276/156 409/747/409 237/427/237
f 290/722/290 390/719/390 287/631/287
f 145/390/145 225/411/225 214/391/214
f 329/679/329 410/748/410 364/680/364
f 392/723/392 411/749/411 290/722/290
f 194/352/194 180/394/180 220/401/220
f 333/750/333 366/751/366 334/687/334
f 147/396/147 235/425/235 266/476/266
f 338/686/338 367/688/367 412/752/412
f 412/752/412 369/692/369 338/686/338
f 413/753/413 414/754/414 349/755/349
f 304/569/304 415/756/415 402/739/402
f 416/757/416 374/700/374 373/699/373
f 375/701/375 400/736/400 399/735/399
f 374/700/374 401/738/401 400/736/400
f 397/733/397 403/740/403 398/734/398
f 416/757/416 378/737/378 374/700/374
f 397/733/397 404/741/404 403/740/403
f 417/758/417 404/741/404 397/733/397
f 418/759/418 404/741/404 417/758/417
f 404/741/404 418/759/418 384/711/384
f 379/705/379 419/760/419 380/706/380
f 379/705/379 386/761/386 419/760/419
f 379/707/379 382/709/382 386/713/386
f 354/762/354 420/763/420 421/764/421
f 406/743/406 385/712/385 384/711/384
f 422/765/422 384/711/384 383/710/383
f 423/766/423 358/767/358 383/710/383
f 376/702/376 360/746/360 307/577/307
f 308/578/308 312/586/312 355/768/355
f 314/663/314 359/665/359 357/662/357
f 314/663/314 360/667/360 358/664/358
f 283/769/283 342/770/342 424/771/424
f 283/769/283 424/771/424 284/594/284
f 341/629/341 389/772/389 317/630/317
f 316/773/316 425/774/425 426/775/426
f 316/773/316 318/672/318 425/774/425
f 389/717/389 361/669/361 319/671/319
f 318/672/318 362/673/362 427/776/427
f 323/639/323 344/638/344 362/673/362
f 324/635/324 343/634/343 428/777/428
f 344/638/344 322/637/322 363/677/363
f 325/678/325 391/721/391 363/677/363
f 290/722/290 429/778/429 390/719/390
f 328/720/328 430/779/430 391/721/391
f 327/780/327 410/781/410 329/782/329
f 330/783/330 298/784/298 346/785/346
f 215/393/215 220/401/220 180/394/180
f 345/640/345 347/644/347 291/536/291
f 300/786/300 331/787/331 365/788/365
f 298/784/298 297/645/297 348/647/348
f 332/646/332 394/730/394 431/789/431
f 135/353/135 220/401/220 234/422/234
f 332/646/332 335/690/335 394/730/394
f 366/751/366 367/688/367 334/687/334
f 293/651/293 350/653/350 392/723/392
f 337/691/337 432/790/432 368/689/368
f 339/650/339 349/649/349 371/695/371
f 433/791/433 372/792/372 434/793/434
f 435/794/435 433/791/433 436/795/436
f 435/794/435 436/795/436 415/756/415
f 398/734/398 434/793/434 437/796/437
f 437/796/437 438/797/438 396/732/396
f 352/655/352 350/653/350 303/652/303
f 439/798/439 373/699/373 440/799/440
f 438/797/438 373/699/373 375/701/375
f 438/797/438 375/701/375 396/732/396
f 441/800/441 442/801/442 436/795/436
f 442/801/442 403/740/403 402/739/402
f 352/802/352 351/803/351 439/798/439
f 442/801/442 398/734/398 403/740/403
f 439/798/439 351/803/351 416/757/416
f 399/735/399 417/758/417 397/733/397
f 351/803/351 378/737/378 416/757/416
f 380/804/380 401/738/401 378/737/378
f 384/711/384 377/703/377 403/740/403
f 353/805/353 405/742/405 351/803/351
f 377/703/377 422/765/422 376/702/376
f 353/805/353 354/762/354 421/764/421
f 353/805/353 421/764/421 381/708/381
f 406/743/406 384/711/384 418/759/418
f 358/767/358 376/702/376 422/765/422
f 354/762/354 355/768/355 420/763/420
f 385/712/385 423/766/423 383/710/383
f 408/745/408 423/766/423 385/712/385
f 407/806/407 421/807/421 408/808/408
f 421/764/421 420/763/420 356/809/356
f 421/764/421 443/810/443 408/745/408
f 421/764/421 356/809/356 443/810/443
f 443/810/443 356/809/356 357/811/357
f 356/809/356 420/763/420 355/768/355
f 443/810/443 359/812/359 423/766/423
f 358/767/358 360/746/360 376/702/376
f 443/810/443 357/811/357 359/812/359
f 355/813/355 312/661/312 356/660/356
f 388/814/388 254/484/254 309/581/309
f 424/771/424 315/595/315 284/594/284
f 341/629/341 316/628/316 426/815/426
f 315/816/315 288/531/288 282/517/282
f 318/672/318 427/776/427 425/774/425
f 444/817/444 288/531/288 315/816/315
f 185/413/185 226/412/226 445/818/445
f 428/777/428 327/780/327 324/635/324
f 428/777/428 446/819/446 327/780/327
f 447/820/447 288/531/288 444/817/444
f 447/820/447 345/640/345 288/531/288
f 429/778/429 290/722/290 411/749/411
f 446/819/446 410/781/410 327/780/327
f 448/821/448 449/822/449 215/393/215
f 328/641/328 346/643/346 430/823/430
f 215/393/215 449/822/449 220/401/220
f 346/785/346 298/784/298 348/647/348
f 348/647/348 332/646/332 431/789/431
f 347/644/347 395/731/395 299/554/299
f 220/401/220 450/824/450 234/422/234
f 395/731/395 435/794/435 304/569/304
f 340/648/340 369/825/369 370/694/370
f 337/698/337 372/697/372 432/826/432
f 349/827/349 370/828/370 413/829/413
f 413/829/413 370/828/370 451/830/451
f 413/831/413 451/832/451 414/833/414
f 438/797/438 437/796/437 414/834/414
f 435/794/435 415/756/415 304/569/304
f 437/796/437 396/732/396 398/734/398
f 352/655/352 452/835/452 350/653/350
f 398/734/398 442/801/442 434/793/434
f 442/801/442 441/800/441 434/793/434
f 440/799/440 373/699/373 438/797/438
f 352/802/352 439/798/439 440/799/440
f 436/795/436 442/801/442 415/756/415
f 373/699/373 439/798/439 416/757/416
f 442/801/442 402/739/402 415/756/415
f 400/836/400 453/837/453 399/838/399
f 309/581/309 172/442/172 234/422/234
f 351/803/351 405/742/405 378/737/378
f 403/740/403 377/703/377 402/739/402
f 384/711/384 422/765/422 377/703/377
f 353/805/353 381/708/381 405/742/405
f 405/742/405 381/708/381 379/707/379
f 421/764/421 407/744/407 381/708/381
f 454/839/454 386/840/386 387/841/387
f 383/710/383 358/767/358 422/765/422
f 443/810/443 423/766/423 408/745/408
f 423/766/423 359/812/359 358/767/358
f 455/842/455 42/54/42 27/55/27
f 409/843/409 156/330/156 170/328/170
f 342/844/342 341/845/341 424/846/424
f 315/816/315 424/846/424 426/847/426
f 424/846/424 341/845/341 426/847/426
f 342/844/342 389/848/389 341/845/341
f 225/411/225 157/410/157 237/488/237
f 425/849/425 315/816/315 426/847/426
f 342/844/342 361/676/361 389/848/389
f 256/459/256 185/413/185 445/818/445
f 342/844/342 390/850/390 361/676/361
f 425/849/425 444/817/444 315/816/315
f 427/851/427 362/852/362 444/817/444
f 427/851/427 444/817/444 425/849/425
f 390/850/390 343/674/343 361/676/361
f 390/850/390 428/853/428 343/674/343
f 444/817/444 362/852/362 344/854/344
f 344/854/344 363/855/363 444/817/444
f 363/855/363 447/820/447 444/817/444
f 445/818/445 226/412/226 456/856/456
f 363/855/363 391/857/391 447/820/447
f 390/850/390 429/858/429 428/853/428
f 428/853/428 429/858/429 446/859/446
f 457/860/457 458/861/458 225/411/225
f 225/411/225 458/861/458 214/391/214
f 391/857/391 430/862/430 447/820/447
f 456/856/456 226/412/226 459/863/459
f 458/864/458 460/865/460 214/866/214
f 446/859/446 429/858/429 410/867/410
f 429/858/429 411/868/411 410/867/410
f 447/869/447 430/870/430 461/871/461
f 447/820/447 461/872/461 345/640/345
f 460/873/460 448/821/448 214/391/214
f 462/874/462 226/412/226 463/875/463
f 464/876/464 448/821/448 460/873/460
f 214/391/214 448/821/448 215/393/215
f 226/412/226 216/397/216 463/875/463
f 462/877/462 463/878/463 465/879/465
f 466/880/466 449/822/449 448/821/448
f 411/868/411 467/881/467 410/867/410
f 364/882/364 410/867/410 467/881/467
f 430/883/430 346/884/346 461/885/461
f 411/868/411 365/886/365 467/881/467
f 346/887/346 345/888/345 461/889/461
f 392/890/392 365/886/365 411/868/411
f 346/891/346 348/892/348 347/644/347
f 449/822/449 450/824/450 220/401/220
f 346/891/346 347/644/347 345/640/345
f 216/397/216 266/476/266 463/875/463
f 466/880/466 450/824/450 449/822/449
f 364/882/364 467/881/467 331/893/331
f 467/894/467 365/788/365 331/787/331
f 465/895/465 463/875/463 468/896/468
f 468/896/468 463/875/463 469/897/469
f 463/875/463 266/476/266 469/897/469
f 392/890/392 366/898/366 365/886/365
f 348/892/348 431/899/431 347/644/347
f 431/899/431 395/731/395 347/644/347
f 470/900/470 450/824/450 466/880/466
f 431/899/431 394/901/394 395/731/395
f 266/476/266 235/425/235 469/897/469
f 392/890/392 367/902/367 366/898/366
f 394/901/394 368/903/368 395/731/395
f 392/890/392 412/904/412 367/902/367
f 470/900/470 471/905/471 450/824/450
f 471/905/471 234/422/234 450/824/450
f 468/896/468 469/897/469 472/906/472
f 392/890/392 473/907/473 412/904/412
f 412/904/412 473/907/473 369/908/369
f 469/897/469 235/425/235 472/906/472
f 368/903/368 432/909/432 395/731/395
f 392/723/392 350/653/350 473/910/473
f 432/909/432 435/794/435 395/731/395
f 369/908/369 451/830/451 370/828/370
f 372/792/372 433/791/433 432/909/432
f 349/827/349 414/834/414 371/911/371
f 371/911/371 437/796/437 372/792/372
f 432/909/432 433/791/433 435/794/435
f 473/907/473 451/830/451 369/908/369
f 350/912/350 451/830/451 473/907/473
f 414/834/414 437/796/437 371/911/371
f 372/792/372 437/796/437 434/793/434
f 414/834/414 451/830/451 452/913/452
f 438/797/438 414/834/414 440/799/440
f 350/912/350 452/913/452 451/830/451
f 440/799/440 414/834/414 452/913/452
f 436/795/436 433/791/433 441/800/441
f 434/793/434 441/800/441 433/791/433
f 440/799/440 452/913/452 352/802/352
f 401/914/401 380/915/380 474/916/474
f 256/459/256 445/818/445 475/917/475
f 475/917/475 445/818/445 476/918/476
f 477/919/477 478/920/478 225/411/225
f 478/920/478 457/860/457 225/411/225
f 445/818/445 456/856/456 476/918/476
f 226/412/226 462/874/462 459/863/459
f 468/896/468 472/906/472 479/921/479
f 479/921/479 472/906/472 480/922/480
f 234/422/234 471/905/471 481/923/481
f 472/906/472 482/924/482 480/922/480
f 472/906/472 235/425/235 482/924/482
f 235/425/235 249/445/249 482/924/482
f 481/923/481 309/581/309 234/422/234
f 190/444/190 275/925/275 249/445/249
f 196/668/196 276/926/276 178/313/178
f 256/500/256 212/927/212 95/349/95
f 483/928/483 477/919/477 237/488/237
f 237/488/237 477/919/477 225/411/225
f 457/860/457 484/929/484 458/861/458
f 278/503/278 242/505/242 485/930/485
f 465/931/465 468/932/468 486/933/486
f 466/880/466 487/934/487 470/900/470
f 400/836/400 401/935/401 453/837/453
f 480/922/480 482/924/482 488/936/488
f 249/445/249 488/936/488 482/924/482
f 309/581/309 481/923/481 489/937/489
f 488/936/488 249/445/249 490/938/490
f 309/581/309 489/937/489 388/814/388
f 42/54/42 455/842/455 262/470/262
f 491/939/491 256/459/256 475/917/475
f 460/940/460 458/941/458 492/942/492
f 459/943/459 462/944/462 493/945/493
f 246/946/246 230/947/230 494/948/494
f 471/905/471 487/934/487 481/923/481
f 487/934/487 495/949/495 481/923/481
f 488/936/488 490/938/490 496/950/496
f 249/445/249 275/925/275 490/938/490
f 388/814/388 489/937/489 497/951/497
f 470/900/470 487/934/487 471/905/471
f 480/952/480 488/953/488 498/954/498
f 453/837/453 499/955/499 500/956/500
f 488/936/488 496/950/496 498/957/498
f 495/949/495 489/937/489 481/923/481
f 158/325/158 197/358/197 205/373/205
f 55/83/55 223/958/223 94/167/94
f 492/959/492 464/876/464 460/873/460
f 230/960/230 231/961/231 501/962/501
f 468/932/468 479/963/479 486/933/486
f 496/950/496 490/938/490 502/964/502
f 27/34/27 167/296/167 455/965/455
f 197/358/197 503/966/503 205/373/205
f 504/967/504 459/968/459 493/969/493
f 456/970/456 459/968/459 504/967/504
f 505/971/505 448/972/448 464/973/464
f 448/821/448 506/974/506 466/880/466
f 264/975/264 246/946/246 507/976/507
f 406/977/406 454/839/454 387/841/387
f 508/978/508 73/109/73 153/266/153
f 483/979/483 237/427/237 409/747/409
f 212/927/212 256/500/256 491/980/491
f 456/981/456 504/982/504 476/983/476
f 484/984/484 492/942/492 458/941/458
f 246/946/246 494/948/494 507/976/507
f 453/837/453 500/956/500 399/838/399
f 275/498/275 509/985/509 490/986/490
f 80/125/80 510/987/510 62/95/62
f 211/385/211 210/384/210 201/364/201
f 511/988/511 491/980/491 512/989/512
f 491/990/491 475/991/475 512/992/512
f 465/879/465 513/993/513 462/877/462
f 480/952/480 498/954/498 486/933/486
f 198/359/198 514/994/514 223/408/223
f 480/952/480 486/933/486 479/963/479
f 417/995/417 515/996/515 418/997/418
f 418/997/418 515/996/515 516/998/516
f 510/999/510 80/153/80 73/449/73
f 503/1000/503 197/486/197 210/384/210
f 212/927/212 491/980/491 511/988/511
f 477/919/477 517/1001/517 478/920/478
f 506/974/506 487/934/487 466/880/466
f 518/1002/518 79/123/79 200/363/200
f 462/877/462 513/993/513 519/1003/519
f 200/383/200 100/178/100 520/1004/520
f 167/326/167 205/373/205 521/1005/521
f 192/347/192 276/499/276 211/385/211
f 393/1006/393 501/962/501 231/961/231
f 236/426/236 509/985/509 275/498/275
f 223/958/223 522/1007/522 94/167/94
f 167/296/167 262/1008/262 455/965/455
f 262/1008/262 167/296/167 521/1009/521
f 522/1010/522 223/408/223 514/994/514
f 523/1011/523 170/328/170 263/1012/263
f 524/1013/524 406/977/406 418/1014/418
f 509/1015/509 502/1016/502 490/1017/490
f 243/504/243 278/503/278 525/1018/525
f 495/949/495 497/951/497 489/937/489
f 497/1019/497 526/1020/526 388/715/388
f 90/162/90 520/1004/520 100/178/100
f 87/1021/87 94/1022/94 527/1023/527
f 198/515/198 281/514/281 514/1024/514
f 211/385/211 528/1025/528 210/384/210
f 281/716/281 252/450/252 529/1026/529
f 242/505/242 264/1027/264 485/930/485
f 386/761/386 530/1028/530 419/760/419
f 73/449/73 531/1029/531 510/999/510
f 196/355/196 87/160/87 527/1030/527
f 281/716/281 529/1026/529 514/1031/514
f 243/504/243 525/1018/525 245/1032/245
f 516/998/516 524/1033/524 418/997/418
f 454/839/454 406/977/406 524/1013/524
f 532/1034/532 508/978/508 153/266/153
f 170/328/170 523/1011/523 409/843/409
f 457/860/457 478/920/478 517/1001/517
f 533/1035/533 230/960/230 501/962/501
f 200/383/200 520/1004/520 534/1036/534
f 535/1037/535 523/1011/523 263/1012/263
f 493/945/493 462/944/462 519/1038/519
f 245/728/245 525/1039/525 393/729/393
f 500/956/500 417/1040/417 399/838/399
f 94/167/94 536/1041/536 527/1042/527
f 388/715/388 526/1020/526 153/266/153
f 508/1043/508 531/1029/531 73/449/73
f 510/987/510 537/1044/537 62/95/62
f 89/161/89 538/1045/538 161/343/161
f 465/931/465 486/933/486 513/1046/513
f 230/960/230 533/1035/533 494/1047/494
f 262/470/262 538/1045/538 89/161/89
f 495/949/495 526/1048/526 497/951/497
f 483/928/483 539/1049/539 477/919/477
f 401/935/401 474/1050/474 453/837/453
f 419/760/419 540/1051/540 380/706/380
f 502/1016/502 541/1052/541 496/1053/496
f 542/1054/542 386/840/386 454/839/454
f 502/1016/502 509/1015/509 543/1055/543
f 509/985/509 236/426/236 544/1056/544
f 531/1029/531 537/1057/537 510/999/510
f 161/288/161 545/1058/545 263/593/263
f 386/840/386 542/1054/542 530/1059/530
f 527/1030/527 546/1060/546 196/355/196
f 196/668/196 546/1061/546 276/926/276
f 504/982/504 547/1062/547 476/983/476
f 262/1008/262 521/1009/521 548/1063/548
f 536/1064/536 546/1060/546 527/1030/527
f 548/1065/548 538/1045/538 262/470/262
f 536/1041/536 94/167/94 522/1007/522
f 512/992/512 475/991/475 549/1066/549
f 539/1049/539 517/1001/517 477/919/477
f 448/821/448 550/1067/550 506/974/506
f 236/426/236 79/1068/79 518/1069/518
f 212/927/212 511/988/511 551/1070/551
f 505/971/505 550/1071/550 448/972/448
f 474/1050/474 552/1072/552 453/837/453
f 534/1073/534 518/1002/518 200/363/200
f 90/162/90 553/1074/553 520/1004/520
f 548/1065/548 554/1075/554 555/1076/555
f 514/994/514 556/1077/556 522/1010/522
f 545/1058/545 535/1078/535 263/593/263
f 474/1079/474 380/706/380 557/1080/557
f 495/949/495 558/1081/558 526/1048/526
f 548/1063/548 521/1009/521 559/1082/559
f 546/1060/546 560/1083/560 561/1084/561
f 555/1076/555 538/1045/538 548/1065/548
f 278/503/278 562/1085/562 525/1018/525
f 474/1079/474 557/1080/557 552/1086/552
f 419/760/419 530/1028/530 540/1051/540
f 393/1006/393 563/1087/563 501/962/501
f 509/985/509 544/1056/544 543/1088/543
f 205/373/205 564/1089/564 521/1005/521
f 525/1039/525 563/1090/563 393/729/393
f 236/426/236 565/1091/565 544/1056/544
f 559/1082/559 554/1092/554 548/1063/548
f 536/1064/536 560/1083/560 546/1060/546
f 278/503/278 485/930/485 562/1085/562
f 453/837/453 552/1072/552 499/955/499
f 380/706/380 540/1051/540 557/1080/557
f 532/1034/532 153/266/153 526/1020/526
f 511/988/511 512/989/512 566/1093/566
f 476/983/476 547/1062/547 567/1094/567
f 501/962/501 563/1087/563 533/1035/533
f 520/1004/520 568/1095/568 534/1036/534
f 521/1009/521 564/1096/564 559/1082/559
f 551/1070/551 511/988/511 566/1093/566
f 485/930/485 264/1027/264 569/1097/569
f 264/975/264 507/976/507 569/1098/569
f 508/1043/508 570/1099/570 531/1029/531
f 561/1100/561 276/926/276 546/1061/546
f 554/1092/554 559/1082/559 555/1101/555
f 515/996/515 571/1102/571 516/998/516
f 561/1103/561 572/1104/572 276/1105/276
f 560/1106/560 573/1107/573 561/1108/561
f 161/288/161 574/1109/574 545/1058/545
f 417/995/417 575/1110/575 515/996/515
f 524/1013/524 542/1054/542 454/839/454
f 236/426/236 518/1069/518 565/1091/565
f 62/95/62 537/1044/537 576/1111/576
f 573/1107/573 560/1106/560 536/1112/536
f 577/1113/577 559/1114/559 564/1115/564
f 573/1107/573 572/1116/572 561/1108/561
f 541/1052/541 502/1016/502 543/1055/543
f 518/1002/518 534/1073/534 568/1117/568
f 568/1095/568 520/1004/520 553/1074/553
f 514/1118/514 529/1119/529 556/1120/556
f 252/450/252 212/386/212 551/1121/551
f 578/1122/578 494/1047/494 533/1035/533
f 500/1123/500 575/1110/575 417/995/417
f 555/1124/555 559/1114/559 579/1125/579
f 559/1114/559 577/1113/577 579/1125/579
f 580/1126/580 573/1127/573 536/1041/536
f 475/991/475 476/983/476 567/1094/567
f 498/954/498 496/1053/496 581/1128/581
f 524/1013/524 582/1129/582 542/1054/542
f 504/1130/504 493/1131/493 547/1132/547
f 533/1035/533 563/1087/563 583/1133/583
f 261/469/261 553/1074/553 90/162/90
f 584/1134/584 538/1045/538 555/1076/555
f 503/1000/503 210/384/210 528/1025/528
f 567/1094/567 547/1062/547 585/1135/585
f 538/1045/538 584/1134/584 574/1136/574
f 252/450/252 586/1137/586 529/1026/529
f 475/991/475 567/1094/567 587/1138/587
f 464/876/464 492/959/492 505/1139/505
f 507/976/507 494/948/494 578/1140/578
f 515/996/515 575/1110/575 571/1102/571
f 516/998/516 588/1141/588 524/1033/524
f 536/1041/536 522/1007/522 580/1126/580
f 496/1053/496 589/1142/589 581/1128/581
f 568/1095/568 553/1074/553 590/1143/590
f 276/499/276 591/1144/591 211/385/211
f 252/450/252 551/1121/551 586/1137/586
f 475/991/475 587/1138/587 549/1066/549
f 495/949/495 487/934/487 592/1145/592
f 538/1045/538 574/1136/574 161/343/161
f 535/1078/535 545/1058/545 593/1146/593
f 535/1037/535 593/1147/593 523/1011/523
f 523/1011/523 593/1147/593 594/1148/594
f 539/1049/539 595/1149/595 517/1001/517
f 493/1150/493 596/1151/596 547/1152/547
f 513/1046/513 486/933/486 597/1153/597
f 495/949/495 598/1154/598 558/1081/558
f 518/1002/518 568/1117/568 590/1155/590
f 572/1156/572 591/1157/591 276/1158/276
f 409/747/409 539/1159/539 483/979/483
f 512/989/512 549/1160/549 566/1093/566
f 517/1001/517 599/1161/599 457/860/457
f 525/1039/525 600/1162/600 563/1090/563
f 495/949/495 601/1163/601 598/1154/598
f 572/1156/572 602/1164/602 591/1157/591
f 603/1165/603 522/1010/522 556/1077/556
f 566/1093/566 549/1160/549 604/1166/604
f 566/1093/566 604/1166/604 551/1070/551
f 599/1161/599 484/929/484 457/860/457
f 597/1153/597 519/1167/519 513/1046/513
f 486/933/486 498/954/498 581/1128/581
f 495/949/495 592/1145/592 601/1163/601
f 605/1168/605 539/1159/539 409/747/409
f 595/1149/595 606/1169/606 517/1001/517
f 607/1170/607 486/933/486 581/1128/581
f 591/1144/591 608/1171/608 211/385/211
f 609/1172/609 492/942/492 484/984/484
f 485/930/485 610/1173/610 562/1085/562
f 524/1013/524 588/1174/588 582/1129/582
f 532/1034/532 570/1175/570 508/978/508
f 529/1026/529 611/1176/611 556/1177/556
f 533/1035/533 583/1133/583 578/1122/578
f 571/1102/571 588/1141/588 516/998/516
f 496/1053/496 541/1052/541 589/1142/589
f 558/1081/558 612/1178/612 526/1048/526
f 606/1169/606 599/1161/599 517/1001/517
f 612/1179/612 532/1034/532 526/1020/526
f 603/1180/603 556/1177/556 611/1176/611
f 605/1181/605 595/1182/595 539/1183/539
f 595/1182/595 613/1184/613 606/1185/606
f 614/1186/614 587/1138/587 567/1094/567
f 585/1135/585 547/1062/547 596/1187/596
f 562/1188/562 600/1162/600 525/1039/525
f 592/1145/592 615/1189/615 601/1163/601
f 601/1190/601 616/1191/616 598/1192/598
f 589/1193/589 541/1194/541 617/1195/617
f 558/1196/558 618/1197/618 612/1198/612
f 541/1194/541 543/1199/543 544/1200/544
f 594/1148/594 409/843/409 523/1011/523
f 613/1184/613 595/1182/595 605/1181/605
f 587/1201/587 604/1202/604 549/1203/549
f 587/1201/587 619/1204/619 604/1202/604
f 587/1201/587 614/1205/614 619/1204/619
f 567/1094/567 585/1135/585 614/1186/614
f 599/1161/599 609/1206/609 484/929/484
f 486/933/486 620/1207/620 597/1153/597
f 506/974/506 621/1208/621 487/934/487
f 621/1208/621 592/1145/592 487/934/487
f 486/933/486 607/1170/607 620/1207/620
f 615/1209/615 616/1191/616 601/1190/601
f 581/1210/581 589/1193/589 622/1211/622
f 623/1212/623 598/1192/598 616/1191/616
f 623/1212/623 558/1196/558 598/1192/598
f 542/1213/542 582/1214/582 624/1215/624
f 623/1212/623 618/1197/618 558/1196/558
f 541/1194/541 544/1200/544 617/1195/617
f 618/1197/618 532/1216/532 612/1198/612
f 613/1184/613 599/1217/599 606/1185/606
f 613/1184/613 625/1218/625 599/1217/599
f 614/1205/614 585/1219/585 619/1204/619
f 625/1218/625 609/1220/609 599/1217/599
f 585/1219/585 596/1221/596 619/1204/619
f 610/1173/610 485/930/485 569/1097/569
f 621/1222/621 615/1209/615 592/1223/592
f 626/1224/626 616/1191/616 615/1209/615
f 626/1224/626 623/1212/623 616/1191/616
f 589/1193/589 617/1195/617 622/1211/622
f 602/1225/602 572/1226/572 573/1227/573
f 627/1228/627 522/1010/522 603/1165/603
f 628/1229/628 593/1147/593 545/1230/545
f 629/1231/629 630/1232/630 631/1233/631
f 629/1231/629 632/1234/632 630/1232/630
f 629/1231/629 633/1235/633 632/1234/632
f 631/1233/631 634/1236/634 635/1237/635
f 630/1232/630 634/1236/634 631/1233/631
f 633/1235/633 636/1238/636 632/1234/632
f 635/1237/635 637/1239/637 631/1233/631
f 636/1240/636 633/1241/633 638/1242/638
f 635/1243/635 639/1244/639 637/1245/637
f 636/1246/636 638/1247/638 640/1248/640
f 640/1248/640 638/1247/638 641/1249/641
f 639/1244/639 642/1250/642 637/1245/637
f 638/1247/638 643/1251/643 641/1249/641
f 642/1250/642 644/1252/644 637/1245/637
f 638/1247/638 645/1253/645 643/1251/643
f 643/1251/643 646/1254/646 647/1255/647
f 643/1256/643 645/1257/645 646/1258/646
f 638/1242/638 648/1259/648 645/1260/645
f 596/1221/596 649/1261/649 619/1204/619
f 644/1252/644 642/1250/642 650/1262/650
f 646/1254/646 645/1253/645 651/1263/651
f 596/1221/596 493/1264/493 649/1261/649
f 651/1263/651 645/1253/645 652/1265/652
f 644/1252/644 650/1262/650 653/1266/653
f 493/1264/493 519/1267/519 649/1261/649
f 625/1218/625 492/1268/492 609/1220/609
f 644/1252/644 653/1266/653 654/1269/654
f 519/1267/519 597/1270/597 649/1261/649
f 625/1218/625 505/1271/505 492/1268/492
f 645/1253/645 655/1272/655 652/1265/652
f 625/1218/625 550/1273/550 505/1271/505
f 597/1270/597 656/1274/656 649/1261/649
f 653/1275/653 657/1276/657 654/1277/654
f 652/1265/652 655/1272/655 658/1278/658
f 659/1279/659 506/1280/506 550/1273/550
f 620/1281/620 656/1274/656 597/1270/597
f 655/1282/655 660/1283/660 661/1284/661
f 657/1276/657 662/1285/662 654/1277/654
f 658/1278/658 655/1272/655 661/1286/661
f 658/1278/658 661/1286/661 663/1287/663
f 662/1285/662 664/1288/664 654/1277/654
f 659/1279/659 665/1289/665 506/1280/506
f 663/1287/663 661/1286/661 666/1290/666
f 663/1291/663 666/1292/666 667/1293/667
f 664/1288/664 662/1285/662 668/1294/668
f 656/1274/656 620/1281/620 669/1295/669
f 664/1296/664 668/1297/668 670/1298/670
f 506/1280/506 665/1289/665 621/1222/621
f 667/1299/667 666/1290/666 671/1300/671
f 668/1301/668 672/1302/672 670/1303/670
f 620/1281/620 673/1304/673 669/1295/669
f 672/1305/672 674/1306/674 670/1307/670
f 671/1300/671 666/1290/666 675/1308/675
f 671/1300/671 675/1308/675 676/1309/676
f 620/1281/620 607/1310/607 673/1304/673
f 675/1311/675 666/1312/666 677/1313/677
f 674/1306/674 678/1314/678 679/1315/679
f 607/1310/607 581/1210/581 673/1304/673
f 674/1306/674 679/1315/679 670/1307/670
f 675/1311/675 677/1313/677 680/1316/680
f 665/1289/665 626/1224/626 621/1222/621
f 679/1317/679 681/1318/681 670/1319/670
f 680/1320/680 682/1321/682 683/1322/683
f 684/1323/684 685/1324/685 679/1325/679
f 683/1326/683 686/1327/686 684/1328/684
f 685/1329/685 681/1318/681 679/1317/679
f 680/1316/680 677/1313/677 682/1330/682
f 683/1331/683 687/1332/687 686/1333/686
f 626/1224/626 615/1209/615 621/1222/621
f 673/1304/673 581/1210/581 622/1211/622
f 686/1327/686 688/1334/688 684/1328/684
f 686/1333/686 687/1332/687 689/1335/689
f 686/1336/686 690/1337/690 688/1338/688
f 689/1339/689 691/1340/691 686/1336/686
f 687/1341/687 682/1321/682 689/1342/689
f 685/1329/685 688/1334/688 692/1343/692
f 682/1321/682 693/1344/693 689/1342/689
f 690/1345/690 694/1346/694 688/1347/688
f 688/1347/688 694/1346/694 692/1348/692
f 695/1349/695 685/1329/685 692/1343/692
f 693/1350/693 682/1330/682 696/1351/696
f 697/1352/697 618/1197/618 623/1212/623
f 617/1353/617 544/1354/544 698/1355/698
f 699/1356/699 700/1357/700 701/1358/701
f 529/1026/529 586/1137/586 611/1176/611
f 629/1359/629 631/1360/631 702/1361/702
f 630/1362/630 632/1363/632 703/1364/703
f 634/1365/634 704/1366/704 635/1367/635
f 637/1239/637 705/1368/705 631/1233/631
f 637/1239/637 706/1369/706 705/1368/705
f 707/1370/707 625/1371/625 613/1372/613
f 641/1249/641 708/1373/708 640/1248/640
f 643/1374/643 709/1375/709 641/1376/641
f 644/1377/644 710/1378/710 637/1239/637
f 644/1377/644 654/1277/654 710/1378/710
f 625/1218/625 659/1279/659 550/1273/550
f 658/1278/658 711/1379/711 652/1265/652
f 662/1380/662 657/1381/657 712/1382/712
f 666/1312/666 661/1284/661 713/1383/713
f 668/1384/668 662/1385/662 714/1386/714
f 664/1288/664 670/1319/670 715/1387/715
f 670/1319/670 716/1388/716 715/1387/715
f 667/1299/667 671/1300/671 717/1389/717
f 668/1390/668 714/1391/714 672/1305/672
f 672/1305/672 718/1392/718 674/1306/674
f 671/1300/671 676/1309/676 719/1393/719
f 675/1394/675 719/1395/719 676/1396/676
f 677/1313/677 666/1312/666 720/1397/720
f 684/1398/684 679/1399/679 678/1400/678
f 683/1322/683 682/1321/682 687/1341/687
f 684/1328/684 688/1334/688 685/1329/685
f 677/1313/677 696/1351/696 682/1330/682
f 685/1329/685 695/1349/695 681/1318/681
f 696/1401/696 721/1402/721 722/1403/722
f 689/1342/689 723/1404/723 724/1405/724
f 689/1342/689 693/1344/693 723/1404/723
f 691/1406/691 724/1407/724 725/1408/725
f 694/1346/694 726/1409/726 692/1348/692
f 694/1410/694 727/1411/727 726/1412/726
f 726/1412/726 727/1411/727 728/1413/728
f 724/1407/724 729/1414/729 725/1408/725
f 622/1415/622 617/1353/617 730/1416/730
f 731/1417/731 732/1418/732 733/1419/733
f 734/1420/734 735/1421/735 736/1422/736
f 624/1423/624 530/1059/530 542/1054/542
f 733/1419/733 737/1424/737 738/1425/738
f 737/1426/737 739/1427/739 738/1428/738
f 700/1429/700 699/1430/699 740/1431/740
f 736/1422/736 741/1432/741 739/1427/739
f 739/1427/739 741/1432/741 742/1433/742
f 618/1434/618 743/1435/743 532/1436/532
f 577/1437/577 564/1438/564 205/1439/205
f 636/1440/636 703/1364/703 632/1363/632
f 635/1243/635 704/1441/704 639/1244/639
f 633/1241/633 744/1442/744 638/1242/638
f 643/1251/643 647/1255/647 709/1443/709
f 639/1244/639 745/1444/745 642/1250/642
f 619/1445/619 649/1446/649 746/1447/746
f 745/1444/745 747/1448/747 642/1250/642
f 651/1263/651 652/1265/652 748/1449/748
f 650/1262/650 749/1450/749 653/1266/653
f 625/1218/625 750/1451/750 659/1279/659
f 654/1277/654 664/1288/664 715/1387/715
f 578/1140/578 751/1452/751 507/976/507
f 563/1087/563 600/1453/600 583/1133/583
f 663/1287/663 752/1454/752 658/1278/658
f 660/1283/660 713/1383/713 661/1284/661
f 671/1300/671 719/1393/719 717/1389/717
f 672/1305/672 753/1455/753 718/1392/718
f 754/1456/754 626/1457/626 665/1458/665
f 680/1459/680 683/1460/683 755/1461/755
f 684/1398/684 678/1400/678 756/1462/756
f 684/1398/684 757/1463/757 683/1460/683
f 677/1464/677 721/1402/721 696/1401/696
f 686/1336/686 691/1340/691 690/1337/690
f 690/1465/690 691/1466/691 725/1467/725
f 690/1465/690 725/1467/725 758/1468/758
f 681/1469/681 695/1470/695 726/1471/726
f 689/1342/689 724/1405/724 691/1472/691
f 722/1403/722 723/1473/723 696/1401/696
f 758/1468/758 725/1467/725 759/1474/759
f 696/1351/696 723/1475/723 693/1350/693
f 692/1343/692 726/1412/726 695/1349/695
f 721/1476/721 760/1477/760 722/1478/722
f 723/1479/723 729/1414/729 724/1407/724
f 723/1473/723 722/1403/722 729/1480/729
f 725/1467/725 729/1480/729 761/1481/761
f 761/1482/761 575/1110/575 500/1123/500
f 762/1483/762 552/1484/552 557/1485/557
f 760/1477/760 735/1486/735 734/1487/734
f 731/1488/731 733/1489/733 763/1490/763
f 733/1489/733 699/1491/699 763/1490/763
f 738/1428/738 699/1491/699 733/1489/733
f 624/1492/624 739/1427/739 737/1426/737
f 735/1421/735 741/1432/741 736/1422/736
f 735/1486/735 764/1493/764 741/1494/741
f 699/1495/699 701/1496/701 763/1497/763
f 740/1498/740 738/1428/738 739/1427/739
f 739/1427/739 742/1433/742 740/1498/740
f 742/1433/742 700/1499/700 740/1498/740
f 629/1359/629 702/1361/702 633/1500/633
f 708/1501/708 641/1376/641 709/1375/709
f 642/1250/642 747/1448/747 650/1262/650
f 747/1448/747 749/1450/749 650/1262/650
f 654/1277/654 715/1387/715 710/1378/710
f 658/1278/658 752/1454/752 765/1502/765
f 659/1503/659 766/1504/766 665/1458/665
f 663/1505/663 667/1506/667 752/1507/752
f 672/1305/672 714/1391/714 753/1455/753
f 675/1308/675 680/1508/680 755/1509/755
f 756/1462/756 757/1463/757 684/1398/684
f 758/1468/758 694/1410/694 690/1465/690
f 727/1411/727 694/1410/694 758/1468/758
f 758/1510/758 767/1511/767 727/1512/727
f 759/1513/759 500/1123/500 499/1514/499
f 727/1512/727 762/1515/762 728/1516/728
f 767/1517/767 499/1518/499 552/1484/552
f 726/1412/726 728/1413/728 768/1519/768
f 722/1403/722 734/1420/734 729/1480/729
f 761/1482/761 769/1520/769 575/1110/575
f 768/1519/768 728/1413/728 731/1488/731
f 762/1515/762 731/1417/731 728/1516/728
f 762/1483/762 557/1485/557 540/1521/540
f 762/1515/762 732/1418/732 731/1417/731
f 734/1420/734 736/1422/736 769/1522/769
f 571/1102/571 769/1520/769 588/1141/588
f 769/1520/769 736/1523/736 588/1141/588
f 588/1524/588 624/1215/624 582/1214/582
f 732/1418/732 737/1424/737 733/1419/733
f 736/1422/736 739/1427/739 624/1492/624
f 738/1428/738 740/1498/740 699/1491/699
f 760/1477/760 764/1493/764 735/1486/735
f 742/1525/742 770/1526/770 700/1527/700
f 594/1148/594 771/1528/771 409/843/409
f 705/1529/705 702/1361/702 631/1360/631
f 634/1365/634 630/1362/630 703/1364/703
f 772/1530/772 640/1248/640 708/1373/708
f 773/1531/773 745/1444/745 639/1244/639
f 709/1532/709 647/1533/647 774/1534/774
f 712/1535/712 653/1536/653 749/1537/749
f 712/1382/712 657/1381/657 653/1538/653
f 751/1452/751 578/1140/578 775/1539/775
f 712/1382/712 776/1540/776 662/1380/662
f 777/1541/777 673/1542/673 730/1416/730
f 730/1416/730 673/1542/673 622/1415/622
f 721/1476/721 677/1313/677 720/1397/720
f 757/1463/757 755/1461/755 683/1460/683
f 758/1468/758 759/1474/759 767/1517/767
f 725/1467/725 761/1481/761 759/1474/759
f 727/1512/727 767/1511/767 762/1515/762
f 761/1482/761 500/1123/500 759/1513/759
f 729/1480/729 734/1420/734 761/1481/761
f 734/1420/734 769/1522/769 761/1481/761
f 769/1520/769 571/1102/571 575/1110/575
f 762/1483/762 540/1521/540 732/1543/732
f 540/1521/540 530/1544/530 732/1543/732
f 736/1422/736 624/1492/624 588/1545/588
f 737/1426/737 530/1544/530 624/1492/624
f 570/1175/570 532/1034/532 743/1546/743
f 531/1029/531 778/1547/778 537/1057/537
f 573/1127/573 580/1126/580 779/1548/779
f 579/1549/579 584/1134/584 555/1076/555
f 780/1550/780 551/1070/551 604/1166/604
f 703/1551/703 636/1246/636 772/1530/772
f 636/1246/636 640/1248/640 772/1530/772
f 704/1441/704 773/1531/773 639/1244/639
f 745/1444/745 781/1552/781 747/1448/747
f 647/1255/647 646/1254/646 748/1449/748
f 781/1552/781 749/1450/749 747/1448/747
f 646/1254/646 651/1263/651 748/1449/748
f 648/1259/648 782/1553/782 645/1260/645
f 652/1265/652 711/1379/711 748/1449/748
f 655/1282/655 782/1553/782 660/1283/660
f 658/1554/658 765/1555/765 711/1556/711
f 578/1122/578 583/1133/583 775/1557/775
f 718/1392/718 678/1314/678 674/1306/674
f 675/1308/675 755/1509/755 719/1393/719
f 720/1397/720 783/1558/783 721/1476/721
f 783/1558/783 760/1477/760 721/1476/721
f 759/1474/759 499/1518/499 767/1517/767
f 767/1517/767 552/1484/552 762/1483/762
f 530/1544/530 737/1426/737 732/1543/732
f 701/1559/701 700/1527/700 784/1560/784
f 537/1044/537 778/1561/778 576/1111/576
f 522/1007/522 627/1562/627 580/1126/580
f 633/1500/633 702/1361/702 744/1563/744
f 613/1372/613 605/1564/605 785/1565/785
f 634/1365/634 703/1364/703 704/1366/704
f 638/1242/638 744/1442/744 782/1553/782
f 638/1242/638 782/1553/782 648/1259/648
f 706/1369/706 637/1239/637 710/1378/710
f 647/1533/647 748/1566/748 774/1534/774
f 645/1260/645 782/1553/782 655/1282/655
f 660/1283/660 782/1553/782 713/1383/713
f 507/1567/507 751/1568/751 569/1569/569
f 669/1570/669 649/1446/649 656/1571/656
f 662/1385/662 776/1572/776 714/1386/714
f 752/1507/752 667/1506/667 717/1573/717
f 666/1312/666 713/1383/713 720/1397/720
f 669/1570/669 673/1542/673 777/1541/777
f 678/1400/678 786/1574/786 756/1462/756
f 756/1462/756 786/1574/786 757/1463/757
f 670/1319/670 681/1318/681 787/1575/787
f 726/1412/726 787/1575/787 681/1318/681
f 722/1478/722 760/1477/760 734/1487/734
f 726/1412/726 768/1519/768 787/1575/787
f 731/1488/731 763/1490/763 768/1519/768
f 701/1576/701 768/1519/768 763/1490/763
f 701/1576/701 784/1577/784 768/1519/768
f 700/1527/700 770/1526/770 784/1560/784
f 742/1525/742 741/1578/741 764/1579/764
f 703/1551/703 772/1530/772 704/1580/704
f 704/1580/704 788/1581/788 773/1582/773
f 772/1530/772 708/1373/708 704/1580/704
f 708/1373/708 788/1581/788 704/1580/704
f 708/1373/708 774/1583/774 788/1581/788
f 709/1443/709 774/1583/774 708/1373/708
f 773/1582/773 788/1581/788 745/1584/745
f 788/1581/788 774/1583/774 789/1585/789
f 745/1584/745 788/1581/788 781/1586/781
f 774/1583/774 748/1449/748 789/1585/789
f 789/1585/789 781/1586/781 788/1581/788
f 748/1449/748 711/1379/711 789/1585/789
f 781/1552/781 712/1587/712 749/1450/749
f 789/1585/789 790/1588/790 781/1586/781
f 790/1588/790 791/1589/791 781/1586/781
f 781/1552/781 791/1590/791 712/1587/712
f 711/1379/711 765/1502/765 789/1585/789
f 789/1591/789 792/1592/792 790/1593/790
f 789/1585/789 765/1502/765 793/1594/793
f 791/1595/791 794/1596/794 712/1597/712
f 793/1594/793 765/1502/765 795/1598/795
f 794/1599/794 776/1540/776 712/1382/712
f 765/1502/765 752/1454/752 795/1598/795
f 795/1598/795 752/1454/752 796/1600/796
f 797/1601/797 798/1602/798 776/1603/776
f 799/1604/799 796/1600/796 752/1454/752
f 752/1454/752 800/1605/800 799/1604/799
f 798/1602/798 801/1606/801 776/1603/776
f 776/1603/776 753/1607/753 714/1608/714
f 802/1609/802 801/1610/801 798/1611/798
f 776/1603/776 801/1606/801 753/1607/753
f 801/1606/801 800/1605/800 753/1607/753
f 752/1454/752 717/1389/717 719/1393/719
f 752/1454/752 719/1393/719 800/1605/800
f 753/1607/753 786/1612/786 718/1613/718
f 670/1319/670 787/1575/787 716/1388/716
f 800/1605/800 786/1612/786 753/1607/753
f 800/1605/800 719/1393/719 755/1509/755
f 755/1509/755 786/1612/786 800/1605/800
f 718/1613/718 786/1612/786 678/1614/678
f 803/1615/803 783/1558/783 720/1397/720
f 755/1461/755 757/1463/757 786/1574/786
f 742/1525/742 764/1579/764 770/1526/770
f 565/1091/565 804/1616/804 544/1056/544
f 570/1099/570 805/1617/805 531/1029/531
f 771/1618/771 806/1619/806 409/747/409
f 807/1620/807 702/1621/702 808/1622/808
f 809/1623/809 744/1624/744 807/1620/807
f 808/1622/808 705/1368/705 810/1625/810
f 808/1622/808 702/1621/702 705/1368/705
f 807/1620/807 744/1624/744 702/1621/702
f 604/1626/604 619/1445/619 811/1627/811
f 809/1628/809 812/1629/812 813/1630/813
f 809/1628/809 813/1630/813 744/1442/744
f 813/1630/813 812/1629/812 814/1631/814
f 705/1368/705 706/1369/706 810/1625/810
f 810/1625/810 706/1369/706 815/1632/815
f 810/1625/810 815/1632/815 816/1633/816
f 816/1633/816 815/1632/815 817/1634/817
f 813/1630/813 782/1553/782 744/1442/744
f 813/1630/813 814/1631/814 818/1635/818
f 706/1369/706 710/1378/710 815/1632/815
f 817/1634/817 815/1632/815 819/1636/819
f 813/1630/813 818/1635/818 782/1553/782
f 815/1632/815 710/1378/710 819/1636/819
f 818/1635/818 820/1637/820 821/1638/821
f 818/1635/818 821/1638/821 782/1553/782
f 710/1378/710 822/1639/822 819/1636/819
f 822/1639/822 823/1640/823 824/1641/824
f 782/1642/782 821/1643/821 713/1644/713
f 821/1638/821 820/1637/820 825/1645/825
f 822/1639/822 710/1378/710 823/1640/823
f 824/1641/824 823/1640/823 826/1646/826
f 715/1387/715 823/1640/823 710/1378/710
f 823/1640/823 827/1647/827 826/1646/826
f 821/1638/821 828/1648/828 713/1383/713
f 829/1649/829 821/1638/821 825/1645/825
f 829/1649/829 828/1648/828 821/1638/821
f 826/1646/826 827/1647/827 830/1650/830
f 794/1651/794 797/1601/797 776/1603/776
f 823/1640/823 715/1387/715 827/1647/827
f 829/1649/829 831/1652/831 828/1648/828
f 830/1650/830 827/1647/827 832/1653/832
f 716/1388/716 827/1647/827 715/1387/715
f 832/1653/832 827/1647/827 833/1654/833
f 827/1647/827 716/1388/716 833/1654/833
f 832/1653/832 833/1654/833 834/1655/834
f 713/1383/713 828/1648/828 720/1397/720
f 831/1652/831 803/1615/803 828/1648/828
f 828/1656/828 803/1657/803 720/1658/720
f 787/1575/787 833/1654/833 716/1388/716
f 835/1659/835 803/1615/803 831/1652/831
f 835/1659/835 783/1558/783 803/1615/803
f 834/1655/834 833/1654/833 836/1660/836
f 833/1654/833 787/1575/787 836/1660/836
f 783/1558/783 837/1661/837 760/1477/760
f 835/1659/835 837/1661/837 783/1558/783
f 787/1575/787 768/1519/768 836/1660/836
f 837/1661/837 838/1662/838 760/1477/760
f 836/1660/836 768/1519/768 839/1663/839
f 836/1660/836 839/1663/839 840/1664/840
f 841/1665/841 842/1666/842 838/1662/838
f 838/1662/838 842/1666/842 760/1477/760
f 840/1664/840 839/1663/839 843/1667/843
f 839/1663/839 768/1519/768 784/1577/784
f 844/1668/844 842/1666/842 841/1665/841
f 843/1667/843 839/1663/839 845/1669/845
f 839/1663/839 784/1577/784 845/1669/845
f 760/1477/760 842/1666/842 764/1493/764
f 842/1666/842 846/1670/846 764/1493/764
f 844/1668/844 846/1670/846 842/1666/842
f 764/1671/764 846/1672/846 770/1673/770
f 784/1577/784 847/1674/847 845/1669/845
f 770/1673/770 847/1674/847 784/1577/784
f 770/1673/770 846/1672/846 847/1674/847
f 843/1675/843 845/1676/845 847/1677/847
f 843/1675/843 847/1677/847 848/1678/848
f 848/1678/848 847/1677/847 849/1679/849
f 849/1679/849 847/1677/847 846/1680/846
f 849/1679/849 846/1680/846 844/1681/844
f 602/1225/602 573/1227/573 779/1682/779
f 628/1683/628 545/1058/545 574/1109/574
f 850/1684/850 528/1025/528 211/385/211
f 806/1619/806 605/1168/605 409/747/409
f 809/1628/809 851/1685/851 812/1629/812
f 780/1686/780 604/1626/604 811/1627/811
f 810/1687/810 816/1688/816 852/1689/852
f 707/1370/707 750/1690/750 625/1371/625
f 853/1691/853 790/1593/790 792/1592/792
f 791/1692/791 790/1593/790 853/1691/853
f 791/1693/791 854/1694/854 794/1695/794
f 855/1696/855 798/1697/798 797/1698/797
f 795/1598/795 796/1600/796 856/1699/856
f 856/1699/856 796/1600/796 799/1604/799
f 857/1700/857 802/1609/802 798/1611/798
f 830/1701/830 832/1702/832 858/1703/858
f 665/1458/665 766/1504/766 754/1456/754
f 837/1661/837 859/1704/859 838/1662/838
f 860/1705/860 836/1706/836 840/1707/840
f 730/1416/730 617/1353/617 698/1355/698
f 841/1665/841 861/1708/861 844/1668/844
f 565/1091/565 518/1069/518 862/1709/862
f 808/1710/808 863/1711/863 807/1712/807
f 807/1712/807 851/1713/851 809/1714/809
f 785/1715/785 707/1716/707 613/1717/613
f 816/1688/816 817/1718/817 864/1719/864
f 814/1631/814 865/1720/865 818/1635/818
f 818/1635/818 865/1720/865 820/1637/820
f 866/1721/866 822/1722/822 824/1723/824
f 820/1637/820 867/1724/867 825/1645/825
f 793/1725/793 868/1726/868 789/1727/789
f 825/1645/825 869/1728/869 829/1649/829
f 824/1723/824 826/1729/826 866/1721/866
f 569/1097/569 751/1730/751 610/1173/610
f 793/1731/793 870/1732/870 868/1733/868
f 793/1734/793 795/1735/795 870/1736/870
f 855/1737/855 857/1738/857 798/1739/798
f 800/1740/800 801/1741/801 799/1742/799
f 832/1702/832 834/1743/834 871/1744/871
f 834/1743/834 836/1706/836 860/1705/860
f 838/1662/838 859/1704/859 841/1665/841
f 843/1745/843 872/1746/872 840/1707/840
f 843/1745/843 873/1747/873 872/1746/872
f 844/1681/844 874/1748/874 849/1679/849
f 844/1681/844 861/1749/861 874/1748/874
f 819/1750/819 875/1751/875 817/1718/817
f 819/1750/819 822/1722/822 875/1751/875
f 649/1446/649 669/1570/669 777/1541/777
f 801/1606/801 802/1752/802 799/1604/799
f 618/1197/618 697/1352/697 743/1753/743
f 590/1143/590 553/1074/553 876/1754/876
f 261/469/261 876/1754/876 553/1074/553
f 205/373/205 503/966/503 877/1755/877
f 603/1180/603 611/1176/611 878/1756/878
f 810/1757/810 879/1758/879 808/1710/808
f 875/1751/875 864/1719/864 817/1718/817
f 820/1637/820 865/1720/865 867/1724/867
f 789/1591/789 868/1759/868 792/1592/792
f 797/1698/797 794/1695/794 855/1696/855
f 802/1752/802 857/1760/857 799/1604/799
f 62/95/62 576/1111/576 880/1761/880
f 806/1762/806 785/1565/785 605/1564/605
f 852/1689/852 816/1688/816 864/1719/864
f 562/1188/562 868/1763/868 600/1162/600
f 854/1764/854 751/1765/751 775/1766/775
f 854/1694/854 855/1696/855 794/1695/794
f 856/1699/856 870/1767/870 795/1598/795
f 829/1649/829 869/1728/869 831/1652/831
f 799/1604/799 857/1760/857 856/1699/856
f 859/1704/859 837/1661/837 835/1659/835
f 626/1224/626 881/1768/881 623/1212/623
f 544/1354/544 804/1769/804 698/1355/698
f 843/1675/843 848/1678/848 873/1770/873
f 849/1679/849 874/1748/874 848/1678/848
f 852/1689/852 879/1771/879 810/1687/810
f 619/1445/619 882/1772/882 811/1627/811
f 882/1772/882 619/1445/619 746/1447/746
f 853/1773/853 854/1694/854 791/1693/791
f 853/1774/853 610/1775/610 854/1764/854
f 853/1776/853 562/1188/562 610/1777/610
f 610/1775/610 751/1765/751 854/1764/854
f 868/1763/868 870/1778/870 600/1162/600
f 600/1162/600 857/1779/857 583/1780/583
f 583/1781/583 857/1782/857 775/1766/775
f 831/1652/831 869/1728/869 835/1659/835
f 881/1783/881 697/1784/697 623/1785/623
f 808/1710/808 879/1758/879 863/1711/863
f 780/1686/780 811/1627/811 883/1786/883
f 792/1787/792 868/1788/868 853/1789/853
f 868/1763/868 562/1188/562 853/1776/853
f 775/1766/775 855/1790/855 854/1764/854
f 600/1162/600 870/1778/870 857/1779/857
f 856/1699/856 857/1760/857 870/1767/870
f 775/1766/775 857/1782/857 855/1790/855
f 626/1224/626 754/1791/754 881/1768/881
f 804/1792/804 884/1793/884 698/1794/698
f 565/1091/565 885/1795/885 804/1616/804
f 579/1796/579 577/1797/577 886/1798/886
f 211/385/211 608/1171/608 850/1684/850
f 812/1629/812 887/1799/887 814/1631/814
f 649/1446/649 777/1541/777 746/1447/746
f 659/1279/659 750/1451/750 766/1800/766
f 848/1678/848 874/1748/874 873/1770/873
f 518/1002/518 590/1155/590 862/1801/862
f 780/1550/780 883/1802/883 551/1070/551
f 851/1685/851 887/1799/887 812/1629/812
f 864/1719/864 888/1803/888 852/1689/852
f 882/1804/882 889/1805/889 811/1806/811
f 785/1565/785 890/1807/890 707/1370/707
f 887/1799/887 865/1720/865 814/1631/814
f 830/1701/830 858/1703/858 826/1729/826
f 858/1703/858 832/1702/832 871/1744/871
f 730/1808/730 698/1794/698 891/1809/891
f 840/1707/840 872/1746/872 860/1705/860
f 859/1704/859 892/1810/892 841/1665/841
f 841/1665/841 892/1810/892 861/1708/861
f 884/1811/884 804/1616/804 885/1795/885
f 893/1812/893 205/373/205 877/1755/877
f 894/1813/894 586/1137/586 551/1121/551
f 888/1803/888 864/1719/864 895/1814/895
f 864/1719/864 875/1751/875 895/1814/895
f 866/1721/866 826/1729/826 858/1703/858
f 570/1175/570 743/1546/743 896/1815/896
f 880/1761/880 261/469/261 62/95/62
f 577/1816/577 205/373/205 893/1812/893
f 883/1802/883 894/1817/894 551/1070/551
f 852/1818/852 888/1819/888 879/1820/879
f 895/1821/895 875/1822/875 897/1823/897
f 875/1751/875 822/1722/822 866/1721/866
f 835/1659/835 869/1728/869 859/1704/859
f 871/1744/871 834/1743/834 860/1705/860
f 886/1824/886 584/1134/584 579/1549/579
f 850/1825/850 898/1826/898 528/1827/528
f 807/1712/807 899/1828/899 851/1713/851
f 875/1822/875 866/1829/866 897/1823/897
f 707/1370/707 900/1830/900 750/1690/750
f 746/1831/746 777/1832/777 901/1833/901
f 825/1645/825 867/1724/867 869/1728/869
f 777/1832/777 730/1808/730 902/1834/902
f 859/1704/859 903/1835/903 892/1810/892
f 697/1784/697 904/1836/904 743/1837/743
f 895/1821/895 905/1838/905 888/1819/888
f 860/1839/860 872/1840/872 906/1841/906
f 907/1842/907 908/1843/908 850/1825/850
f 895/1821/895 897/1823/897 909/1844/909
f 766/1504/766 750/1690/750 910/1845/910
f 911/1846/911 859/1704/859 869/1728/869
f 912/1847/912 871/1848/871 860/1839/860
f 913/1849/913 904/1836/904 697/1784/697
f 909/1844/909 897/1823/897 866/1829/866
f 698/1794/698 884/1793/884 914/1850/914
f 896/1815/896 805/1851/805 570/1175/570
f 577/1816/577 893/1812/893 915/1852/915
f 602/1164/602 916/1853/916 591/1157/591
f 917/1854/917 503/1855/503 528/1827/528
f 907/1842/907 850/1825/850 608/1856/608
f 851/1713/851 899/1828/899 918/1857/918
f 879/1820/879 888/1819/888 919/1858/919
f 851/1685/851 918/1859/918 887/1799/887
f 806/1762/806 920/1860/920 785/1565/785
f 882/1804/882 746/1831/746 921/1861/921
f 922/1862/922 867/1724/867 865/1720/865
f 869/1728/869 867/1724/867 923/1863/923
f 892/1810/892 903/1835/903 924/1864/924
f 892/1810/892 924/1864/924 861/1708/861
f 528/1827/528 925/1865/925 917/1854/917
f 574/1109/574 926/1866/926 628/1683/628
f 866/1829/866 858/1867/858 927/1868/927
f 859/1704/859 911/1846/911 903/1835/903
f 914/1850/914 891/1809/891 698/1794/698
f 591/1144/591 907/1869/907 608/1171/608
f 503/1855/503 917/1854/917 877/1870/877
f 898/1826/898 928/1871/928 528/1827/528
f 806/1619/806 771/1618/771 920/1872/920
f 866/1829/866 927/1868/927 909/1844/909
f 766/1504/766 929/1873/929 754/1456/754
f 871/1848/871 912/1847/912 930/1874/930
f 931/1875/931 865/1720/865 887/1799/887
f 872/1840/872 873/1876/873 906/1841/906
f 861/1749/861 924/1877/924 932/1878/932
f 577/1797/577 915/1879/915 886/1798/886
f 910/1845/910 929/1873/929 766/1504/766
f 923/1863/923 911/1846/911 869/1728/869
f 884/1811/884 885/1795/885 914/1880/914
f 591/1157/591 916/1853/916 907/1881/907
f 850/1825/850 908/1843/908 898/1826/898
f 586/1137/586 878/1756/878 611/1176/611
f 746/1831/746 901/1833/901 921/1861/921
f 933/1882/933 777/1832/777 902/1834/902
f 860/1839/860 906/1841/906 912/1847/912
f 917/1854/917 893/1883/893 877/1870/877
f 528/1827/528 928/1871/928 925/1865/925
f 771/1618/771 934/1884/934 920/1872/920
f 883/1885/883 811/1806/811 935/1886/935
f 811/1806/811 889/1805/889 935/1886/935
f 882/1804/882 921/1861/921 889/1805/889
f 873/1876/873 936/1887/936 906/1841/906
f 937/1888/937 907/1842/907 938/1889/938
f 915/1890/915 893/1883/893 917/1854/917
f 939/1891/939 917/1854/917 940/1892/940
f 940/1892/940 917/1854/917 925/1865/925
f 937/1888/937 908/1843/908 907/1842/907
f 920/1860/920 890/1807/890 785/1565/785
f 919/1858/919 888/1819/888 905/1838/905
f 931/1875/931 887/1799/887 918/1859/918
f 901/1833/901 777/1832/777 933/1882/933
f 929/1873/929 941/1893/941 754/1456/754
f 730/1808/730 891/1809/891 902/1834/902
f 881/1783/881 913/1849/913 697/1784/697
f 891/1809/891 914/1850/914 903/1894/903
f 906/1841/906 936/1887/936 913/1895/913
f 913/1895/913 936/1887/936 904/1896/904
f 903/1894/903 914/1850/914 924/1897/924
f 590/1143/590 876/1754/876 942/1898/942
f 938/1889/938 907/1842/907 916/1899/916
f 915/1890/915 917/1854/917 939/1891/939
f 603/1165/603 878/1900/878 627/1228/627
f 935/1886/935 889/1805/889 918/1901/918
f 890/1807/890 900/1830/900 707/1370/707
f 905/1838/905 895/1821/895 909/1844/909
f 754/1456/754 941/1893/941 881/1783/881
f 941/1893/941 913/1849/913 881/1783/881
f 531/1902/531 943/1903/943 778/1561/778
f 919/1858/919 905/1838/905 920/1904/920
f 889/1805/889 931/1905/931 918/1901/918
f 920/1904/920 905/1838/905 890/1906/890
f 905/1838/905 909/1844/909 890/1906/890
f 890/1906/890 909/1844/909 900/1907/900
f 931/1875/931 922/1862/922 865/1720/865
f 750/1690/750 900/1830/900 910/1845/910
f 922/1862/922 923/1863/923 867/1724/867
f 927/1868/927 858/1867/858 930/1874/930
f 858/1867/858 871/1848/871 930/1874/930
f 941/1908/941 912/1847/912 913/1895/913
f 911/1909/911 902/1834/902 903/1894/903
f 912/1847/912 906/1841/906 913/1895/913
f 891/1809/891 903/1894/903 902/1834/902
f 944/1910/944 876/1754/876 261/469/261
f 938/1911/938 945/1912/945 937/1913/937
f 940/1892/940 925/1865/925 946/1914/946
f 947/1915/947 926/1916/926 584/1134/584
f 584/1134/584 926/1916/926 574/1136/574
f 948/1917/948 899/1828/899 807/1712/807
f 918/1857/918 949/1918/949 935/1919/935
f 889/1805/889 921/1861/921 931/1905/931
f 931/1905/931 921/1861/921 922/1920/922
f 921/1861/921 901/1833/901 922/1920/922
f 909/1844/909 927/1868/927 900/1907/900
f 900/1907/900 927/1868/927 910/1921/910
f 901/1833/901 923/1922/923 922/1920/922
f 927/1868/927 930/1874/930 910/1921/910
f 929/1923/929 930/1874/930 941/1908/941
f 933/1882/933 911/1909/911 923/1922/923
f 930/1874/930 912/1847/912 941/1908/941
f 933/1882/933 902/1834/902 911/1909/911
f 950/1924/950 908/1925/908 937/1926/937
f 886/1824/886 947/1915/947 584/1134/584
f 951/1927/951 898/1928/898 908/1925/908
f 919/1929/919 863/1711/863 879/1758/879
f 949/1918/949 883/1802/883 935/1919/935
f 949/1918/949 894/1817/894 883/1802/883
f 901/1833/901 933/1882/933 923/1922/923
f 930/1874/930 929/1923/929 910/1921/910
f 874/1748/874 861/1749/861 932/1878/932
f 937/1926/937 952/1930/952 950/1924/950
f 586/1137/586 953/1931/953 878/1756/878
f 594/1148/594 954/1932/954 771/1528/771
f 862/1801/862 955/1933/955 565/1934/565
f 916/1935/916 945/1936/945 938/1937/938
f 928/1938/928 898/1928/898 956/1939/956
f 593/1147/593 628/1229/628 954/1932/954
f 593/1147/593 954/1932/954 594/1148/594
f 919/1929/919 920/1872/920 934/1884/934
f 874/1748/874 957/1940/957 873/1770/873
f 915/1879/915 958/1941/958 886/1798/886
f 779/1548/779 580/1126/580 959/1942/959
f 586/1943/586 894/1944/894 953/1945/953
f 873/1770/873 957/1940/957 936/1946/936
f 743/1546/743 904/1947/904 896/1815/896
f 565/1091/565 955/1948/955 885/1795/885
f 880/1761/880 576/1111/576 960/1949/960
f 807/1712/807 863/1711/863 948/1917/948
f 918/1857/918 899/1828/899 949/1918/949
f 914/1880/914 932/1878/932 924/1877/924
f 590/1155/590 942/1950/942 862/1801/862
f 961/1951/961 962/1952/962 876/1754/876
f 925/1953/925 963/1954/963 946/1955/946
f 898/1928/898 964/1956/964 956/1939/956
f 628/1683/628 926/1866/926 954/1957/954
f 919/1929/919 934/1884/934 863/1711/863
f 904/1947/904 957/1940/957 896/1815/896
f 876/1754/876 944/1910/944 961/1951/961
f 958/1958/958 947/1915/947 886/1824/886
f 936/1946/936 957/1940/957 904/1947/904
f 946/1959/946 963/1960/963 965/1961/965
f 908/1925/908 950/1924/950 966/1962/966
f 580/1126/580 627/1562/627 959/1942/959
f 805/1617/805 943/1963/943 531/1029/531
f 951/1927/951 908/1925/908 966/1962/966
f 863/1711/863 934/1884/934 948/1917/948
f 885/1795/885 932/1878/932 914/1880/914
f 862/1801/862 942/1950/942 955/1933/955
f 778/1561/778 967/1964/967 576/1111/576
f 925/1965/925 928/1938/928 963/1966/963
f 926/1866/926 968/1967/968 954/1957/954
f 876/1754/876 962/1952/962 942/1898/942
f 576/1111/576 967/1964/967 960/1949/960
f 939/1968/939 958/1941/958 915/1879/915
f 969/1969/969 970/1970/970 971/1971/971
f 970/1970/970 972/1972/972 971/1971/971
f 972/1972/972 973/1973/973 974/1974/974
f 974/1974/974 973/1973/973 975/1975/975
f 975/1976/975 878/1977/878 953/1978/953
f 971/1979/971 976/1980/976 969/1981/969
f 972/1982/972 977/1983/977 971/1984/971
f 974/1985/974 977/1983/977 972/1982/972
f 975/1986/975 978/1987/978 974/1985/974
f 975/1986/975 953/1945/953 978/1987/978
f 954/1932/954 934/1988/934 771/1528/771
f 979/1989/979 948/1917/948 934/1884/934
f 980/1990/980 949/1918/949 899/1828/899
f 880/1761/880 944/1910/944 261/469/261
f 916/1935/916 602/1225/602 779/1682/779
f 981/1991/981 940/1992/940 946/1959/946
f 954/1993/954 968/1994/968 976/1995/976
f 968/1996/968 969/1981/969 976/1980/976
f 977/1997/977 976/1980/976 971/1979/971
f 977/1983/977 974/1985/974 978/1987/978
f 953/1945/953 894/1944/894 978/1987/978
f 954/1932/954 979/1998/979 934/1988/934
f 948/1917/948 979/1989/979 982/1999/982
f 894/1817/894 949/1918/949 980/1990/980
f 899/1828/899 948/1917/948 982/1999/982
f 874/1748/874 932/1878/932 957/1940/957
f 939/1968/939 983/2000/983 958/1941/958
f 969/1969/969 926/1866/926 970/1970/970
f 926/1866/926 984/2001/984 970/1970/970
f 926/1866/926 969/1969/969 968/1967/968
f 973/1973/973 972/1972/972 985/2002/985
f 973/1973/973 986/2003/986 975/1975/975
f 975/1975/975 987/2004/987 878/1900/878
f 976/2005/976 979/1998/979 954/1932/954
f 977/1983/977 979/2006/979 976/2007/976
f 977/1983/977 978/1987/978 980/2008/980
f 894/1944/894 980/2008/980 978/1987/978
f 977/1983/977 982/2009/982 979/2006/979
f 977/1983/977 899/2010/899 982/2009/982
f 980/2008/980 899/2010/899 977/1983/977
f 885/1795/885 988/2011/988 932/1878/932
f 940/2012/940 983/2013/983 939/2014/939
f 946/1959/946 965/1961/965 981/1991/981
f 970/1970/970 984/2001/984 985/2002/985
f 986/2003/986 987/2004/987 975/1975/975
f 932/1878/932 989/2015/989 957/1940/957
f 955/1948/955 988/2011/988 885/1795/885
f 955/1933/955 942/1950/942 988/2016/988
f 943/1903/943 967/1964/967 778/1561/778
f 937/1913/937 945/1912/945 952/2017/952
f 878/1900/878 987/2004/987 627/1228/627
f 973/1973/973 985/2002/985 986/2003/986
f 896/1815/896 990/2018/990 805/1851/805
f 957/1940/957 990/2018/990 896/1815/896
f 932/1878/932 988/2011/988 991/2019/991
f 942/2020/942 962/2021/962 988/2022/988
f 992/2023/992 880/1761/880 960/1949/960
f 992/2023/992 960/1949/960 967/1964/967
f 983/2013/983 940/2012/940 981/2024/981
f 959/2025/959 627/2026/627 987/2027/987
f 985/2002/985 972/1972/972 970/1970/970
f 932/1878/932 991/2019/991 989/2015/989
f 957/2028/957 992/2029/992 990/2030/990
f 962/1952/962 961/1951/961 993/2031/993
f 967/2032/967 943/2033/943 805/2034/805
f 961/1951/961 944/1910/944 993/2031/993
f 993/2031/993 880/1761/880 992/2023/992
f 993/2031/993 944/1910/944 880/1761/880
f 916/1935/916 779/1682/779 945/1936/945
f 956/1939/956 963/1966/963 928/1938/928
f 898/1928/898 951/1927/951 964/1956/964
f 991/2035/991 993/2036/993 989/2037/989
f 990/2030/990 992/2029/992 805/2034/805
f 988/2022/988 993/2036/993 991/2035/991
f 988/2022/988 962/2021/962 993/2036/993
f 989/2038/989 992/2039/992 957/2040/957
f 992/2029/992 967/2032/967 805/2034/805
f 992/2041/992 989/2037/989 993/2036/993
f 945/2042/945 779/2043/779 994/2044/994
f 779/2043/779 959/2025/959 994/2044/994
f 983/2045/983 981/2046/981 958/2047/958
f 958/2047/958 981/2046/981 995/2048/995
f 947/1915/947 996/2049/996 926/1916/926
f 996/2049/996 984/2050/984 926/1916/926
f 995/2048/995 997/2051/997 984/2052/984
f 984/2052/984 997/2051/997 985/2053/985
f 985/2054/985 998/2055/998 986/2056/986
f 958/2047/958 996/2057/996 947/2058/947
f 958/2047/958 995/2048/995 996/2057/996
f 945/2042/945 994/2044/994 952/2059/952
f 950/2060/950 998/2061/998 966/2062/966
f 950/2060/950 952/2063/952 998/2061/998
f 994/2044/994 959/2025/959 987/2027/987
f 981/2046/981 965/2064/965 995/2048/995
f 965/2064/965 997/2051/997 995/2048/995
f 997/2051/997 965/2064/965 963/2065/963
f 956/1939/956 964/1956/964 963/1966/963
f 951/2066/951 998/2067/998 964/2068/964
f 966/2062/966 998/2061/998 951/2069/951
f 994/2044/994 987/2027/987 986/2056/986
f 994/2044/994 986/2056/986 998/2055/998
f 997/2051/997 964/2070/964 985/2053/985
f 998/2055/998 952/2059/952 994/2044/994
f 995/2048/995 984/2052/984 996/2057/996
f 964/2071/964 998/2072/998 985/2073/985
f 963/2065/963 964/2070/964 997/2051/997
