# Blender 4.4.0
# www.blender.org
mtllib A_realistic_front_vie_1108203436_texture.mtl
o A_realistic_front_vie_1108203436_texture
v -0.040449 0.687443 -0.254795
v 0.009764 0.715462 -0.252671
v 0.018153 0.688548 -0.256164
v 0.054942 0.557358 -0.236338
v -0.004737 0.576891 -0.243772
v -0.005176 0.644926 -0.254633
v 0.057449 0.647174 -0.247569
v 0.087363 0.600571 -0.234383
v -0.088043 0.642803 -0.241113
v -0.026407 0.663756 -0.236802
v 0.083305 0.731548 -0.236636
v 0.088504 0.690918 -0.243782
v -0.045664 0.569629 -0.239762
v 0.104823 0.649144 -0.237191
v 0.034579 0.668626 -0.235819
v -0.103659 0.683680 -0.239768
v -0.097491 0.753642 -0.227562
v -0.031056 0.809382 -0.229199
v -0.011008 0.478581 -0.238359
v 0.061355 0.499109 -0.231263
v -0.072017 0.661086 -0.227109
v 0.024430 0.807333 -0.230810
v -0.036100 -0.949348 -0.235756
v -0.009860 -0.876707 -0.237926
v -0.002169 -0.954238 -0.238433
v 0.051167 -0.861166 -0.233219
v 0.039361 -0.750957 -0.234876
v -0.001747 -0.675493 -0.237202
v -0.040484 -0.726509 -0.234806
v -0.013764 -0.513005 -0.237855
v 0.048081 -0.614387 -0.233144
v -0.021532 -0.403053 -0.237548
v 0.028748 -0.409926 -0.236161
v 0.026783 -0.271406 -0.236636
v -0.024169 -0.236661 -0.237141
v 0.053149 -0.170240 -0.232534
v -0.002552 -0.156458 -0.237569
v 0.051620 -0.090558 -0.232640
v 0.004927 0.002564 -0.237671
v -0.027453 -0.129211 -0.236104
v -0.040550 0.023849 -0.234776
v -0.001876 0.140289 -0.237532
v 0.046245 0.049240 -0.233984
v -0.047415 0.193285 -0.233563
v -0.002680 0.296449 -0.238297
v 0.043208 0.175924 -0.234440
v -0.041125 0.323576 -0.234399
v 0.023735 0.457755 -0.237034
v 0.046150 0.379184 -0.233703
v -0.053672 0.469803 -0.232405
v -0.101712 0.574750 -0.226859
v 0.090522 0.675664 -0.221057
v 0.098109 0.726509 -0.229218
v 0.101989 0.686770 -0.231069
v 0.057468 -0.946646 -0.232100
v 0.043565 -0.952400 -0.229259
v -0.040175 -0.953048 -0.230014
v -0.101384 -0.883023 -0.222171
v -0.066014 -0.948104 -0.229461
v -0.042083 -0.841108 -0.234541
v -0.060446 -0.621801 -0.231548
v -0.063763 -0.496272 -0.229105
v 0.087089 -0.416876 -0.224909
v -0.077379 -0.290774 -0.226845
v -0.067607 -0.093358 -0.229037
v 0.098403 0.008994 -0.221217
v -0.097748 0.078833 -0.222047
v 0.105244 0.746182 -0.225866
v -0.098301 -0.939786 -0.221994
v 0.100082 -0.738571 -0.221602
v -0.081914 -0.402592 -0.225898
v 0.081789 -0.289488 -0.225843
v 0.096430 -0.185928 -0.221528
v -0.083484 -0.198859 -0.225189
v 0.099885 0.179140 -0.221117
v -0.100555 0.261476 -0.221272
v -0.098570 0.400788 -0.222015
v -0.104670 0.508814 -0.221071
v 0.110710 0.593137 -0.223875
v -0.147762 0.638487 -0.205712
v 0.110327 0.690428 -0.234451
v 0.141583 0.751650 -0.198659
v 0.014205 0.869473 -0.224587
v 0.109467 -0.934052 -0.216016
v 0.103791 -0.859065 -0.220143
v -0.097686 -0.761310 -0.222784
v 0.094033 -0.670852 -0.223175
v -0.105615 -0.617423 -0.217915
v 0.101287 -0.555654 -0.220057
v -0.098117 -0.478110 -0.221845
v -0.105295 -0.394741 -0.216715
v -0.103959 -0.109251 -0.219483
v 0.099499 0.377951 -0.221631
v 0.100711 0.512203 -0.222496
v -0.161493 0.686408 -0.201000
v -0.023723 0.869209 -0.223686
v -0.106948 -0.285968 -0.216184
v 0.107900 -0.386793 -0.215409
v -0.106609 -0.202669 -0.216609
v -0.105121 -0.037767 -0.217968
v -0.102393 0.661623 -0.216217
v 0.122146 0.662500 -0.208559
v -0.100025 0.817853 -0.212153
v 0.116568 -0.160328 -0.210369
v -0.136939 0.094558 -0.196277
v 0.133516 0.232314 -0.198630
v 0.118128 0.398051 -0.209888
v 0.141645 0.556032 -0.198336
v 0.118332 0.676796 -0.209727
v 0.157916 0.690429 -0.200523
v 0.099395 0.818102 -0.211283
v -0.135407 -0.907973 -0.198014
v 0.150729 -0.831830 -0.186534
v 0.131132 -0.641781 -0.200662
v -0.133438 -0.326439 -0.199150
v -0.133905 -0.218977 -0.198567
v -0.140574 -0.032324 -0.193242
v 0.137304 0.059913 -0.195801
v -0.142717 0.387347 -0.191593
v -0.174876 0.588676 -0.174528
v 0.170671 0.602183 -0.180125
v -0.144400 0.803111 -0.180693
v -0.096412 0.868738 -0.206201
v 0.096628 0.868672 -0.206806
v -0.004669 0.869458 -0.203170
v -0.089481 -0.902923 -0.187656
v -0.000317 -0.904803 -0.189165
v -0.135064 -0.716063 -0.197569
v 0.138341 -0.515135 -0.195151
v -0.138128 -0.454969 -0.195690
v 0.157406 0.494203 -0.181378
v -0.159093 0.505467 -0.179924
v 0.150259 0.650927 -0.206453
v 0.128593 -0.915250 -0.198430
v -0.153457 -0.809608 -0.184880
v 0.142462 -0.732768 -0.192023
v 0.135563 -0.377684 -0.197805
v 0.134174 -0.259569 -0.198411
v -0.143370 0.233361 -0.190862
v -0.141989 0.661584 -0.191768
v 0.134683 0.666716 -0.195504
v 0.075590 0.869445 -0.187818
v -0.135151 -0.910021 -0.193643
v -0.138935 -0.563174 -0.194571
v 0.157071 -0.132638 -0.179134
v -0.077027 0.869387 -0.186991
v -0.040840 -0.901240 -0.186143
v 0.040829 -0.900022 -0.184170
v 0.157626 -0.892929 -0.180164
v -0.161390 -0.876807 -0.177567
v 0.167584 0.372900 -0.169431
v -0.158784 -0.150275 -0.177282
v 0.172758 0.675922 -0.164508
v -0.165038 -0.730674 -0.172225
v -0.161620 -0.620106 -0.175041
v -0.161655 -0.378122 -0.175626
v 0.158051 -0.350122 -0.178229
v 0.175369 -0.265462 -0.161574
v -0.178769 0.168433 -0.158237
v 0.170646 0.202925 -0.166394
v -0.183867 0.640950 -0.173093
v -0.168818 0.664522 -0.168670
v 0.140343 0.869403 -0.173467
v 0.051665 0.857941 -0.188780
v -0.022764 0.857610 -0.195997
v -0.095380 -0.886277 -0.174206
v 0.162441 -0.638038 -0.173935
v -0.162571 -0.526335 -0.174636
v 0.164275 -0.447006 -0.172474
v -0.167290 -0.251895 -0.169516
v 0.186044 0.652894 -0.170450
v -0.150753 0.869007 -0.164709
v 0.088335 -0.899545 -0.186126
v -0.023897 -0.841723 -0.187452
v 0.002695 -0.761854 -0.188842
v 0.045983 -0.695943 -0.183145
v 0.001509 -0.667739 -0.188704
v 0.164652 -0.534050 -0.172111
v -0.175845 -0.459168 -0.159433
v 0.176954 0.042766 -0.159732
v -0.174726 0.066081 -0.161842
v 0.001008 0.303873 -0.189635
v -0.009490 0.441356 -0.189714
v -0.023436 0.393126 -0.186981
v 0.022134 0.369883 -0.187599
v 0.019971 0.583983 -0.188416
v -0.019589 0.565897 -0.188446
v -0.001458 0.567954 -0.190444
v -0.016589 0.652844 -0.193029
v -0.024355 0.665319 -0.185803
v 0.018224 0.669305 -0.190144
v -0.210911 0.685689 -0.148763
v -0.014522 0.717573 -0.191151
v 0.020352 0.745515 -0.184587
v -0.067564 0.858562 -0.185818
v -0.077005 -0.882941 -0.181131
v -0.087544 -0.867106 -0.185965
v -0.041315 -0.866919 -0.183259
v 0.047332 -0.788342 -0.182516
v -0.086905 -0.822213 -0.185039
v -0.092284 -0.829445 -0.176800
v 0.166562 -0.746716 -0.169828
v -0.037653 -0.737240 -0.184386
v -0.002488 -0.581592 -0.188285
v 0.060760 -0.623931 -0.181197
v -0.067508 -0.696589 -0.180457
v 0.053666 -0.569707 -0.181544
v -0.001605 -0.452407 -0.187683
v -0.078480 -0.503415 -0.178624
v -0.003869 -0.323354 -0.187460
v -0.049395 -0.407044 -0.181964
v 0.047818 -0.264488 -0.182166
v -0.003219 -0.208488 -0.187583
v 0.048505 -0.093251 -0.181901
v -0.002004 -0.015089 -0.188196
v -0.086987 -0.098477 -0.177271
v 0.049822 0.038435 -0.181550
v -0.002535 0.158140 -0.188916
v -0.046059 0.147446 -0.182126
v 0.039043 0.186544 -0.183086
v -0.031782 0.234620 -0.184327
v -0.033765 0.372153 -0.183554
v 0.032556 0.407583 -0.183323
v -0.036552 0.544648 -0.182036
v 0.036157 0.583565 -0.181350
v 0.031380 0.671191 -0.181750
v -0.051530 0.682978 -0.187734
v -0.053348 0.619958 -0.185135
v -0.039613 0.612652 -0.181529
v -0.033708 0.707030 -0.181917
v 0.186233 0.665389 -0.151201
v 0.048080 0.652423 -0.186627
v 0.050030 0.693158 -0.187820
v 0.185136 0.723282 -0.167314
v 0.192926 0.690197 -0.168331
v -0.019084 0.790390 -0.181330
v -0.001408 0.757674 -0.186812
v 0.091836 0.858458 -0.173909
v 0.115331 0.868996 -0.160748
v 0.105316 -0.871160 -0.161862
v 0.081747 -0.843282 -0.180627
v 0.088133 -0.843798 -0.180733
v -0.076975 -0.810839 -0.180670
v -0.092085 -0.807272 -0.176891
v 0.069081 -0.742141 -0.181465
v 0.086821 -0.812767 -0.180563
v 0.086081 -0.760514 -0.179134
v -0.072174 -0.760636 -0.181473
v 0.086048 -0.689634 -0.179180
v -0.059596 -0.589416 -0.180613
v -0.086352 -0.636119 -0.179611
v -0.090126 -0.586010 -0.178044
v 0.083959 -0.571078 -0.178813
v 0.047375 -0.449405 -0.182636
v 0.084072 -0.484782 -0.178123
v -0.072642 -0.186483 -0.178909
v 0.078377 -0.015006 -0.179068
v -0.078484 -0.003867 -0.178315
v -0.168923 -0.035898 -0.167369
v -0.079148 0.254683 -0.178137
v -0.186962 0.306396 -0.148673
v 0.059847 0.385626 -0.180287
v -0.079395 0.375262 -0.178087
v -0.046722 0.487986 -0.182595
v -0.068857 0.484085 -0.178659
v -0.180566 0.434417 -0.156974
v 0.047337 0.574126 -0.183182
v 0.079087 0.467404 -0.178495
v -0.067861 0.606923 -0.179650
v 0.188118 0.578772 -0.156726
v 0.077626 0.585482 -0.178371
v -0.066061 0.683563 -0.178822
v 0.067184 0.689334 -0.178316
v -0.181644 0.785544 -0.150108
v 0.052593 0.777112 -0.178597
v -0.051779 0.754319 -0.182609
v 0.040324 0.777000 -0.178845
v 0.025105 0.834522 -0.179725
v -0.022595 0.833431 -0.180167
v -0.048559 0.857454 -0.121138
v -0.102185 0.857821 -0.166645
v -0.129935 0.868510 -0.151931
v -0.170446 -0.870809 -0.162168
v 0.172615 -0.865089 -0.157390
v -0.087061 -0.792476 -0.180570
v -0.086653 -0.769547 -0.179086
v 0.100173 -0.782926 -0.162606
v -0.097521 -0.751176 -0.170450
v -0.086810 -0.712745 -0.178627
v 0.096921 -0.719105 -0.166638
v -0.172478 -0.714721 -0.161050
v -0.174008 -0.599901 -0.160951
v -0.098954 -0.465101 -0.171968
v -0.082453 -0.400903 -0.178135
v 0.084428 -0.388834 -0.177646
v 0.172485 -0.426956 -0.162793
v -0.098936 -0.355226 -0.172283
v -0.187398 -0.380376 -0.147141
v 0.181509 -0.388411 -0.154954
v 0.083727 -0.238188 -0.177736
v -0.095446 -0.295563 -0.174960
v -0.097367 -0.208441 -0.174168
v -0.086906 -0.166523 -0.176131
v 0.084566 -0.038593 -0.177324
v -0.094604 -0.123379 -0.172546
v 0.079265 0.092005 -0.178442
v -0.078543 0.124304 -0.178813
v -0.092618 -0.014894 -0.173031
v 0.091707 0.098658 -0.174026
v 0.079101 0.211794 -0.178312
v 0.092320 0.160763 -0.173501
v -0.092235 0.104679 -0.173796
v -0.093441 0.172902 -0.173334
v 0.078975 0.370645 -0.178426
v 0.084896 0.376345 -0.173213
v 0.084591 0.275231 -0.173790
v -0.085179 0.290977 -0.174398
v -0.085483 0.414651 -0.172862
v 0.084093 0.466813 -0.172549
v -0.079613 0.476354 -0.178118
v 0.078987 0.529834 -0.178537
v -0.078161 0.559002 -0.178961
v -0.084646 0.505650 -0.171870
v 0.084836 0.570068 -0.171531
v -0.079736 0.637613 -0.178004
v 0.076265 0.676749 -0.178500
v 0.085203 0.653185 -0.170528
v -0.078446 0.712422 -0.176672
v 0.074391 0.757606 -0.174515
v -0.063497 0.755370 -0.176209
v -0.075452 0.785154 -0.172612
v 0.052966 0.834735 -0.174851
v -0.055782 0.833547 -0.174238
v 0.176124 0.807510 -0.149363
v 0.078681 0.857361 -0.117798
v 0.097882 -0.831159 -0.165416
v -0.098092 -0.827971 -0.165622
v 0.170522 -0.808059 -0.161930
v -0.097296 -0.703810 -0.171003
v 0.172751 -0.694561 -0.160362
v 0.103643 -0.642108 -0.159088
v -0.099603 -0.563830 -0.170635
v 0.102386 -0.554571 -0.159907
v 0.173656 -0.496080 -0.161191
v -0.100205 -0.290688 -0.170124
v -0.097194 -0.160618 -0.174301
v 0.109273 -0.060928 -0.153937
v -0.099052 -0.114334 -0.165439
v 0.090941 0.013902 -0.172701
v 0.091373 0.278399 -0.173848
v 0.098661 0.241204 -0.166194
v -0.098321 0.270233 -0.167679
v -0.095230 0.326594 -0.172492
v 0.096204 0.426543 -0.169943
v -0.095409 0.412283 -0.171106
v -0.086719 0.649349 -0.169191
v 0.084735 0.714345 -0.168074
v 0.076678 0.830192 -0.170206
v -0.075516 0.833793 -0.172011
v 0.025262 0.835277 -0.086565
v -0.101014 -0.753868 -0.161809
v -0.100028 -0.701444 -0.162906
v -0.101181 -0.640702 -0.162077
v 0.184108 -0.664782 -0.153838
v 0.186410 -0.573706 -0.152289
v -0.103368 -0.551454 -0.159766
v 0.143606 -0.483880 -0.120250
v 0.195979 -0.350248 -0.136016
v -0.187737 -0.242094 -0.146864
v -0.101711 -0.202072 -0.163210
v 0.117851 -0.167832 -0.145464
v -0.183294 -0.109972 -0.151925
v -0.106473 -0.029161 -0.156942
v 0.183053 -0.099570 -0.152149
v -0.179304 -0.001307 -0.157551
v -0.096935 0.090470 -0.166177
v 0.100405 0.102037 -0.162475
v -0.103131 0.202849 -0.161662
v 0.115827 0.176652 -0.147921
v 0.111830 0.286741 -0.152360
v -0.106166 0.331853 -0.158796
v 0.101785 0.357875 -0.162960
v -0.102496 0.386775 -0.162554
v 0.196739 0.471945 -0.136866
v -0.104747 0.492049 -0.161706
v 0.096388 0.555020 -0.169981
v -0.095013 0.517311 -0.171374
v -0.104887 0.548139 -0.161989
v -0.096039 0.622422 -0.169278
v 0.096132 0.622253 -0.167442
v 0.095752 0.655915 -0.166009
v -0.095286 0.679313 -0.164928
v -0.085613 0.773452 -0.163332
v -0.038882 0.835637 -0.112814
v 0.105595 0.833360 -0.145119
v 0.175049 0.868754 -0.139902
v -0.117465 -0.852362 -0.146910
v 0.192159 -0.845247 -0.142668
v -0.186459 -0.756033 -0.151499
v -0.185038 -0.664719 -0.153603
v -0.186636 -0.564385 -0.153159
v -0.104017 -0.452426 -0.158909
v 0.185977 -0.488982 -0.152001
v -0.184763 -0.458224 -0.152471
v -0.103178 -0.300290 -0.160553
v 0.217346 0.297796 -0.109403
v 0.104894 0.439366 -0.161050
v 0.102258 0.525949 -0.162276
v -0.103658 0.621350 -0.160238
v 0.099512 0.630062 -0.161410
v 0.098692 0.681483 -0.161673
v 0.102531 0.756302 -0.152017
v -0.185146 0.869044 -0.127880
v 0.185160 -0.815467 -0.153144
v -0.189004 -0.849981 -0.145612
v 0.119159 -0.297874 -0.144064
v -0.113095 -0.256839 -0.149684
v 0.214487 -0.237503 -0.113081
v -0.111542 -0.148068 -0.152366
v -0.119578 -0.008483 -0.144523
v 0.108685 0.542828 -0.158807
v 0.109802 0.596128 -0.157080
v 0.117197 0.635663 -0.153114
v 0.107626 0.674593 -0.160778
v 0.137412 0.858717 -0.138552
v -0.131546 -0.728365 -0.134147
v -0.187503 -0.079985 -0.146347
v -0.190311 0.029936 -0.144065
v 0.119576 0.049841 -0.144534
v -0.117475 0.119115 -0.146560
v 0.216207 0.070405 -0.110355
v 0.216964 0.379414 -0.110174
v -0.120219 0.414679 -0.144439
v 0.118077 0.426134 -0.146392
v -0.209232 0.529173 -0.123970
v 0.209558 0.649866 -0.144074
v -0.109678 0.672684 -0.159053
v -0.208518 0.668183 -0.119383
v 0.227466 0.736347 -0.105778
v 0.134227 -0.831527 -0.131417
v 0.212067 -0.802808 -0.117354
v -0.205653 -0.671252 -0.125978
v 0.143474 -0.577029 -0.121717
v -0.214012 -0.516557 -0.114227
v 0.195877 -0.439903 -0.136622
v -0.119398 0.248172 -0.145003
v -0.123476 0.544909 -0.143266
v 0.123185 0.626194 -0.142716
v -0.124929 0.630318 -0.142611
v -0.220111 0.644881 -0.124324
v -0.125354 0.673547 -0.151695
v 0.124311 0.673838 -0.151612
v 0.216069 0.675087 -0.111293
v 0.123516 0.697860 -0.144577
v -0.120525 0.762665 -0.137829
v 0.211199 0.800952 -0.105138
v -0.113628 0.834428 -0.138763
v 0.170892 0.869706 -0.103897
v -0.144227 -0.624372 -0.121795
v -0.139829 -0.395976 -0.124791
v -0.217857 -0.048195 -0.108243
v 0.137832 0.397816 -0.126660
v -0.128690 0.673417 -0.130971
v -0.125130 0.700204 -0.144249
v 0.234629 0.687564 -0.109618
v 0.132454 0.787005 -0.121424
v 0.207095 -0.686222 -0.123283
v -0.144052 -0.527400 -0.121007
v -0.214682 -0.429240 -0.114034
v -0.132371 -0.277565 -0.132487
v -0.129216 -0.183822 -0.135568
v -0.217477 0.051026 -0.108622
v -0.130328 0.472758 -0.134583
v 0.124626 0.507193 -0.140827
v 0.219710 0.504749 -0.105490
v 0.211889 0.664183 -0.111048
v 0.128345 0.702617 -0.130249
v 0.122839 0.759694 -0.136240
v -0.119744 0.792862 -0.133345
v 0.077542 0.834856 -0.077155
v -0.156660 0.857962 -0.114237
v -0.164152 0.868878 -0.114507
v -0.217819 -0.798657 -0.109642
v 0.133370 -0.652400 -0.130673
v 0.136741 -0.378949 -0.127089
v -0.217449 -0.124173 -0.108559
v -0.142778 0.137443 -0.122374
v -0.146704 0.184074 -0.118144
v -0.128884 0.553284 -0.134153
v 0.132307 0.604921 -0.129824
v -0.228650 0.578673 -0.101028
v -0.128347 0.619323 -0.133365
v -0.212689 0.815886 -0.097738
v -0.159307 -0.805874 -0.109911
v 0.143879 -0.760705 -0.123210
v 0.216071 -0.515414 -0.111251
v -0.216751 -0.269309 -0.110012
v 0.142345 -0.219295 -0.121387
v 0.146911 0.075995 -0.117668
v -0.218239 0.185354 -0.107283
v -0.221091 0.347691 -0.102396
v 0.233314 0.644739 -0.108251
v -0.130575 0.727280 -0.125524
v -0.238298 0.689538 -0.107209
v -0.087797 0.835582 -0.086921
v 0.202544 -0.807151 -0.111177
v -0.210343 -0.699290 -0.119031
v 0.216413 -0.397433 -0.111370
v 0.217511 -0.102296 -0.108332
v 0.147463 0.251856 -0.117364
v -0.148636 0.329740 -0.116641
v 0.168112 0.858171 -0.100487
v 0.152694 -0.810565 -0.113367
v -0.144642 -0.772950 -0.123889
v -0.144972 -0.677999 -0.123139
v 0.217973 -0.670300 -0.109541
v -0.139544 -0.028198 -0.125071
v 0.149370 -0.052486 -0.114188
v 0.220673 0.219337 -0.101383
v -0.219726 0.466208 -0.104819
v -0.152357 0.567349 -0.114589
v 0.149707 0.486001 -0.116131
v 0.152518 0.579789 -0.113929
v -0.219270 0.661184 -0.099638
v 0.136240 0.834846 -0.115946
v 0.209712 0.868621 -0.088319
v -0.220060 -0.668168 -0.104687
v 0.144986 -0.637489 -0.121792
v -0.151848 -0.503726 -0.109525
v -0.158506 -0.310230 -0.103113
v 0.152159 0.687272 -0.116446
v 0.140824 0.754627 -0.118616
v -0.140691 0.857457 -0.061071
v -0.196507 -0.803077 -0.108001
v 0.152897 -0.755994 -0.109726
v -0.151638 -0.653265 -0.110353
v 0.151024 -0.521726 -0.109801
v 0.163783 -0.110158 -0.097071
v -0.150454 0.441228 -0.115527
v -0.154186 0.667350 -0.115390
v -0.149304 0.737289 -0.113624
v -0.151607 -0.782545 -0.110883
v 0.151555 -0.653670 -0.109950
v -0.159931 -0.135691 -0.102467
v -0.172207 -0.095539 -0.089267
v -0.159962 0.006233 -0.102204
v -0.177581 0.107539 -0.081666
v 0.168803 0.385865 -0.091399
v 0.155096 0.711735 -0.107353
v 0.143137 0.832506 -0.108806
v -0.230194 -0.749678 -0.067751
v -0.224427 -0.548404 -0.089693
v -0.157325 -0.417385 -0.103700
v 0.158537 -0.398703 -0.103073
v -0.226537 -0.330031 -0.079599
v -0.159368 0.533639 -0.103315
v 0.167582 0.521005 -0.092073
v -0.162706 0.629748 -0.097344
v -0.163108 0.691164 -0.097921
v -0.153676 0.834404 -0.098167
v 0.172064 -0.789173 -0.100945
v 0.161051 -0.707336 -0.103010
v -0.161138 -0.655935 -0.102261
v 0.160714 -0.645680 -0.102512
v -0.161176 -0.593042 -0.102597
v -0.225219 -0.444867 -0.087792
v 0.230204 -0.526782 -0.064269
v 0.226262 -0.264453 -0.078118
v 0.160080 -0.315833 -0.102026
v -0.160470 -0.232241 -0.102155
v 0.160234 -0.212311 -0.102574
v 0.164603 -0.172695 -0.095977
v 0.176505 0.175298 -0.081994
v -0.178109 0.208919 -0.080331
v -0.224602 0.501075 -0.092156
v -0.235324 0.643303 -0.093898
v -0.221779 0.669864 -0.088343
v -0.170841 -0.785569 -0.100442
v 0.223984 -0.777480 -0.088984
v -0.161421 -0.746868 -0.100824
v 0.161408 -0.534904 -0.103250
v -0.160767 -0.470822 -0.103824
v -0.229374 -0.163679 -0.065819
v -0.168433 0.386354 -0.092023
v 0.226781 0.663889 -0.071162
v -0.171961 0.763333 -0.080431
v 0.169617 0.773798 -0.082256
v 0.171220 0.830357 -0.075449
v -0.159045 0.828303 -0.091874
v -0.175011 0.857656 -0.091134
v -0.213296 0.868893 -0.073300
v 0.187682 0.869573 -0.072163
v -0.167884 -0.760939 -0.088778
v 0.164139 -0.749425 -0.092110
v -0.163246 -0.714229 -0.091292
v 0.163877 -0.679641 -0.089601
v -0.163405 -0.582427 -0.091201
v 0.224015 -0.613069 -0.088331
v 0.162807 -0.558220 -0.093072
v 0.162750 -0.457070 -0.093965
v -0.165059 -0.493713 -0.092737
v -0.162374 -0.417049 -0.094723
v -0.160976 -0.316814 -0.096271
v 0.160998 -0.338667 -0.096109
v 0.160809 -0.243731 -0.096566
v -0.161957 -0.183852 -0.096380
v 0.167350 -0.216358 -0.094377
v 0.177894 -0.040598 -0.081385
v -0.227506 -0.038559 -0.074228
v -0.177318 0.284909 -0.081891
v -0.234775 0.433160 -0.044122
v 0.175567 0.677455 -0.083430
v -0.241107 0.647463 -0.084891
v -0.014252 0.835347 -0.018274
v -0.018283 0.857391 -0.008940
v 0.172703 -0.763936 -0.084573
v -0.168985 -0.727743 -0.086151
v -0.163830 -0.679407 -0.090037
v 0.227275 -0.100827 -0.073090
v 0.227036 0.058487 -0.074881
v -0.232106 0.120813 -0.054616
v -0.175284 0.496121 -0.085714
v 0.233020 0.472533 -0.051990
v 0.178036 0.455862 -0.081939
v 0.234867 0.567225 -0.064849
v 0.227606 0.672518 -0.073004
v 0.174804 0.708119 -0.082439
v 0.052878 0.835245 -0.037778
v 0.133552 0.836203 -0.044552
v 0.232545 -0.730887 -0.054724
v 0.172506 -0.472392 -0.089686
v 0.229588 -0.416594 -0.064530
v -0.177334 -0.376021 -0.086744
v -0.171172 -0.267322 -0.092024
v 0.171844 -0.362146 -0.091653
v -0.178326 -0.224084 -0.084168
v 0.177363 -0.115868 -0.083977
v 0.177764 0.011097 -0.080885
v 0.177331 0.115780 -0.081894
v -0.235622 0.281180 -0.035880
v 0.177022 0.291373 -0.082405
v -0.167822 0.580598 -0.092380
v -0.228126 0.594342 -0.083831
v 0.177349 0.575430 -0.082585
v -0.176050 0.688148 -0.083075
v 0.250134 0.687073 -0.055368
v 0.230672 0.789903 -0.044146
v 0.165718 0.835202 -0.060527
v 0.067708 0.857581 -0.043789
v 0.181565 0.859044 -0.076670
v -0.191034 0.868892 -0.064183
v -0.174856 -0.749043 -0.066802
v 0.172128 -0.742457 -0.078345
v -0.173522 -0.681004 -0.080325
v -0.175598 -0.661173 -0.083830
v -0.176269 -0.621216 -0.084124
v 0.174176 -0.659055 -0.082462
v 0.177470 -0.599559 -0.085322
v -0.179422 -0.588696 -0.083362
v -0.175368 -0.547523 -0.087576
v 0.179032 -0.537693 -0.083831
v -0.173450 -0.446106 -0.089357
v 0.178746 -0.462116 -0.081411
v 0.182219 -0.409385 -0.077321
v -0.179016 -0.433691 -0.082200
v 0.181462 -0.278536 -0.078272
v 0.178909 -0.211137 -0.082531
v -0.178882 -0.057423 -0.080582
v -0.178466 0.056926 -0.079765
v -0.177424 0.345660 -0.081855
v 0.177196 0.375286 -0.082782
v -0.177987 0.446530 -0.082574
v -0.178116 0.540976 -0.084089
v -0.177901 0.593856 -0.082242
v -0.235659 0.776624 -0.034036
v -0.169098 0.833476 -0.079166
v -0.179193 -0.525916 -0.080711
v -0.182728 -0.305742 -0.077177
v 0.181638 -0.332146 -0.077622
v 0.235247 0.357486 -0.036473
v -0.231631 0.537238 -0.073118
v -0.237387 0.588433 -0.070055
v 0.180359 -0.738396 -0.059494
v -0.236538 -0.702175 -0.033331
v -0.173939 -0.593030 -0.072548
v 0.173501 -0.659464 -0.071482
v 0.173801 -0.592415 -0.073299
v -0.175135 -0.449771 -0.068940
v -0.180259 -0.428411 -0.075974
v 0.175152 -0.461704 -0.070206
v -0.181576 -0.374678 -0.075579
v -0.181032 -0.261388 -0.075743
v 0.179564 -0.244764 -0.073092
v -0.180458 -0.176396 -0.074869
v 0.179713 -0.150987 -0.073338
v 0.182770 0.188362 -0.021284
v 0.179595 0.292369 -0.051881
v -0.244580 0.617974 -0.055705
v -0.183616 0.655241 -0.063712
v 0.183750 0.656205 -0.062490
v 0.245993 0.643906 -0.063460
v 0.183387 0.707323 -0.061416
v 0.176651 0.778488 -0.057863
v -0.172121 0.833949 -0.060562
v -0.184765 0.857772 -0.068719
v 0.175179 -0.357908 -0.069147
v -0.175637 -0.375361 -0.069998
v 0.236804 -0.315487 -0.023556
v -0.176382 -0.274579 -0.067777
v 0.176003 -0.294045 -0.066617
v -0.177943 -0.084901 -0.064733
v 0.236148 0.084569 -0.027370
v -0.182608 0.443881 -0.029871
v -0.180883 0.531335 -0.041349
v -0.248952 0.652631 -0.044097
v -0.233016 0.676597 -0.053066
v -0.254040 0.692076 -0.036487
v -0.175222 -0.676745 -0.063503
v 0.176870 -0.216398 -0.067109
v 0.177000 -0.141161 -0.065799
v -0.179132 -0.245579 -0.047529
v 0.177409 0.005850 -0.063909
v -0.178463 0.076117 -0.062812
v 0.235187 0.240726 -0.033977
v 0.183899 0.599258 -0.028432
v 0.235631 0.660388 -0.039486
v -0.182586 0.726983 -0.056604
v 0.141481 0.857309 -0.017487
v 0.200785 0.869447 -0.006897
v -0.182398 -0.521244 -0.037798
v -0.238245 0.052744 -0.016085
v -0.182435 0.348667 -0.027953
v -0.233170 0.664068 -0.046409
v -0.114883 0.835024 -0.002600
v -0.077679 0.857322 -0.004806
v 0.181421 -0.204087 -0.032103
v 0.236720 -0.179521 -0.021926
v 0.181284 0.022124 -0.035535
v -0.184460 0.197527 -0.013147
v 0.180814 0.472472 -0.038415
v 0.239954 0.564905 -0.031580
v -0.178045 0.782574 -0.040358
v 0.223674 0.868818 -0.006165
v 0.200568 -0.705286 -0.034665
v -0.195133 -0.703966 -0.036840
v 0.180629 -0.559158 -0.043752
v -0.237864 -0.379959 -0.016399
v 0.235346 -0.414113 -0.033372
v 0.186249 -0.367200 -0.010919
v -0.237385 -0.045413 -0.019378
v 0.182579 0.628270 -0.030201
v 0.179875 0.788263 -0.025137
v 0.190940 0.858333 -0.035166
v 0.239823 -0.620405 -0.014967
v -0.183122 -0.399553 -0.031279
v -0.237537 -0.250948 -0.018278
v -0.238366 0.538101 -0.029946
v -0.189185 0.857905 -0.041422
v 0.183569 -0.663295 -0.031829
v -0.184107 -0.663595 -0.032055
v -0.235184 -0.558790 -0.041679
v 0.183131 0.367172 -0.024476
v -0.182641 0.664562 -0.037968
v 0.180260 0.717521 -0.032336
v 0.178194 0.833849 -0.030849
v -0.182475 -0.100049 -0.030423
v 0.185650 0.489926 -0.022904
v 0.239976 0.671572 -0.007089
v -0.221734 0.869408 -0.014352
v 0.182534 -0.124394 -0.025748
v -0.184511 0.283726 -0.008443
v -0.179946 0.828771 -0.026919
v -0.175680 0.834824 -0.006347
v 0.237152 -0.528669 -0.016081
v 0.185880 -0.505864 -0.007873
v -0.187248 -0.401465 -0.007847
v 0.187134 -0.244982 -0.007360
v 0.253706 0.644530 -0.001433
v -0.236109 0.667308 -0.019494
v -0.045027 0.835270 0.014119
v 0.198273 -0.686272 -0.020115
v -0.239943 -0.635734 -0.012725
v -0.238033 -0.479540 -0.002169
v -0.238714 0.188636 0.006544
v -0.226940 0.830710 -0.015934
v -0.000247 0.858527 -0.011814
v 0.017674 0.857960 0.011341
v -0.199474 -0.681725 -0.016504
v 0.236985 -0.432285 0.008071
v -0.187423 0.614952 -0.019207
v -0.254919 0.653185 0.001372
v -0.181496 0.781171 -0.007327
v -0.198576 0.867548 -0.020061
v 0.185379 -0.634076 0.024759
v -0.240562 -0.579160 0.012564
v 0.184938 -0.562622 0.012407
v 0.186088 0.113571 0.006151
v 0.184216 0.273978 -0.010826
v -0.185183 0.359024 -0.004731
v 0.237974 0.451074 0.016038
v -0.186724 0.680877 -0.015757
v 0.124731 0.835139 -0.015332
v 0.077173 0.857494 0.057695
v -0.185849 -0.556274 -0.006291
v 0.238102 0.182603 0.016380
v -0.238656 0.478349 0.004814
v -0.188675 0.516761 -0.004895
v 0.192628 0.624299 -0.011702
v 0.188895 0.734561 -0.008159
v 0.242531 0.744379 0.004901
v -0.021808 0.834373 0.002783
v -0.189530 0.857480 0.013362
v 0.233309 -0.662779 -0.003712
v -0.187823 -0.281979 -0.007298
v -0.187938 -0.155238 -0.005613
v 0.187157 -0.104925 -0.000467
v -0.187009 -0.005231 0.003474
v 0.185562 0.428925 -0.009502
v -0.185930 0.438976 -0.006252
v 0.239777 0.525062 0.014045
v 0.189262 0.526481 0.001582
v 0.244963 0.661291 0.003976
v -0.238374 0.681922 0.011567
v -0.007086 0.888545 -0.020209
v 0.003073 0.905952 -0.002296
v -0.009605 0.903438 0.000774
v -0.004791 0.925632 -0.019384
v -0.017498 0.929540 -0.010955
v -0.016129 0.949970 -0.024827
v -0.006608 0.954460 -0.003472
v 0.236147 -0.149499 0.020833
v 0.186614 -0.026400 0.003440
v -0.186476 0.106251 0.009499
v -0.238559 0.315395 0.017230
v 0.183854 0.342370 -0.004642
v 0.189332 0.570342 0.007198
v 0.194312 0.674469 -0.008871
v -0.238091 0.671102 0.019377
v 0.251100 0.681241 0.008348
v -0.255297 0.698840 0.003407
v 0.179848 0.795200 0.008906
v 0.014577 0.833788 -0.001882
v -0.004445 0.819095 -0.000557
v -0.185163 -0.633166 0.020803
v -0.190504 0.598596 -0.003265
v -0.195017 0.631619 -0.010382
v 0.231074 0.799704 0.019563
v -0.191840 0.858204 0.034782
v 0.005345 0.863803 -0.000076
v 0.191679 0.857582 0.034731
v -0.009720 0.876897 -0.005784
v -0.197476 0.869661 0.032617
v 0.235725 -0.023823 0.025287
v 0.184006 0.234682 0.021285
v 0.184346 0.435064 -0.000345
v 0.193665 0.614923 0.007750
v -0.194972 0.704580 0.003885
v -0.189629 0.741662 0.001641
v 0.187796 0.754832 0.007797
v 0.179512 0.832478 0.007871
v -0.022279 0.857668 0.007091
v -0.005985 0.924756 0.001113
v 0.182453 -0.448031 0.026730
v 0.182896 -0.281074 0.021888
v 0.234560 -0.310310 0.038358
v -0.180500 -0.186059 0.036841
v -0.235295 -0.243066 0.033133
v -0.247914 0.619096 0.018176
v -0.189059 0.524334 0.006903
v 0.247009 0.614920 0.019305
v 0.193921 0.699837 0.008245
v -0.244143 0.729829 0.044485
v -0.178031 0.829455 0.040876
v 0.236747 -0.617485 0.027388
v 0.177051 -0.203746 0.049547
v 0.237935 0.343625 0.020929
v 0.003097 0.878175 0.009433
v 0.011291 0.911511 0.009756
v -0.235373 -0.619400 0.025666
v 0.182529 -0.612736 0.037144
v 0.235783 -0.520029 0.039716
v 0.185969 0.400147 0.007659
v -0.187270 0.427767 0.011654
v 0.187806 0.470704 0.008763
v -0.192505 0.594311 0.009868
v -0.180495 0.787136 0.014323
v -0.220442 0.868944 0.031634
v 0.001283 0.857683 0.022729
v -0.233355 -0.418207 0.049328
v -0.177543 -0.093257 0.048622
v 0.180175 -0.012756 0.035588
v 0.184302 0.548311 0.025012
v -0.185473 0.665823 0.021722
v 0.185101 0.673450 0.020985
v 0.239153 0.657335 0.013575
v -0.182385 0.727334 0.020955
v 0.004469 0.834013 0.018422
v 0.170435 0.834156 0.045712
v 0.000989 0.907479 0.018192
v 0.007093 0.930780 0.022318
v -0.182300 -0.380467 0.030253
v -0.180095 -0.256084 0.037650
v -0.235162 0.049791 0.034139
v -0.183145 0.242732 0.030612
v 0.183025 0.355388 0.029889
v -0.182918 0.331567 0.027345
v 0.182070 0.447537 0.035823
v -0.185643 0.560975 0.022788
v 0.237358 0.666818 0.016979
v 0.182778 0.738779 0.029387
v 0.021941 0.835437 0.049247
v -0.187984 -0.617781 0.041119
v 0.203235 -0.609513 0.033156
v -0.183118 -0.529636 0.029086
v -0.235087 0.219606 0.039834
v -0.183695 0.456054 0.030489
v -0.234148 0.475713 0.045330
v 0.232435 0.677678 0.058812
v -0.243694 0.702436 0.043522
v -0.175885 0.787886 0.054147
v 0.004875 0.899696 0.033745
v -0.203925 -0.608100 0.034103
v 0.177319 0.828209 0.040763
v 0.180120 0.857449 0.075305
v -0.179253 0.019530 0.050879
v -0.231468 0.683854 0.040691
v -0.180855 0.762474 0.034539
v 0.081991 0.835104 0.098839
v -0.027316 0.857504 0.087659
v 0.176693 -0.555205 0.067321
v 0.179682 0.137118 0.045097
v 0.182790 0.502499 0.041330
v -0.185284 0.599984 0.039211
v 0.249896 0.649709 0.042123
v 0.240124 0.585827 0.048398
v -0.250387 0.661526 0.060310
v -0.243314 0.700076 0.059504
v 0.183215 0.674313 0.040175
v 0.248082 0.690302 0.063493
v -0.183080 0.705539 0.039212
v 0.176590 0.791583 0.042306
v -0.182339 -0.592691 0.043853
v -0.175458 -0.399286 0.069517
v 0.227814 -0.443987 0.076487
v 0.233115 0.165551 0.044889
v -0.180391 0.292129 0.051923
v -0.183593 0.431859 0.038796
v -0.185250 0.527308 0.038740
v 0.184885 0.585840 0.039535
v 0.241109 0.725053 0.066861
v -0.171053 0.834005 0.057358
v 0.174694 -0.436367 0.072779
v 0.174209 -0.319825 0.073453
v 0.228100 -0.194033 0.068930
v 0.174876 -0.114378 0.066727
v -0.227969 -0.115109 0.072007
v 0.180392 0.243857 0.050148
v 0.230153 0.496428 0.065546
v -0.181839 0.572692 0.048968
v -0.219075 0.830213 0.069418
v -0.026803 0.835276 0.103577
v 0.212657 0.868344 0.079264
v -0.232086 -0.559239 0.064636
v 0.230392 -0.551297 0.070209
v -0.178949 -0.572140 0.056407
v -0.180999 0.148190 0.050740
v -0.180891 0.238235 0.050502
v 0.232015 0.319070 0.052885
v -0.180532 0.369105 0.051722
v -0.181390 0.435598 0.047971
v 0.181519 0.629040 0.060189
v -0.208828 0.869065 0.087882
v 0.177774 0.014290 0.060049
v 0.178776 0.023964 0.051138
v 0.228286 -0.005764 0.068212
v 0.180055 0.361177 0.052101
v -0.242696 0.602295 0.052557
v -0.183006 0.641946 0.059387
v -0.184970 0.689281 0.058550
v 0.149129 0.835147 0.096978
v 0.219227 0.801682 0.082791
v -0.175742 -0.203523 0.079650
v -0.175619 -0.005954 0.082580
v 0.180731 0.136719 0.051670
v 0.179856 0.468945 0.056584
v -0.228735 0.686467 0.064876
v -0.228595 0.732961 0.077222
v 0.181329 0.734545 0.058857
v -0.085839 0.835698 0.078205
v 0.186929 0.869732 0.074346
v -0.175616 -0.450440 0.071370
v 0.173524 -0.402215 0.084648
v 0.174996 -0.152237 0.085007
v -0.225273 0.053735 0.084508
v -0.220791 0.146142 0.100178
v 0.178140 0.235633 0.057185
v 0.222107 0.160903 0.094593
v 0.169430 0.833516 0.071037
v -0.174582 0.530030 0.087951
v 0.228884 0.667924 0.072670
v 0.171963 0.761889 0.081264
v -0.183990 0.859179 0.069149
v -0.175973 -0.542397 0.075618
v -0.174143 -0.326757 0.075617
v -0.174817 -0.280141 0.082797
v 0.218509 -0.363152 0.106556
v -0.173390 -0.266583 0.089589
v 0.172239 0.068201 0.091183
v 0.176492 0.170623 0.076121
v -0.177176 0.163049 0.075858
v 0.177192 0.297857 0.075120
v -0.177529 0.303753 0.076560
v -0.221430 0.307173 0.098275
v 0.176262 0.403622 0.084317
v -0.175304 0.435867 0.087763
v 0.173549 0.572604 0.087991
v -0.224510 0.500666 0.092641
v -0.175345 0.732339 0.083508
v -0.225675 0.761244 0.094434
v -0.166998 0.832606 0.081148
v -0.180296 0.869272 0.091761
v -0.221921 0.211369 0.096395
v 0.227209 0.600112 0.107547
v -0.173775 0.694225 0.089260
v -0.172222 0.857061 0.090194
v 0.218596 -0.496026 0.107379
v 0.173739 -0.302352 0.087260
v 0.172949 -0.222348 0.088452
v 0.174800 -0.067955 0.086863
v -0.175521 0.077384 0.080159
v 0.174865 0.458631 0.086055
v 0.174286 0.686690 0.086595
v -0.219013 -0.295845 0.105535
v -0.175920 -0.099193 0.083803
v 0.173080 -0.002856 0.089680
v 0.222235 0.385228 0.094200
v -0.176595 0.628842 0.088073
v -0.219090 0.686110 0.097016
v -0.171136 0.790434 0.077801
v -0.160138 -0.495025 0.106968
v 0.217255 -0.118576 0.108874
v 0.219420 0.307400 0.104884
v 0.172621 0.299155 0.089197
v -0.172565 0.207394 0.090523
v 0.149678 0.825840 0.102603
v 0.172400 0.857878 0.094626
v -0.216385 -0.489446 0.111665
v -0.173282 -0.410401 0.085896
v -0.174545 -0.330785 0.086727
v -0.169748 -0.068561 0.096990
v 0.172119 0.044411 0.092651
v 0.171949 0.160433 0.090470
v -0.172503 0.301053 0.090632
v -0.219562 0.416356 0.105427
v 0.232732 0.656742 0.112372
v -0.234050 0.668178 0.113515
v 0.219630 0.678846 0.094539
v -0.149774 0.857548 0.124726
v 0.161937 -0.504119 0.101503
v 0.162337 -0.414144 0.104038
v -0.218111 -0.428479 0.108951
v -0.172699 -0.179287 0.089662
v 0.163683 -0.112854 0.101579
v -0.170485 -0.004204 0.093448
v -0.217603 -0.116461 0.107640
v -0.172223 0.057911 0.091931
v -0.171946 0.101232 0.091670
v -0.146345 0.783505 0.110605
v -0.204389 0.853583 0.102277
v 0.217104 -0.239332 0.107903
v -0.163785 -0.227652 0.103170
v -0.163982 -0.089362 0.102254
v 0.220007 0.516190 0.105039
v -0.223749 0.567769 0.106077
v 0.212241 0.673237 0.115928
v 0.233206 0.698294 0.112697
v -0.234421 0.712034 0.102959
v -0.213456 0.748702 0.093836
v -0.146001 0.739868 0.122542
v 0.209346 0.817681 0.101850
v 0.125164 0.857981 0.148935
v 0.166819 0.869807 0.110726
v 0.196421 0.868812 0.111160
v -0.164200 -0.368157 0.100473
v 0.162887 -0.263787 0.104169
v -0.164190 -0.173061 0.102483
v 0.161708 -0.193208 0.103376
v 0.160364 -0.061543 0.104507
v 0.144177 0.199577 0.121906
v 0.148579 0.363805 0.117876
v -0.157099 0.604182 0.108762
v -0.153921 0.564209 0.112342
v 0.150345 0.617475 0.119861
v 0.155055 0.857931 0.118074
v -0.159692 -0.427078 0.107038
v 0.162175 -0.312770 0.106027
v -0.163254 -0.279991 0.105333
v -0.161577 -0.022129 0.101953
v 0.145748 0.020171 0.120263
v 0.214900 0.003630 0.110934
v 0.213065 0.149015 0.114088
v -0.140826 0.148308 0.126392
v -0.137448 0.025893 0.130275
v 0.126570 0.119056 0.141115
v -0.214434 0.360262 0.112469
v -0.147904 0.324671 0.118789
v -0.149292 0.491213 0.118008
v -0.153014 0.701530 0.113503
v 0.145346 0.729022 0.126002
v -0.160961 -0.377139 0.107890
v 0.160529 -0.227062 0.105778
v -0.215645 0.237219 0.110773
v 0.208922 0.688519 0.121301
v -0.218647 0.742493 0.111313
v -0.200748 0.760907 0.136149
v -0.131855 0.834942 0.114922
v -0.144810 -0.462853 0.120677
v 0.152845 -0.265721 0.111884
v 0.151287 -0.401290 0.113945
v -0.154805 -0.256767 0.110222
v 0.145954 0.473221 0.121034
v -0.204526 0.700175 0.122302
v 0.151774 0.645205 0.122571
v 0.137808 0.758074 0.129075
v 0.211327 0.759133 0.120587
v 0.130013 0.834017 0.122300
v 0.142598 -0.467489 0.125282
v -0.150144 -0.367200 0.114753
v -0.139771 -0.218995 0.127542
v -0.213667 0.037146 0.113581
v 0.144320 0.295649 0.122386
v 0.213706 0.378988 0.112875
v -0.201282 0.504939 0.133272
v -0.149036 0.630867 0.124723
v -0.193519 0.690374 0.135102
v 0.036848 0.834823 0.178361
v -0.045585 0.857421 0.151951
v 0.122573 -0.336060 0.146011
v 0.126108 -0.139118 0.141434
v -0.208117 0.142719 0.120682
v -0.137250 0.577664 0.137147
v -0.135225 0.827970 0.118496
v -0.122275 -0.325642 0.146597
v -0.179862 -0.226639 0.157771
v -0.126530 -0.087206 0.140995
v -0.184599 -0.090958 0.151470
v 0.133090 0.321211 0.134260
v 0.190447 0.467226 0.144122
v 0.193967 0.544280 0.145055
v -0.200207 0.719065 0.153089
v -0.138811 0.869501 0.142370
v 0.196916 -0.450383 0.137648
v -0.170402 -0.007648 0.167905
v -0.172144 0.411192 0.165540
v 0.128314 0.432585 0.139733
v -0.193244 0.586558 0.152216
v 0.136665 0.638157 0.138553
v -0.152646 0.675020 0.125047
v 0.183136 0.686857 0.151406
v 0.133593 0.730352 0.135956
v -0.129182 0.766026 0.130368
v 0.121756 0.787559 0.133272
v -0.125171 0.831717 0.126410
v 0.129506 0.869582 0.151795
v -0.134731 -0.445653 0.140841
v -0.189145 -0.436925 0.146994
v -0.119989 -0.422838 0.149243
v 0.115899 -0.423536 0.153842
v 0.180465 -0.420696 0.157179
v 0.179658 -0.240597 0.157197
v -0.186191 -0.318647 0.150196
v -0.112860 0.230152 0.153183
v 0.134570 0.561987 0.137083
v 0.136972 0.682817 0.139721
v 0.194884 0.708712 0.163360
v -0.168960 0.801529 0.159295
v -0.110017 0.827988 0.144181
v -0.103163 0.835015 0.142016
v 0.120596 0.834377 0.134262
v -0.167635 0.869399 0.147417
v 0.108054 -0.228773 0.157930
v 0.180701 -0.093384 0.155397
v 0.183788 0.022742 0.151933
v 0.175209 0.364544 0.161531
v -0.131093 0.476041 0.138756
v -0.131893 0.533314 0.138200
v 0.183766 0.609618 0.168116
v -0.136190 0.703152 0.137703
v -0.137445 0.642576 0.139158
v 0.124135 0.741325 0.133260
v -0.129562 0.721640 0.135759
v -0.122171 0.762561 0.131969
v -0.115159 0.772415 0.143203
v 0.164168 0.792769 0.166545
v 0.154633 0.869468 0.159107
v -0.126445 0.343612 0.140893
v 0.186355 0.167845 0.148171
v -0.179124 0.268947 0.157965
v 0.124994 0.564640 0.139433
v 0.126015 0.640680 0.137961
v -0.208398 0.675314 0.151357
v -0.121706 0.700980 0.141274
v 0.124051 0.692444 0.137601
v -0.069484 0.834040 0.170868
v -0.104509 -0.185484 0.160994
v 0.104708 0.197603 0.161821
v -0.122579 0.482054 0.142894
v 0.116050 0.413026 0.148495
v 0.118758 0.475193 0.146213
v -0.125497 0.591452 0.139044
v -0.126258 0.643276 0.138334
v 0.116721 0.734119 0.149654
v 0.174329 0.756808 0.169430
v -0.104608 0.831975 0.147812
v 0.088246 0.833160 0.161180
v 0.098086 0.857536 0.166201
v 0.104500 -0.012547 0.161716
v -0.165809 0.082744 0.172299
v -0.104661 0.107374 0.161839
v 0.115972 0.301361 0.148891
v -0.112887 0.348302 0.153238
v 0.088676 0.503424 0.179130
v -0.108090 0.466098 0.159539
v -0.112640 0.592988 0.156539
v 0.185885 0.670306 0.176486
v -0.084130 0.781797 0.172817
v -0.170250 0.169319 0.168239
v 0.120178 0.671704 0.153347
v 0.113090 0.635760 0.158522
v -0.120283 0.698665 0.151687
v 0.108614 -0.388517 0.154793
v -0.107254 -0.313499 0.157824
v -0.105549 -0.389683 0.161306
v 0.110189 -0.321614 0.154799
v 0.083678 -0.187622 0.181108
v -0.085144 0.067970 0.180487
v 0.083839 0.173978 0.181656
v 0.101697 0.289872 0.165599
v 0.103226 0.415380 0.164224
v 0.106800 0.592498 0.162193
v -0.117625 0.652137 0.157564
v -0.150342 0.710171 0.180110
v -0.107888 0.711869 0.161427
v -0.030048 0.834191 0.179754
v -0.102396 0.859020 0.167102
v 0.119299 0.861455 0.156480
v -0.102479 -0.403277 0.170282
v 0.102421 -0.402621 0.169524
v 0.151458 -0.320289 0.185428
v -0.083172 -0.271015 0.181517
v -0.082356 -0.121027 0.183025
v -0.087149 0.630844 0.184471
v 0.085639 0.728736 0.181518
v 0.082879 0.790481 0.172028
v -0.081157 0.831987 0.168928
v 0.069356 0.833229 0.172989
v -0.086751 0.869335 0.183489
v 0.103318 -0.400568 0.162506
v 0.104726 -0.372034 0.161997
v 0.088460 -0.332266 0.172256
v 0.162725 0.087319 0.174701
v -0.093660 0.234598 0.172870
v -0.158832 0.479906 0.178885
v -0.161296 -0.392523 0.177299
v -0.073734 -0.378192 0.173921
v 0.069620 -0.372140 0.175677
v -0.089350 -0.309839 0.172965
v 0.083310 0.071138 0.181885
v -0.084576 0.164995 0.181503
v -0.086786 0.569287 0.181432
v 0.096389 0.669330 0.182056
v 0.067471 0.858564 0.188087
v 0.084594 -0.278608 0.180738
v 0.084321 -0.116947 0.181136
v 0.083915 -0.018914 0.181143
v -0.082092 -0.031932 0.182859
v 0.159776 0.209803 0.176644
v 0.084332 0.339178 0.181999
v -0.084905 0.377929 0.181859
v 0.162692 0.511452 0.176238
v -0.150785 0.698645 0.180945
v -0.149766 0.730714 0.201343
v 0.084562 0.866678 0.184016
v -0.143817 -0.296398 0.191671
v -0.081575 -0.189432 0.183435
v 0.164026 -0.032598 0.172429
v 0.084291 0.251046 0.181255
v -0.095699 0.668257 0.182951
v 0.084881 0.635128 0.185847
v 0.158712 0.673042 0.202770
v -0.159816 0.685133 0.200687
v 0.072917 0.750724 0.178628
v 0.151771 -0.382242 0.184645
v 0.064386 -0.371911 0.191438
v -0.137562 -0.149250 0.195949
v -0.141832 0.263957 0.192715
v -0.085293 0.311201 0.182298
v -0.086089 0.485385 0.181694
v 0.084880 0.553503 0.181879
v -0.165742 0.672593 0.196749
v 0.142828 0.690505 0.190894
v -0.086132 0.711609 0.182830
v 0.149717 0.705846 0.186699
v -0.034859 0.785948 0.180755
v -0.054411 0.718654 0.191463
v 0.024083 0.789543 0.180803
v -0.068622 0.858668 0.187517
v -0.066766 -0.371365 0.192528
v 0.066981 -0.366925 0.185478
v -0.074926 -0.330775 0.185225
v 0.075758 -0.308560 0.185056
v 0.133724 -0.196759 0.198763
v 0.140080 0.338353 0.193842
v 0.086853 0.441481 0.181643
v 0.134736 0.467541 0.198556
v 0.075042 0.477779 0.184112
v -0.082690 0.676821 0.186961
v -0.074562 0.716292 0.181882
v 0.045081 0.657963 0.184647
v 0.061477 0.752231 0.184719
v -0.115434 0.869047 0.192381
v 0.101069 0.868786 0.203973
v -0.065668 -0.366278 0.184958
v 0.025476 -0.361242 0.187558
v 0.006176 -0.265413 0.188679
v 0.044725 -0.236891 0.186152
v -0.058042 -0.224135 0.185553
v 0.070977 -0.194910 0.184616
v 0.054336 -0.125932 0.184984
v -0.049809 -0.123204 0.186061
v 0.074650 -0.086820 0.184381
v -0.062108 -0.030112 0.185232
v 0.000998 -0.104818 0.189205
v 0.060379 0.018719 0.184691
v 0.071784 0.007251 0.185398
v -0.067290 0.071437 0.187741
v -0.052590 0.109820 0.185152
v -0.000568 0.036938 0.189765
v 0.030529 0.118127 0.187121
v 0.064082 0.101105 0.188021
v -0.062736 0.154574 0.188833
v 0.045560 0.222341 0.185801
v 0.028852 0.184565 0.187161
v -0.038917 0.234261 0.185932
v -0.019174 0.152015 0.189709
v -0.065756 0.274283 0.187700
v 0.064945 0.202765 0.188312
v 0.037404 0.341661 0.185198
v 0.064011 0.371100 0.187688
v -0.036329 0.345635 0.185627
v -0.014535 0.301700 0.191514
v -0.057471 0.389732 0.188090
v 0.035513 0.462355 0.184565
v -0.059562 0.486569 0.188969
v -0.041345 0.570365 0.184943
v -0.034376 0.458376 0.185776
v -0.019380 0.539694 0.190976
v 0.032849 0.569208 0.184714
v 0.052600 0.481560 0.188273
v -0.056424 0.566864 0.192182
v 0.061425 0.610462 0.191681
v -0.077282 0.618073 0.185093
v -0.142641 0.543646 0.196349
v -0.153122 0.606201 0.195839
v -0.042672 0.676364 0.184247
v -0.022633 0.714190 0.186055
v -0.080507 0.640311 0.186927
v 0.023803 0.693602 0.185144
v 0.082184 0.677309 0.187301
v 0.140526 0.721013 0.210703
v 0.061594 0.706088 0.189375
v -0.014631 0.732676 0.191332
v -0.006154 0.858157 0.196435
v 0.106043 -0.350777 0.206058
v -0.018464 -0.361229 0.196127
v 0.137935 -0.060157 0.195153
v -0.132588 0.140068 0.199271
v 0.009118 0.202887 0.191526
v 0.018038 0.352960 0.191342
v -0.016467 0.464688 0.192235
v 0.016598 0.495896 0.192456
v -0.053262 0.593087 0.193179
v -0.015170 0.623739 0.193972
v 0.014392 0.618818 0.193444
v -0.055482 0.691059 0.194940
v 0.110019 0.698324 0.211277
v 0.015058 0.706807 0.194756
v 0.105934 0.798041 0.209662
v 0.132138 0.101121 0.199374
v -0.131556 0.452528 0.200229
v 0.141748 0.557371 0.197696
v -0.096685 0.723028 0.221953
v -0.097824 0.801959 0.215339
v -0.039080 0.869393 0.198247
v 0.034909 0.869540 0.200375
v -0.088244 0.869195 0.208748
v 0.026454 0.869213 0.223355
v 0.013253 -0.349110 0.208382
v -0.112565 -0.338959 0.214432
v 0.111722 -0.341626 0.214034
v -0.111719 0.002870 0.214288
v 0.104137 0.255976 0.218959
v -0.100028 -0.347561 0.206677
v -0.039562 -0.340398 0.213858
v -0.078565 -0.322988 0.225072
v 0.096028 -0.124311 0.223168
v 0.102775 0.711787 0.215695
v -0.098292 0.736111 0.233748
v -0.034347 0.869187 0.221340
v 0.041458 -0.337916 0.215147
v 0.105404 -0.296991 0.218520
v -0.095204 -0.076287 0.223770
v 0.097417 0.047608 0.222459
v 0.101913 0.337727 0.219597
v -0.011002 -0.334287 0.215871
v 0.094924 -0.345968 0.206939
v 0.093804 0.119773 0.224021
v -0.097331 0.242786 0.222646
v -0.101867 0.405767 0.220393
v -0.099858 0.532461 0.223262
v -0.096245 0.604170 0.233433
v -0.093070 0.707215 0.216413
v 0.088376 0.819277 0.214959
v 0.028890 -0.300390 0.224249
v 0.091486 -0.293154 0.217703
v -0.101521 -0.242570 0.220541
v -0.095814 0.134514 0.223470
v 0.097352 0.466205 0.222784
v 0.102315 0.580847 0.226415
v -0.097711 0.655017 0.242409
v 0.100542 0.732344 0.235370
v -0.021448 -0.304648 0.223460
v 0.012718 -0.306545 0.227986
v 0.068611 -0.309698 0.230577
v -0.091241 -0.287558 0.218508
v -0.089679 -0.166815 0.225479
v 0.115833 0.679684 0.233857
v -0.094580 0.689350 0.239530
v 0.086050 0.704105 0.224004
v 0.051218 0.800871 0.227377
v -0.060056 -0.307589 0.230043
v -0.013981 -0.292126 0.229852
v -0.001323 -0.303792 0.222061
v -0.084108 -0.261358 0.225376
v 0.090286 -0.223515 0.223741
v -0.084037 0.438703 0.225204
v -0.082254 0.711213 0.222229
v 0.080535 0.716885 0.225215
v -0.043771 -0.290627 0.222985
v 0.045483 -0.271198 0.225468
v -0.033125 -0.287506 0.229081
v -0.011855 -0.251468 0.231970
v 0.010827 -0.250773 0.231759
v 0.023676 -0.239381 0.231910
v -0.082931 0.011634 0.226925
v 0.041839 -0.064687 0.234133
v -0.038409 0.210657 0.235316
v 0.042726 0.194689 0.234381
v 0.049043 0.315826 0.233552
v -0.065049 0.359728 0.230466
v 0.072446 0.413191 0.228396
v -0.083246 0.513335 0.228342
v 0.074914 0.571438 0.233372
v -0.014685 0.796675 0.233661
v 0.056980 -0.220448 0.231701
v -0.034814 -0.224149 0.234864
v -0.055754 -0.230748 0.231300
v -0.036069 -0.062018 0.234761
v 0.020769 -0.008109 0.236381
v -0.024663 0.093063 0.237080
v -0.019143 0.302700 0.238329
v -0.011786 0.448231 0.239765
v 0.054740 0.489744 0.232974
v -0.064988 0.686694 0.250409
v -0.018679 0.713332 0.235243
v -0.011122 0.730085 0.238752
v -0.021260 -0.220428 0.232086
v -0.003368 -0.192104 0.232758
v 0.013676 -0.203957 0.235246
v 0.023634 -0.166599 0.233163
v -0.030147 -0.131954 0.234171
v -0.015158 -0.126085 0.235531
v -0.003269 -0.077597 0.234934
v 0.015313 -0.118613 0.235056
v -0.017452 0.007383 0.236470
v 0.004657 0.366015 0.239259
v -0.038171 0.540567 0.238828
v 0.024324 0.549360 0.241843
v -0.064879 0.583062 0.237385
v 0.083782 0.686897 0.246028
v -0.055150 0.740847 0.244544
v 0.011716 0.123456 0.237839
v 0.007026 0.254081 0.238846
v 0.043233 0.640689 0.250215
v -0.075521 0.619057 0.236904
v 0.080419 0.649129 0.242231
v 0.004590 0.691909 0.258654
v 0.024281 0.714391 0.233525
v 0.025395 0.743701 0.250318
v -0.031120 0.659654 0.255859
vn -0.1270 -0.2295 -0.9650
vn 0.0450 0.1855 -0.9816
vn 0.0934 -0.2712 -0.9580
vn 0.1724 -0.0871 -0.9812
vn -0.0096 -0.1004 -0.9949
vn -0.0342 0.2471 -0.9684
vn 0.1475 0.2079 -0.9670
vn 0.2726 -0.1664 -0.9476
vn -0.3194 0.2889 -0.9025
vn -0.1040 -0.0043 -0.9946
vn 0.2981 0.1953 -0.9343
vn 0.4067 -0.2887 -0.8667
vn -0.1513 -0.0760 -0.9856
vn 0.4046 0.2555 -0.8781
vn 0.1378 -0.0621 -0.9885
vn -0.3890 -0.2724 -0.8800
vn -0.3905 0.2087 -0.8966
vn -0.1257 0.1676 -0.9778
vn -0.0565 -0.0353 -0.9978
vn 0.1916 -0.0267 -0.9811
vn -0.2535 0.0464 -0.9662
vn 0.1100 0.1760 -0.9782
vn -0.1667 -0.4060 -0.8986
vn -0.0378 0.0009 -0.9993
vn 0.0122 -0.7455 -0.6663
vn 0.1609 0.0006 -0.9870
vn 0.1344 0.0023 -0.9909
vn -0.0045 0.0061 -1.0000
vn -0.1448 0.0082 -0.9894
vn -0.0515 -0.0019 -0.9987
vn 0.1531 0.0033 -0.9882
vn -0.0830 -0.0010 -0.9965
vn 0.1095 0.0002 -0.9940
vn 0.1034 0.0079 -0.9946
vn -0.0828 0.0064 -0.9965
vn 0.1676 -0.0054 -0.9858
vn 0.0231 -0.0045 -0.9997
vn 0.1684 0.0031 -0.9857
vn 0.0422 -0.0031 -0.9991
vn -0.1189 -0.0009 -0.9929
vn -0.1407 0.0003 -0.9901
vn -0.0063 -0.0003 -1.0000
vn 0.1618 -0.0200 -0.9866
vn -0.1594 -0.0008 -0.9872
vn -0.0061 -0.0015 -1.0000
vn 0.1503 -0.0014 -0.9886
vn -0.1591 -0.0024 -0.9873
vn 0.0978 -0.0094 -0.9952
vn 0.1650 -0.0054 -0.9863
vn -0.1843 -0.0223 -0.9826
vn -0.4163 -0.0986 -0.9039
vn 0.3816 -0.1899 -0.9046
vn 0.2968 0.1206 -0.9473
vn 0.2500 -0.5816 -0.7741
vn 0.2868 -0.5322 -0.7966
vn 0.1322 -0.9887 0.0702
vn -0.1244 -0.9863 0.1088
vn -0.3995 -0.0045 -0.9167
vn -0.3510 -0.8676 -0.3523
vn -0.1568 -0.0152 -0.9875
vn -0.2025 -0.0103 -0.9792
vn -0.1884 0.0038 -0.9821
vn 0.2993 0.0050 -0.9541
vn -0.2643 -0.0007 -0.9644
vn -0.2206 -0.0005 -0.9754
vn 0.3788 -0.0029 -0.9255
vn -0.3889 -0.0003 -0.9213
vn 0.4209 0.1915 -0.8866
vn -0.4433 -0.8473 -0.2926
vn 0.4011 0.0018 -0.9160
vn -0.2725 0.0072 -0.9621
vn 0.2912 0.0050 -0.9566
vn 0.3841 -0.0190 -0.9231
vn -0.2696 -0.0045 -0.9630
vn 0.4001 -0.0011 -0.9165
vn -0.4069 0.0013 -0.9135
vn -0.3995 -0.0035 -0.9167
vn -0.4338 -0.0426 -0.9000
vn 0.4728 -0.1228 -0.8726
vn -0.5792 0.2073 -0.7884
vn 0.1839 -0.3172 -0.9303
vn 0.6143 0.1932 -0.7651
vn 0.0611 0.7204 -0.6908
vn 0.5616 -0.7839 -0.2647
vn 0.4276 -0.0097 -0.9039
vn -0.3889 0.0052 -0.9213
vn 0.3599 0.0077 -0.9329
vn -0.4355 -0.0039 -0.9002
vn 0.4074 -0.0007 -0.9133
vn -0.3879 0.0007 -0.9217
vn -0.4530 0.0058 -0.8915
vn -0.4350 0.0018 -0.9004
vn 0.3866 -0.0059 -0.9222
vn 0.4058 -0.0420 -0.9130
vn -0.6300 -0.2192 -0.7450
vn -0.0861 0.7189 -0.6897
vn -0.4451 -0.0014 -0.8955
vn 0.4727 0.0037 -0.8812
vn -0.4513 -0.0089 -0.8923
vn -0.4410 -0.0021 -0.8975
vn -0.4894 -0.0536 -0.8704
vn 0.4960 0.5046 -0.7067
vn -0.4308 0.1607 -0.8880
vn 0.5467 -0.0011 -0.8374
vn -0.6145 -0.0005 -0.7889
vn 0.6069 -0.0004 -0.7948
vn 0.5824 -0.0092 -0.8128
vn 0.6162 -0.0719 -0.7843
vn 0.4714 -0.4326 -0.7686
vn 0.5932 -0.3388 -0.7303
vn 0.3966 0.1658 -0.9029
vn -0.7484 -0.3356 -0.5721
vn 0.6882 -0.0046 -0.7255
vn 0.5886 0.0012 -0.8084
vn -0.5940 0.0015 -0.8045
vn -0.6044 0.0001 -0.7967
vn -0.6253 -0.0001 -0.7804
vn 0.6127 -0.0013 -0.7903
vn -0.6272 -0.0047 -0.7788
vn -0.7089 -0.1004 -0.6982
vn 0.6840 -0.1197 -0.7196
vn -0.6372 0.1707 -0.7515
vn -0.3075 0.7061 -0.6378
vn 0.3043 0.6903 -0.6565
vn -0.0187 0.9005 0.4345
vn 0.0535 -0.5409 0.8394
vn -0.0144 -0.3721 0.9281
vn -0.6029 0.0029 -0.7978
vn 0.6095 -0.0003 -0.7928
vn -0.6158 -0.0004 -0.7879
vn 0.6644 -0.0350 -0.7466
vn -0.6717 -0.0394 -0.7398
vn 0.5801 0.3290 -0.7452
vn 0.6718 -0.7405 0.0161
vn -0.6824 -0.0015 -0.7309
vn 0.6260 0.0018 -0.7798
vn 0.5987 -0.0008 -0.8010
vn 0.6088 0.0002 -0.7933
vn -0.6360 0.0037 -0.7717
vn -0.5919 -0.0357 -0.8052
vn 0.5861 0.3707 -0.7204
vn -0.1611 0.8909 0.4247
vn -0.5056 -0.7963 0.3321
vn -0.6076 0.0006 -0.7942
vn 0.6769 -0.0054 -0.7361
vn 0.1989 0.8683 0.4545
vn 0.0501 -0.3691 0.9280
vn -0.0318 -0.3463 0.9376
vn 0.7289 -0.6846 -0.0097
vn -0.8020 -0.2205 -0.5551
vn 0.7053 -0.0056 -0.7089
vn -0.6727 0.0025 -0.7399
vn 0.6028 -0.4689 -0.6455
vn -0.7540 0.0051 -0.6568
vn -0.7061 -0.0045 -0.7081
vn -0.6945 -0.0015 -0.7195
vn 0.6934 0.0035 -0.7206
vn 0.7279 0.0035 -0.6856
vn -0.7349 -0.0010 -0.6782
vn 0.7246 0.0001 -0.6891
vn -0.7204 0.2080 -0.6617
vn -0.7061 -0.1002 -0.7010
vn 0.4316 0.7508 -0.5001
vn -0.1277 0.8008 0.5852
vn 0.1026 0.7888 0.6061
vn 0.5197 -0.3893 0.7605
vn 0.6658 -0.0059 -0.7461
vn -0.7057 0.0002 -0.7086
vn 0.7145 -0.0003 -0.6996
vn -0.7020 0.0026 -0.7121
vn 0.6726 0.3683 -0.6418
vn -0.4595 0.7341 -0.4999
vn -0.0805 -0.4813 0.8729
vn 0.1463 -0.0059 0.9892
vn -0.0192 -0.0047 0.9998
vn -0.1079 -0.0035 0.9942
vn -0.0082 -0.0023 1.0000
vn 0.6830 0.0107 -0.7303
vn -0.6620 0.0113 -0.7494
vn 0.7316 0.0015 -0.6817
vn -0.7256 0.0029 -0.6881
vn 0.0037 0.0090 1.0000
vn 0.0596 0.0039 0.9982
vn 0.2371 0.0043 0.9715
vn -0.1418 -0.0088 0.9899
vn -0.2595 0.0034 0.9657
vn 0.2350 0.0132 0.9719
vn -0.0060 0.0190 0.9998
vn 0.3303 0.0019 0.9439
vn 0.4894 -0.0251 0.8717
vn -0.3168 -0.0195 0.9483
vn -0.7658 -0.2812 -0.5784
vn 0.3064 -0.0664 0.9496
vn -0.2043 -0.0465 0.9778
vn 0.1879 0.7892 0.5847
vn -0.1627 -0.1000 0.9816
vn 0.2779 -0.0308 0.9601
vn 0.1920 -0.0427 0.9805
vn -0.0985 -0.0013 0.9951
vn 0.2829 -0.1032 0.9536
vn 0.8658 -0.0175 0.5001
vn 0.7806 -0.0017 -0.6250
vn 0.1067 -0.0076 0.9943
vn 0.0068 -0.0047 1.0000
vn -0.1045 -0.0064 0.9945
vn 0.1038 -0.0037 0.9946
vn -0.1052 -0.0053 0.9944
vn 0.0063 -0.0015 1.0000
vn 0.1894 -0.0123 0.9818
vn 0.0105 -0.0012 0.9999
vn 0.1169 0.0006 0.9931
vn -0.1132 -0.0002 0.9936
vn 0.0085 0.0006 1.0000
vn -0.1203 0.0014 0.9927
vn 0.0015 0.0004 1.0000
vn 0.4275 -0.0042 0.9040
vn -0.1136 -0.0009 0.9935
vn 0.0086 0.0026 1.0000
vn 0.1288 0.0002 0.9917
vn -0.1326 0.0034 0.9912
vn 0.1450 0.0013 0.9894
vn 0.2180 0.0002 0.9760
vn -0.2408 -0.0100 0.9705
vn 0.1746 -0.0030 0.9846
vn -0.1026 0.0081 0.9947
vn -0.1266 -0.0120 0.9919
vn 0.1109 -0.0064 0.9938
vn 0.0772 0.0166 0.9969
vn 0.0246 0.0055 0.9997
vn -0.0043 -0.0423 0.9991
vn 0.6925 0.4471 -0.5661
vn 0.0107 0.0086 0.9999
vn -0.0843 -0.0358 0.9958
vn 0.7216 0.2031 -0.6619
vn 0.7064 -0.3235 -0.6295
vn 0.1064 -0.0788 0.9912
vn -0.0384 -0.0949 0.9947
vn -0.3458 0.7701 0.5360
vn -0.3529 0.8232 0.4447
vn -0.4337 -0.3939 0.8104
vn -0.0169 -0.0361 0.9992
vn -0.4558 -0.0699 0.8874
vn 0.0649 -0.0666 0.9957
vn 0.6626 -0.0304 0.7483
vn -0.0972 -0.0010 0.9953
vn -0.4663 -0.0068 0.8846
vn -0.4925 -0.0147 0.8702
vn 0.1185 -0.0095 0.9929
vn -0.4613 -0.0051 0.8872
vn 0.1072 -0.0065 0.9942
vn 0.3282 0.0018 0.9446
vn 0.3893 0.0039 0.9211
vn -0.4283 -0.0063 0.9036
vn -0.1135 -0.0011 0.9935
vn -0.4314 0.0002 0.9022
vn 0.1567 0.0008 0.9876
vn -0.2416 -0.0105 0.9703
vn 0.2377 -0.0023 0.9713
vn -0.6906 -0.0030 -0.7233
vn 0.2813 -0.0105 0.9596
vn -0.7523 0.0006 -0.6588
vn -0.1273 -0.0085 0.9918
vn 0.3847 -0.0031 0.9230
vn 0.0824 -0.0035 0.9966
vn 0.1123 0.0013 0.9937
vn -0.7469 -0.0133 -0.6648
vn -0.0002 0.0088 1.0000
vn -0.4755 0.0003 0.8797
vn 0.2185 0.0046 0.9758
vn 0.7522 -0.0957 -0.6520
vn -0.4599 0.0038 0.8880
vn 0.3197 -0.0227 0.9472
vn -0.2559 -0.0516 0.9653
vn -0.7375 0.1885 -0.6486
vn -0.1318 -0.0686 0.9889
vn 0.2097 -0.0493 0.9765
vn -0.0924 -0.0602 0.9939
vn -0.0576 -0.7041 0.7077
vn 0.0666 -0.6829 0.7274
vn 0.0023 1.0000 0.0046
vn 0.3355 0.7945 0.5063
vn 0.2991 0.8991 0.3196
vn -0.7510 -0.6330 0.1879
vn 0.7366 -0.6549 0.1689
vn 0.3550 0.0067 0.9348
vn 0.3868 -0.0507 0.9208
vn -0.7284 -0.0088 0.6851
vn 0.8009 -0.0011 0.5988
vn 0.3666 -0.0036 0.9304
vn -0.7335 0.0027 0.6797
vn -0.6968 -0.0018 -0.7173
vn -0.6514 -0.0049 -0.7587
vn 0.6938 0.0026 0.7202
vn 0.2299 0.0021 0.9732
vn -0.4346 -0.0014 0.9006
vn 0.6992 0.0040 -0.7149
vn 0.7204 0.0086 0.6935
vn -0.7586 0.0036 -0.6516
vn 0.7430 0.0075 -0.6693
vn -0.4262 -0.0003 0.9046
vn 0.4713 -0.0040 0.8820
vn 0.6359 -0.0072 0.7717
vn 0.1989 -0.0003 0.9800
vn -0.4415 0.0146 0.8971
vn 0.6563 -0.0485 0.7530
vn -0.2197 -0.0025 0.9756
vn 0.2230 0.0009 0.9748
vn 0.5832 -0.0105 0.8123
vn -0.5934 0.0039 0.8049
vn -0.2783 -0.0124 0.9604
vn -0.5632 0.0045 0.8263
vn 0.6148 0.0118 0.7886
vn 0.5807 0.0019 0.8141
vn -0.3969 -0.0002 0.9178
vn -0.4447 -0.0096 0.8956
vn -0.3352 -0.0009 0.9421
vn 0.4559 0.0173 0.8899
vn 0.4326 -0.0069 0.9016
vn -0.5162 -0.0038 0.8564
vn 0.4313 -0.0053 0.9022
vn -0.4866 -0.0017 0.8736
vn 0.4023 0.0064 0.9155
vn 0.4438 -0.0054 0.8961
vn -0.4674 -0.0241 0.8837
vn 0.4820 -0.0105 0.8761
vn -0.4596 -0.0592 0.8861
vn -0.5382 -0.0303 0.8423
vn 0.4006 -0.0541 0.9147
vn -0.4366 -0.0427 0.8986
vn 0.3378 -0.0085 0.9412
vn 0.4548 -0.0494 0.8892
vn -0.1406 -0.7228 0.6766
vn 0.0964 -0.7076 0.7000
vn 0.7488 0.1677 -0.6412
vn -0.0084 0.9999 0.0059
vn -0.7579 -0.0417 0.6511
vn 0.8043 -0.0180 0.5939
vn 0.6748 -0.0336 -0.7372
vn 0.8048 0.0035 0.5935
vn 0.6716 -0.0047 -0.7409
vn -0.7113 -0.0071 0.7029
vn 0.8219 0.0101 0.5695
vn -0.6993 -0.0039 0.7148
vn 0.6874 0.0034 -0.7262
vn 0.8622 0.0004 0.5066
vn 0.6415 -0.0345 0.7663
vn -0.6955 0.0039 0.7185
vn 0.7538 -0.0388 0.6560
vn -0.6013 0.0087 0.7990
vn -0.3882 -0.0016 0.9216
vn -0.7301 -0.0015 0.6834
vn 0.6207 -0.0050 0.7840
vn 0.5008 -0.0013 0.8655
vn -0.5022 -0.0014 0.8647
vn 0.4939 -0.0032 0.8695
vn 0.5182 -0.0405 0.8543
vn -0.6198 -0.0569 0.7827
vn -0.4131 -0.4705 0.7797
vn 0.3065 -0.6396 0.7050
vn -0.0065 -1.0000 0.0065
vn 0.8175 0.0047 0.5760
vn 0.8393 0.0032 0.5436
vn 0.8436 0.0066 0.5370
vn 0.7166 -0.0249 -0.6971
vn 0.7437 0.0028 -0.6685
vn 0.8393 -0.0009 0.5437
vn -0.7448 0.0048 0.6673
vn 0.7648 0.0056 -0.6442
vn -0.7633 0.0029 -0.6460
vn 0.8542 -0.0015 0.5200
vn -0.6959 0.0005 0.7182
vn -0.7553 -0.0004 -0.6553
vn 0.7225 -0.0017 0.6913
vn 0.7549 -0.0062 -0.6558
vn -0.7366 -0.0024 -0.6764
vn 0.7770 0.0035 0.6295
vn -0.7435 0.0046 0.6687
vn 0.7456 0.0038 0.6664
vn -0.7144 0.0028 0.6997
vn -0.7130 0.0008 0.7012
vn 0.7484 -0.0006 0.6632
vn -0.7299 0.0051 0.6835
vn 0.7494 -0.0019 0.6621
vn 0.7797 -0.0186 -0.6259
vn 0.7139 0.0061 0.7002
vn -0.5409 -0.0208 0.8408
vn 0.3879 -0.0064 0.9217
vn 0.6924 -0.0025 0.7215
vn 0.4464 -0.0366 0.8941
vn -0.6200 -0.0217 0.7843
vn -0.4543 0.0158 0.8907
vn 0.4959 -0.0427 0.8673
vn 0.6653 -0.0559 0.7445
vn -0.0037 -0.9999 0.0164
vn -0.4743 -0.6980 0.5365
vn 0.5382 0.7151 -0.4461
vn 0.4087 -0.3601 0.8386
vn 0.7572 -0.6531 0.0070
vn -0.6920 -0.0038 -0.7219
vn -0.6752 -0.0066 -0.7376
vn -0.6841 0.0026 -0.7294
vn 0.8308 0.0006 0.5566
vn 0.7152 0.0067 -0.6989
vn -0.7063 0.0164 -0.7077
vn 0.8498 0.0003 0.5270
vn 0.8941 -0.0014 -0.4479
vn -0.7221 0.0032 0.6918
vn -0.6467 -0.0032 0.7627
vn 0.6867 -0.0044 0.7269
vn -0.6606 -0.0009 0.7507
vn -0.4410 -0.1428 0.8861
vn -0.6035 -0.1224 0.7879
vn -0.5480 0.7312 -0.4063
vn 0.6251 -0.0854 -0.7759
vn -0.7511 -0.6565 0.0706
vn -0.6943 -0.0012 0.7196
vn 0.7086 -0.0013 0.7056
vn 0.8718 0.0015 -0.4898
vn 0.7099 -0.0015 0.7043
vn 0.6927 0.0006 0.7212
vn -0.6019 -0.0075 0.7985
vn -0.5903 -0.0066 0.8072
vn -0.6483 0.0806 0.7571
vn -0.4198 -0.2124 0.8824
vn -0.5139 0.6867 0.5141
vn 0.6493 -0.0025 0.7605
vn -0.7922 -0.0015 -0.6103
vn -0.7794 0.0114 -0.6265
vn -0.6995 -0.0004 0.7146
vn 0.6949 0.0029 0.7191
vn 0.8830 -0.0001 -0.4694
vn 0.8915 -0.0073 -0.4530
vn 0.7109 0.0043 0.7033
vn -0.7196 0.0081 0.6943
vn -0.8175 -0.0562 -0.5731
vn 0.7773 0.3440 -0.5267
vn 0.4195 -0.0644 0.9055
vn -0.8563 -0.1782 -0.4848
vn 0.8880 0.1998 -0.4141
vn -0.4031 -0.3526 0.8445
vn 0.9127 -0.3933 -0.1107
vn -0.8154 -0.0035 -0.5789
vn -0.7422 -0.0124 0.6700
vn -0.8695 0.0052 -0.4939
vn 0.7956 0.0092 -0.6058
vn 0.7132 0.0031 0.7009
vn 0.7854 -0.0005 0.6189
vn -0.8346 0.0318 0.5500
vn 0.8426 0.0409 0.5370
vn -0.8285 0.2250 -0.5127
vn 0.7788 -0.0612 0.6243
vn -0.7942 -0.0607 0.6046
vn 0.7158 -0.5793 -0.3899
vn -0.7680 -0.1328 0.6265
vn 0.6578 -0.0939 0.7473
vn 0.8722 0.1785 -0.4555
vn 0.4883 -0.6948 0.5281
vn -0.4373 0.8474 0.3011
vn 0.7707 -0.0069 0.6372
vn 0.7313 0.0029 0.6820
vn -0.8914 -0.0022 -0.4533
vn -0.7263 0.0051 0.6874
vn 0.8272 -0.0259 0.5614
vn 0.8131 -0.0894 0.5753
vn 0.8470 -0.3389 -0.4097
vn -0.7049 -0.0752 0.7053
vn 0.7920 -0.0015 -0.6105
vn 0.7619 -0.0036 0.6477
vn -0.8669 0.0065 -0.4985
vn 0.7116 -0.0026 0.7025
vn 0.7061 0.0026 0.7081
vn -0.8930 0.0033 -0.4499
vn 0.7045 0.0056 0.7097
vn -0.7182 0.0057 0.6958
vn 0.9045 -0.0445 -0.4242
vn 0.8716 0.2153 -0.4404
vn -0.7825 -0.0488 0.6207
vn -0.6523 -0.1307 0.7466
vn 0.6724 -0.0620 0.7376
vn 0.0027 -0.9999 0.0167
vn 0.3952 0.8502 0.3479
vn 0.3954 0.8631 0.3142
vn -0.8500 -0.5133 0.1187
vn -0.6511 -0.0037 0.7590
vn -0.7165 0.0010 0.6976
vn -0.8911 -0.0008 -0.4538
vn 0.7237 -0.0005 0.6901
vn 0.7342 0.0003 0.6789
vn 0.7623 -0.0068 0.6471
vn -0.7179 -0.0040 0.6962
vn -0.9591 -0.0728 -0.2735
vn 0.8031 -0.0044 0.5958
vn -0.8945 0.1622 -0.4167
vn 0.3425 -0.3633 0.8664
vn -0.7486 -0.0126 0.6629
vn 0.8937 0.0051 -0.4487
vn -0.8861 0.0030 -0.4635
vn -0.7154 -0.0025 0.6987
vn -0.7326 0.0006 0.6807
vn -0.8992 0.0003 -0.4375
vn -0.9096 -0.0019 -0.4154
vn 0.8731 0.2874 -0.3938
vn 0.7306 -0.0319 0.6821
vn -0.8941 -0.2686 -0.3584
vn 0.0086 -0.9999 0.0053
vn 0.2784 -0.6583 0.6994
vn -0.8164 0.0005 -0.5774
vn 0.8860 0.0009 -0.4636
vn 0.8956 -0.0052 -0.4448
vn -0.7339 0.0017 0.6792
vn 0.7372 0.0004 0.6757
vn -0.4988 0.8024 0.3276
vn -0.3791 -0.3375 0.8616
vn 0.7639 -0.0242 0.6449
vn 0.7484 -0.0161 0.6630
vn 0.8953 -0.0045 -0.4453
vn 0.7214 -0.0013 0.6926
vn -0.7313 0.0037 0.6821
vn 0.9115 -0.0011 -0.4114
vn -0.9028 -0.0192 -0.4295
vn 0.7548 -0.0033 0.6560
vn -0.7422 0.0009 0.6701
vn -0.7227 -0.0032 0.6911
vn -0.8320 0.4286 -0.3523
vn -0.4972 -0.7107 0.4977
vn 0.6600 0.6999 -0.2730
vn -0.9155 0.0006 -0.4023
vn -0.7530 -0.0082 0.6580
vn 0.6986 -0.0021 0.7155
vn 0.8555 0.0067 0.5177
vn -0.6931 -0.0456 0.7194
vn -0.7212 -0.0813 0.6879
vn 0.0040 1.0000 0.0028
vn -0.0626 -0.6173 0.7842
vn -0.7917 -0.0660 0.6074
vn 0.7677 -0.0087 0.6407
vn -0.7011 -0.0066 0.7130
vn -0.7307 -0.0020 0.6827
vn 0.7436 0.0017 0.6686
vn 0.7390 -0.0215 0.6734
vn 0.7056 -0.0376 0.7076
vn 0.7748 -0.1665 0.6099
vn -0.7631 -0.0037 0.6463
vn 0.7659 0.0189 0.6427
vn 0.7828 0.0080 0.6223
vn 0.7516 -0.0065 0.6595
vn 0.9278 0.0020 0.3731
vn -0.7369 0.0029 0.6760
vn -0.7991 -0.0917 0.5942
vn -0.7286 -0.4106 0.5482
vn -0.7712 -0.4634 0.4365
vn -0.9544 0.0029 -0.2984
vn 0.8166 -0.0108 0.5771
vn -0.8453 -0.0037 0.5342
vn -0.9692 -0.0003 -0.2461
vn 0.7996 -0.0024 0.6005
vn -0.7568 0.0024 0.6537
vn 0.8098 0.0053 0.5867
vn 0.8095 -0.0395 0.5857
vn 0.5441 -0.6882 0.4798
vn -0.2873 -0.3910 0.8744
vn -0.8412 -0.0032 0.5407
vn 0.8587 0.0001 0.5125
vn -0.8457 -0.0038 0.5336
vn 0.8530 0.0019 0.5220
vn -0.9622 0.0014 -0.2722
vn 0.9764 0.0069 -0.2160
vn 0.9682 0.0044 -0.2500
vn -0.9013 0.0014 0.4332
vn 0.8910 0.0042 0.4539
vn -0.7451 0.0024 0.6669
vn -0.7206 -0.0040 0.6934
vn -0.9214 -0.0036 0.3886
vn 0.9249 0.0012 0.3802
vn -0.9483 -0.0250 -0.3164
vn -0.8554 0.1439 -0.4975
vn -0.9076 -0.3436 -0.2414
vn 0.3874 -0.3976 0.8318
vn 0.7821 -0.5077 0.3614
vn 0.8119 -0.0418 0.5823
vn -0.8373 0.0025 0.5467
vn 0.7580 -0.0272 0.6517
vn -0.9755 -0.0007 -0.2201
vn 0.7596 0.0057 0.6504
vn 0.9250 0.2899 -0.2454
vn 0.8778 -0.0508 0.4763
vn -0.8652 -0.0723 0.4963
vn -0.7709 -0.5188 0.3694
vn 0.7611 -0.0331 0.6478
vn 0.5774 0.7501 0.3224
vn -0.6533 0.7298 -0.2015
vn -0.4782 0.8639 0.1581
vn 0.9127 -0.1930 0.3603
vn -0.8436 -0.1112 0.5253
vn 0.8760 -0.0219 0.4818
vn -0.8527 0.0223 0.5220
vn 0.7925 0.0285 0.6092
vn 0.9665 0.0035 -0.2565
vn -0.8204 0.0045 0.5717
vn -0.7343 -0.0033 0.6788
vn 0.7263 0.0038 0.6874
vn 0.6990 -0.0145 0.7150
vn 0.7534 0.0077 0.6575
vn -0.7643 0.0102 0.6448
vn -0.7879 0.0129 0.6156
vn 0.8179 -0.0003 0.5754
vn -0.7160 0.0275 0.6975
vn -0.9429 0.0011 0.3330
vn -0.9736 0.0006 -0.2281
vn 0.9209 -0.0015 0.3897
vn -0.9874 -0.0052 -0.1582
vn -0.8822 -0.0275 0.4700
vn -0.8709 0.3137 -0.3783
vn -0.0657 -0.9858 -0.1543
vn -0.3537 0.8964 -0.2670
vn -0.6118 -0.4443 0.6544
vn 0.8840 -0.0223 0.4670
vn 0.8550 0.0358 0.5175
vn 0.9724 -0.0200 -0.2326
vn 0.9713 0.0003 -0.2379
vn -0.9811 0.0040 -0.1934
vn 0.6912 0.0083 0.7226
vn 0.9856 -0.0242 -0.1675
vn -0.9281 0.0030 0.3723
vn 0.9756 -0.0944 -0.1982
vn 0.8315 -0.5010 -0.2401
vn -0.8671 -0.0496 0.4957
vn 0.0033 -1.0000 -0.0010
vn -0.0134 -0.9998 -0.0133
vn 0.7752 -0.4546 0.4387
vn -0.6061 -0.0020 0.7954
vn 0.9749 -0.0001 -0.2225
vn 0.7540 0.0084 0.6568
vn 0.6029 0.0047 0.7978
vn -0.6135 0.0042 0.7897
vn 0.8421 -0.0182 0.5390
vn -0.8715 -0.0042 0.4904
vn -0.9454 -0.0050 0.3259
vn -0.9210 -0.0034 0.3896
vn -0.9899 -0.0027 -0.1419
vn -0.9230 0.0012 0.3847
vn 0.7264 -0.0159 0.6871
vn -0.9510 -0.1416 -0.2749
vn -0.9178 0.0128 0.3969
vn 0.8675 -0.0340 0.4963
vn 0.9339 -0.3197 -0.1602
vn 0.9738 0.1726 -0.1478
vn -0.2229 -0.9717 0.0788
vn -0.0013 1.0000 -0.0013
vn -0.5758 0.7824 0.2371
vn 0.4956 0.8584 0.1326
vn 0.6005 -0.3685 0.7097
vn -0.8794 -0.0821 0.4690
vn 0.9158 0.0451 0.3991
vn 0.9360 0.0561 0.3476
vn 0.9090 0.0230 0.4162
vn -0.9207 0.0596 0.3857
vn -0.9107 0.0212 0.4125
vn 0.9478 0.0538 0.3143
vn 0.6240 0.0020 0.7814
vn -0.9542 0.0172 0.2987
vn 0.6249 0.0086 0.7806
vn -0.9845 0.0271 0.1735
vn -0.9986 0.0108 -0.0509
vn 0.9490 0.0753 0.3063
vn -0.9916 0.0010 0.1294
vn -0.9087 -0.0019 0.4175
vn 0.9508 -0.0071 0.3098
vn 0.9449 0.0027 0.3274
vn 0.9171 0.0025 0.3986
vn -0.9097 0.0030 0.4153
vn 0.9106 0.0030 0.4133
vn 0.8817 0.0016 0.4717
vn 0.8936 0.0116 0.4487
vn -0.9746 0.1928 -0.1142
vn 0.7101 -0.6275 0.3193
vn 0.9991 0.0048 0.0420
vn 0.9999 -0.0084 0.0144
vn -0.9993 -0.0044 -0.0369
vn 0.9897 -0.0029 -0.1431
vn -0.9672 -0.0662 -0.2452
vn -0.9166 -0.1272 -0.3789
vn -0.5589 -0.3993 0.7268
vn -0.7572 -0.4572 0.4665
vn 0.9956 0.0298 -0.0888
vn -0.9954 0.0061 0.0961
vn -0.9986 0.0141 -0.0513
vn 0.9990 0.0111 -0.0427
vn 0.9737 0.0555 -0.2209
vn -0.9966 0.0254 -0.0785
vn 0.9734 0.0208 -0.2283
vn 0.9986 0.0323 -0.0414
vn -0.9981 -0.0057 -0.0605
vn 0.9898 -0.0216 0.1407
vn -0.9958 -0.0075 -0.0913
vn -0.9969 -0.0075 0.0789
vn -0.9950 0.0031 0.0995
vn -0.9817 -0.1114 -0.1543
vn 0.9886 -0.0045 0.1504
vn -0.9886 -0.0119 0.1498
vn 0.9427 0.2730 -0.1918
vn -0.9890 -0.0436 0.1416
vn -0.9831 -0.0510 0.1758
vn 0.6842 -0.7177 0.1295
vn 0.5607 0.8072 0.1845
vn -0.9712 -0.0020 -0.2381
vn 0.9519 0.0146 -0.3061
vn 0.9970 0.0040 -0.0768
vn 0.9797 0.0337 -0.1975
vn -0.9938 0.0174 -0.1100
vn 0.9998 -0.0061 0.0207
vn 0.9944 -0.0026 -0.1055
vn 0.9925 0.0086 0.1219
vn 0.9898 0.0093 0.1419
vn -0.8980 0.4030 -0.1764
vn -0.8634 -0.4815 -0.1510
vn -0.9350 -0.3431 -0.0893
vn 0.9644 -0.0533 0.2589
vn -0.9925 -0.0451 -0.1140
vn -0.9967 -0.0123 -0.0807
vn 0.9964 0.0126 0.0840
vn -0.9983 0.0030 0.0581
vn 0.9977 -0.0050 0.0681
vn 0.9906 0.0026 -0.1370
vn -0.9818 0.0436 0.1847
vn 0.8638 0.4724 -0.1750
vn 0.9939 -0.0527 0.0973
vn -0.0064 1.0000 0.0061
vn -0.4051 0.9142 0.0108
vn 0.9853 -0.0006 0.1711
vn -0.9984 -0.0066 -0.0559
vn 0.9945 0.0030 0.1044
vn -0.8847 0.4224 -0.1974
vn 0.0059 -1.0000 -0.0030
vn -0.0006 1.0000 -0.0008
vn -0.9856 -0.0085 0.1690
vn 0.9958 -0.0001 -0.0913
vn -0.9921 0.0026 0.1253
vn 0.9989 -0.0061 0.0475
vn -0.9841 0.0177 0.1765
vn 0.9910 -0.0909 -0.0982
vn 0.9929 -0.0557 0.1055
vn 0.6950 0.7190 -0.0102
vn -0.2705 -0.5095 0.8169
vn 0.4843 -0.4489 0.7510
vn -0.9874 0.0039 0.1583
vn -0.9985 -0.0000 -0.0542
vn 0.9931 -0.0035 -0.1170
vn -0.9991 0.0017 0.0427
vn -0.9977 -0.0007 -0.0679
vn -0.9778 -0.0295 0.2075
vn -0.9930 -0.0675 0.0966
vn -0.5689 0.8149 0.1108
vn 0.9984 -0.0349 -0.0442
vn 0.9832 0.0035 0.1826
vn -0.9980 -0.0018 -0.0639
vn -0.9902 -0.0664 -0.1229
vn 0.5102 0.8562 0.0814
vn -0.9467 -0.1722 0.2721
vn 0.9393 -0.1921 0.2842
vn -0.9873 0.0093 -0.1586
vn -0.9947 0.0076 0.1024
vn 0.9965 -0.0129 0.0828
vn -0.9888 -0.0380 0.1441
vn -0.7236 -0.6885 0.0498
vn 0.9876 -0.0041 0.1569
vn -0.9881 0.0369 0.1491
vn 0.9323 -0.2646 -0.2466
vn -0.6558 0.7538 -0.0421
vn -0.9867 -0.0018 0.1624
vn 0.9996 -0.0013 0.0270
vn 0.9315 -0.3533 0.0870
vn 0.4833 -0.8754 -0.0084
vn 0.9980 0.0153 -0.0618
vn -0.9991 0.0006 0.0415
vn 0.9997 0.0056 0.0227
vn -0.9998 -0.0063 0.0191
vn 0.9683 0.2047 0.1430
vn -0.8999 0.4219 -0.1103
vn -0.0114 -0.9999 0.0009
vn -0.4701 -0.5832 0.6624
vn -0.9991 -0.0424 0.0005
vn -0.9997 0.0113 -0.0198
vn -1.0000 -0.0041 0.0083
vn -0.9850 0.1650 -0.0511
vn 0.4941 -0.5460 -0.6765
vn 0.3626 0.9318 -0.0175
vn 0.4115 -0.5761 0.7063
vn 0.9990 0.0050 0.0439
vn 0.9423 0.0595 0.3293
vn -0.9482 0.2843 0.1418
vn 0.9949 -0.0802 0.0618
vn 0.4434 0.8960 0.0229
vn -0.5335 -0.5087 0.6757
vn -0.9982 -0.0075 0.0593
vn -0.9991 -0.0044 -0.0420
vn -0.9997 -0.0000 -0.0252
vn -0.9987 0.0018 0.0502
vn 0.9991 0.0191 0.0383
vn 0.9991 -0.0036 0.0429
vn 0.9357 -0.0625 0.3471
vn -0.0155 -0.9997 -0.0180
vn 0.0014 1.0000 -0.0015
vn 0.9998 -0.0059 0.0172
vn 0.9982 -0.0007 0.0593
vn -0.9994 -0.0301 0.0152
vn 0.9936 0.0231 0.1102
vn -0.9605 0.0437 0.2748
vn -0.9721 -0.0809 0.2202
vn 0.9840 0.1782 0.0088
vn -0.2341 -0.9717 0.0327
vn 0.3544 0.9349 0.0207
vn 0.6348 -0.4589 0.6217
vn 0.9997 -0.0001 0.0259
vn 0.9999 -0.0033 0.0161
vn -1.0000 0.0008 -0.0038
vn 0.9998 0.0041 -0.0216
vn -0.9995 0.0088 -0.0308
vn 0.9935 0.0184 0.1121
vn 0.9974 -0.0598 0.0414
vn -0.9997 0.0052 -0.0224
vn 0.9789 0.1101 0.1723
vn -0.9255 -0.3590 0.1205
vn -0.1298 0.1153 -0.9848
vn 0.8909 -0.3359 -0.3057
vn 0.8909 -0.3358 -0.3058
vn -0.7707 -0.4020 0.4944
vn 0.7592 -0.4924 -0.4256
vn 0.7592 -0.4924 -0.4257
vn 0.0893 0.9659 -0.2429
vn 0.2808 0.7234 0.6307
vn 0.9962 -0.0003 0.0865
vn -0.9992 -0.0047 -0.0398
vn 0.9998 0.0018 -0.0203
vn -0.9972 -0.0002 0.0751
vn -1.0000 0.0047 0.0062
vn -0.9983 0.0567 -0.0154
vn -0.9511 -0.0407 0.3062
vn -0.9583 0.2818 0.0478
vn 0.9690 -0.2410 0.0535
vn -0.9653 -0.2354 0.1133
vn -0.9960 -0.0745 -0.0499
vn 0.1876 -0.9807 -0.0556
vn -0.0178 -0.9990 -0.0399
vn 0.6969 -0.5091 0.5051
vn 0.9728 0.0928 0.2124
vn 0.9413 0.0187 0.3369
vn 0.9836 0.1651 0.0727
vn 0.5634 0.8204 -0.0975
vn 0.6901 0.4732 -0.5476
vn -0.6415 0.7602 -0.1028
vn -0.6471 0.5013 0.5744
vn 0.4954 0.8662 -0.0653
vn -0.7707 -0.4020 0.4943
vn -0.6818 -0.4352 0.5880
vn -0.6820 -0.4352 0.5878
vn 0.9957 -0.0006 0.0925
vn -0.9982 0.0049 -0.0599
vn -0.9961 0.0089 0.0873
vn -0.9767 0.0362 -0.2115
vn 0.9951 -0.0890 -0.0426
vn 0.9934 -0.1112 0.0290
vn -0.9806 -0.1512 -0.1249
vn -0.7391 -0.6735 -0.0136
vn -0.2421 0.9642 0.1082
vn -0.1940 0.8111 0.5518
vn -0.9913 -0.0002 -0.1317
vn -0.9883 -0.0029 -0.1524
vn 0.9913 0.0018 0.1318
vn 0.9894 -0.0044 -0.1450
vn -0.9919 -0.0027 0.1269
vn -0.9969 -0.0649 0.0438
vn 0.9945 0.0206 -0.1031
vn 0.9947 -0.0767 0.0684
vn -0.9761 -0.0361 -0.2144
vn -0.9659 0.0856 0.2444
vn 0.9059 -0.3955 -0.1517
vn 0.6889 -0.3953 0.6076
vn -0.9906 0.0046 -0.1369
vn 0.9977 -0.0017 0.0673
vn -0.5969 0.4769 -0.6452
vn 0.9263 0.0072 -0.3768
vn -0.6779 -0.3964 0.6191
vn -0.6768 -0.4577 0.5766
vn 0.9918 0.0136 0.1268
vn -0.9997 0.0061 0.0254
vn 0.9980 0.0141 -0.0621
vn -0.9995 0.0325 -0.0018
vn 0.9829 0.0386 -0.1798
vn 0.9949 -0.0674 -0.0751
vn -0.6752 0.7337 0.0765
vn -0.1232 0.9067 0.4034
vn -0.9865 0.0043 0.1635
vn 0.9925 0.0021 -0.1222
vn -0.9877 0.0063 -0.1562
vn -0.9909 0.0228 -0.1325
vn 0.9565 -0.0186 -0.2910
vn -0.9402 -0.0036 -0.3407
vn 0.9638 0.1733 0.2027
vn 0.9690 -0.0746 -0.2357
vn 0.0529 -0.9858 0.1595
vn -0.3611 -0.9319 -0.0330
vn -0.9908 -0.0083 0.1353
vn 0.1771 0.8705 0.4592
vn 0.9885 0.0015 -0.1515
vn 0.9895 -0.0000 -0.1447
vn -0.9917 -0.0031 0.1289
vn 0.9972 -0.0047 -0.0745
vn -0.9958 0.0088 -0.0909
vn 0.9975 0.0130 -0.0700
vn -0.9891 0.0162 -0.1463
vn 0.9824 0.0241 -0.1852
vn 0.9590 -0.1268 0.2535
vn -0.9585 -0.0745 -0.2751
vn 0.0152 -0.9998 0.0103
vn 0.3053 -0.4203 0.8545
vn 0.1536 -0.5604 0.8139
vn 0.9933 -0.0091 -0.1150
vn -0.9850 -0.0026 0.1728
vn 0.9969 0.0111 -0.0774
vn -0.9850 -0.0356 0.1690
vn 0.8407 -0.4968 0.2155
vn -0.9498 -0.2429 0.1974
vn 0.9831 -0.0713 -0.1688
vn -0.0837 0.1003 0.9914
vn -0.2078 -0.2012 0.9573
vn -0.9265 -0.3433 -0.1540
vn -0.5081 0.8417 -0.1827
vn 0.9901 0.0073 -0.1405
vn -0.9965 -0.0150 0.0822
vn 0.9947 -0.0717 -0.0734
vn -0.0067 -0.9999 -0.0105
vn -0.0012 1.0000 0.0007
vn -0.7575 -0.4048 0.5122
vn -1.0000 0.0065 -0.0058
vn -0.9866 0.0037 -0.1629
vn 0.9933 0.0173 -0.1144
vn 0.9626 0.2689 0.0325
vn 0.9774 -0.0995 0.1867
vn -0.9606 0.2615 0.0945
vn -0.9704 -0.2043 0.1287
vn -0.9955 -0.0161 -0.0933
vn 0.9163 -0.3432 0.2066
vn 0.9990 -0.0369 0.0231
vn -0.9885 -0.0507 -0.1427
vn 0.7513 -0.3328 0.5699
vn 0.9879 -0.0056 -0.1548
vn 0.9754 0.0048 0.2206
vn 0.9814 -0.0024 0.1920
vn 0.9934 -0.0004 -0.1150
vn 0.9935 0.0071 -0.1133
vn 0.9865 0.0115 -0.1631
vn -0.9958 0.0112 -0.0909
vn 0.9628 0.1962 0.1859
vn 0.6345 -0.7524 -0.1771
vn -0.9615 0.0256 -0.2736
vn -0.9947 0.0002 -0.1025
vn 0.9753 0.0020 0.2210
vn -0.9962 0.0012 -0.0867
vn -0.9729 -0.0011 0.2313
vn -0.9771 0.0027 -0.2129
vn 0.9765 -0.0280 0.2136
vn 0.9718 0.0193 -0.2349
vn -0.9529 0.1726 0.2493
vn -0.0013 -1.0000 -0.0053
vn 0.6826 0.7008 0.2075
vn -0.6708 -0.3429 0.6577
vn 0.6647 -0.3308 0.6699
vn 0.7605 -0.4188 0.4961
vn 0.9898 0.0037 -0.1423
vn 0.9908 -0.0042 -0.1356
vn 0.9784 -0.0028 0.2065
vn 0.9838 -0.0009 -0.1795
vn 0.9800 0.0048 -0.1988
vn -0.9802 -0.0026 -0.1979
vn -0.6483 0.7173 0.2554
vn -0.9912 -0.0045 -0.1320
vn -0.9933 -0.0014 -0.1160
vn 0.9722 0.0021 0.2343
vn -0.9921 0.0010 -0.1255
vn -0.9765 -0.1038 0.1890
vn 0.9765 0.0178 -0.2149
vn 0.9896 -0.0149 -0.1428
vn -0.4397 -0.8346 -0.3319
vn 0.9450 0.1639 0.2831
vn 0.9818 -0.0012 -0.1901
vn 0.9649 0.0036 -0.2625
vn -0.9999 0.0081 -0.0134
vn -0.9885 0.0037 -0.1510
vn -0.9734 -0.0607 0.2209
vn -0.9219 0.1317 0.3644
vn -0.9898 -0.0637 -0.1274
vn 0.0076 -1.0000 -0.0016
vn -0.4572 0.8744 -0.1623
vn 0.9699 0.0138 -0.2432
vn -0.9441 0.0311 -0.3282
vn -0.9488 -0.0009 -0.3159
vn -0.9615 0.0010 0.2748
vn -0.9244 0.0043 0.3814
vn -0.9812 -0.0009 -0.1929
vn 0.9477 -0.0102 0.3190
vn -0.7079 -0.6513 -0.2732
vn 0.9044 0.0050 -0.4268
vn 0.8824 0.4179 0.2164
vn -0.9064 -0.0978 -0.4110
vn 0.6856 0.6996 -0.2014
vn 0.7426 -0.4452 0.5003
vn 0.9946 0.0253 -0.1003
vn 0.9882 -0.0125 -0.1526
vn 0.9017 0.0091 0.4323
vn 0.9336 -0.0067 -0.3583
vn -0.8957 -0.0007 -0.4447
vn -0.9747 -0.0045 -0.2236
vn 0.9737 0.0027 -0.2278
vn -0.9798 0.0099 -0.1998
vn 0.9744 0.0039 -0.2250
vn -0.9455 0.0012 0.3256
vn -0.9190 -0.0001 -0.3943
vn 0.9083 -0.0005 -0.4184
vn -0.9038 0.0142 -0.4278
vn -0.9324 -0.0439 0.3588
vn 0.9048 -0.0881 -0.4166
vn -0.9174 -0.0510 0.3947
vn 0.6805 -0.6501 -0.3381
vn 0.4032 0.8890 -0.2170
vn -0.9426 -0.0095 0.3339
vn 0.9012 -0.1078 0.4199
vn 0.8682 -0.0147 -0.4961
vn 0.4276 0.8702 -0.2449
vn 0.6129 -0.3342 0.7160
vn -0.9539 0.0045 -0.3002
vn -0.9330 -0.0056 -0.3597
vn -0.9345 0.0055 -0.3558
vn 0.9761 0.0019 -0.2175
vn -0.9074 -0.0072 -0.4201
vn -0.9083 -0.0210 -0.4177
vn -0.9078 0.0049 0.4194
vn 0.9548 0.0075 -0.2973
vn -0.9024 -0.0049 -0.4309
vn 0.9464 -0.0038 0.3230
vn 0.8877 0.0009 -0.4604
vn -0.8882 0.1606 0.4304
vn 0.9141 -0.0818 -0.3972
vn 0.7776 -0.5371 0.3268
vn 0.8937 0.0015 0.4487
vn 0.9008 0.0010 0.4342
vn -0.8713 0.0067 -0.4907
vn 0.8683 0.0021 -0.4961
vn -0.7617 -0.2183 -0.6100
vn -0.5615 0.7612 -0.3244
vn -0.6033 -0.3281 0.7269
vn 0.9368 0.0124 -0.3497
vn 0.9585 0.0128 -0.2849
vn 0.7902 -0.0055 -0.6129
vn -0.8863 -0.0130 -0.4630
vn -0.8683 -0.0022 -0.4960
vn 0.8617 0.0031 -0.5073
vn -0.9012 -0.0061 0.4334
vn 0.8737 0.3180 0.3682
vn -0.8635 0.3282 0.3830
vn 0.8604 -0.3306 0.3879
vn 0.4733 0.7785 -0.4123
vn -0.7881 -0.4980 0.3617
vn -0.8068 0.0200 -0.5905
vn -0.9016 -0.0024 0.4326
vn 0.8972 0.0043 -0.4417
vn -0.7709 0.0016 -0.6370
vn 0.8095 -0.0014 -0.5872
vn -0.8936 -0.0004 0.4489
vn 0.8709 -0.0026 -0.4914
vn 0.8705 -0.0030 -0.4922
vn 0.7519 -0.0980 -0.6519
vn -0.8509 0.1843 0.4919
vn 0.8936 0.0020 0.4489
vn 0.7247 -0.0075 -0.6890
vn 0.7649 0.0115 -0.6441
vn 0.9033 -0.0476 0.4264
vn -0.8962 -0.0817 0.4362
vn 0.8163 0.4416 0.3724
vn 0.8256 -0.2934 0.4819
vn -0.9152 -0.0628 0.3980
vn -0.9481 -0.2286 0.2210
vn 0.7008 -0.1254 -0.7023
vn 0.8671 0.1377 0.4788
vn -0.3816 0.8307 -0.4054
vn -0.4248 0.8482 -0.3166
vn 0.5837 0.7146 0.3855
vn 0.8765 0.0158 -0.4811
vn -0.7378 -0.0088 -0.6750
vn 0.7768 -0.0013 -0.6297
vn -0.7758 -0.0102 -0.6309
vn -0.7465 -0.0043 -0.6654
vn -0.7332 -0.0009 -0.6800
vn -0.7500 0.0005 -0.6614
vn 0.7954 0.0225 -0.6057
vn 0.7840 0.0190 -0.6205
vn -0.8002 0.0345 -0.5987
vn -0.4569 0.7948 -0.3993
vn 0.8061 0.0928 -0.5845
vn -0.7217 -0.0019 -0.6922
vn 0.7051 -0.0014 -0.7091
vn 0.7051 -0.0115 -0.7090
vn -0.7246 0.0063 -0.6891
vn 0.8883 0.0037 0.4592
vn 0.8577 -0.0092 0.5140
vn 0.7222 -0.0024 -0.6917
vn 0.7215 0.0043 -0.6924
vn -0.7146 -0.0010 -0.6996
vn -0.8293 -0.0050 0.5587
vn 0.7360 0.0023 -0.6770
vn 0.7578 0.0002 -0.6525
vn 0.8751 -0.0388 -0.4823
vn -0.7549 -0.0899 -0.6496
vn 0.7620 0.0220 -0.6472
vn -0.7568 -0.0043 -0.6536
vn -0.8581 -0.0051 0.5135
vn 0.6911 -0.4504 0.5653
vn -0.9359 0.2061 0.2858
vn -0.7917 0.1919 0.5799
vn 0.3414 -0.8923 -0.2955
vn 0.8745 -0.2082 -0.4381
vn -0.6686 -0.0057 -0.7436
vn -0.7039 -0.0045 -0.7102
vn 0.6598 -0.0078 -0.7514
vn -0.7611 0.0112 -0.6485
vn -0.6899 -0.4294 0.5827
vn -0.8160 0.0512 -0.5758
vn -0.5662 -0.1123 -0.8166
vn 0.8186 0.2278 0.5272
vn -0.5242 -0.7129 -0.4658
vn -0.7976 -0.5743 0.1843
vn 0.6557 -0.0006 -0.7550
vn 0.7157 0.0026 -0.6984
vn -0.8614 0.0029 0.5079
vn -0.7331 0.0029 -0.6802
vn 0.8499 -0.0009 0.5270
vn -0.8067 -0.0429 0.5893
vn 0.8456 0.0222 -0.5333
vn -0.7135 0.4691 0.5204
vn -0.0828 -0.7004 -0.7090
vn 0.0059 0.9999 -0.0139
vn -0.6626 0.0008 -0.7490
vn -0.7079 -0.0000 -0.7063
vn -0.8161 0.0024 0.5779
vn 0.5411 0.0310 -0.8404
vn 0.6986 -0.3150 -0.6425
vn 0.6800 -0.0010 -0.7332
vn -0.7412 0.0025 0.6712
vn 0.7059 -0.0028 -0.7083
vn -0.7521 -0.0056 0.6590
vn -0.6915 0.0131 -0.7223
vn 0.7777 -0.0130 0.6284
vn 0.7839 -0.0792 0.6159
vn -0.7078 -0.2725 0.6518
vn 0.3504 0.8562 -0.3796
vn 0.4671 -0.3111 0.8277
vn -0.7059 0.0034 0.7083
vn -0.7197 -0.0045 0.6943
vn -0.6561 0.0015 -0.7547
vn -0.7581 -0.0999 0.6444
vn -0.3931 0.0240 -0.9192
vn 0.9351 0.0162 -0.3541
vn 0.7665 0.0549 0.6399
vn -0.2546 -0.1228 -0.9592
vn 0.5746 -0.0250 -0.8181
vn -0.6567 -0.1109 -0.7459
vn 0.5700 -0.5935 -0.5682
vn -0.3719 0.8461 -0.3817
vn 0.5019 -0.6789 0.5359
vn -0.4564 -0.3156 0.8319
vn 0.8340 -0.2354 -0.4990
vn -0.7660 -0.6297 0.1294
vn 0.4476 -0.3082 0.8395
vn 0.7407 0.0060 0.6718
vn -0.7581 0.0072 0.6521
vn 0.7016 0.0008 -0.7126
vn -0.5414 0.0015 -0.8408
vn -0.3574 -0.0207 -0.9337
vn 0.6884 -0.2264 0.6891
vn -0.6930 0.1864 0.6964
vn 0.6710 -0.3463 -0.6557
vn 0.2601 -0.9399 -0.2212
vn -0.5190 -0.6866 -0.5092
vn -0.5029 0.7311 0.4611
vn -0.6982 0.0048 -0.7159
vn 0.7372 -0.0012 0.6757
vn 0.7624 -0.0026 0.6471
vn 0.7328 -0.0032 0.6804
vn 0.6067 0.0020 -0.7949
vn 0.6725 -0.0087 -0.7401
vn 0.7380 -0.1114 0.6655
vn 0.4597 -0.1005 -0.8824
vn 0.3779 0.0108 -0.9258
vn -0.5334 -0.1186 -0.8375
vn 0.3596 -0.1750 -0.9166
vn 0.5586 0.1087 -0.8223
vn 0.7255 -0.0397 -0.6871
vn 0.6795 0.2087 0.7034
vn 0.4648 0.7378 0.4896
vn 0.6913 0.0030 -0.7225
vn 0.7631 0.0036 0.6463
vn -0.7410 0.0009 0.6715
vn -0.5154 0.0020 -0.8570
vn -0.4672 0.0244 -0.8838
vn -0.7519 0.3965 0.5267
vn 0.7461 -0.0608 -0.6630
vn -0.5363 -0.0688 -0.8412
vn 0.1532 -0.7365 -0.6588
vn 0.6920 0.0024 -0.7219
vn -0.6983 -0.0007 -0.7158
vn 0.6365 0.0342 -0.7705
vn -0.6838 0.0016 -0.7297
vn -0.6448 0.0004 -0.7644
vn 0.5035 0.0129 -0.8639
vn 0.4893 0.0047 -0.8721
vn -0.8105 -0.0846 -0.5797
vn 0.7039 0.2342 0.6706
vn 0.6004 -0.6074 -0.5202
vn -0.4305 -0.7111 -0.5558
vn -0.2292 0.9085 -0.3495
vn -0.6987 0.0014 -0.7154
vn -0.7010 -0.0032 0.7131
vn 0.6965 -0.0001 -0.7175
vn -0.7094 -0.0596 -0.7023
vn 0.6984 -0.0023 -0.7157
vn -0.5722 0.0072 -0.8201
vn 0.7298 0.0103 -0.6836
vn 0.7628 0.0287 -0.6460
vn 0.7239 0.3412 0.5996
vn 0.4664 -0.1129 -0.8774
vn -0.7157 -0.0025 0.6984
vn -0.8670 -0.0281 -0.4976
vn -0.7884 0.0820 -0.6097
vn 0.8860 -0.0464 -0.4614
vn -0.6539 -0.0527 -0.7547
vn 0.6286 0.0038 -0.7778
vn 0.6170 -0.1256 -0.7769
vn -0.6028 0.0038 -0.7979
vn -0.4907 0.0027 -0.8713
vn 0.5464 -0.0005 -0.8375
vn -0.5185 0.0019 -0.8551
vn -0.7034 -0.0061 -0.7107
vn -0.7454 0.0065 -0.6666
vn -0.7434 0.0253 -0.6683
vn 0.8310 0.0191 -0.5559
vn -0.6779 -0.2071 0.7054
vn 0.7007 -0.1194 -0.7034
vn 0.0668 -0.6930 -0.7179
vn 0.3702 0.7873 -0.4930
vn -0.5201 0.4808 -0.7059
vn 0.5882 -0.7749 0.2315
vn -0.4714 -0.8192 0.3266
vn 0.6455 0.0008 0.7638
vn 0.4770 -0.0020 -0.8789
vn 0.4179 0.0015 -0.9085
vn 0.4581 0.0830 -0.8850
vn -0.3725 -0.1279 -0.9192
vn -0.5165 -0.1094 -0.8493
vn 0.3879 -0.5476 -0.7414
vn -0.2490 -0.6785 -0.6911
vn 0.2450 0.8695 -0.4288
vn 0.1575 -0.7493 -0.6432
vn -0.6566 0.0241 -0.7538
vn -0.6106 0.0539 -0.7901
vn 0.6844 -0.0002 0.7291
vn 0.7166 0.0035 -0.6975
vn -0.6836 -0.0305 0.7293
vn -0.4141 -0.3032 0.8582
vn 0.7276 -0.3762 -0.5737
vn -0.7762 -0.1768 -0.6052
vn 0.6520 0.0547 -0.7562
vn -0.5067 0.0016 -0.8621
vn 0.5205 0.0007 -0.8539
vn 0.5273 0.0120 -0.8496
vn -0.5971 -0.0124 -0.8021
vn -0.2099 0.7481 -0.6295
vn -0.5824 0.0166 -0.8127
vn -0.5067 0.0039 -0.8621
vn -0.5197 0.0004 -0.8543
vn 0.4256 0.0067 -0.9049
vn 0.6717 0.0003 0.7409
vn -0.4865 0.0052 -0.8736
vn 0.4889 -0.0002 -0.8724
vn 0.6942 -0.0476 0.7182
vn -0.9180 0.3550 0.1767
vn -0.5770 -0.2146 0.7881
vn -0.2543 0.8749 -0.4121
vn -0.6361 0.0040 0.7716
vn 0.4171 0.0029 -0.9088
vn 0.6859 -0.0038 0.7277
vn -0.5153 0.0012 -0.8570
vn 0.5684 -0.0139 -0.8226
vn -0.4760 0.0542 -0.8778
vn 0.6278 0.3373 0.7015
vn -0.6056 0.4255 0.6724
vn -0.2183 -0.1683 -0.9613
vn 0.3742 -0.3189 0.8708
vn -0.3377 -0.8831 0.3257
vn -0.6096 0.0018 0.7927
vn -0.6203 0.0011 0.7843
vn 0.5106 -0.0022 -0.8598
vn 0.5065 0.0082 -0.8622
vn -0.5120 0.0117 -0.8589
vn -0.6645 -0.0176 0.7471
vn 0.5918 0.4150 0.6911
vn 0.3529 -0.1404 -0.9251
vn 0.5031 -0.4567 0.7337
vn 0.0876 -0.0943 -0.9917
vn -0.0473 -0.0747 -0.9961
vn -0.0651 -0.0855 -0.9942
vn 0.2181 0.7453 -0.6300
vn 0.3159 -0.8407 0.4398
vn -0.6733 -0.0209 -0.7391
vn 0.4607 0.0668 -0.8850
vn -0.3587 0.0363 -0.9328
vn 0.5967 0.0019 0.8025
vn 0.6197 0.0008 0.7848
vn -0.5040 -0.0057 -0.8637
vn 0.6001 -0.0256 0.7995
vn -0.2445 -0.0054 -0.9696
vn 0.2961 -0.0500 -0.9539
vn 0.2256 -0.1253 -0.9661
vn 0.1618 -0.0177 -0.9867
vn -0.2570 -0.2462 -0.9345
vn -0.4023 0.7308 0.5514
vn 0.3145 0.7245 0.6133
vn 0.6273 -0.2603 -0.7340
vn -0.1694 -0.7969 -0.5798
vn -0.0090 0.0021 -1.0000
vn -0.0551 -0.0050 -0.9985
vn 0.0863 0.0055 -0.9963
vn -0.1584 -0.0025 -0.9874
vn -0.0530 -0.0006 -0.9986
vn 0.0760 -0.0005 -0.9971
vn -0.1769 -0.0003 -0.9842
vn 0.0872 0.0084 -0.9962
vn -0.0082 0.0014 -1.0000
vn 0.0088 0.0173 -0.9998
vn -0.1258 0.0115 -0.9920
vn 0.0856 0.0081 -0.9963
vn -0.0639 0.0166 -0.9978
vn -0.0022 -0.0002 -1.0000
vn -0.0263 0.0025 -0.9997
vn -0.1277 0.0110 -0.9918
vn 0.0494 0.0120 -0.9987
vn 0.0326 -0.0055 -0.9995
vn -0.1503 -0.0015 -0.9886
vn 0.0638 -0.0022 -0.9980
vn 0.0671 0.0110 -0.9977
vn 0.1074 0.0007 -0.9942
vn -0.1060 -0.0005 -0.9944
vn -0.1063 0.0017 -0.9943
vn -0.0854 0.0004 -0.9963
vn 0.0918 0.0062 -0.9958
vn 0.1216 -0.0018 -0.9926
vn 0.0519 0.0044 -0.9986
vn -0.1135 0.0036 -0.9935
vn 0.0566 0.0051 -0.9984
vn -0.0883 0.0317 -0.9956
vn 0.1150 -0.0009 -0.9934
vn 0.1667 0.0092 -0.9860
vn -0.1098 -0.0014 -0.9939
vn 0.0216 0.0135 -0.9997
vn -0.0553 0.0381 -0.9977
vn 0.0027 0.0020 -1.0000
vn 0.2919 0.0825 -0.9529
vn -0.6133 -0.0613 0.7874
vn -0.6324 -0.1216 0.7650
vn -0.2921 -0.0117 -0.9563
vn 0.3895 -0.0265 -0.9206
vn 0.2783 0.0405 -0.9596
vn -0.4411 -0.0188 -0.8972
vn -0.2637 -0.0462 -0.9635
vn 0.5175 -0.2837 0.8073
vn 0.1036 -0.1077 -0.9888
vn 0.2475 -0.0727 -0.9662
vn 0.0160 0.7832 -0.6216
vn -0.0869 -0.5708 0.8165
vn -0.0259 -0.9995 -0.0157
vn 0.6155 -0.0042 0.7881
vn -0.5935 0.0002 0.8049
vn -0.0803 0.0132 -0.9967
vn -0.1578 0.0043 -0.9875
vn 0.1713 -0.0008 -0.9852
vn -0.1923 -0.0062 -0.9813
vn -0.1551 0.0123 -0.9878
vn 0.1995 -0.0077 -0.9799
vn -0.2621 -0.0017 -0.9650
vn -0.1742 -0.0886 -0.9807
vn 0.5235 0.3998 0.7524
vn -0.3703 -0.0442 -0.9279
vn 0.4854 0.1940 0.8525
vn 0.5888 0.0008 0.8083
vn -0.6015 -0.0169 0.7987
vn 0.6056 -0.0734 0.7924
vn -0.3136 -0.5317 0.7867
vn -0.4175 0.2027 0.8858
vn 0.0730 0.8715 -0.4849
vn -0.0245 0.9096 -0.4147
vn -0.2553 0.7228 0.6421
vn 0.0853 0.7227 0.6859
vn -0.0109 -0.6260 0.7797
vn -0.1242 -0.2404 0.9627
vn 0.1166 -0.2618 0.9580
vn -0.5192 0.0033 0.8547
vn 0.4310 -0.0022 0.9024
vn 0.0376 -0.4775 0.8778
vn 0.0574 -0.4709 0.8803
vn -0.2683 -0.2832 0.9208
vn 0.3838 0.0004 0.9234
vn 0.3750 -0.3663 0.8516
vn -0.3515 -0.2305 0.9074
vn -0.0975 0.7300 0.6765
vn -0.0476 -0.4386 0.8974
vn 0.2395 -0.0804 0.9676
vn -0.3688 -0.0042 0.9295
vn 0.3805 -0.0019 0.9248
vn 0.4146 -0.0018 0.9100
vn -0.0206 -0.4172 0.9086
vn -0.0554 -0.4065 0.9120
vn 0.3656 -0.0035 0.9307
vn -0.3883 0.0013 0.9215
vn -0.4194 -0.0025 0.9078
vn -0.4317 -0.0534 0.9004
vn -0.3465 -0.1184 0.9305
vn -0.5249 0.2636 0.8093
vn 0.3176 0.0939 0.9436
vn 0.0650 -0.1748 0.9825
vn 0.2406 -0.1179 0.9634
vn -0.4263 -0.0176 0.9044
vn -0.3772 0.0011 0.9261
vn 0.3897 -0.0257 0.9206
vn 0.4191 -0.0941 0.9031
vn -0.3463 -0.0745 0.9352
vn 0.3398 -0.1824 0.9226
vn -0.0995 -0.2579 0.9610
vn -0.0045 -0.2219 0.9751
vn 0.1540 -0.2094 0.9656
vn -0.3299 -0.0751 0.9410
vn -0.3396 0.0044 0.9406
vn 0.4926 0.3313 0.8047
vn -0.3934 0.4425 0.8059
vn 0.6391 0.3710 0.6738
vn 0.1970 0.2096 0.9577
vn 0.1300 -0.1425 0.9812
vn -0.1008 -0.1084 0.9890
vn -0.0607 -0.1553 0.9860
vn -0.3024 -0.0537 0.9517
vn 0.3604 0.0032 0.9328
vn -0.2210 -0.0130 0.9752
vn -0.3141 0.2293 0.9213
vn 0.2881 -0.1695 0.9425
vn -0.0000 -0.1256 0.9921
vn -0.0853 -0.0679 0.9940
vn -0.0800 -0.1363 0.9874
vn -0.1228 -0.0905 0.9883
vn 0.0024 -0.0816 0.9967
vn 0.0793 -0.0823 0.9934
vn -0.2738 -0.0011 0.9618
vn 0.1334 -0.0033 0.9911
vn -0.1470 0.0022 0.9891
vn 0.1719 0.0020 0.9851
vn 0.1903 -0.0003 0.9817
vn -0.1995 0.0029 0.9799
vn 0.2128 -0.0112 0.9770
vn -0.2674 -0.0441 0.9626
vn 0.2385 -0.0901 0.9670
vn -0.0664 0.2150 0.9743
vn 0.1136 -0.0244 0.9932
vn 0.0243 -0.0588 0.9980
vn -0.1398 -0.0491 0.9890
vn -0.1199 -0.0047 0.9928
vn 0.0773 -0.0036 0.9970
vn -0.0984 -0.0049 0.9951
vn -0.1068 -0.0005 0.9943
vn -0.0478 -0.0152 0.9987
vn 0.1761 -0.0421 0.9835
vn -0.2111 0.3172 0.9246
vn -0.1176 0.3092 0.9437
vn -0.0546 -0.4301 0.9011
vn 0.0805 -0.0344 0.9962
vn -0.0557 -0.0232 0.9982
vn 0.0364 -0.0317 0.9988
vn 0.1174 -0.0096 0.9930
vn -0.1022 -0.0163 0.9946
vn 0.0202 -0.0201 0.9996
vn 0.0219 -0.0100 0.9997
vn 0.0183 -0.0190 0.9997
vn -0.0676 -0.0084 0.9977
vn 0.0196 0.0018 0.9998
vn -0.1228 -0.0671 0.9902
vn 0.0788 -0.0690 0.9945
vn -0.2317 -0.0986 0.9678
vn 0.3260 0.3127 0.8921
vn -0.1501 -0.2208 0.9637
vn 0.0518 -0.0058 0.9986
vn 0.0342 -0.0064 0.9994
vn 0.1393 -0.1098 0.9841
vn -0.1799 -0.1165 0.9768
vn 0.2766 -0.1202 0.9534
vn 0.0279 0.3501 0.9363
vn 0.0906 0.1397 0.9860
vn 0.0620 -0.1010 0.9930
vn -0.1156 -0.0854 0.9896
vt 0.242721 0.504700
vt 0.244561 0.532757
vt 0.231497 0.529181
vt 0.460609 0.570362
vt 0.457980 0.544283
vt 0.483864 0.532213
vt 0.156504 0.292491
vt 0.132517 0.301987
vt 0.112877 0.288806
vt 0.467774 0.501338
vt 0.226160 0.504739
vt 0.323760 0.813038
vt 0.302793 0.850171
vt 0.293445 0.834032
vt 0.054945 0.004526
vt 0.067550 0.000099
vt 0.077527 0.034894
vt 0.301879 0.186545
vt 0.319211 0.226034
vt 0.303077 0.220847
vt 0.482409 0.575547
vt 0.109284 0.310242
vt 0.327712 0.180733
vt 0.335550 0.191849
vt 0.216392 0.532466
vt 0.308348 0.806034
vt 0.156992 0.152613
vt 0.174866 0.132052
vt 0.177319 0.166946
vt 0.291740 0.532340
vt 0.963380 0.749885
vt 0.993208 0.735565
vt 0.996879 0.749264
vt 0.991864 0.770144
vt 0.972272 0.774045
vt 0.309006 0.177665
vt 0.974304 0.088093
vt 0.956909 0.099332
vt 0.948940 0.087952
vt 0.983046 0.098874
vt 0.158412 0.168175
vt 0.307244 0.172770
vt 0.337936 0.165237
vt 0.343049 0.180846
vt 0.152892 0.869882
vt 0.174256 0.882217
vt 0.149453 0.880309
vt 0.942826 0.324505
vt 0.941976 0.289062
vt 0.970275 0.284072
vt 0.257642 0.253107
vt 0.217566 0.237998
vt 0.252459 0.233766
vt 0.193812 0.251368
vt 0.516130 0.573301
vt 0.503419 0.586011
vt 0.513252 0.530402
vt 0.880805 0.178117
vt 0.912828 0.176571
vt 0.891627 0.188535
vt 0.853290 0.288448
vt 0.858403 0.307529
vt 0.815011 0.307797
vt 0.576182 0.201572
vt 0.547421 0.181152
vt 0.581171 0.189819
vt 0.535624 0.191224
vt 0.524599 0.168048
vt 0.526785 0.767627
vt 0.540280 0.771243
vt 0.521178 0.786979
vt 0.540299 0.751912
vt 0.529367 0.729099
vt 0.520860 0.760905
vt 0.569433 0.549844
vt 0.556794 0.551347
vt 0.546182 0.518687
vt 0.207445 0.300629
vt 0.165962 0.300224
vt 0.194161 0.287345
vt 0.964165 0.540157
vt 0.965675 0.527857
vt 0.995914 0.528057
vt 0.512847 0.308626
vt 0.539359 0.290062
vt 0.516112 0.328486
vt 0.532547 0.326535
vt 0.114926 0.037798
vt 0.131806 0.001598
vt 0.122761 0.046807
vt 0.139072 0.008826
vt 0.139840 0.029491
vt 0.959106 0.735580
vt 0.957285 0.762226
vt 0.283209 0.208419
vt 0.172836 0.178691
vt 0.284274 0.827514
vt 0.294659 0.852221
vt 0.283633 0.836352
vt 0.207969 0.130328
vt 0.112132 0.005792
vt 0.970296 0.323077
vt 0.964009 0.326081
vt 0.151192 0.867996
vt 0.177501 0.852675
vt 0.155010 0.860346
vt 0.187284 0.874063
vt 0.223195 0.881092
vt 0.974250 0.483449
vt 0.951466 0.491741
vt 0.975218 0.457065
vt 0.517774 0.603161
vt 0.340198 0.356351
vt 0.370347 0.370410
vt 0.324676 0.372470
vt 0.375439 0.356305
vt 0.930925 0.192113
vt 0.813356 0.287066
vt 0.586785 0.175859
vt 0.545175 0.207953
vt 0.559733 0.520954
vt 0.552457 0.728003
vt 0.207291 0.272010
vt 0.156060 0.286022
vt 0.187457 0.396585
vt 0.156750 0.392815
vt 0.196104 0.378774
vt 0.862613 0.687640
vt 0.913631 0.687640
vt 0.897138 0.700728
vt 0.563815 0.277141
vt 0.533948 0.277610
vt 0.120699 0.001134
vt 0.220718 0.952122
vt 0.179087 0.940967
vt 0.224560 0.939943
vt 0.141512 0.892921
vt 0.918537 0.066746
vt 0.900383 0.082101
vt 0.891334 0.070664
vt 0.213378 0.218344
vt 0.925233 0.207855
vt 0.844178 0.266321
vt 0.809727 0.867007
vt 0.792713 0.863110
vt 0.800546 0.831989
vt 0.555515 0.168743
vt 0.531344 0.158237
vt 0.549158 0.496093
vt 0.506685 0.777523
vt 0.156125 0.268479
vt 0.509698 0.283713
vt 0.517383 0.400541
vt 0.492866 0.412870
vt 0.478761 0.392726
vt 0.534179 0.416936
vt 0.150935 0.001000
vt 0.734653 0.462055
vt 0.755876 0.445029
vt 0.755193 0.472047
vt 0.101735 0.287977
vt 0.275588 0.176264
vt 0.280398 0.840005
vt 0.297228 0.862887
vt 0.286341 0.878257
vt 0.364518 0.172403
vt 0.384455 0.800224
vt 0.380754 0.799956
vt 0.365782 0.774814
vt 0.072255 0.074068
vt 0.047107 0.068017
vt 0.073288 0.034653
vt 0.969989 0.141911
vt 0.969989 0.107966
vt 0.995511 0.108313
vt 0.974259 0.045415
vt 0.974259 0.085684
vt 0.946391 0.083397
vt 0.947897 0.469459
vt 0.956861 0.450595
vt 0.750301 0.993505
vt 0.770983 0.964110
vt 0.786416 0.975323
vt 0.341804 0.343153
vt 0.310660 0.361135
vt 0.936031 0.044111
vt 0.941783 0.028826
vt 0.952380 0.050402
vt 0.895761 0.206101
vt 0.380814 0.346601
vt 0.814571 0.271731
vt 0.785362 0.859474
vt 0.507778 0.799843
vt 0.565691 0.512519
vt 0.225705 0.376702
vt 0.547308 0.334490
vt 0.577044 0.285658
vt 0.153186 0.033133
vt 0.777233 0.601758
vt 0.774892 0.588483
vt 0.817121 0.594731
vt 0.743059 0.492744
vt 0.758532 0.601507
vt 0.738198 0.442432
vt 0.225035 0.115152
vt 0.216381 0.094960
vt 0.237293 0.093183
vt 0.107151 0.271272
vt 0.140198 0.310560
vt 0.119875 0.320267
vt 0.138014 0.133932
vt 0.357630 0.161858
vt 0.046233 0.033118
vt 0.251564 0.216583
vt 0.790278 0.827053
vt 0.985299 0.947711
vt 0.996959 0.911825
vt 0.994742 0.941718
vt 0.810193 0.807368
vt 0.362975 0.009578
vt 0.339711 0.020965
vt 0.336335 0.012639
vt 0.551034 0.775263
vt 0.575562 0.527686
vt 0.589353 0.553858
vt 0.787813 0.069054
vt 0.798253 0.040468
vt 0.841686 0.035135
vt 0.296532 0.173670
vt 0.109264 0.326537
vt 0.145823 0.157864
vt 0.024102 0.661100
vt 0.069545 0.649673
vt 0.058755 0.683978
vt 0.014453 0.697024
vt 0.672395 0.700072
vt 0.682514 0.689953
vt 0.670915 0.752906
vt 0.843219 0.256124
vt 0.012993 0.103196
vt 0.017213 0.128320
vt 0.003979 0.159495
vt 0.388890 0.011036
vt 0.391305 0.038642
vt 0.386911 0.046628
vt 0.553948 0.491977
vt 0.845504 0.051948
vt 0.901312 0.802132
vt 0.860812 0.775263
vt 0.895995 0.786687
vt 0.380132 0.993262
vt 0.414348 0.993262
vt 0.385278 0.998853
vt 0.246902 0.109131
vt 0.113547 0.330303
vt 0.269994 0.830204
vt 0.345020 0.855373
vt 0.376222 0.867563
vt 0.359781 0.890459
vt 0.059589 0.018450
vt 0.020746 0.046671
vt 0.025792 0.010007
vt 0.354019 0.208348
vt 0.906496 0.053962
vt 0.223443 0.869288
vt 0.255524 0.834408
vt 0.244622 0.884850
vt 0.958944 0.040017
vt 0.958357 0.061449
vt 0.776294 0.835943
vt 0.348122 0.031101
vt 0.550692 0.120623
vt 0.571827 0.154335
vt 0.569480 0.162012
vt 0.830386 0.765415
vt 0.800489 0.777745
vt 0.828542 0.751739
vt 0.801239 0.764969
vt 0.192857 0.257118
vt 0.516434 0.384937
vt 0.115740 0.376092
vt 0.104024 0.403572
vt 0.074008 0.380953
vt 0.074644 0.288916
vt 0.248936 0.827826
vt 0.765334 0.155801
vt 0.749605 0.184919
vt 0.717967 0.162765
vt 0.054446 0.711841
vt 0.258807 0.708598
vt 0.243355 0.742655
vt 0.236737 0.704394
vt 0.364080 0.163347
vt 0.158024 0.849862
vt 0.143248 0.842910
vt 0.127825 0.872826
vt 0.779684 0.991922
vt 0.946307 0.016422
vt 0.815756 0.251099
vt 0.555503 0.105286
vt 0.241880 0.129380
vt 0.217042 0.150780
vt 0.550318 0.385490
vt 0.721935 0.476490
vt 0.721699 0.429878
vt 0.225433 0.952880
vt 0.262985 0.965082
vt 0.236329 0.979599
vt 0.443529 0.104237
vt 0.471501 0.104580
vt 0.457352 0.118467
vt 0.103594 0.333100
vt 0.034818 0.040825
vt 0.638209 0.391209
vt 0.619729 0.355681
vt 0.651340 0.342910
vt 0.637705 0.320472
vt 0.989997 0.265977
vt 0.974025 0.265977
vt 0.988770 0.237720
vt 0.771070 0.874742
vt 0.665802 0.947027
vt 0.665978 0.957096
vt 0.631854 0.938688
vt 0.001516 0.134086
vt 0.384709 0.016199
vt 0.585600 0.523128
vt 0.805699 0.079593
vt 0.704848 0.185616
vt 0.705514 0.167013
vt 0.107946 0.334446
vt 0.385925 0.158236
vt 0.389651 0.159089
vt 0.905423 0.052265
vt 0.274055 0.847958
vt 0.562389 0.469654
vt 0.589414 0.455913
vt 0.567068 0.487692
vt 0.689724 0.739967
vt 0.695280 0.688198
vt 0.632917 0.479749
vt 0.646251 0.472050
vt 0.639259 0.505859
vt 0.452621 0.960604
vt 0.494151 0.960604
vt 0.461887 0.969904
vt 0.579914 0.143447
vt 0.758101 0.288637
vt 0.741920 0.248812
vt 0.758542 0.239975
vt 0.859714 0.768057
vt 0.086212 0.681418
vt 0.044929 0.724832
vt 0.888696 0.053304
vt 0.133639 0.855131
vt 0.410506 0.781402
vt 0.419827 0.798450
vt 0.020355 0.052421
vt 0.021202 0.080731
vt 0.917617 0.044677
vt 0.262127 0.588654
vt 0.292989 0.598090
vt 0.254317 0.623362
vt 0.566514 0.960778
vt 0.609435 0.960778
vt 0.593856 0.971701
vt 0.579160 0.440984
vt 0.873502 0.758481
vt 0.109686 0.414978
vt 0.089690 0.422824
vt 0.462803 0.129544
vt 0.457659 0.130290
vt 0.306554 0.899732
vt 0.001516 0.706767
vt 0.371430 0.762878
vt 0.016402 0.074326
vt 0.003160 0.058425
vt 0.018624 0.042960
vt 0.141002 0.255310
vt 0.321583 0.695612
vt 0.352564 0.669011
vt 0.351324 0.693010
vt 0.464003 0.137097
vt 0.438358 0.136061
vt 0.388141 0.884690
vt 0.389617 0.855340
vt 0.045250 0.990984
vt 0.042064 0.975995
vt 0.074742 0.989052
vt 0.476535 0.853286
vt 0.451449 0.824100
vt 0.454404 0.800031
vt 0.763252 0.846126
vt 0.660115 0.936442
vt 0.653926 0.507016
vt 0.001583 0.025723
vt 0.833751 0.082164
vt 0.908645 0.780680
vt 0.888043 0.067563
vt 0.890435 0.094908
vt 0.870822 0.070679
vt 0.125903 0.398375
vt 0.705589 0.152802
vt 0.245108 0.680653
vt 0.486667 0.098948
vt 0.504779 0.089838
vt 0.508735 0.094144
vt 0.382784 0.154885
vt 0.888685 0.042818
vt 0.678249 0.215436
vt 0.697982 0.201099
vt 0.712957 0.257255
vt 0.553419 0.454193
vt 0.706118 0.716157
vt 0.365055 0.041556
vt 0.437129 0.120142
vt 0.295599 0.688151
vt 0.221078 0.845989
vt 0.198546 0.839143
vt 0.214394 0.827313
vt 0.394453 0.766596
vt 0.114036 0.852633
vt 0.088288 0.844912
vt 0.337826 0.312596
vt 0.350950 0.310272
vt 0.340375 0.334064
vt 0.464646 0.863677
vt 0.957703 0.016662
vt 0.966876 0.035145
vt 0.565056 0.432853
vt 0.588614 0.420024
vt 0.688501 0.941194
vt 0.648189 0.529595
vt 0.568521 0.103636
vt 0.809827 0.789687
vt 0.960220 0.448868
vt 0.994438 0.442170
vt 0.983630 0.448868
vt 0.974883 0.439254
vt 0.003133 0.432102
vt 0.075724 0.427886
vt 0.028083 0.441183
vt 0.070515 0.441780
vt 0.012066 0.447101
vt 0.070794 0.435552
vt 0.016971 0.970883
vt 0.017181 0.963277
vt 0.052804 0.966393
vt 0.058243 0.970454
vt 0.022984 0.953786
vt 0.058283 0.951353
vt 0.127243 0.411375
vt 0.714207 0.134246
vt 0.264324 0.269938
vt 0.266885 0.251959
vt 0.293121 0.259980
vt 0.271486 0.272770
vt 0.300856 0.240197
vt 0.008865 0.719455
vt 0.030418 0.726829
vt 0.377658 0.743955
vt 0.880758 0.049170
vt 0.881746 0.042787
vt 0.123671 0.850486
vt 0.921615 0.854743
vt 0.950869 0.889556
vt 0.912936 0.864728
vt 0.952022 0.873017
vt 0.870666 0.034045
vt 0.443712 0.385392
vt 0.446648 0.360206
vt 0.448416 0.365930
vt 0.281239 0.864937
vt 0.323757 0.338794
vt 0.830973 0.966011
vt 0.862336 0.951386
vt 0.874301 0.966800
vt 0.014099 0.204058
vt 0.005943 0.229160
vt 0.001180 0.207269
vt 0.325384 0.307939
vt 0.301421 0.304571
vt 0.345828 0.298743
vt 0.705202 0.903288
vt 0.703118 0.910165
vt 0.686943 0.903899
vt 0.335256 0.289271
vt 0.689137 0.887852
vt 0.553603 0.482604
vt 0.681270 0.888710
vt 0.685818 0.856682
vt 0.159834 0.398758
vt 0.202425 0.398758
vt 0.166738 0.434165
vt 0.351228 0.408818
vt 0.323804 0.414818
vt 0.341653 0.396708
vt 0.414141 0.428773
vt 0.405464 0.446514
vt 0.387511 0.439979
vt 0.336860 0.055971
vt 0.800097 0.867534
vt 0.798461 0.909036
vt 0.787069 0.880562
vt 0.727185 0.066935
vt 0.765288 0.036217
vt 0.762269 0.066322
vt 0.785302 0.927439
vt 0.972512 0.315332
vt 0.972512 0.282006
vt 0.985595 0.295686
vt 0.876639 0.837249
vt 0.835022 0.827765
vt 0.839979 0.817756
vt 0.819902 0.408340
vt 0.782071 0.403463
vt 0.826512 0.389557
vt 0.776926 0.418831
vt 0.881348 0.942787
vt 0.884744 0.926812
vt 0.927425 0.925621
vt 0.875629 0.993979
vt 0.864596 0.985963
vt 0.881584 0.968071
vt 0.083569 0.368462
vt 0.092762 0.334153
vt 0.096080 0.375943
vt 0.103384 0.353519
vt 0.085615 0.315538
vt 0.956734 0.229447
vt 0.956734 0.184550
vt 0.959480 0.190642
vt 0.098420 0.308138
vt 0.878097 0.398843
vt 0.874700 0.408195
vt 0.845349 0.441960
vt 0.063727 0.448407
vt 0.022097 0.946517
vt 0.058435 0.944839
vt 0.208986 0.998135
vt 0.234205 0.993688
vt 0.238033 0.998919
vt 0.260581 0.066487
vt 0.266228 0.092954
vt 0.250469 0.069320
vt 0.431232 0.127912
vt 0.514455 0.763475
vt 0.503023 0.773068
vt 0.504710 0.749336
vt 0.368014 0.835906
vt 0.382013 0.843108
vt 0.265776 0.244650
vt 0.327100 0.253343
vt 0.309334 0.248361
vt 0.216502 0.705730
vt 0.221754 0.691117
vt 0.225004 0.702514
vt 0.227500 0.679120
vt 0.873782 0.057021
vt 0.402283 0.746963
vt 0.419738 0.752652
vt 0.871986 0.047939
vt 0.417402 0.750373
vt 0.877599 0.036650
vt 0.943817 0.854160
vt 0.866086 0.032241
vt 0.374717 0.082409
vt 0.372365 0.037519
vt 0.387233 0.087665
vt 0.368311 0.073823
vt 0.411135 0.338151
vt 0.470402 0.326782
vt 0.446462 0.347264
vt 0.451167 0.355300
vt 0.310769 0.357103
vt 0.319531 0.318914
vt 0.309241 0.342878
vt 0.312660 0.324917
vt 0.467223 0.337412
vt 0.396800 0.008930
vt 0.410987 0.008930
vt 0.397305 0.020642
vt 0.352158 0.298886
vt 0.686220 0.934348
vt 0.682333 0.922854
vt 0.305108 0.288676
vt 0.318856 0.282419
vt 0.304954 0.280028
vt 0.281575 0.281134
vt 0.674137 0.895273
vt 0.678657 0.857319
vt 0.009106 0.200893
vt 0.029639 0.173567
vt 0.048519 0.177926
vt 0.430360 0.099887
vt 0.421811 0.087898
vt 0.441310 0.077475
vt 0.141021 0.433141
vt 0.947991 0.541586
vt 0.947991 0.501293
vt 0.961817 0.536900
vt 0.448386 0.428598
vt 0.375665 0.425837
vt 0.742564 0.077325
vt 0.999455 0.338993
vt 0.989406 0.322243
vt 0.996661 0.309602
vt 0.779658 0.049723
vt 0.683167 0.816371
vt 0.682012 0.828170
vt 0.668320 0.807868
vt 0.878119 0.818104
vt 0.776810 0.786411
vt 0.984378 0.881109
vt 0.984378 0.842893
vt 0.996893 0.847700
vt 0.028262 0.236197
vt 0.053504 0.233266
vt 0.058600 0.247267
vt 0.773809 0.219495
vt 0.777651 0.263107
vt 0.092979 0.235779
vt 0.074330 0.311639
vt 0.883582 0.407795
vt 0.727450 0.108625
vt 0.726893 0.093856
vt 0.749630 0.090924
vt 0.748613 0.100726
vt 0.480653 0.032300
vt 0.497749 0.017954
vt 0.487906 0.050937
vt 0.852913 0.444429
vt 0.660929 0.708610
vt 0.660547 0.660707
vt 0.663750 0.676368
vt 0.646258 0.971676
vt 0.651432 0.968689
vt 0.689869 0.970505
vt 0.529578 0.205568
vt 0.502762 0.215329
vt 0.465493 0.208743
vt 0.804105 0.628502
vt 0.809254 0.685049
vt 0.805418 0.688268
vt 0.660942 0.641809
vt 0.799420 0.688403
vt 0.909785 0.320079
vt 0.916031 0.321144
vt 0.910204 0.354188
vt 0.749707 0.738661
vt 0.762343 0.715919
vt 0.776547 0.725142
vt 0.102052 0.491842
vt 0.139673 0.460047
vt 0.140287 0.468292
vt 0.132800 0.457057
vt 0.942108 0.399527
vt 0.934112 0.391489
vt 0.941237 0.371913
vt 0.933200 0.351089
vt 0.852263 0.881256
vt 0.849169 0.841903
vt 0.859120 0.876737
vt 0.829155 0.869658
vt 0.250145 0.086580
vt 0.859378 0.835991
vt 0.162118 0.450002
vt 0.274792 0.067749
vt 0.263197 0.060565
vt 0.493109 0.750427
vt 0.755693 0.137688
vt 0.505629 0.700072
vt 0.236718 0.056084
vt 0.517882 0.701627
vt 0.291625 0.271393
vt 0.312410 0.226733
vt 0.505115 0.593900
vt 0.512170 0.602308
vt 0.499230 0.598188
vt 0.509782 0.619456
vt 0.495346 0.608411
vt 0.495982 0.620964
vt 0.015881 0.751509
vt 0.040935 0.737022
vt 0.062203 0.736302
vt 0.918324 0.035236
vt 0.157476 0.010867
vt 0.159500 0.011044
vt 0.157445 0.020675
vt 0.233781 0.902424
vt 0.246525 0.908785
vt 0.455635 0.348625
vt 0.466077 0.342479
vt 0.306237 0.330143
vt 0.474871 0.342600
vt 0.489801 0.331658
vt 0.410581 0.015995
vt 0.305133 0.309247
vt 0.300017 0.313489
vt 0.733777 0.254421
vt 0.294413 0.074593
vt 0.303204 0.078233
vt 0.303204 0.102114
vt 0.457789 0.859833
vt 0.985862 0.773863
vt 0.993931 0.781933
vt 0.987683 0.812632
vt 0.236985 0.156974
vt 0.219421 0.175904
vt 0.206022 0.178266
vt 0.652650 0.889978
vt 0.130251 0.425564
vt 0.143318 0.403196
vt 0.059932 0.153509
vt 0.683694 0.936073
vt 0.351218 0.377667
vt 0.339254 0.385793
vt 0.328079 0.379036
vt 0.842881 0.469703
vt 0.830669 0.469063
vt 0.840327 0.444209
vt 0.003103 0.063579
vt 0.013636 0.081822
vt 0.001643 0.118284
vt 0.673530 0.929804
vt 0.987795 0.929986
vt 0.987795 0.892094
vt 0.996926 0.898667
vt 0.312737 0.374734
vt 0.752646 0.825963
vt 0.280610 0.384071
vt 0.944716 0.008040
vt 0.933904 0.040469
vt 0.925577 0.031157
vt 0.930191 0.047257
vt 0.808586 0.874289
vt 0.748806 0.077063
vt 0.806692 0.922665
vt 0.758715 0.071999
vt 0.708085 0.820963
vt 0.990372 0.327603
vt 0.830763 0.405792
vt 0.815116 0.426398
vt 0.847310 0.811160
vt 0.881589 0.815078
vt 0.818513 0.431571
vt 0.783420 0.440608
vt 0.797995 0.438695
vt 0.108370 0.618129
vt 0.116366 0.623857
vt 0.122177 0.638277
vt 0.126882 0.609896
vt 0.147971 0.631898
vt 0.071579 0.361863
vt 0.557681 0.064773
vt 0.527538 0.082079
vt 0.523283 0.077640
vt 0.526288 0.084497
vt 0.547784 0.075046
vt 0.691967 0.108609
vt 0.461756 0.063992
vt 0.704895 0.112317
vt 0.737543 0.114186
vt 0.504377 0.078318
vt 0.154721 0.995213
vt 0.155066 0.997169
vt 0.131775 0.997481
vt 0.747089 0.106207
vt 0.954374 0.182309
vt 0.948650 0.168121
vt 0.959926 0.179499
vt 0.907287 0.340892
vt 0.906786 0.317944
vt 0.904581 0.326085
vt 0.950268 0.154838
vt 0.938412 0.159911
vt 0.938834 0.154894
vt 0.688137 0.106116
vt 0.677060 0.104450
vt 0.704695 0.099753
vt 0.820959 0.875191
vt 0.832442 0.830828
vt 0.821463 0.837595
vt 0.487299 0.757366
vt 0.667233 0.113325
vt 0.254625 0.049848
vt 0.278458 0.049622
vt 0.491752 0.710356
vt 0.238363 0.051107
vt 0.227210 0.044390
vt 0.315380 0.273020
vt 0.553179 0.655997
vt 0.582003 0.649034
vt 0.575013 0.668603
vt 0.517961 0.618542
vt 0.564269 0.628600
vt 0.274356 0.656556
vt 0.547772 0.634296
vt 0.198733 0.679878
vt 0.194792 0.828308
vt 0.189804 0.817640
vt 0.195951 0.808977
vt 0.266157 0.580679
vt 0.419653 0.742530
vt 0.243321 0.644078
vt 0.268642 0.641402
vt 0.248084 0.650129
vt 0.164388 0.016075
vt 0.245476 0.659209
vt 0.264239 0.890786
vt 0.331193 0.595348
vt 0.076053 0.093591
vt 0.081473 0.088223
vt 0.132917 0.088223
vt 0.930594 0.981797
vt 0.938845 0.973900
vt 0.942629 0.976174
vt 0.290724 0.079244
vt 0.723718 0.224579
vt 0.927849 0.131502
vt 0.924332 0.163479
vt 0.906242 0.171914
vt 0.442144 0.819466
vt 0.305407 0.129941
vt 0.668426 0.916237
vt 0.299067 0.276093
vt 0.661831 0.897809
vt 0.533306 0.454696
vt 0.229320 0.158478
vt 0.441598 0.092752
vt 0.392974 0.971903
vt 0.378388 0.970262
vt 0.376981 0.967611
vt 0.941904 0.007755
vt 0.987449 0.056254
vt 0.987222 0.052998
vt 0.998983 0.058543
vt 0.977799 0.049195
vt 0.132103 0.119336
vt 0.137521 0.127357
vt 0.090878 0.128026
vt 0.761821 0.072169
vt 0.779863 0.054448
vt 0.979845 0.321888
vt 0.852819 0.808723
vt 0.728363 0.995674
vt 0.748481 0.997434
vt 0.721209 0.998412
vt 0.641455 0.995715
vt 0.656317 0.998335
vt 0.623624 0.999357
vt 0.718914 0.997382
vt 0.690155 0.997382
vt 0.690916 0.995718
vt 0.773846 0.355496
vt 0.777969 0.332768
vt 0.783974 0.323522
vt 0.673146 0.820226
vt 0.666741 0.846071
vt 0.660620 0.844284
vt 0.160445 0.631925
vt 0.672690 0.855117
vt 0.546737 0.076701
vt 0.521901 0.094068
vt 0.712310 0.117130
vt 0.734983 0.118160
vt 0.144182 0.993154
vt 0.904571 0.300815
vt 0.138885 0.960587
vt 0.111977 0.973162
vt 0.119022 0.953358
vt 0.718564 0.090740
vt 0.673508 0.095268
vt 0.767787 0.692153
vt 0.275254 0.044182
vt 0.478826 0.770242
vt 0.482021 0.734692
vt 0.193223 0.128549
vt 0.192544 0.094130
vt 0.203929 0.119565
vt 0.209735 0.119684
vt 0.204024 0.092240
vt 0.320012 0.825918
vt 0.573962 0.625170
vt 0.517437 0.645459
vt 0.863623 0.373235
vt 0.883004 0.361054
vt 0.877441 0.376887
vt 0.452538 0.361623
vt 0.479280 0.344457
vt 0.084213 0.063257
vt 0.107253 0.067154
vt 0.124678 0.077215
vt 0.930982 0.984489
vt 0.944221 0.978084
vt 0.294016 0.103091
vt 0.721074 0.205565
vt 0.621254 0.341048
vt 0.611893 0.355198
vt 0.582751 0.345729
vt 0.181922 0.998019
vt 0.203547 0.996127
vt 0.206940 0.999438
vt 0.421463 0.128899
vt 0.431365 0.112698
vt 0.012730 0.147062
vt 0.002167 0.179834
vt 0.447788 0.073664
vt 0.664324 0.920184
vt 0.408926 0.698718
vt 0.417858 0.702250
vt 0.417858 0.740161
vt 0.919944 0.030175
vt 0.923539 0.039988
vt 0.106981 0.116787
vt 0.367164 0.053803
vt 0.976374 0.046160
vt 0.703571 0.834534
vt 0.780413 0.060898
vt 0.001667 0.942726
vt 0.001667 0.898082
vt 0.009669 0.933043
vt 0.148649 0.130391
vt 0.820306 0.818000
vt 0.815439 0.809298
vt 0.856724 0.807352
vt 0.886185 0.810764
vt 0.829196 0.448787
vt 0.815757 0.435926
vt 0.117734 0.649148
vt 0.099578 0.610983
vt 0.765716 0.348248
vt 0.118481 0.669059
vt 0.554556 0.075633
vt 0.554101 0.085554
vt 0.670668 0.859265
vt 0.537829 0.088328
vt 0.727974 0.120909
vt 0.714055 0.125122
vt 0.874570 0.098014
vt 0.748898 0.125452
vt 0.745289 0.134310
vt 0.948977 0.194699
vt 0.932288 0.164026
vt 0.838531 0.500328
vt 0.842430 0.478217
vt 0.842271 0.507380
vt 0.845183 0.504170
vt 0.838405 0.515903
vt 0.841692 0.536568
vt 0.680027 0.085725
vt 0.817413 0.883078
vt 0.814146 0.855252
vt 0.813358 0.838436
vt 0.266116 0.041175
vt 0.233535 0.040116
vt 0.550692 0.598524
vt 0.961316 0.684514
vt 0.946718 0.692276
vt 0.966370 0.675216
vt 0.248488 0.661201
vt 0.253131 0.627788
vt 0.278756 0.613831
vt 0.263289 0.912538
vt 0.091611 0.098569
vt 0.446029 0.844104
vt 0.287892 0.081019
vt 0.537710 0.441359
vt 0.224099 0.158166
vt 0.200236 0.177415
vt 0.248936 0.997410
vt 0.237800 0.993357
vt 0.267375 0.993226
vt 0.843871 0.444897
vt 0.440584 0.997796
vt 0.405646 0.997796
vt 0.436566 0.993332
vt 0.378784 0.964523
vt 0.418387 0.968842
vt 0.663208 0.529224
vt 0.939642 0.001666
vt 0.998907 0.054051
vt 0.798075 0.447129
vt 0.899356 0.752822
vt 0.329087 0.970513
vt 0.332649 0.973347
vt 0.332649 0.990995
vt 0.944178 0.192376
vt 0.928464 0.172384
vt 0.348864 0.462784
vt 0.348841 0.457305
vt 0.382519 0.454359
vt 0.930549 0.147383
vt 0.810342 0.853627
vt 0.665369 0.089865
vt 0.677801 0.081845
vt 0.471180 0.752853
vt 0.470783 0.708852
vt 0.590720 0.652418
vt 0.218343 0.866706
vt 0.192410 0.853313
vt 0.269371 0.898300
vt 0.006252 0.647554
vt 0.021319 0.658933
vt 0.004554 0.698369
vt 0.079599 0.068543
vt 0.133879 0.085327
vt 0.704967 0.428086
vt 0.677690 0.425700
vt 0.718870 0.420308
vt 0.448423 0.093885
vt 0.564615 0.430157
vt 0.155871 0.520378
vt 0.147107 0.549570
vt 0.124401 0.551957
vt 0.926547 0.011934
vt 0.650369 0.891457
vt 0.642385 0.910844
vt 0.631380 0.885814
vt 0.670200 0.499142
vt 0.655910 0.463012
vt 0.986711 0.044957
vt 0.994406 0.221544
vt 0.961378 0.207295
vt 0.974993 0.202132
vt 0.677162 0.831742
vt 0.882215 0.805287
vt 0.923351 0.173855
vt 0.121813 0.990800
vt 0.907990 0.174126
vt 0.394235 0.879522
vt 0.393474 0.842973
vt 0.401965 0.826165
vt 0.392515 0.821945
vt 0.401637 0.802587
vt 0.804495 0.830929
vt 0.806155 0.826139
vt 0.795408 0.959969
vt 0.775884 0.927746
vt 0.795408 0.941878
vt 0.214296 0.673378
vt 0.019437 0.626914
vt 0.457272 0.876657
vt 0.269555 0.075964
vt 0.758029 0.081082
vt 0.694732 0.835717
vt 0.671792 0.838979
vt 0.866742 0.237758
vt 0.874084 0.248291
vt 0.865137 0.258954
vt 0.810868 0.803209
vt 0.098662 0.627060
vt 0.442000 0.922913
vt 0.439053 0.879986
vt 0.458684 0.880329
vt 0.854949 0.082394
vt 0.843868 0.064790
vt 0.730266 0.131024
vt 0.324539 0.974505
vt 0.340811 0.718654
vt 0.783837 0.691836
vt 0.669227 0.714981
vt 0.663457 0.711458
vt 0.668810 0.691482
vt 0.773673 0.683594
vt 0.628367 0.422189
vt 0.603344 0.417625
vt 0.613358 0.408194
vt 0.396104 0.802493
vt 0.174510 0.091856
vt 0.496174 0.641135
vt 0.853065 0.352166
vt 0.852000 0.379375
vt 0.279513 0.913524
vt 0.207311 0.636822
vt 0.079034 0.086078
vt 0.412997 0.692734
vt 0.394381 0.648182
vt 0.428187 0.682098
vt 0.648667 0.910356
vt 0.542490 0.424909
vt 0.889287 0.405773
vt 0.889623 0.425554
vt 0.875113 0.432552
vt 0.406333 0.740079
vt 0.901748 0.032577
vt 0.876924 0.221848
vt 0.899191 0.970817
vt 0.931127 0.959194
vt 0.941618 0.971807
vt 0.646149 0.834954
vt 0.648446 0.846678
vt 0.187565 0.022260
vt 0.206798 0.026671
vt 0.203600 0.035458
vt 0.617299 0.217006
vt 0.621235 0.221384
vt 0.611109 0.229933
vt 0.343579 0.444975
vt 0.153198 0.391676
vt 0.324978 0.457279
vt 0.323671 0.449383
vt 0.637876 0.220811
vt 0.637459 0.225083
vt 0.413171 0.135783
vt 0.784829 0.969514
vt 0.793299 0.965206
vt 0.778336 0.958843
vt 0.650828 0.746488
vt 0.667497 0.752803
vt 0.505247 0.693645
vt 0.515613 0.661742
vt 0.554095 0.708703
vt 0.590619 0.604967
vt 0.522204 0.113979
vt 0.487037 0.122247
vt 0.320612 0.705208
vt 0.295658 0.682068
vt 0.312883 0.679117
vt 0.396814 0.722201
vt 0.942243 0.992093
vt 0.289672 0.398844
vt 0.311397 0.428746
vt 0.274620 0.419202
vt 0.399945 0.945790
vt 0.690332 0.847667
vt 0.851412 0.798951
vt 0.101373 0.660595
vt 0.821776 0.447728
vt 0.776592 0.318757
vt 0.546205 0.109205
vt 0.318411 0.982577
vt 0.375312 0.706110
vt 0.943789 0.200572
vt 0.382903 0.442095
vt 0.323585 0.439694
vt 0.656556 0.710762
vt 0.653752 0.721473
vt 0.648159 0.710806
vt 0.432340 0.143175
vt 0.602357 0.827323
vt 0.628757 0.827468
vt 0.601581 0.838557
vt 0.156630 0.113039
vt 0.176163 0.128518
vt 0.934566 0.651243
vt 0.232035 0.926926
vt 0.192904 0.616648
vt 0.791565 0.971062
vt 0.801380 0.962247
vt 0.835344 0.971348
vt 0.299216 0.450918
vt 0.207287 0.149482
vt 0.562694 0.416202
vt 0.858205 0.455822
vt 0.537909 0.967592
vt 0.540598 0.983969
vt 0.530934 0.992980
vt 0.928004 0.001043
vt 0.901513 0.015024
vt 0.945770 0.558158
vt 0.939886 0.547967
vt 0.945771 0.510349
vt 0.787354 0.061185
vt 0.804669 0.804593
vt 0.159208 0.024064
vt 0.177995 0.033508
vt 0.748832 0.668485
vt 0.751090 0.694338
vt 0.743242 0.705547
vt 0.138010 0.990950
vt 0.749669 0.732205
vt 0.596588 0.241960
vt 0.603039 0.804435
vt 0.599700 0.823923
vt 0.770448 0.959389
vt 0.763499 0.931485
vt 0.648570 0.758493
vt 0.200508 0.779326
vt 0.207986 0.765993
vt 0.211868 0.791952
vt 0.836725 0.007185
vt 0.806588 0.024585
vt 0.789692 0.005972
vt 0.182394 0.844317
vt 0.185604 0.845660
vt 0.898835 0.267984
vt 0.879583 0.296559
vt 0.874452 0.271846
vt 0.272780 0.301986
vt 0.904581 0.122319
vt 0.370672 0.955565
vt 0.169121 0.537598
vt 0.959759 0.222708
vt 0.848941 0.789535
vt 0.079176 0.643526
vt 0.675471 0.886526
vt 0.319716 0.954299
vt 0.205632 0.039753
vt 0.378621 0.437564
vt 0.497462 0.004015
vt 0.535518 0.000686
vt 0.543445 0.007200
vt 0.996874 0.002069
vt 0.968739 0.031544
vt 0.957783 0.002069
vt 0.348233 0.439995
vt 0.649839 0.212618
vt 0.473896 0.741998
vt 0.452185 0.703027
vt 0.467460 0.706336
vt 0.554881 0.663949
vt 0.164053 0.126522
vt 0.009844 0.453165
vt 0.026039 0.475456
vt 0.001561 0.487200
vt 0.046561 0.642910
vt 0.883145 0.331028
vt 0.627850 0.323592
vt 0.027226 0.129101
vt 0.054562 0.146854
vt 0.018450 0.144869
vt 0.673338 0.411848
vt 0.853668 0.448343
vt 0.875428 0.445043
vt 0.394364 0.705934
vt 0.623496 0.902315
vt 0.706857 0.842093
vt 0.881536 0.256455
vt 0.837065 0.795120
vt 0.841208 0.762136
vt 0.856440 0.768452
vt 0.865963 0.277413
vt 0.078870 0.628021
vt 0.452150 0.046068
vt 0.803421 0.692444
vt 0.806724 0.756032
vt 0.645457 0.731931
vt 0.593489 0.405670
vt 0.622370 0.367424
vt 0.239366 0.803581
vt 0.218540 0.814082
vt 0.199259 0.660361
vt 0.273631 0.930994
vt 0.896524 0.242623
vt 0.426132 0.666766
vt 0.274526 0.115422
vt 0.177012 0.176719
vt 0.192997 0.517536
vt 0.525445 0.977160
vt 0.120101 0.142195
vt 0.078083 0.130937
vt 0.137787 0.130353
vt 0.670681 0.463320
vt 0.760053 0.324064
vt 0.566101 0.090750
vt 0.648431 0.874547
vt 0.993128 0.039823
vt 0.613842 0.207232
vt 0.256885 0.598478
vt 0.232950 0.602698
vt 0.260002 0.579657
vt 0.830014 0.342300
vt 0.855178 0.335827
vt 0.193141 0.508599
vt 0.197721 0.508721
vt 0.199381 0.527691
vt 0.057545 0.629822
vt 0.885271 0.944746
vt 0.928923 0.930562
vt 0.917084 0.943329
vt 0.268767 0.096033
vt 0.554999 0.328119
vt 0.620034 0.317228
vt 0.880346 0.823330
vt 0.891693 0.810278
vt 0.904152 0.833853
vt 0.652020 0.934294
vt 0.181317 0.973781
vt 0.176348 0.979704
vt 0.141502 0.973475
vt 0.675619 0.538567
vt 0.642338 0.555031
vt 0.666016 0.531490
vt 0.132508 0.104207
vt 0.037883 0.987606
vt 0.007926 0.986559
vt 0.039881 0.974445
vt 0.954052 0.892098
vt 0.954052 0.936882
vt 0.940477 0.895640
vt 0.888487 0.799681
vt 0.411633 0.938747
vt 0.418793 0.917411
vt 0.206840 0.426018
vt 0.225664 0.438393
vt 0.189828 0.433719
vt 0.362286 0.728060
vt 0.207968 0.051354
vt 0.668313 0.630219
vt 0.667731 0.600343
vt 0.679641 0.623679
vt 0.676049 0.592479
vt 0.464712 0.691744
vt 0.154539 0.090278
vt 0.287747 0.665400
vt 0.840012 0.318013
vt 0.410302 0.616285
vt 0.441245 0.677996
vt 0.724388 0.039889
vt 0.764755 0.032042
vt 0.723170 0.063571
vt 0.396297 0.024608
vt 0.419934 0.016005
vt 0.446483 0.025395
vt 0.412210 0.419338
vt 0.419929 0.409731
vt 0.484290 0.409731
vt 0.036113 0.128897
vt 0.736224 0.398429
vt 0.198900 0.150839
vt 0.907790 0.432765
vt 0.853805 0.506506
vt 0.529861 0.071929
vt 0.533240 0.044976
vt 0.548041 0.055138
vt 0.396750 0.662501
vt 0.745440 0.372025
vt 0.626034 0.845002
vt 0.371006 0.424033
vt 0.644128 0.199362
vt 0.760690 0.971712
vt 0.752811 0.938550
vt 0.614411 0.857593
vt 0.152020 0.128236
vt 0.976549 0.055908
vt 0.993880 0.061539
vt 0.978309 0.087512
vt 0.162161 0.843713
vt 0.410091 0.463724
vt 0.398615 0.468460
vt 0.385980 0.449722
vt 0.215947 0.513563
vt 0.222009 0.493853
vt 0.227124 0.497648
vt 0.262798 0.413279
vt 0.261158 0.401544
vt 0.673360 0.401132
vt 0.075778 0.158691
vt 0.654883 0.562033
vt 0.833620 0.819431
vt 0.847310 0.801783
vt 0.794161 0.224905
vt 0.219845 0.447614
vt 0.467854 0.015850
vt 0.164956 0.040442
vt 0.672844 0.658384
vt 0.325815 0.425854
vt 0.636393 0.735489
vt 0.324111 0.651701
vt 0.371457 0.904731
vt 0.367543 0.909022
vt 0.346573 0.898948
vt 0.389938 0.468290
vt 0.424231 0.463848
vt 0.420853 0.468654
vt 0.798544 0.955710
vt 0.316395 0.994011
vt 0.346723 0.999358
vt 0.314193 0.998592
vt 0.459263 0.449167
vt 0.706609 0.117208
vt 0.708580 0.132987
vt 0.649725 0.115050
vt 0.422634 0.426149
vt 0.035088 0.119974
vt 0.300747 0.462171
vt 0.594739 0.252457
vt 0.632750 0.273296
vt 0.595087 0.267857
vt 0.527751 0.064280
vt 0.504970 0.057812
vt 0.507400 0.052200
vt 0.521933 0.072051
vt 0.509073 0.802352
vt 0.485929 0.830577
vt 0.499398 0.808398
vt 0.859080 0.778326
vt 0.795783 0.276213
vt 0.131275 0.639843
vt 0.183440 0.665110
vt 0.172345 0.668706
vt 0.870506 0.110326
vt 0.607497 0.192607
vt 0.590697 0.809465
vt 0.636342 0.707784
vt 0.752152 0.961776
vt 0.598575 0.354055
vt 0.914991 0.718294
vt 0.922474 0.738853
vt 0.910820 0.720279
vt 0.164914 0.807025
vt 0.441991 0.630398
vt 0.588684 0.120743
vt 0.619831 0.130677
vt 0.624582 0.140864
vt 0.902489 0.822538
vt 0.663586 0.076324
vt 0.686640 0.063307
vt 0.688393 0.075310
vt 0.921034 0.852610
vt 0.970022 0.566016
vt 0.994910 0.573153
vt 0.994985 0.584304
vt 0.712335 0.051484
vt 0.866104 0.488485
vt 0.057890 0.625039
vt 0.176525 0.704662
vt 0.195349 0.053146
vt 0.658964 0.618912
vt 0.341838 0.415973
vt 0.313559 0.417964
vt 0.194617 0.801679
vt 0.302624 0.636794
vt 0.210416 0.503087
vt 0.331360 0.993249
vt 0.702709 0.138270
vt 0.041012 0.118666
vt 0.274165 0.436037
vt 0.645452 0.142048
vt 0.646040 0.150774
vt 0.535076 0.540117
vt 0.530386 0.493705
vt 0.545372 0.501691
vt 0.866409 0.708070
vt 0.821228 0.695964
vt 0.875667 0.695577
vt 0.632176 0.928739
vt 0.547412 0.036099
vt 0.527923 0.021713
vt 0.617492 0.905819
vt 0.607893 0.902604
vt 0.593421 0.897063
vt 0.741154 0.341077
vt 0.616298 0.862855
vt 0.349675 0.731830
vt 0.322494 0.727572
vt 0.449897 0.682505
vt 0.473087 0.690319
vt 0.589788 0.417911
vt 0.926485 0.265346
vt 0.907094 0.259686
vt 0.927385 0.256035
vt 0.410481 0.473943
vt 0.192045 0.493612
vt 0.418932 0.485843
vt 0.154409 0.476827
vt 0.658354 0.130859
vt 0.888135 0.002685
vt 0.895945 0.038222
vt 0.888135 0.035105
vt 0.258051 0.415594
vt 0.075301 0.151039
vt 0.873207 0.947004
vt 0.897587 0.946905
vt 0.906067 0.950859
vt 0.750748 0.995614
vt 0.777591 0.995614
vt 0.761183 0.997979
vt 0.903905 0.817581
vt 0.867705 0.451909
vt 0.544365 0.126988
vt 0.524931 0.102911
vt 0.549445 0.113755
vt 0.577521 0.251418
vt 0.984302 0.693945
vt 0.995015 0.723377
vt 0.982314 0.733359
vt 0.200906 0.455867
vt 0.245778 0.447692
vt 0.386294 0.417254
vt 0.414711 0.697690
vt 0.108676 0.468979
vt 0.100975 0.478490
vt 0.091917 0.463022
vt 0.904016 0.239931
vt 0.966672 0.148269
vt 0.939188 0.147309
vt 0.967729 0.118661
vt 0.922188 0.754051
vt 0.899842 0.749883
vt 0.891715 0.725383
vt 0.190656 0.800377
vt 0.184573 0.851303
vt 0.082271 0.549942
vt 0.098390 0.577048
vt 0.086474 0.579846
vt 0.367914 0.933329
vt 0.376567 0.924974
vt 0.413377 0.485262
vt 0.218956 0.490291
vt 0.228538 0.476252
vt 0.673278 0.138387
vt 0.899445 0.016987
vt 0.273078 0.442457
vt 0.594532 0.311633
vt 0.071029 0.141069
vt 0.903589 0.810295
vt 0.916170 0.836372
vt 0.899512 0.953264
vt 0.181173 0.994940
vt 0.173936 0.998315
vt 0.157417 0.994786
vt 0.682390 0.082843
vt 0.690433 0.078101
vt 0.713214 0.055099
vt 0.528418 0.111003
vt 0.506740 0.082967
vt 0.571210 0.996658
vt 0.581934 0.998549
vt 0.546701 0.998906
vt 0.551122 0.056705
vt 0.551064 0.027004
vt 0.986478 0.659108
vt 0.979186 0.661463
vt 0.978349 0.658457
vt 0.967823 0.658971
vt 0.584447 0.261025
vt 0.635045 0.561018
vt 0.691958 0.855784
vt 0.965469 0.153515
vt 0.964422 0.183507
vt 0.954774 0.154443
vt 0.630460 0.879829
vt 0.447544 0.016449
vt 0.643264 0.183372
vt 0.457279 0.677245
vt 0.176195 0.769368
vt 0.508350 0.666820
vt 0.518884 0.146732
vt 0.387637 0.494188
vt 0.212181 0.491881
vt 0.664971 0.139118
vt 0.169313 0.634084
vt 0.187875 0.623555
vt 0.183081 0.631856
vt 0.688702 0.145205
vt 0.034308 0.104663
vt 0.247991 0.411121
vt 0.875651 0.950491
vt 0.648644 0.284356
vt 0.652109 0.266934
vt 0.660274 0.251578
vt 0.801051 0.172488
vt 0.809880 0.159315
vt 0.856850 0.159315
vt 0.591066 0.274950
vt 0.963681 0.853828
vt 0.972741 0.852231
vt 0.969492 0.893457
vt 0.963341 0.947545
vt 0.924749 0.940740
vt 0.965838 0.938606
vt 0.825689 0.776132
vt 0.621015 0.721759
vt 0.636730 0.683287
vt 0.631728 0.729416
vt 0.854236 0.110666
vt 0.654021 0.639581
vt 0.158033 0.436246
vt 0.126016 0.435835
vt 0.971651 0.701141
vt 0.967022 0.681217
vt 0.978209 0.684055
vt 0.584389 0.838290
vt 0.960447 0.693633
vt 0.930671 0.130466
vt 0.927627 0.641745
vt 0.953780 0.614026
vt 0.946978 0.640392
vt 0.114737 0.197842
vt 0.131472 0.210064
vt 0.116101 0.219669
vt 0.158681 0.206474
vt 0.145555 0.231064
vt 0.057413 0.564294
vt 0.419156 0.495140
vt 0.148231 0.627099
vt 0.128751 0.604014
vt 0.153566 0.611425
vt 0.546006 0.467768
vt 0.916989 0.831093
vt 0.004108 0.780653
vt 0.009861 0.766414
vt 0.042220 0.766578
vt 0.706415 0.075362
vt 0.954581 0.988567
vt 0.952777 0.974372
vt 0.957338 0.963627
vt 0.530351 0.120607
vt 0.536330 0.921557
vt 0.573049 0.916770
vt 0.566716 0.921425
vt 0.558241 0.048344
vt 0.564261 0.035753
vt 0.664591 0.576272
vt 0.654215 0.568440
vt 0.969800 0.165043
vt 0.735987 0.357242
vt 0.747409 0.239821
vt 0.749935 0.192837
vt 0.766257 0.224006
vt 0.750901 0.309451
vt 0.772791 0.177133
vt 0.973064 0.190769
vt 0.994951 0.198735
vt 0.961186 0.199572
vt 0.172655 0.432943
vt 0.186623 0.694251
vt 0.372159 0.750900
vt 0.636597 0.746388
vt 0.097232 0.192007
vt 0.138889 0.190815
vt 0.131486 0.198047
vt 0.654977 0.601502
vt 0.160530 0.196823
vt 0.081685 0.951139
vt 0.060656 0.945505
vt 0.103464 0.947457
vt 0.603727 0.077862
vt 0.591886 0.036566
vt 0.619291 0.071186
vt 0.940256 0.266402
vt 0.931454 0.247879
vt 0.580713 0.854483
vt 0.526480 0.624959
vt 0.245688 0.839849
vt 0.886649 0.720554
vt 0.885806 0.704303
vt 0.277663 0.627468
vt 0.215022 0.579668
vt 0.378505 0.918034
vt 0.094085 0.549325
vt 0.101949 0.563692
vt 0.407677 0.494554
vt 0.216084 0.484404
vt 0.168346 0.628354
vt 0.686180 0.150007
vt 0.692310 0.154782
vt 0.947278 0.972469
vt 0.950701 0.965128
vt 0.949884 0.986573
vt 0.044353 0.106747
vt 0.063148 0.123825
vt 0.258385 0.433582
vt 0.265671 0.444977
vt 0.873445 0.955108
vt 0.884699 0.954834
vt 0.361227 0.931499
vt 0.344296 0.943706
vt 0.346537 0.934622
vt 0.324389 0.953570
vt 0.912070 0.957052
vt 0.282568 0.993105
vt 0.313292 0.993105
vt 0.301459 0.997531
vt 0.664660 0.248292
vt 0.666619 0.252103
vt 0.654085 0.278897
vt 0.663320 0.267315
vt 0.689578 0.083878
vt 0.696031 0.083984
vt 0.892923 0.457283
vt 0.892923 0.508583
vt 0.873543 0.454946
vt 0.561926 0.903868
vt 0.284496 0.017384
vt 0.334528 0.017384
vt 0.301827 0.028451
vt 0.976746 0.665841
vt 0.567842 0.267613
vt 0.952408 0.660667
vt 0.716106 0.851743
vt 0.505183 0.067432
vt 0.825275 0.815883
vt 0.488966 0.818415
vt 0.978198 0.188526
vt 0.492002 0.852064
vt 0.478606 0.854575
vt 0.430856 0.872490
vt 0.190345 0.449522
vt 0.215495 0.641445
vt 0.188917 0.662951
vt 0.194482 0.474318
vt 0.192114 0.489704
vt 0.627591 0.736205
vt 0.064197 0.957403
vt 0.087729 0.957357
vt 0.894141 0.664145
vt 0.926492 0.653634
vt 0.885238 0.685449
vt 0.582759 0.835514
vt 0.930382 0.651671
vt 0.944623 0.695501
vt 0.913435 0.701212
vt 0.960533 0.615390
vt 0.952057 0.610236
vt 0.658609 0.153614
vt 0.651204 0.145894
vt 0.190275 0.616060
vt 0.890291 0.957565
vt 0.000030 0.980265
vt 0.000030 0.958621
vt 0.002928 0.961630
vt 0.915154 0.959846
vt 0.959988 0.973111
vt 0.970215 0.803275
vt 0.963891 0.792041
vt 0.964240 0.772031
vt 0.572060 0.057276
vt 0.578120 0.912396
vt 0.497003 0.791282
vt 0.835538 0.087775
vt 0.126713 0.372465
vt 0.180540 0.360462
vt 0.156579 0.389708
vt 0.784762 0.121299
vt 0.813036 0.121649
vt 0.810100 0.155201
vt 0.000661 0.355870
vt 0.006702 0.369149
vt 0.001058 0.388832
vt 0.969526 0.392864
vt 0.952426 0.408175
vt 0.946007 0.403681
vt 0.444327 0.656272
vt 0.450452 0.647356
vt 0.211304 0.478108
vt 0.084360 0.404717
vt 0.073068 0.423331
vt 0.051665 0.404382
vt 0.015370 0.427107
vt 0.475871 0.130778
vt 0.496098 0.133910
vt 0.468636 0.134611
vt 0.249435 0.419672
vt 0.260453 0.446059
vt 0.047186 0.103014
vt 0.068878 0.121580
vt 0.361677 0.936354
vt 0.871933 0.958248
vt 0.910428 0.963103
vt 0.798629 0.201922
vt 0.800967 0.199585
vt 0.804381 0.208165
vt 0.669921 0.253132
vt 0.799248 0.178132
vt 0.707463 0.080091
vt 0.963512 0.820872
vt 0.724783 0.089965
vt 0.570191 0.043077
vt 0.570744 0.903948
vt 0.568754 0.026059
vt 0.741354 0.553998
vt 0.760748 0.580138
vt 0.745700 0.565317
vt 0.765015 0.592167
vt 0.574879 0.274919
vt 0.494507 0.039074
vt 0.660570 0.576083
vt 0.945988 0.355496
vt 0.957296 0.374964
vt 0.943531 0.369430
vt 0.221608 0.643270
vt 0.608218 0.708264
vt 0.460919 0.651148
vt 0.918805 0.673713
vt 0.585410 0.047866
vt 0.097994 0.452545
vt 0.973619 0.714593
vt 0.925814 0.117963
vt 0.888150 0.750056
vt 0.827312 0.964285
vt 0.841087 0.948972
vt 0.837176 0.957378
vt 0.122164 0.553960
vt 0.107606 0.577053
vt 0.179130 0.584333
vt 0.100274 0.551788
vt 0.165525 0.621752
vt 0.323882 0.958983
vt 0.326042 0.962314
vt 0.662704 0.282748
vt 0.391997 0.016383
vt 0.394597 0.016383
vt 0.393641 0.033395
vt 0.959818 0.801618
vt 0.868043 0.495385
vt 0.972742 0.991630
vt 0.964827 0.969883
vt 0.974506 0.990973
vt 0.965539 0.977483
vt 0.961609 0.968046
vt 0.959367 0.777762
vt 0.494428 0.091532
vt 0.500894 0.062634
vt 0.162130 0.584951
vt 0.188165 0.563857
vt 0.199997 0.570820
vt 0.742630 0.306634
vt 0.181091 0.482874
vt 0.928237 0.462493
vt 0.928967 0.485301
vt 0.898019 0.477009
vt 0.612216 0.742728
vt 0.630566 0.750917
vt 0.472181 0.657681
vt 0.574689 0.417913
vt 0.375594 0.232677
vt 0.401706 0.228922
vt 0.408556 0.241805
vt 0.965541 0.103579
vt 0.687024 0.158484
vt 0.188650 0.612861
vt 0.127264 0.586320
vt 0.468318 0.143681
vt 0.804165 0.178369
vt 0.557257 0.894943
vt 0.749070 0.560525
vt 0.765017 0.581209
vt 0.730164 0.965578
vt 0.754822 0.969926
vt 0.710925 0.971830
vt 0.656291 0.576937
vt 0.622414 0.564550
vt 0.495172 0.783671
vt 0.483613 0.821807
vt 0.973163 0.162472
vt 0.945874 0.398077
vt 0.398388 0.914713
vt 0.149612 0.571684
vt 0.129908 0.582686
vt 0.121344 0.568295
vt 0.578829 0.075015
vt 0.085099 0.450881
vt 0.398277 0.281326
vt 0.949273 0.658369
vt 0.797651 0.950121
vt 0.419322 0.875444
vt 0.410945 0.907418
vt 0.084990 0.873683
vt 0.043972 0.890776
vt 0.049015 0.876831
vt 0.890312 0.969802
vt 0.571658 0.047413
vt 0.577055 0.041833
vt 0.621668 0.561877
vt 0.813841 0.791514
vt 0.045026 0.333418
vt 0.069478 0.340435
vt 0.068263 0.361640
vt 0.739095 0.494063
vt 0.757903 0.529716
vt 0.728977 0.510902
vt 0.571193 0.208496
vt 0.586880 0.200609
vt 0.584688 0.235848
vt 0.484254 0.666475
vt 0.955005 0.702006
vt 0.609560 0.894924
vt 0.921408 0.231144
vt 0.034563 0.533319
vt 0.223974 0.846624
vt 0.125398 0.812632
vt 0.131287 0.837852
vt 0.761291 0.556163
vt 0.857894 0.171975
vt 0.831318 0.191103
vt 0.604166 0.114882
vt 0.630060 0.110316
vt 0.605144 0.123106
vt 0.635662 0.087170
vt 0.998949 0.079513
vt 0.998895 0.105307
vt 0.986306 0.101411
vt 0.720894 0.481684
vt 0.628159 0.176703
vt 0.611952 0.138804
vt 0.637253 0.150521
vt 0.192631 0.704150
vt 0.796601 0.161599
vt 0.945664 0.242135
vt 0.965292 0.641133
vt 0.074296 0.930870
vt 0.088868 0.885490
vt 0.167009 0.607330
vt 0.440323 0.138509
vt 0.457195 0.155043
vt 0.088006 0.120491
vt 0.474113 0.202982
vt 0.490418 0.187621
vt 0.500615 0.203323
vt 0.248990 0.177068
vt 0.272909 0.198486
vt 0.246574 0.186084
vt 0.937621 0.804590
vt 0.589347 0.893946
vt 0.483084 0.974021
vt 0.496216 0.974021
vt 0.494202 0.996900
vt 0.524764 0.819439
vt 0.503787 0.864423
vt 0.505680 0.811508
vt 0.575893 0.063123
vt 0.282202 0.011345
vt 0.282202 0.032027
vt 0.276694 0.028222
vt 0.967395 0.618742
vt 0.716914 0.543011
vt 0.716914 0.561622
vt 0.687088 0.541651
vt 0.072460 0.840446
vt 0.068414 0.868656
vt 0.045425 0.870771
vt 0.124427 0.732837
vt 0.132093 0.707407
vt 0.145770 0.737465
vt 0.358259 0.951140
vt 0.819902 0.188141
vt 0.817030 0.236851
vt 0.680245 0.284394
vt 0.519971 0.190579
vt 0.539045 0.203348
vt 0.614672 0.567301
vt 0.022010 0.370578
vt 0.981050 0.408516
vt 0.789590 0.459158
vt 0.799850 0.485887
vt 0.758061 0.448595
vt 0.101647 0.539420
vt 0.178477 0.603662
vt 0.474897 0.157100
vt 0.671191 0.344966
vt 0.659278 0.299595
vt 0.673502 0.291383
vt 0.622925 0.117421
vt 0.695036 0.868328
vt 0.610928 0.165900
vt 0.626722 0.461323
vt 0.588008 0.473748
vt 0.597817 0.447226
vt 0.793370 0.496206
vt 0.943920 0.709904
vt 0.945028 0.230121
vt 0.692302 0.565653
vt 0.684164 0.550183
vt 0.152467 0.580308
vt 0.985106 0.992004
vt 0.491893 0.706252
vt 0.490022 0.669706
vt 0.497657 0.673566
vt 0.945549 0.497663
vt 0.935181 0.458970
vt 0.945339 0.449602
vt 0.531665 0.827431
vt 0.119095 0.423432
vt 0.975450 0.733273
vt 0.073115 0.442640
vt 0.089358 0.465737
vt 0.556556 0.852707
vt 0.667507 0.560304
vt 0.087927 0.521210
vt 0.968062 0.525798
vt 0.978742 0.492931
vt 0.996945 0.515835
vt 0.210833 0.598283
vt 0.779738 0.577454
vt 0.492493 0.633324
vt 0.040490 0.357776
vt 0.089642 0.989154
vt 0.076920 0.959589
vt 0.088783 0.964551
vt 0.914660 0.210680
vt 0.058252 0.177028
vt 0.062909 0.187846
vt 0.035618 0.189292
vt 0.969592 0.275257
vt 0.996894 0.275469
vt 0.987993 0.290158
vt 0.584207 0.999360
vt 0.628212 0.976780
vt 0.620840 0.998081
vt 0.970411 0.437361
vt 0.948955 0.452385
vt 0.969432 0.410602
vt 0.209649 0.046347
vt 0.221131 0.011011
vt 0.225048 0.052074
vt 0.213159 0.179665
vt 0.350411 0.971408
vt 0.966130 0.961821
vt 0.990223 0.990001
vt 0.580250 0.878948
vt 0.900634 0.789862
vt 0.930810 0.772440
vt 0.909994 0.813775
vt 0.691488 0.358918
vt 0.719824 0.319917
vt 0.696261 0.382225
vt 0.851295 0.710220
vt 0.860481 0.716340
vt 0.850896 0.752112
vt 0.527592 0.875743
vt 0.081118 0.432353
vt 0.238135 0.555406
vt 0.253075 0.568211
vt 0.235999 0.567520
vt 0.232471 0.575683
vt 0.039188 0.205330
vt 0.988658 0.300888
vt 0.527284 0.971896
vt 0.485037 0.971896
vt 0.499719 0.960583
vt 0.087636 0.428047
vt 0.172737 0.599340
vt 0.657970 0.326457
vt 0.148023 0.708459
vt 0.646900 0.116845
vt 0.381904 0.988137
vt 0.344563 0.988137
vt 0.364626 0.953214
vt 0.733124 0.217291
vt 0.068970 0.518061
vt 0.924399 0.975784
vt 0.927293 0.979848
vt 0.923793 0.987023
vt 0.466588 0.165278
vt 0.237477 0.195783
vt 0.554725 0.862048
vt 0.238176 0.136763
vt 0.269463 0.187579
vt 0.239691 0.165674
vt 0.024456 0.343433
vt 0.907202 0.119540
vt 0.856228 0.119540
vt 0.874988 0.111609
vt 0.266849 0.554115
vt 0.229336 0.534081
vt 0.895142 0.990530
vt 0.895142 0.971027
vt 0.908209 0.987286
vt 0.089224 0.215056
vt 0.097792 0.527618
vt 0.186257 0.591673
vt 0.644410 0.311432
vt 0.193305 0.746931
vt 0.195659 0.764632
vt 0.173615 0.766751
vt 0.638968 0.278987
vt 0.691118 0.245142
vt 0.765990 0.103429
vt 0.791847 0.087810
vt 0.783733 0.104907
vt 0.616405 0.092743
vt 0.624346 0.183539
vt 0.705517 0.503564
vt 0.727322 0.520020
vt 0.897856 0.456365
vt 0.603534 0.135176
vt 0.610127 0.591441
vt 0.560471 0.574462
vt 0.609826 0.581359
vt 0.570679 0.557269
vt 0.137467 0.239812
vt 0.666878 0.581967
vt 0.472010 0.575731
vt 0.475032 0.589705
vt 0.451666 0.600601
vt 0.484263 0.614139
vt 0.452800 0.627700
vt 0.452421 0.167221
vt 0.945311 0.437393
vt 0.163211 0.554526
vt 0.612912 0.482883
vt 0.572061 0.241694
vt 0.604518 0.252516
vt 0.567994 0.067475
vt 0.098931 0.182077
vt 0.062574 0.202736
vt 0.440042 0.035719
vt 0.421776 0.059606
vt 0.393469 0.035854
vt 0.467803 0.973350
vt 0.462203 0.975780
vt 0.455623 0.973254
vt 0.108256 0.513303
vt 0.163415 0.590520
vt 0.639901 0.971899
vt 0.607415 0.966170
vt 0.650347 0.964523
vt 0.978316 0.965206
vt 0.909121 0.596879
vt 0.899493 0.582099
vt 0.907979 0.554340
vt 0.865891 0.722411
vt 0.102015 0.180271
vt 0.088803 0.148367
vt 0.109389 0.158937
vt 0.956296 0.395445
vt 0.191493 0.338911
vt 0.601373 0.152753
vt 0.563034 0.208992
vt 0.770386 0.155917
vt 0.542106 0.843958
vt 0.972180 0.928444
vt 0.956356 0.935823
vt 0.966136 0.895621
vt 0.486029 0.478791
vt 0.471406 0.488589
vt 0.465388 0.480747
vt 0.417997 0.226313
vt 0.431842 0.234783
vt 0.826718 0.980774
vt 0.832720 0.973621
vt 0.832144 0.990401
vt 0.473266 0.014680
vt 0.476399 0.003968
vt 0.492053 0.017724
vt 0.999866 0.502259
vt 0.999148 0.520905
vt 0.999818 0.503502
vt 0.709090 0.379221
vt 0.862998 0.742027
vt 0.984294 0.083410
vt 0.736366 0.180370
vt 0.608000 0.176827
vt 0.751579 0.535868
vt 0.753746 0.127669
vt 0.543952 0.863452
vt 0.972974 0.391797
vt 0.995976 0.375085
vt 0.981226 0.400667
vt 0.471950 0.468983
vt 0.277521 0.569950
vt 0.393911 0.064164
vt 0.427235 0.245785
vt 0.718533 0.580400
vt 0.101559 0.985592
vt 0.110861 0.978835
vt 0.110414 0.987159
vt 0.949517 0.411101
vt 0.170814 0.751965
vt 0.203244 0.759998
vt 0.071125 0.376210
vt 0.071946 0.385731
vt 0.010898 0.396496
vt 0.894619 0.545623
vt 0.760270 0.539822
vt 0.114339 0.189238
vt 0.981369 0.488138
vt 0.999902 0.482116
vt 0.996276 0.509505
vt 0.712913 0.960900
vt 0.705797 0.966101
vt 0.674960 0.960664
vt 0.956847 0.904341
vt 0.088061 0.203660
vt 0.436053 0.230101
vt 0.487807 0.512975
vt 0.460092 0.491395
vt 0.447339 0.063292
vt 0.466656 0.980335
vt 0.096538 0.225744
vt 0.542059 0.249261
vt 0.513182 0.249426
vt 0.523759 0.246034
vt 0.480967 0.967669
vt 0.478279 0.971717
vt 0.472212 0.972786
vt 0.105651 0.861479
vt 0.948418 0.572172
vt 0.930157 0.560553
vt 0.952179 0.561974
vt 0.933772 0.974041
vt 0.542224 0.261587
vt 0.515643 0.255629
vt 0.962142 0.588771
vt 0.481598 0.168980
vt 0.790927 0.577625
vt 0.721952 0.350233
vt 0.588477 0.114167
vt 0.966770 0.358550
vt 0.965402 0.387534
vt 0.597682 0.152285
vt 0.568624 0.091576
vt 0.718830 0.965944
vt 0.172840 0.244527
vt 0.202862 0.242549
vt 0.180279 0.251966
vt 0.610162 0.565792
vt 0.625230 0.595647
vt 0.592253 0.556196
vt 0.056035 0.213460
vt 0.698980 0.585595
vt 0.604303 0.968604
vt 0.535668 0.552412
vt 0.537318 0.567771
vt 0.532857 0.568398
vt 0.492727 0.002590
vt 0.481081 0.027474
vt 0.696846 0.264113
vt 0.683422 0.311290
vt 0.581157 0.861587
vt 0.929714 0.821449
vt 0.885812 0.575063
vt 0.252067 0.130805
vt 0.979658 0.593905
vt 0.993487 0.600354
vt 0.960185 0.600772
vt 0.055257 0.977782
vt 0.570930 0.261201
vt 0.563257 0.244358
vt 0.284480 0.537509
vt 0.850607 0.894654
vt 0.851923 0.936604
vt 0.836974 0.926772
vt 0.079070 0.211127
vt 0.226067 0.370997
vt 0.193940 0.348501
vt 0.244361 0.354474
vt 0.323673 0.598452
vt 0.314039 0.632048
vt 0.297268 0.601098
vt 0.107827 0.920948
vt 0.324148 0.609708
vt 0.534028 0.574151
vt 0.202676 0.022622
vt 0.206126 0.017873
vt 0.206393 0.023527
vt 0.955335 0.543807
vt 0.964372 0.580175
vt 0.146586 0.747784
vt 0.159250 0.737932
vt 0.784910 0.539494
vt 0.665095 0.037778
vt 0.690298 0.028104
vt 0.655213 0.066420
vt 0.124940 0.554763
vt 0.542310 0.803410
vt 0.152410 0.252134
vt 0.048715 0.402258
vt 0.002541 0.415441
vt 0.013754 0.402258
vt 0.038441 0.218598
vt 0.440588 0.008062
vt 0.444958 0.021510
vt 0.432322 0.016535
vt 0.101465 0.227350
vt 0.119467 0.228827
vt 0.098740 0.234538
vt 0.198477 0.020466
vt 0.177956 0.019645
vt 0.177956 0.002568
vt 0.459851 0.194505
vt 0.644297 0.325501
vt 0.175808 0.745920
vt 0.210088 0.195964
vt 0.761126 0.523654
vt 0.598656 0.162258
vt 0.926938 0.445476
vt 0.744563 0.538966
vt 0.587943 0.147069
vt 0.557097 0.208581
vt 0.545991 0.819351
vt 0.560563 0.497564
vt 0.703318 0.970829
vt 0.677147 0.964968
vt 0.643053 0.839613
vt 0.626036 0.819103
vt 0.626036 0.772511
vt 0.439708 0.268709
vt 0.920758 0.834734
vt 0.930035 0.832248
vt 0.924409 0.852007
vt 0.941536 0.814237
vt 0.913443 0.916061
vt 0.913443 0.869055
vt 0.940672 0.891113
vt 0.519132 0.266955
vt 0.540888 0.574605
vt 0.537944 0.577920
vt 0.482939 0.171760
vt 0.522790 0.178931
vt 0.126621 0.175401
vt 0.586352 0.105495
vt 0.133435 0.350557
vt 0.862700 0.654941
vt 0.869840 0.661454
vt 0.864324 0.668028
vt 0.822681 0.885216
vt 0.643062 0.793970
vt 0.019282 0.419822
vt 0.460202 0.475728
vt 0.602920 0.552983
vt 0.591026 0.533481
vt 0.251320 0.329193
vt 0.470117 0.984578
vt 0.463968 0.983928
vt 0.700044 0.606698
vt 0.547452 0.281034
vt 0.479383 0.977633
vt 0.480657 0.989453
vt 0.130584 0.274190
vt 0.121279 0.253326
vt 0.130147 0.254938
vt 0.092308 0.231917
vt 0.111551 0.241898
vt 0.151181 0.758545
vt 0.082744 0.399542
vt 0.345865 0.931033
vt 0.309322 0.957583
vt 0.299280 0.936660
vt 0.882610 0.554984
vt 0.039634 0.286143
vt 0.105758 0.268317
vt 0.087461 0.286143
vt 0.760891 0.093088
vt 0.026177 0.370508
vt 0.002478 0.323476
vt 0.601415 0.204400
vt 0.598426 0.176197
vt 0.712530 0.524011
vt 0.582684 0.156997
vt 0.551568 0.253126
vt 0.864892 0.638308
vt 0.548349 0.264645
vt 0.139179 0.247550
vt 0.463720 0.450554
vt 0.455779 0.480097
vt 0.625827 0.555499
vt 0.062514 0.223164
vt 0.617977 0.001107
vt 0.590115 0.032586
vt 0.591913 0.000652
vt 0.129487 0.237420
vt 0.170073 0.016821
vt 0.169645 0.742988
vt 0.049598 0.769058
vt 0.054496 0.790689
vt 0.020348 0.777902
vt 0.166226 0.710533
vt 0.215947 0.766283
vt 0.910916 0.920907
vt 0.893057 0.924056
vt 0.911192 0.870917
vt 0.725049 0.206736
vt 0.044424 0.371876
vt 0.542200 0.216056
vt 0.616808 0.498067
vt 0.989112 0.673787
vt 0.997017 0.685249
vt 0.997017 0.713103
vt 0.196517 0.226936
vt 0.429831 0.482970
vt 0.446979 0.244687
vt 0.947164 0.832033
vt 0.461064 0.993149
vt 0.582667 0.016311
vt 0.107704 0.261573
vt 0.130030 0.287682
vt 0.069022 0.265595
vt 0.169794 0.010319
vt 0.544801 0.801366
vt 0.525979 0.797040
vt 0.583561 0.757158
vt 0.996071 0.981792
vt 0.985161 0.955261
vt 0.870436 0.747015
vt 0.758922 0.120176
vt 0.087052 0.221024
vt 0.706260 0.602092
vt 0.896354 0.156895
vt 0.900032 0.153217
vt 0.901710 0.172709
vt 0.479529 0.649996
vt 0.886245 0.602233
vt 0.119931 0.149078
vt 0.445751 0.237383
vt 0.602037 0.535748
vt 0.639117 0.016937
vt 0.614904 0.043212
vt 0.559306 0.568697
vt 0.961610 0.990424
vt 0.961610 0.977047
vt 0.966434 0.987905
vt 0.190049 0.729348
vt 0.467855 0.182413
vt 0.231694 0.499547
vt 0.231908 0.485730
vt 0.260962 0.477399
vt 0.797794 0.078771
vt 0.186582 0.324947
vt 0.749054 0.550505
vt 0.873134 0.631392
vt 0.874719 0.647789
vt 0.985733 0.689619
vt 0.833239 0.946721
vt 0.818263 0.918898
vt 0.446620 0.465343
vt 0.304953 0.568937
vt 0.287564 0.582546
vt 0.561975 0.157558
vt 0.547565 0.154455
vt 0.555174 0.148434
vt 0.086733 0.230169
vt 0.400674 0.087987
vt 0.611898 0.545588
vt 0.050574 0.291507
vt 0.063704 0.304636
vt 0.037115 0.295381
vt 0.938533 0.842899
vt 0.042259 0.231054
vt 0.026147 0.799635
vt 0.592835 0.776747
vt 0.192890 0.904060
vt 0.211822 0.891034
vt 0.223142 0.927888
vt 0.692408 0.036282
vt 0.695683 0.523274
vt 0.740124 0.548018
vt 0.536378 0.207509
vt 0.538792 0.241065
vt 0.365761 0.262160
vt 0.380184 0.262111
vt 0.391148 0.274287
vt 0.153554 0.234249
vt 0.193458 0.218055
vt 0.262015 0.255441
vt 0.220776 0.266491
vt 0.195846 0.255514
vt 0.416596 0.087861
vt 0.878044 0.158880
vt 0.882388 0.175267
vt 0.353046 0.621962
vt 0.315461 0.641458
vt 0.162785 0.021089
vt 0.105099 0.882261
vt 0.135577 0.901409
vt 0.122472 0.901211
vt 0.681749 0.615885
vt 0.726145 0.600812
vt 0.721885 0.619372
vt 0.884274 0.902883
vt 0.883251 0.723436
vt 0.883374 0.700479
vt 0.066175 0.269515
vt 0.258992 0.468442
vt 0.880939 0.446633
vt 0.874162 0.672651
vt 0.379883 0.273415
vt 0.229848 0.320606
vt 0.441168 0.993516
vt 0.259736 0.721261
vt 0.302345 0.728775
vt 0.265990 0.757961
vt 0.003541 0.816659
vt 0.031599 0.832595
vt 0.007501 0.839885
vt 0.174545 0.722132
vt 0.037291 0.805843
vt 0.004906 0.874116
vt 0.217614 0.720011
vt 0.933286 0.500750
vt 0.942160 0.517045
vt 0.933148 0.522248
vt 0.615291 0.081241
vt 0.940901 0.492300
vt 0.936137 0.474302
vt 0.025477 0.378746
vt 0.291123 0.457043
vt 0.842981 0.575077
vt 0.796557 0.588890
vt 0.800524 0.577302
vt 0.718680 0.539056
vt 0.930791 0.434364
vt 0.529538 0.209026
vt 0.705719 0.287896
vt 0.718817 0.299958
vt 0.704620 0.315182
vt 0.169375 0.217062
vt 0.464924 0.649659
vt 0.489577 0.268509
vt 0.015601 0.796742
vt 0.014712 0.804607
vt 0.190816 0.884329
vt 0.588168 0.096488
vt 0.591463 0.096863
vt 0.666167 0.070960
vt 0.845138 0.565210
vt 0.035882 0.381409
vt 0.058344 0.073557
vt 0.037825 0.082036
vt 0.037825 0.076248
vt 0.739296 0.551601
vt 0.592439 0.177378
vt 0.331990 0.250546
vt 0.871579 0.275144
vt 0.880019 0.323007
vt 0.867640 0.331066
vt 0.307875 0.531303
vt 0.331879 0.477005
vt 0.325742 0.493014
vt 0.321905 0.459190
vt 0.426084 0.493867
vt 0.305789 0.458292
vt 0.759423 0.001034
vt 0.738839 0.015906
vt 0.712238 0.000548
vt 0.298040 0.762191
vt 0.480482 0.585451
vt 0.262812 0.710173
vt 0.845459 0.553404
vt 0.888765 0.511780
vt 0.888893 0.545746
vt 0.872705 0.571852
vt 0.129885 0.152937
vt 0.614221 0.079950
vt 0.230809 0.484053
vt 0.005987 0.391392
vt 0.574675 0.155261
vt 0.723490 0.278379
vt 0.328744 0.505658
vt 0.554588 0.162108
vt 0.534989 0.137942
vt 0.551156 0.134023
vt 0.917939 0.485124
vt 0.924953 0.511302
vt 0.916841 0.535576
vt 0.025904 0.300855
vt 0.071342 0.318690
vt 0.353298 0.666210
vt 0.284796 0.706956
vt 0.303841 0.715684
vt 0.581088 0.794888
vt 0.132845 0.912469
vt 0.112514 0.929183
vt 0.742710 0.631765
vt 0.738016 0.865418
vt 0.750944 0.858794
vt 0.759307 0.868348
vt 0.716314 0.394228
vt 0.727095 0.076518
vt 0.758232 0.084602
vt 0.777380 0.074501
vt 0.255743 0.467737
vt 0.841694 0.550230
vt 0.879353 0.637784
vt 0.880446 0.685513
vt 0.570679 0.169366
vt 0.896583 0.140958
vt 0.543776 0.522602
vt 0.875179 0.754918
vt 0.060137 0.074584
vt 0.358410 0.280291
vt 0.422987 0.473614
vt 0.860226 0.141753
vt 0.848285 0.155713
vt 0.949179 0.812277
vt 0.435255 0.977025
vt 0.445974 0.956213
vt 0.495014 0.249033
vt 0.053881 0.813766
vt 0.750265 0.873688
vt 0.767868 0.875737
vt 0.757208 0.902122
vt 0.760578 0.920786
vt 0.438439 0.200294
vt 0.430629 0.222994
vt 0.397737 0.224718
vt 0.781003 0.924005
vt 0.759717 0.926848
vt 0.733845 0.350103
vt 0.594386 0.082056
vt 0.926416 0.630064
vt 0.942535 0.609529
vt 0.943774 0.620042
vt 0.235945 0.472511
vt 0.011481 0.393133
vt 0.269283 0.453741
vt 0.355053 0.254634
vt 0.319901 0.243539
vt 0.320304 0.235861
vt 0.051063 0.085741
vt 0.712177 0.178612
vt 0.029846 0.090177
vt 0.694044 0.533062
vt 0.015260 0.086906
vt 0.731089 0.563659
vt 0.888902 0.668698
vt 0.523987 0.349171
vt 0.549789 0.383411
vt 0.506258 0.360500
vt 0.809192 0.391842
vt 0.785466 0.396126
vt 0.769243 0.386378
vt 0.040494 0.321110
vt 0.198432 0.322470
vt 0.453560 0.066090
vt 0.491241 0.066336
vt 0.457587 0.076411
vt 0.902331 0.125421
vt 0.483100 0.253984
vt 0.553883 0.820599
vt 0.996992 0.955681
vt 0.867124 0.554174
vt 0.700627 0.046163
vt 0.478938 0.282990
vt 0.465627 0.295609
vt 0.452140 0.286166
vt 0.122455 0.322465
vt 0.348512 0.519959
vt 0.793223 0.935910
vt 0.004064 0.292637
vt 0.022024 0.316666
vt 0.483186 0.245073
vt 0.305896 0.708919
vt 0.174302 0.895614
vt 0.729978 0.599619
vt 0.713662 0.865061
vt 0.732682 0.853587
vt 0.885920 0.735914
vt 0.675374 0.000530
vt 0.708072 0.002129
vt 0.689684 0.008792
vt 0.711511 0.008781
vt 0.017244 0.091861
vt 0.792400 0.378725
vt 0.523998 0.122404
vt 0.281926 0.799697
vt 0.089421 0.766947
vt 0.116405 0.779984
vt 0.088728 0.827401
vt 0.184154 0.706881
vt 0.512147 0.160871
vt 0.615179 0.047368
vt 0.636837 0.032203
vt 0.626385 0.084604
vt 0.135780 0.174147
vt 0.144728 0.186512
vt 0.886685 0.195859
vt 0.871947 0.180073
vt 0.883716 0.185506
vt 0.862937 0.159812
vt 0.860181 0.168224
vt 0.087664 0.030558
vt 0.106375 0.032012
vt 0.118363 0.048513
vt 0.452213 0.420981
vt 0.489599 0.421908
vt 0.466530 0.429247
vt 0.329534 0.460067
vt 0.348816 0.473298
vt 0.732380 0.871506
vt 0.724826 0.903766
vt 0.721930 0.884037
vt 0.778342 0.768448
vt 0.750575 0.780615
vt 0.754200 0.763180
vt 0.957486 0.831086
vt 0.959478 0.813035
vt 0.580029 0.818768
vt 0.196932 0.926643
vt 0.733095 0.380463
vt 0.668478 0.008302
vt 0.798844 0.560923
vt 0.267402 0.449689
vt 0.346114 0.244956
vt 0.959191 0.856033
vt 0.898126 0.121924
vt 0.501055 0.288194
vt 0.548210 0.596176
vt 0.314789 0.707162
vt 0.848419 0.517277
vt 0.890942 0.974479
vt 0.885103 0.990520
vt 0.884317 0.970051
vt 0.742543 0.871574
vt 0.720882 0.574068
vt 0.752454 0.902047
vt 0.136741 0.164600
vt 0.589347 0.085300
vt 0.580228 0.092961
vt 0.937971 0.609900
vt 0.085289 0.033866
vt 0.051767 0.091230
vt 0.498366 0.328269
vt 0.888267 0.634708
vt 0.325462 0.264696
vt 0.749211 0.372739
vt 0.263545 0.326462
vt 0.274139 0.338166
vt 0.270042 0.353457
vt 0.906213 0.843295
vt 0.882554 0.841232
vt 0.887422 0.830138
vt 0.276603 0.332025
vt 0.284190 0.329866
vt 0.280245 0.346071
vt 0.711037 0.882144
vt 0.115573 0.772796
vt 0.121250 0.776143
vt 0.127294 0.797934
vt 0.158815 0.887670
vt 0.155334 0.902437
vt 0.137222 0.917700
vt 0.853247 0.887272
vt 0.877588 0.893340
vt 0.855043 0.941688
vt 0.937235 0.423548
vt 0.936563 0.408403
vt 0.939695 0.402977
vt 0.657588 0.995656
vt 0.687903 0.995656
vt 0.664733 0.998430
vt 0.876119 0.191787
vt 0.132378 0.151365
vt 0.938497 0.956299
vt 0.978703 0.956299
vt 0.940039 0.964845
vt 0.668766 0.011378
vt 0.684579 0.011648
vt 0.695581 0.012177
vt 0.372558 0.258699
vt 0.231033 0.470115
vt 0.322951 0.232521
vt 0.660325 0.349950
vt 0.672046 0.376585
vt 0.655168 0.391264
vt 0.248291 0.355216
vt 0.642651 0.174875
vt 0.663698 0.171329
vt 0.654745 0.201036
vt 0.482120 0.276773
vt 0.075316 0.837883
vt 0.574380 0.840180
vt 0.866019 0.498345
vt 0.593785 0.798636
vt 0.406089 0.210347
vt 0.942207 0.414817
vt 0.413066 0.945480
vt 0.434434 0.930518
vt 0.418000 0.963223
vt 0.139327 0.167770
vt 0.150231 0.177520
vt 0.447659 0.315626
vt 0.692476 0.290583
vt 0.686071 0.314883
vt 0.549071 0.357698
vt 0.280071 0.354978
vt 0.297191 0.327156
vt 0.291630 0.346894
vt 0.524708 0.156457
vt 0.523456 0.130419
vt 0.677258 0.191828
vt 0.583200 0.357863
vt 0.588816 0.389713
vt 0.553159 0.361901
vt 0.309803 0.755672
vt 0.083931 0.731887
vt 0.101862 0.683677
vt 0.125872 0.717669
vt 0.324296 0.711494
vt 0.320070 0.725760
vt 0.727055 0.566855
vt 0.741230 0.889862
vt 0.719848 0.853370
vt 0.159532 0.953583
vt 0.157740 0.949360
vt 0.172821 0.948884
vt 0.741996 0.847480
vt 0.889378 0.207549
vt 0.134611 0.949773
vt 0.866504 0.182753
vt 0.234949 0.453314
vt 0.450289 0.432336
vt 0.038271 0.099000
vt 0.379995 0.301943
vt 0.365184 0.297093
vt 0.357734 0.483970
vt 0.768090 0.359911
vt 0.909169 0.868643
vt 0.708658 0.910218
vt 0.001612 0.598451
vt 0.030712 0.612166
vt 0.011909 0.626880
vt 0.233940 0.302734
vt 0.115589 0.697795
vt 0.122933 0.708570
vt 0.279749 0.042691
vt 0.269263 0.031716
vt 0.291466 0.042189
vt 0.739275 0.593519
vt 0.750811 0.924049
vt 0.738345 0.602445
vt 0.941288 0.427216
vt 0.637162 0.084289
vt 0.136981 0.154023
vt 0.905521 0.406930
vt 0.911676 0.383736
vt 0.918575 0.395176
vt 0.273156 0.171509
vt 0.273866 0.159826
vt 0.302070 0.170778
vt 0.578729 0.081230
vt 0.935012 0.592072
vt 0.975781 0.592072
vt 0.940622 0.602113
vt 0.543291 0.971819
vt 0.545408 0.966004
vt 0.585836 0.971897
vt 0.706978 0.024605
vt 0.675806 0.024409
vt 0.917924 0.610500
vt 0.367080 0.240925
vt 0.668512 0.359842
vt 0.086672 0.045646
vt 0.127131 0.064573
vt 0.705373 0.253571
vt 0.919346 0.960076
vt 0.909343 0.945789
vt 0.952165 0.948314
vt 0.771685 0.797022
vt 0.993904 0.638378
vt 0.994085 0.655654
vt 0.979569 0.640058
vt 0.657593 0.216134
vt 0.637324 0.163405
vt 0.274230 0.030948
vt 0.736986 0.887492
vt 0.730513 0.848060
vt 0.664043 0.014261
vt 0.843084 0.542978
vt 0.463863 0.303912
vt 0.338370 0.287737
vt 0.885577 0.884007
vt 0.379770 0.457862
vt 0.286310 0.355981
vt 0.975914 0.650721
vt 0.971600 0.636993
vt 0.191756 0.302810
vt 0.474699 0.088643
vt 0.297342 0.057788
vt 0.287503 0.069333
vt 0.741092 0.600688
vt 0.757383 0.586637
vt 0.939657 0.450227
vt 0.944167 0.421976
vt 0.943409 0.401916
vt 0.923202 0.635137
vt 0.911820 0.635688
vt 0.933654 0.596103
vt 0.322058 0.220139
vt 0.014505 0.100630
vt 0.724334 0.922388
vt 0.968545 0.633713
vt 0.994430 0.602857
vt 0.996955 0.633713
vt 0.758486 0.803732
vt 0.020836 0.585846
vt 0.725713 0.799321
vt 0.313921 0.786290
vt 0.725320 0.021202
vt 0.125266 0.698013
vt 0.154822 0.915047
vt 0.991162 0.889404
vt 0.997009 0.856244
vt 0.996624 0.894372
vt 0.611352 0.642589
vt 0.616346 0.638399
vt 0.612375 0.662651
vt 0.612086 0.594125
vt 0.718219 0.850039
vt 0.180815 0.945615
vt 0.170262 0.939468
vt 0.694442 0.738932
vt 0.683449 0.776480
vt 0.674547 0.777890
vt 0.670826 0.801472
vt 0.069773 0.107320
vt 0.052942 0.100239
vt 0.465431 0.433624
vt 0.494156 0.430163
vt 0.534188 0.334107
vt 0.711051 0.501112
vt 0.704632 0.464836
vt 0.723800 0.460450
vt 0.741438 0.909171
vt 0.735258 0.927729
vt 0.778727 0.360630
vt 0.671445 0.208803
vt 0.553126 0.402682
vt 0.569853 0.277078
vt 0.636269 0.277078
vt 0.637145 0.318290
vt 0.311771 0.028252
vt 0.212073 0.413381
vt 0.238519 0.409246
vt 0.237798 0.444483
vt 0.870185 0.206173
vt 0.484529 0.286920
vt 0.440745 0.329554
vt 0.816405 0.119837
vt 0.836884 0.137241
vt 0.814482 0.138793
vt 0.239087 0.952669
vt 0.224250 0.949785
vt 0.237701 0.940442
vt 0.720676 0.436339
vt 0.959094 0.657241
vt 0.472573 0.092922
vt 0.454023 0.092072
vt 0.738584 0.020879
vt 0.843748 0.360227
vt 0.845523 0.386420
vt 0.833795 0.370180
vt 0.717125 0.307512
vt 0.738340 0.315238
vt 0.736765 0.345287
vt 0.622054 0.812036
vt 0.608416 0.792619
vt 0.623719 0.793011
vt 0.235459 0.988493
vt 0.221416 0.986769
vt 0.222818 0.954829
vt 0.204240 0.951086
vt 0.196717 0.955168
vt 0.185187 0.947964
vt 0.484352 0.440939
vt 0.980279 0.350111
vt 0.965260 0.348717
vt 0.979261 0.327835
vt 0.848316 0.115432
vt 0.975189 0.368074
vt 0.707344 0.939238
vt 0.137793 0.797322
vt 0.172960 0.914151
vt 0.138465 0.923455
vt 0.840161 0.395433
vt 0.750315 0.824539
vt 0.616216 0.755641
vt 0.781980 0.486741
vt 0.758637 0.479505
vt 0.758227 0.456050
vt 0.687520 0.366824
vt 0.165232 0.954960
vt 0.024311 0.105486
vt 0.565705 0.342379
vt 0.861654 0.877659
vt 0.784132 0.191264
vt 0.795811 0.201776
vt 0.784937 0.205809
vt 0.703118 0.486710
vt 0.291782 0.369031
vt 0.899827 0.210548
vt 0.915977 0.224099
vt 0.884598 0.210064
vt 0.771565 0.804057
vt 0.678077 0.172165
vt 0.419142 0.343179
vt 0.408098 0.355532
vt 0.383044 0.343850
vt 0.663950 0.157253
vt 0.478169 0.093959
vt 0.104699 0.679486
vt 0.127643 0.766644
vt 0.394417 0.517550
vt 0.394021 0.496809
vt 0.425930 0.499869
vt 0.429010 0.522596
vt 0.319534 0.053651
vt 0.203148 0.392875
vt 0.447999 0.178930
vt 0.401142 0.194148
vt 0.726451 0.296774
vt 0.434642 0.971896
vt 0.610615 0.824941
vt 0.941671 0.733125
vt 0.926770 0.743618
vt 0.941446 0.704505
vt 0.676911 0.802633
vt 0.695251 0.392198
vt 0.838006 0.106383
vt 0.973456 0.613275
vt 0.297654 0.370745
vt 0.525079 0.900635
vt 0.500346 0.902347
vt 0.500346 0.865095
vt 0.384498 0.357983
vt 0.483308 0.100586
vt 0.476471 0.120702
vt 0.488898 0.094224
vt 0.218427 0.741329
vt 0.259743 0.748023
vt 0.223700 0.782034
vt 0.718782 0.023602
vt 0.725977 0.639197
vt 0.733815 0.683651
vt 0.683186 0.637895
vt 0.136312 0.765502
vt 0.147419 0.788794
vt 0.310199 0.059667
vt 0.154189 0.930948
vt 0.879134 0.942201
vt 0.901643 0.973517
vt 0.921915 0.973517
vt 0.920703 0.996419
vt 0.720067 0.827519
vt 0.300799 0.151822
vt 0.273452 0.146382
vt 0.463067 0.446811
vt 0.120264 0.069491
vt 0.265995 0.958545
vt 0.254065 0.944135
vt 0.796477 0.163871
vt 0.254523 0.383247
vt 0.894470 0.225618
vt 0.864704 0.214052
vt 0.689229 0.922819
vt 0.766876 0.808318
vt 0.689790 0.194920
vt 0.682802 0.174913
vt 0.429168 0.347156
vt 0.699098 0.153506
vt 0.687173 0.170176
vt 0.165652 0.770316
vt 0.167424 0.689729
vt 0.139853 0.694963
vt 0.150256 0.656974
vt 0.117017 0.675604
vt 0.415945 0.534824
vt 0.832756 0.347122
vt 0.827776 0.362341
vt 0.811111 0.328679
vt 0.827776 0.327299
vt 0.302743 0.492546
vt 0.313340 0.501438
vt 0.281047 0.518754
vt 0.321448 0.210005
vt 0.833667 0.532352
vt 0.470015 0.321857
vt 0.087681 0.055292
vt 0.274619 0.950457
vt 0.801773 0.111253
vt 0.686661 0.463669
vt 0.838204 0.103237
vt 0.851691 0.099244
vt 0.083083 0.511830
vt 0.035468 0.520507
vt 0.038577 0.516561
vt 0.797435 0.224005
vt 0.750889 0.932717
vt 0.972284 0.841234
vt 0.967889 0.850659
vt 0.964631 0.839106
vt 0.214760 0.017235
vt 0.209912 0.035327
vt 0.208602 0.012480
vt 0.785869 0.807093
vt 0.784490 0.816416
vt 0.692308 0.200306
vt 0.699518 0.198681
vt 0.387175 0.364945
vt 0.943147 0.086429
vt 0.951957 0.098326
vt 0.941178 0.091798
vt 0.248080 0.794513
vt 0.151751 0.490060
vt 0.118615 0.515523
vt 0.107816 0.501640
vt 0.855999 0.242660
vt 0.839812 0.244076
vt 0.854482 0.214907
vt 0.391095 0.081256
vt 0.388465 0.082774
vt 0.391230 0.045368
vt 0.990910 0.351433
vt 0.982266 0.326847
vt 0.993584 0.341450
vt 0.273415 0.947488
vt 0.810740 0.104811
vt 0.234338 0.934487
vt 0.709316 0.438332
vt 0.682901 0.462083
vt 0.863023 0.839532
vt 0.011577 0.493811
vt 0.676877 0.479802
vt 0.019150 0.492546
vt 0.971151 0.809272
vt 0.051368 0.593852
vt 0.536281 0.916959
vt 0.539575 0.894694
vt 0.435551 0.354181
vt 0.010311 0.560196
vt 0.045945 0.571237
vt 0.042625 0.553504
vt 0.938250 0.088676
vt 0.395566 0.383780
vt 0.365336 0.378424
vt 0.681671 0.651146
vt 0.446722 0.572190
vt 0.076441 0.492520
vt 0.842876 0.187099
vt 0.892645 0.383615
vt 0.703859 0.771425
vt 0.697921 0.793702
vt 0.920151 0.716936
vt 0.921113 0.589546
vt 0.351954 0.220500
vt 0.201863 0.961894
vt 0.421566 0.445282
vt 0.170426 0.959872
vt 0.379342 0.304302
vt 0.416281 0.308240
vt 0.380224 0.309301
vt 0.815834 0.092923
vt 0.281910 0.941799
vt 0.701263 0.431050
vt 0.286668 0.379366
vt 0.769501 0.815385
vt 0.949608 0.052488
vt 0.922645 0.057479
vt 0.172225 0.926371
vt 0.271529 0.511615
vt 0.918552 0.355343
vt 0.689348 0.814050
vt 0.491895 0.304028
vt 0.348628 0.306895
vt 0.679106 0.331485
vt 0.751103 0.011155
vt 0.787393 0.008054
vt 0.782952 0.013941
vt 0.228714 0.376163
vt 0.016771 0.509640
vt 0.021506 0.533116
vt 0.704717 0.198737
vt 0.219992 0.395398
vt 0.829373 0.373105
vt 0.917025 0.265654
vt 0.913926 0.318378
vt 0.909318 0.282181
vt 0.244305 0.401330
vt 0.280341 0.387629
vt 0.828701 0.403495
vt 0.731631 0.811868
vt 0.091370 0.958953
vt 0.110700 0.949939
vt 0.092675 0.987961
vt 0.924795 0.704455
vt 0.911865 0.591133
vt 0.837034 0.217491
vt 0.204720 0.968280
vt 0.982688 0.353784
vt 0.236695 0.926663
vt 0.839626 0.093099
vt 0.852087 0.090383
vt 0.024789 0.554275
vt 0.677409 0.451839
vt 0.658654 0.459172
vt 0.996979 0.410238
vt 0.995220 0.437396
vt 0.990573 0.434146
vt 0.981604 0.153877
vt 0.969003 0.154097
vt 0.993047 0.136194
vt 0.133142 0.748340
vt 0.090622 0.741708
vt 0.143900 0.743020
vt 0.848626 0.751506
vt 0.808733 0.745471
vt 0.843051 0.741850
vt 0.273515 0.791646
vt 0.143113 0.807627
vt 0.098964 0.679859
vt 0.332018 0.056449
vt 0.904562 0.275836
vt 0.211939 0.388458
vt 0.341576 0.159952
vt 0.309201 0.104711
vt 0.338663 0.118961
vt 0.810984 0.025721
vt 0.842088 0.014400
vt 0.857818 0.026507
vt 0.333054 0.163337
vt 0.145348 0.505530
vt 0.169414 0.965546
vt 0.676102 0.428410
vt 0.995453 0.371059
vt 0.970298 0.389335
vt 0.968569 0.370152
vt 0.231449 0.547236
vt 0.189372 0.547747
vt 0.216765 0.534915
vt 0.807912 0.721679
vt 0.415268 0.381484
vt 0.917437 0.089373
vt 0.240454 0.795871
vt 0.564852 0.409764
vt 0.334514 0.547909
vt 0.315174 0.503933
vt 0.348552 0.523966
vt 0.713145 0.702174
vt 0.371992 0.507699
vt 0.353456 0.538577
vt 0.215352 0.390126
vt 0.226191 0.392689
vt 0.242185 0.390901
vt 0.284737 0.493801
vt 0.045908 0.756612
vt 0.046627 0.764827
vt 0.009397 0.757479
vt 0.730380 0.788902
vt 0.722968 0.764391
vt 0.750932 0.763896
vt 0.980260 0.437470
vt 0.283708 0.132172
vt 0.272957 0.118575
vt 0.294673 0.116230
vt 0.091461 0.676592
vt 0.419191 0.606865
vt 0.390427 0.624805
vt 0.391630 0.596194
vt 0.446787 0.497985
vt 0.670662 0.001100
vt 0.652015 0.016747
vt 0.623078 0.000503
vt 0.949964 0.732430
vt 0.955111 0.737774
vt 0.941575 0.749516
vt 0.226483 0.380061
vt 0.988717 0.308736
vt 0.972943 0.320255
vt 0.983890 0.305836
vt 0.897152 0.358845
vt 0.909775 0.708043
vt 0.895195 0.704386
vt 0.794044 0.090623
vt 0.249818 0.917256
vt 0.002181 0.516755
vt 0.574003 0.411119
vt 0.903976 0.114882
vt 0.875376 0.105590
vt 0.910520 0.089319
vt 0.679068 0.666561
vt 0.391578 0.503840
vt 0.696090 0.805383
vt 0.710546 0.812993
vt 0.755077 0.805977
vt 0.855392 0.211800
vt 0.838567 0.193154
vt 0.109403 0.975343
vt 0.153256 0.100446
vt 0.096128 0.100446
vt 0.140173 0.090289
vt 0.080795 0.759170
vt 0.190426 0.974159
vt 0.758900 0.022158
vt 0.494122 0.449399
vt 0.962451 0.332744
vt 0.745744 0.728195
vt 0.539561 0.424052
vt 0.519604 0.452260
vt 0.520930 0.418170
vt 0.092499 0.747177
vt 0.512817 0.937270
vt 0.567200 0.428238
vt 0.675746 0.659244
vt 0.680660 0.641372
vt 0.086009 0.669305
vt 0.367487 0.148307
vt 0.365458 0.159353
vt 0.954950 0.777180
vt 0.726370 0.277187
vt 0.741395 0.295172
vt 0.124820 0.545918
vt 0.127251 0.522022
vt 0.611019 0.435074
vt 0.616424 0.446788
vt 0.591486 0.434675
vt 0.257487 0.508315
vt 0.831851 0.251337
vt 0.830859 0.229063
vt 0.545956 0.463476
vt 0.535098 0.472806
vt 0.397105 0.192165
vt 0.403760 0.172390
vt 0.419153 0.183990
vt 0.599676 0.703875
vt 0.570444 0.705739
vt 0.587869 0.693258
vt 0.132232 0.760083
vt 0.084667 0.758435
vt 0.977393 0.411207
vt 0.522060 0.022468
vt 0.525833 0.058129
vt 0.509419 0.049576
vt 0.274960 0.130583
vt 0.258827 0.108440
vt 0.247903 0.825452
vt 0.348207 0.141120
vt 0.375537 0.647389
vt 0.370741 0.665288
vt 0.370066 0.643335
vt 0.996500 0.303205
vt 0.803517 0.351526
vt 0.804477 0.973630
vt 0.827855 0.973630
vt 0.810864 0.992363
vt 0.884761 0.381220
vt 0.424080 0.320564
vt 0.437936 0.317478
vt 0.437262 0.330507
vt 0.481418 0.330613
vt 0.215251 0.975538
vt 0.979720 0.603268
vt 0.966390 0.612602
vt 0.944874 0.604107
vt 0.740833 0.021796
vt 0.876471 0.626797
vt 0.904007 0.628840
vt 0.909489 0.639600
vt 0.645966 0.411771
vt 0.651230 0.428578
vt 0.643998 0.444088
vt 0.398739 0.868187
vt 0.441481 0.835230
vt 0.446998 0.868187
vt 0.573523 0.719470
vt 0.957843 0.541380
vt 0.971692 0.544263
vt 0.964654 0.563598
vt 0.606105 0.713416
vt 0.578959 0.727832
vt 0.846169 0.725598
vt 0.807855 0.694527
vt 0.844217 0.706985
vt 0.281326 0.818880
vt 0.255939 0.127245
vt 0.348606 0.549518
vt 0.932972 0.751156
vt 0.391195 0.223780
vt 0.398647 0.210873
vt 0.394654 0.225725
vt 0.988995 0.315429
vt 0.391624 0.203262
vt 0.393903 0.192540
vt 0.593338 0.681961
vt 0.592959 0.637339
vt 0.612180 0.668767
vt 0.311315 0.479416
vt 0.377603 0.928828
vt 0.396198 0.915319
vt 0.365754 0.946091
vt 0.139408 0.489963
vt 0.135760 0.475044
vt 0.167482 0.455984
vt 0.066960 0.255393
vt 0.026380 0.269092
vt 0.033275 0.255981
vt 0.452417 0.176977
vt 0.452417 0.238992
vt 0.435212 0.222686
vt 0.649032 0.401919
vt 0.642238 0.390376
vt 0.001546 0.276648
vt 0.787998 0.022503
vt 0.943329 0.348127
vt 0.658142 0.456346
vt 0.008480 0.549668
vt 0.971468 0.560576
vt 0.844052 0.719150
vt 0.266630 0.167066
vt 0.273094 0.134041
vt 0.921872 0.121623
vt 0.926497 0.098799
vt 0.248944 0.112034
vt 0.372426 0.537650
vt 0.095620 0.660771
vt 0.935328 0.755427
vt 0.373423 0.643216
vt 0.940986 0.772658
vt 0.376611 0.223673
vt 0.473977 0.887013
vt 0.492025 0.865504
vt 0.498104 0.938833
vt 0.377722 0.179931
vt 0.969876 0.252748
vt 0.958968 0.268921
vt 0.968771 0.230673
vt 0.752450 0.617266
vt 0.748515 0.632451
vt 0.737873 0.605490
vt 0.385926 0.164122
vt 0.748087 0.638889
vt 0.729142 0.640603
vt 0.966342 0.282388
vt 0.764826 0.607034
vt 0.767117 0.648391
vt 0.151409 0.512585
vt 0.131620 0.531043
vt 0.758852 0.655557
vt 0.767422 0.661686
vt 0.786372 0.511076
vt 0.848297 0.207793
vt 0.539381 0.581322
vt 0.542905 0.606394
vt 0.530859 0.583898
vt 0.840077 0.984697
vt 0.838931 0.969108
vt 0.876199 0.969108
vt 0.547848 0.604004
vt 0.852049 0.985056
vt 0.872947 0.396690
vt 0.883989 0.368530
vt 0.885242 0.372954
vt 0.802340 0.999413
vt 0.776763 0.999413
vt 0.783983 0.996151
vt 0.823976 0.510078
vt 0.823278 0.487041
vt 0.828187 0.509168
vt 0.826384 0.478266
vt 0.817917 0.488614
vt 0.009999 0.226329
vt 0.018448 0.203115
vt 0.027458 0.231191
vt 0.419802 0.322157
vt 0.421283 0.301705
vt 0.426736 0.312427
vt 0.814404 0.467955
vt 0.823248 0.468485
vt 0.445002 0.299740
vt 0.437188 0.296994
vt 0.414463 0.281904
vt 0.433007 0.278899
vt 0.421494 0.288923
vt 0.392738 0.927298
vt 0.825633 0.243320
vt 0.933018 0.315676
vt 0.940319 0.270746
vt 0.938996 0.305322
vt 0.181095 0.979587
vt 0.925728 0.571543
vt 0.940432 0.570892
vt 0.955587 0.586047
vt 0.928893 0.589285
vt 0.910849 0.580931
vt 0.941409 0.588378
vt 0.911141 0.571845
vt 0.059694 0.506572
vt 0.025697 0.495310
vt 0.022602 0.480749
vt 0.057441 0.268273
vt 0.060747 0.450476
vt 0.088344 0.481941
vt 0.058297 0.461633
vt 0.093908 0.473263
vt 0.013841 0.279045
vt 0.904377 0.619787
vt 0.877628 0.610701
vt 0.914510 0.612493
vt 0.888485 0.604362
vt 0.670909 0.429785
vt 0.657122 0.401479
vt 0.661563 0.393544
vt 0.878143 0.616301
vt 0.664150 0.446188
vt 0.860749 0.622129
vt 0.714596 0.738221
vt 0.727039 0.715762
vt 0.511738 0.446936
vt 0.369082 0.083757
vt 0.344858 0.093851
vt 0.333585 0.089360
vt 0.517969 0.461255
vt 0.443494 0.150071
vt 0.422025 0.155097
vt 0.379075 0.134597
vt 0.405258 0.835364
vt 0.425614 0.177593
vt 0.505456 0.042079
vt 0.523510 0.009885
vt 0.977270 0.542666
vt 0.587073 0.737475
vt 0.337869 0.108857
vt 0.325608 0.108149
vt 0.540862 0.000655
vt 0.588266 0.000655
vt 0.565755 0.005259
vt 0.334591 0.058854
vt 0.329368 0.068885
vt 0.310071 0.065330
vt 0.988598 0.462390
vt 0.991544 0.456072
vt 0.996961 0.479898
vt 0.977410 0.482827
vt 0.181356 0.793099
vt 0.298789 0.932361
vt 0.318224 0.917763
vt 0.342824 0.928785
vt 0.361471 0.125263
vt 0.913789 0.762483
vt 0.373371 0.584096
vt 0.368246 0.626817
vt 0.363818 0.609005
vt 0.436839 0.935327
vt 0.936974 0.251687
vt 0.790819 0.603962
vt 0.788998 0.646412
vt 0.605301 0.706180
vt 0.519673 0.593446
vt 0.523296 0.557438
vt 0.624767 0.434330
vt 0.533629 0.629353
vt 0.011177 0.266574
vt 0.402577 0.295812
vt 0.383442 0.286276
vt 0.896352 0.348614
vt 0.352675 0.585565
vt 0.360769 0.597123
vt 0.339246 0.597157
vt 0.439932 0.289559
vt 0.442394 0.308297
vt 0.368411 0.953090
vt 0.830741 0.450986
vt 0.390057 0.941321
vt 0.688337 0.956574
vt 0.668325 0.949291
vt 0.712650 0.950477
vt 0.822918 0.194695
vt 0.819703 0.237946
vt 0.554611 0.946727
vt 0.510271 0.942847
vt 0.560207 0.940903
vt 0.934818 0.266877
vt 0.557367 0.961471
vt 0.524140 0.967330
vt 0.515083 0.960713
vt 0.072037 0.490769
vt 0.021913 0.455953
vt 0.040219 0.458583
vt 0.030468 0.477022
vt 0.074373 0.507632
vt 0.025694 0.292661
vt 0.015626 0.288562
vt 0.074235 0.483588
vt 0.913133 0.606037
vt 0.671217 0.403354
vt 0.395104 0.156216
vt 0.869634 0.614498
vt 0.488337 0.454468
vt 0.506866 0.501002
vt 0.471294 0.453509
vt 0.810545 0.630709
vt 0.800890 0.619980
vt 0.809400 0.598918
vt 0.355464 0.076266
vt 0.365837 0.058713
vt 0.355856 0.067468
vt 0.532834 0.479609
vt 0.443498 0.171701
vt 0.088208 0.763083
vt 0.985513 0.556218
vt 0.505216 0.024519
vt 0.566820 0.729139
vt 0.281772 0.135412
vt 0.326040 0.074603
vt 0.977915 0.454580
vt 0.291984 0.939482
vt 0.314337 0.970248
vt 0.265752 0.963523
vt 0.287143 0.991026
vt 0.294690 0.918379
vt 0.576020 0.934415
vt 0.575080 0.945164
vt 0.553027 0.934087
vt 0.825412 0.385860
vt 0.641801 0.471104
vt 0.276812 0.486921
vt 0.457367 0.274225
vt 0.694182 0.326382
vt 0.123415 0.942082
vt 0.135524 0.955531
vt 0.093160 0.940970
vt 0.486249 0.801429
vt 0.471861 0.790145
vt 0.481282 0.782785
vt 0.107530 0.498181
vt 0.814117 0.658845
vt 0.825534 0.646011
vt 0.945472 0.328754
vt 0.820688 0.599816
vt 0.829963 0.617837
vt 0.582240 0.666850
vt 0.524847 0.498701
vt 0.987636 0.543494
vt 0.992872 0.563432
vt 0.327824 0.085078
vt 0.179483 0.535719
vt 0.152977 0.550349
vt 0.075273 0.577653
vt 0.122701 0.581110
vt 0.089777 0.617017
vt 0.073026 0.582977
vt 0.351478 0.569595
vt 0.674267 0.680935
vt 0.652020 0.583717
vt 0.649241 0.606813
vt 0.637388 0.595450
vt 0.137807 0.036195
vt 0.175646 0.048489
vt 0.129867 0.045930
vt 0.706517 0.769016
vt 0.305289 0.910134
vt 0.360979 0.548554
vt 0.352523 0.929568
vt 0.337088 0.917757
vt 0.337549 0.907692
vt 0.605179 0.934259
vt 0.357997 0.622612
vt 0.812917 0.156203
vt 0.817547 0.142287
vt 0.833866 0.142623
vt 0.415608 0.568778
vt 0.358211 0.121082
vt 0.745066 0.282029
vt 0.744924 0.495989
vt 0.720992 0.780130
vt 0.318283 0.581623
vt 0.507506 0.307399
vt 0.238656 0.498778
vt 0.001999 0.017876
vt 0.019136 0.000738
vt 0.019194 0.038690
vt 0.474977 0.841230
vt 0.414722 0.779756
vt 0.459601 0.761623
vt 0.449470 0.809669
vt 0.060898 0.595705
vt 0.385021 0.572085
vt 0.407116 0.568774
vt 0.380670 0.550899
vt 0.403357 0.550713
vt 0.641186 0.448194
vt 0.625079 0.245654
vt 0.607767 0.239390
vt 0.630140 0.238269
vt 0.586412 0.756018
vt 0.660294 0.075572
vt 0.659639 0.107031
vt 0.643003 0.114789
vt 0.425010 0.748286
vt 0.310025 0.901440
vt 0.368785 0.554810
vt 0.627005 0.609997
vt 0.620532 0.602625
vt 0.622519 0.699190
vt 0.761190 0.512407
vt 0.160313 0.060157
vt 0.800111 0.213058
vt 0.813100 0.235957
vt 0.800111 0.236130
vt 0.318463 0.129273
vt 0.338915 0.162003
vt 0.283559 0.141471
vt 0.292014 0.910680
vt 0.350436 0.613227
vt 0.351923 0.601316
vt 0.645392 0.609036
vt 0.652303 0.610564
vt 0.361814 0.105634
vt 0.267041 0.479274
vt 0.971998 0.262625
vt 0.971998 0.229736
vt 0.989067 0.229986
vt 0.462061 0.802745
vt 0.696579 0.741327
vt 0.711726 0.708880
vt 0.058000 0.712764
vt 0.269402 0.299045
vt 0.267206 0.322760
vt 0.262877 0.305802
vt 0.259170 0.007179
vt 0.273917 0.017808
vt 0.262045 0.038371
vt 0.649089 0.626733
vt 0.644185 0.627903
vt 0.757986 0.301142
vt 0.805760 0.379908
vt 0.350528 0.574772
vt 0.180795 0.061492
vt 0.377342 0.573294
vt 0.799517 0.272403
vt 0.136257 0.087779
vt 0.187758 0.071046
vt 0.193955 0.088639
vt 0.846049 0.152787
vt 0.425593 0.793222
vt 0.969168 0.149738
vt 0.987659 0.124288
vt 0.993868 0.129244
vt 0.620103 0.226311
vt 0.636643 0.228261
vt 0.228301 0.005000
vt 0.243175 0.013473
vt 0.232105 0.028795
vt 0.252749 0.033819
vt 0.633020 0.623958
vt 0.419780 0.544486
vt 0.755214 0.290536
vt 0.792385 0.363415
vt 0.642127 0.403711
vt 0.415107 0.091471
vt 0.415107 0.108652
vt 0.370485 0.089429
vt 0.580865 0.931531
vt 0.617921 0.915946
vt 0.623259 0.930611
vt 0.862786 0.127188
vt 0.056199 0.807197
vt 0.548158 0.714693
vt 0.628640 0.263212
vt 0.612694 0.255607
vt 0.348704 0.757616
vt 0.336770 0.796120
vt 0.324950 0.789718
vt 0.639590 0.244208
vt 0.642318 0.060174
vt 0.266275 0.275565
vt 0.293649 0.300952
vt 0.250125 0.298917
vt 0.039941 0.616624
vt 0.241414 0.321817
vt 0.398067 0.540794
vt 0.234129 0.037880
vt 0.243788 0.032517
vt 0.618040 0.620989
vt 0.841239 0.433817
vt 0.828477 0.439498
vt 0.845375 0.424446
vt 0.854890 0.423867
vt 0.650963 0.650882
vt 0.627346 0.676916
vt 0.625834 0.646835
vt 0.781392 0.340884
vt 0.457073 0.793818
vt 0.461394 0.768430
vt 0.396413 0.408831
vt 0.419914 0.404687
vt 0.401026 0.425229
vt 0.830757 0.515520
vt 0.818021 0.540852
vt 0.772003 0.514283
vt 0.319822 0.793304
vt 0.644430 0.238687
vt 0.318211 0.788492
vt 0.933556 0.337654
vt 0.941259 0.334850
vt 0.941240 0.363152
vt 0.862259 0.636885
vt 0.840430 0.648856
vt 0.841699 0.636885
vt 0.617781 0.628368
vt 0.841906 0.654884
vt 0.852437 0.654544
vt 0.849055 0.662018
vt 0.857762 0.665183
vt 0.832290 0.672905
vt 0.837732 0.682610
vt 0.863747 0.679609
vt 0.835621 0.690761
vt 0.862581 0.671008
vt 0.870228 0.400324
vt 0.298360 0.578342
vt 0.319893 0.573690
vt 0.838395 0.004492
vt 0.885115 0.004492
vt 0.854465 0.019657
vt 0.368343 0.558945
vt 0.146878 0.183240
vt 0.186300 0.180128
vt 0.168506 0.198384
vt 0.209948 0.180879
vt 0.203558 0.196676
vt 0.379063 0.105048
vt 0.016687 0.583944
vt 0.000070 0.583944
vt 0.000204 0.560955
vt 0.359335 0.090940
vt 0.663413 0.821580
vt 0.654222 0.768548
vt 0.669335 0.787992
vt 0.365213 0.406380
vt 0.389647 0.403682
vt 0.580416 0.921107
vt 0.042323 0.894750
vt 0.074832 0.937406
vt 0.034646 0.925539
vt 0.327440 0.875374
vt 0.301210 0.862251
vt 0.827254 0.430591
vt 0.811805 0.264852
vt 0.810508 0.291491
vt 0.799590 0.292005
vt 0.801919 0.274676
vt 0.854622 0.693327
vt 0.814676 0.670124
vt 0.826667 0.421632
vt 0.845355 0.409034
vt 0.841700 0.401767
vt 0.793672 0.282710
vt 0.814064 0.321756
vt 0.790286 0.336430
vt 0.843653 0.625217
vt 0.854133 0.612235
vt 0.857298 0.634689
vt 0.128224 0.075892
vt 0.144224 0.082090
vt 0.338973 0.557599
vt 0.996940 0.164669
vt 0.980567 0.187205
vt 0.977925 0.157793
vt 0.366064 0.382004
vt 0.670076 0.755059
vt 0.604773 0.904526
vt 0.352691 0.798599
vt 0.338270 0.811137
vt 0.601219 0.514938
vt 0.610761 0.529744
vt 0.588635 0.522982
vt 0.280626 0.803534
vt 0.353131 0.883361
vt 0.816871 0.676797
vt 0.809491 0.691476
vt 0.783016 0.290467
vt 0.790986 0.279793
vt 0.780936 0.299498
vt 0.377873 0.993280
vt 0.376516 0.998341
vt 0.344158 0.995034
vt 0.775943 0.288899
vt 0.819330 0.592620
vt 0.843761 0.594414
vt 0.838276 0.598713
vt 0.004701 0.299163
vt 0.019698 0.319804
vt 0.000509 0.320846
vt 0.836571 0.580530
vt 0.854939 0.593838
vt 0.853615 0.579583
vt 0.830623 0.610723
vt 0.872637 0.580632
vt 0.871636 0.598268
vt 0.498418 0.974012
vt 0.518832 0.974012
vt 0.515116 0.992474
vt 0.214140 0.092515
vt 0.214140 0.074696
vt 0.234465 0.089728
vt 0.389775 0.124195
vt 0.781457 0.443934
vt 0.744087 0.440340
vt 0.769251 0.421914
vt 0.719282 0.424429
vt 0.397152 0.387685
vt 0.581318 0.901574
vt 0.411946 0.395044
vt 0.645587 0.257744
vt 0.610286 0.536035
vt 0.937206 0.314522
vt 0.994597 0.830251
vt 0.988848 0.817508
vt 0.995381 0.803498
vt 0.434712 0.726062
vt 0.325816 0.846348
vt 0.273515 0.993734
vt 0.294532 0.999366
vt 0.263871 0.998734
vt 0.766518 0.302533
vt 0.851913 0.569352
vt 0.871320 0.609673
vt 0.199023 0.064279
vt 0.192774 0.076982
vt 0.200202 0.055553
vt 0.223630 0.071174
vt 0.231755 0.055341
vt 0.240140 0.072929
vt 0.247344 0.085887
vt 0.400360 0.136791
vt 0.417402 0.128957
vt 0.013210 0.936092
vt 0.013210 0.972237
vt 0.001575 0.953202
vt 0.369621 0.123826
vt 0.990071 0.585326
vt 0.968414 0.584948
vt 0.964093 0.565980
vt 0.742228 0.405937
vt 0.780215 0.397887
vt 0.754778 0.381103
vt 0.502695 0.357825
vt 0.494888 0.386517
vt 0.469851 0.381651
vt 0.467803 0.402649
vt 0.438655 0.398335
vt 0.012753 0.933662
vt 0.024210 0.913649
vt 0.555154 0.931841
vt 0.793499 0.546831
vt 0.624581 0.523072
vt 0.673915 0.237462
vt 0.623395 0.535524
vt 0.675131 0.220853
vt 0.240537 0.278716
vt 0.466413 0.358029
vt 0.373494 0.222621
vt 0.353615 0.216870
vt 0.374330 0.180991
vt 0.026931 0.870874
vt 0.616758 0.544544
vt 0.227942 0.297874
vt 0.001561 0.882208
vt 0.645714 0.279393
vt 0.990944 0.842140
vt 0.635561 0.506597
vt 0.616925 0.507931
vt 0.627839 0.468727
vt 0.436167 0.380587
vt 0.373507 0.242863
vt 0.639064 0.546551
vt 0.213497 0.279504
vt 0.977647 0.485999
vt 0.965346 0.523858
vt 0.948918 0.496324
s 1
usemtl Material.001
f 1/1/1 2/2/2 3/3/3
f 4/4/4 5/5/5 6/6/6
f 6/7/6 7/8/7 8/9/8
f 5/5/5 9/10/9 6/6/6
f 3/3/3 10/11/10 1/1/1
f 3/12/3 11/13/11 12/14/12
f 3/15/3 2/16/2 11/17/11
f 9/18/9 5/19/5 13/20/13
f 6/6/6 8/21/8 4/4/4
f 8/9/8 7/8/7 14/22/14
f 9/18/9 10/23/10 6/24/6
f 3/3/3 15/25/15 10/11/10
f 3/12/3 12/14/12 15/26/15
f 16/27/16 17/28/17 1/29/1
f 1/1/1 18/30/18 2/2/2
f 19/31/19 13/32/13 5/33/5
f 5/33/5 4/34/4 20/35/20
f 21/36/21 10/23/10 9/18/9
f 15/37/15 6/38/6 10/39/10
f 7/40/7 6/38/6 15/37/15
f 21/41/21 16/27/16 1/29/1
f 2/42/2 18/43/18 22/44/22
f 23/45/23 24/46/24 25/47/25
f 25/48/25 24/49/24 26/50/26
f 24/51/24 27/52/27 26/53/26
f 28/54/28 27/52/27 24/51/24
f 29/55/29 28/56/28 24/57/24
f 28/58/28 30/59/30 31/60/31
f 32/61/32 33/62/33 30/63/30
f 32/64/32 34/65/34 33/66/33
f 32/64/32 35/67/35 34/65/34
f 35/67/35 36/68/36 34/65/34
f 37/69/37 36/70/36 35/71/35
f 38/72/38 36/70/36 37/69/37
f 39/73/39 37/69/37 40/74/40
f 41/75/41 39/76/39 40/77/40
f 39/78/39 42/79/42 43/80/43
f 39/81/39 41/82/41 42/83/42
f 44/84/44 45/85/45 42/86/42
f 42/86/42 45/85/45 46/87/46
f 47/88/47 19/89/19 45/90/45
f 45/90/45 48/91/48 49/92/49
f 45/90/45 19/89/19 48/91/48
f 50/93/50 13/32/13 19/31/19
f 48/94/48 19/31/19 5/33/5
f 5/33/5 20/35/20 48/94/48
f 51/95/51 9/18/9 13/20/13
f 21/41/21 1/29/1 10/96/10
f 15/26/15 12/14/12 52/97/52
f 12/14/12 53/98/53 54/99/54
f 17/28/17 18/100/18 1/29/1
f 2/16/2 22/101/22 11/17/11
f 25/48/25 55/102/55 56/103/56
f 57/104/57 23/45/23 25/47/25
f 25/48/25 26/50/26 55/102/55
f 58/105/58 23/45/23 59/106/59
f 23/45/23 58/105/58 24/46/24
f 58/105/58 60/107/60 24/46/24
f 60/107/60 29/108/29 24/46/24
f 28/109/28 31/110/31 27/111/27
f 29/55/29 61/112/61 28/56/28
f 61/113/61 30/114/30 28/115/28
f 61/113/61 62/116/62 30/114/30
f 30/59/30 33/117/33 31/60/31
f 62/118/62 32/61/32 30/63/30
f 63/119/63 33/66/33 34/65/34
f 64/120/64 35/67/35 32/64/32
f 37/69/37 35/71/35 40/74/40
f 65/121/65 41/75/41 40/77/40
f 37/69/37 39/73/39 38/72/38
f 39/73/39 66/122/66 38/72/38
f 39/78/39 43/80/43 66/123/66
f 42/79/42 46/124/46 43/80/43
f 67/125/67 44/126/44 41/127/41
f 41/128/41 44/129/44 42/130/42
f 45/85/45 49/131/49 46/87/46
f 44/84/44 47/132/47 45/85/45
f 50/133/50 19/89/19 47/88/47
f 12/14/12 11/13/11 53/98/53
f 11/134/11 22/135/22 68/136/68
f 25/47/25 56/137/56 57/104/57
f 23/45/23 57/104/57 59/106/59
f 58/138/58 59/139/59 69/140/69
f 26/53/26 27/52/27 70/141/70
f 31/60/31 33/117/33 63/142/63
f 62/118/62 71/143/71 32/61/32
f 32/144/32 71/145/71 64/146/64
f 63/119/63 34/65/34 72/147/72
f 34/65/34 36/68/36 73/148/73
f 74/149/74 65/121/65 40/77/40
f 74/150/74 40/74/40 35/71/35
f 43/80/43 46/124/46 75/151/75
f 44/84/44 76/152/76 47/132/47
f 77/153/77 47/154/47 76/155/76
f 47/154/47 77/153/77 50/156/50
f 49/92/49 48/91/48 20/157/20
f 78/158/78 13/159/13 50/160/50
f 8/9/8 14/22/14 79/161/79
f 80/162/80 9/18/9 51/95/51
f 54/99/54 53/98/53 81/163/81
f 81/163/81 53/98/53 68/164/68
f 81/163/81 68/164/68 82/165/82
f 22/44/22 18/43/18 83/166/83
f 56/167/56 55/168/55 84/169/84
f 26/170/26 85/171/85 55/172/55
f 86/173/86 60/174/60 58/175/58
f 60/176/60 86/177/86 29/178/29
f 27/111/27 87/179/87 70/180/70
f 88/181/88 29/182/29 86/183/86
f 88/184/88 61/113/61 29/185/29
f 27/111/27 31/110/31 87/179/87
f 31/186/31 89/187/89 87/188/87
f 31/60/31 63/142/63 89/189/89
f 61/113/61 90/190/90 62/116/62
f 88/184/88 90/190/90 61/113/61
f 90/191/90 71/143/71 62/118/62
f 91/192/91 64/146/64 71/145/71
f 72/147/72 34/65/34 73/148/73
f 64/193/64 74/150/74 35/71/35
f 74/149/74 92/194/92 65/121/65
f 65/195/65 67/125/67 41/127/41
f 75/196/75 46/87/46 93/197/93
f 46/87/46 49/131/49 93/197/93
f 93/198/93 49/92/49 20/157/20
f 20/199/20 94/200/94 93/201/93
f 78/158/78 50/160/50 77/202/77
f 20/199/20 4/203/4 94/200/94
f 78/158/78 51/204/51 13/159/13
f 94/205/94 4/206/4 79/207/79
f 4/208/4 8/9/8 79/161/79
f 7/8/7 15/209/15 52/210/52
f 95/211/95 17/28/17 16/27/16
f 53/98/53 11/13/11 68/164/68
f 18/43/18 96/212/96 83/166/83
f 84/213/84 55/172/55 85/171/85
f 26/53/26 70/141/70 85/214/85
f 97/215/97 64/146/64 91/192/91
f 63/216/63 72/217/72 98/218/98
f 97/215/97 74/219/74 64/146/64
f 97/220/97 99/221/99 74/222/74
f 38/72/38 73/223/73 36/70/36
f 38/72/38 66/122/66 73/223/73
f 100/224/100 67/225/67 65/121/65
f 43/80/43 75/151/75 66/123/66
f 76/226/76 44/227/44 67/228/67
f 9/18/9 101/229/101 21/36/21
f 7/8/7 52/210/52 14/22/14
f 14/22/14 52/210/52 102/230/102
f 101/231/101 16/27/16 21/41/21
f 12/14/12 54/99/54 52/97/52
f 18/232/18 17/233/17 103/234/103
f 103/234/103 96/235/96 18/232/18
f 63/236/63 98/237/98 89/238/89
f 91/239/91 71/143/71 90/191/90
f 98/240/98 72/241/72 104/242/104
f 72/243/72 73/244/73 104/245/104
f 99/246/99 92/194/92 74/149/74
f 92/194/92 100/224/100 65/121/65
f 67/228/67 105/247/105 76/226/76
f 75/248/75 93/249/93 106/250/106
f 93/251/93 94/252/94 107/253/107
f 94/205/94 79/207/79 108/254/108
f 52/210/52 109/255/109 102/230/102
f 52/97/52 54/99/54 109/256/109
f 54/99/54 81/163/81 109/256/109
f 82/257/82 110/258/110 81/259/81
f 68/260/68 22/261/22 111/262/111
f 22/44/22 83/166/83 111/263/111
f 112/264/112 58/138/58 69/140/69
f 85/265/85 70/266/70 113/267/113
f 87/188/87 114/268/114 70/269/70
f 87/188/87 89/187/89 114/268/114
f 115/270/115 97/215/97 91/192/91
f 97/220/97 116/271/116 99/221/99
f 66/272/66 104/273/104 73/274/73
f 117/275/117 105/276/105 100/277/100
f 105/276/105 67/278/67 100/277/100
f 118/279/118 66/123/66 75/151/75
f 76/155/76 119/280/119 77/153/77
f 120/281/120 80/282/80 51/283/51
f 121/284/121 79/161/79 14/22/14
f 101/229/101 9/18/9 80/162/80
f 95/211/95 16/27/16 101/231/101
f 109/256/109 81/163/81 110/285/110
f 122/286/122 17/287/17 95/288/95
f 103/234/103 123/289/123 96/235/96
f 111/290/111 83/291/83 124/292/124
f 125/293/125 83/166/83 96/212/96
f 69/294/69 59/106/59 126/295/126
f 126/295/126 59/106/59 57/104/57
f 57/104/57 56/137/56 127/296/127
f 86/183/86 128/297/128 88/181/88
f 89/187/89 129/298/129 114/268/114
f 90/191/90 130/299/130 91/239/91
f 104/273/104 66/272/66 118/300/118
f 94/205/94 131/301/131 107/302/107
f 119/280/119 132/303/132 77/153/77
f 132/304/132 78/158/78 77/202/77
f 78/158/78 120/305/120 51/204/51
f 79/306/79 121/307/121 108/308/108
f 121/309/121 14/310/14 133/311/133
f 133/312/133 14/22/14 102/230/102
f 134/313/134 84/213/84 85/171/85
f 58/314/58 135/315/135 86/316/86
f 135/315/135 128/317/128 86/316/86
f 136/318/136 70/319/70 114/320/114
f 130/321/130 115/270/115 91/192/91
f 137/322/137 98/323/98 138/324/138
f 98/240/98 104/242/104 138/325/138
f 115/326/115 116/271/116 97/220/97
f 92/194/92 117/327/117 100/224/100
f 105/247/105 139/328/139 76/226/76
f 108/254/108 131/301/131 94/205/94
f 101/329/101 140/330/140 95/288/95
f 109/255/109 141/331/141 102/230/102
f 142/332/142 124/333/124 83/166/83
f 143/334/143 112/264/112 69/140/69
f 113/267/113 70/266/70 136/335/136
f 144/336/144 90/337/90 88/338/88
f 89/238/89 98/237/98 129/339/129
f 98/237/98 137/340/137 129/339/129
f 104/341/104 145/342/145 138/343/138
f 116/344/116 92/345/92 99/346/99
f 118/300/118 145/347/145 104/273/104
f 119/348/119 76/349/76 139/350/139
f 93/249/93 107/351/107 106/250/106
f 122/352/122 103/234/103 17/233/17
f 146/353/146 96/235/96 123/289/123
f 69/140/69 126/354/126 143/334/143
f 57/104/57 147/355/147 126/295/126
f 56/167/56 148/356/148 127/357/127
f 85/171/85 149/358/149 134/313/134
f 85/171/85 113/359/113 149/358/149
f 150/360/150 58/138/58 112/264/112
f 150/361/150 135/362/135 58/363/58
f 128/364/128 144/365/144 88/366/88
f 144/336/144 130/367/130 90/337/90
f 106/250/106 107/351/107 151/368/151
f 80/282/80 140/369/140 101/370/101
f 133/311/133 102/371/102 141/372/141
f 111/373/111 82/165/82 68/164/68
f 146/353/146 125/374/125 96/235/96
f 83/166/83 125/293/125 142/332/142
f 127/296/127 147/355/147 57/104/57
f 84/169/84 134/375/134 56/167/56
f 116/376/116 152/377/152 92/378/92
f 106/379/106 118/279/118 75/151/75
f 120/380/120 78/381/78 132/382/132
f 141/372/141 109/383/109 153/384/153
f 109/385/109 110/258/110 153/386/153
f 154/387/154 128/388/128 135/389/135
f 128/390/128 155/391/155 144/392/144
f 156/393/156 115/270/115 130/321/130
f 157/394/157 137/322/137 138/324/138
f 158/395/158 138/343/138 145/342/145
f 92/378/92 152/377/152 117/396/117
f 105/247/105 159/397/159 139/328/139
f 160/398/160 106/250/106 151/368/151
f 107/399/107 131/400/131 151/401/151
f 161/402/161 140/369/140 80/282/80
f 140/330/140 162/403/162 95/288/95
f 111/290/111 124/292/124 163/404/163
f 164/405/164 125/406/125 165/407/165
f 164/408/164 142/332/142 125/293/125
f 143/334/143 126/354/126 166/409/166
f 114/410/114 167/411/167 136/412/136
f 168/413/168 130/367/130 144/336/144
f 137/340/137 169/414/169 129/339/129
f 170/415/170 116/271/116 115/326/115
f 121/309/121 133/311/133 171/416/171
f 163/404/163 82/417/82 111/290/111
f 103/234/103 122/352/122 123/289/123
f 122/418/122 172/419/172 123/420/123
f 173/421/173 148/356/148 56/167/56
f 134/375/134 173/421/173 56/167/56
f 127/296/127 174/422/174 147/355/147
f 174/422/174 127/296/127 175/423/175
f 176/424/176 177/425/177 175/426/175
f 128/390/128 154/427/154 155/391/155
f 114/268/114 178/428/178 167/429/167
f 129/298/129 178/428/178 114/268/114
f 130/367/130 179/430/179 156/431/156
f 137/322/137 157/394/157 169/432/169
f 157/433/157 138/343/138 158/395/158
f 118/300/118 180/434/180 145/347/145
f 117/275/117 181/435/181 105/276/105
f 182/436/182 183/437/183 184/438/184
f 182/436/182 185/439/185 183/437/183
f 185/440/185 186/441/186 183/442/183
f 183/442/183 187/443/187 184/444/184
f 183/442/183 186/441/186 188/445/188
f 187/443/187 183/442/183 188/445/188
f 187/446/187 188/447/188 189/448/189
f 187/446/187 189/448/189 190/449/190
f 186/450/186 191/451/191 188/447/188
f 188/447/188 191/451/191 189/448/189
f 161/402/161 162/452/162 140/369/140
f 133/311/133 141/372/141 171/416/171
f 95/288/95 162/403/162 192/453/192
f 189/454/189 191/455/191 193/456/193
f 189/454/189 193/456/193 190/457/190
f 191/455/191 194/458/194 193/456/193
f 165/459/165 146/353/146 195/460/195
f 165/459/165 125/374/125 146/353/146
f 134/375/134 149/461/149 173/421/173
f 143/334/143 150/360/150 112/264/112
f 126/354/126 196/462/196 197/463/197
f 147/355/147 174/422/174 198/464/198
f 148/465/148 175/466/175 127/467/127
f 148/465/148 199/468/199 175/466/175
f 197/463/197 196/462/196 200/469/200
f 197/470/197 200/471/200 201/472/201
f 113/267/113 136/335/136 202/473/202
f 175/426/175 199/474/199 176/424/176
f 174/475/174 175/476/175 203/477/203
f 175/478/175 177/479/177 203/480/203
f 177/481/177 204/482/204 203/483/203
f 177/484/177 176/485/176 205/486/205
f 203/483/203 204/482/204 206/487/206
f 177/484/177 205/486/205 204/488/204
f 155/489/155 168/413/168 144/336/144
f 205/486/205 207/490/207 204/488/204
f 207/490/207 208/491/208 204/488/204
f 209/492/209 204/493/204 208/494/208
f 208/495/208 210/496/210 211/497/211
f 210/498/210 212/499/212 213/500/213
f 116/271/116 170/415/170 152/501/152
f 212/502/212 214/503/214 213/504/213
f 213/505/213 215/506/215 216/507/216
f 214/503/214 215/508/215 213/504/213
f 214/509/214 217/510/217 215/511/215
f 215/512/215 218/513/218 219/514/219
f 217/515/217 218/516/218 215/517/215
f 217/515/217 220/518/220 218/516/218
f 106/519/106 160/520/160 118/521/118
f 219/522/219 218/523/218 221/524/221
f 220/525/220 182/526/182 218/527/218
f 218/527/218 182/526/182 221/528/221
f 220/525/220 185/529/185 182/526/182
f 221/530/221 184/531/184 222/532/222
f 221/528/221 182/526/182 184/533/184
f 185/534/185 223/535/223 186/536/186
f 184/444/184 187/443/187 224/537/224
f 225/538/225 226/539/226 186/450/186
f 227/540/227 228/541/228 229/542/229
f 120/281/120 161/402/161 80/282/80
f 186/450/186 226/539/226 191/451/191
f 227/543/227 229/544/229 230/545/230
f 141/372/141 231/546/231 171/416/171
f 226/547/226 232/548/232 233/549/233
f 110/258/110 234/550/234 235/551/235
f 226/552/226 194/458/194 191/455/191
f 82/257/82 234/550/234 110/258/110
f 193/456/193 236/553/236 190/457/190
f 236/553/236 193/456/193 237/554/237
f 194/458/194 237/554/237 193/456/193
f 164/555/164 238/556/238 142/557/142
f 142/557/142 239/558/239 124/292/124
f 126/354/126 147/559/147 196/462/196
f 149/461/149 240/560/240 173/421/173
f 173/421/173 241/561/241 148/356/148
f 126/354/126 197/463/197 166/409/166
f 147/559/147 198/562/198 196/462/196
f 173/421/173 242/563/242 241/561/241
f 197/463/197 201/564/201 166/409/166
f 148/465/148 241/565/241 199/468/199
f 196/462/196 243/566/243 200/469/200
f 198/567/198 203/568/203 196/569/196
f 174/570/174 203/568/203 198/567/198
f 196/571/196 203/572/203 243/573/243
f 200/471/200 244/574/244 201/472/201
f 200/471/200 243/573/243 244/574/244
f 241/575/241 245/576/245 199/474/199
f 241/575/241 246/577/246 245/576/245
f 245/576/245 246/577/246 247/578/247
f 243/573/243 203/572/203 248/579/248
f 203/580/203 206/581/206 248/582/248
f 199/474/199 245/576/245 176/424/176
f 176/424/176 245/576/245 205/583/205
f 245/584/245 249/585/249 205/486/205
f 206/487/206 250/586/250 251/587/251
f 251/587/251 250/586/250 252/588/252
f 206/487/206 204/482/204 250/586/250
f 204/482/204 209/589/209 250/586/250
f 205/486/205 253/590/253 207/490/207
f 252/588/252 250/586/250 209/589/209
f 207/490/207 254/591/254 208/491/208
f 207/592/207 255/593/255 254/594/254
f 130/367/130 168/413/168 179/430/179
f 178/595/178 129/596/129 169/597/169
f 209/492/209 208/494/208 211/598/211
f 254/599/254 210/600/210 208/601/208
f 254/602/254 212/499/212 210/498/210
f 213/500/213 256/603/256 210/498/210
f 213/505/213 216/507/216 256/604/256
f 214/605/214 257/606/257 217/607/217
f 215/506/215 258/608/258 216/507/216
f 117/609/117 259/610/259 181/611/181
f 215/512/215 219/514/219 258/612/258
f 181/435/181 159/613/159 105/276/105
f 160/614/160 180/615/180 118/616/118
f 219/617/219 221/618/221 260/619/260
f 159/620/159 261/621/261 139/350/139
f 260/619/260 221/618/221 222/622/222
f 139/350/139 261/621/261 119/348/119
f 220/525/220 262/623/262 185/529/185
f 185/534/185 262/624/262 223/535/223
f 263/625/263 222/626/222 264/627/264
f 264/627/264 265/628/265 263/625/263
f 266/629/266 132/630/132 119/631/119
f 262/624/262 267/632/267 223/535/223
f 222/633/222 224/634/224 264/635/264
f 222/636/222 184/637/184 224/638/224
f 262/639/262 268/640/268 267/641/267
f 223/642/223 267/643/267 225/644/225
f 224/634/224 229/645/229 264/635/264
f 223/642/223 225/644/225 186/646/186
f 265/647/265 264/648/264 269/649/269
f 108/650/108 121/651/121 270/652/270
f 264/653/264 228/654/228 269/655/269
f 264/653/264 229/656/229 228/654/228
f 224/657/224 187/658/187 229/659/229
f 187/658/187 190/660/190 229/659/229
f 267/661/267 232/662/232 225/663/225
f 271/664/271 232/662/232 267/661/267
f 229/544/229 190/665/190 230/545/230
f 225/663/225 232/662/232 226/666/226
f 269/655/269 228/654/228 272/667/272
f 228/668/228 227/543/227 272/669/272
f 232/548/232 273/670/273 233/549/233
f 141/372/141 153/384/153 231/546/231
f 110/258/110 235/551/235 153/386/153
f 95/288/95 192/453/192 274/671/274
f 273/670/273 275/672/275 233/549/233
f 227/543/227 276/673/276 272/669/272
f 226/547/226 233/549/233 277/674/277
f 190/457/190 236/553/236 230/675/230
f 227/543/227 230/545/230 276/673/276
f 226/552/226 277/676/277 194/458/194
f 277/674/277 233/549/233 275/672/275
f 95/288/95 274/671/274 122/286/122
f 194/677/194 277/678/277 237/679/237
f 237/679/237 277/678/277 278/680/278
f 237/679/237 278/680/278 236/681/236
f 278/680/278 279/682/279 236/681/236
f 195/460/195 280/683/280 165/459/165
f 146/353/146 281/684/281 195/460/195
f 142/557/142 238/556/238 239/558/239
f 123/289/123 282/685/282 146/353/146
f 124/292/124 239/558/239 163/404/163
f 143/334/143 166/409/166 283/686/283
f 143/334/143 283/686/283 150/360/150
f 241/687/241 242/688/242 246/689/246
f 149/690/149 113/267/113 284/691/284
f 243/573/243 285/692/285 244/574/244
f 248/579/248 285/692/285 243/573/243
f 248/579/248 286/693/286 285/692/285
f 246/577/246 287/694/287 247/578/247
f 288/695/288 286/693/286 289/696/289
f 286/693/286 248/579/248 289/696/289
f 248/582/248 206/581/206 289/697/289
f 247/578/247 249/698/249 245/576/245
f 290/699/290 249/698/249 247/578/247
f 136/412/136 167/411/167 202/700/202
f 289/701/289 206/702/206 251/703/251
f 154/427/154 291/704/291 155/391/155
f 249/585/249 253/590/253 205/486/205
f 155/705/155 292/706/292 168/707/168
f 252/708/252 209/709/209 293/710/293
f 207/490/207 253/590/253 255/711/255
f 209/492/209 294/712/294 293/713/293
f 209/492/209 211/598/211 294/712/294
f 255/593/255 295/714/295 254/594/254
f 169/432/169 157/394/157 296/715/296
f 293/716/293 294/717/294 297/718/297
f 298/719/298 156/720/156 179/721/179
f 254/722/254 295/723/295 212/724/212
f 157/394/157 299/725/299 296/715/296
f 295/726/295 300/727/300 212/728/212
f 297/718/297 294/717/294 301/729/301
f 211/497/211 210/496/210 294/717/294
f 115/270/115 156/393/156 170/730/170
f 294/717/294 210/496/210 256/731/256
f 294/717/294 256/731/256 301/729/301
f 301/732/301 256/733/256 302/734/302
f 302/734/302 256/733/256 303/735/303
f 212/502/212 300/736/300 214/503/214
f 303/737/303 256/604/256 216/507/216
f 300/736/300 304/738/304 214/503/214
f 305/739/305 303/737/303 216/507/216
f 259/610/259 117/609/117 152/740/152
f 304/741/304 257/606/257 214/605/214
f 257/742/257 306/743/306 217/515/217
f 258/612/258 307/744/307 308/745/308
f 258/612/258 219/514/219 307/744/307
f 309/746/309 306/743/306 257/742/257
f 306/743/306 310/747/310 217/515/217
f 311/748/311 310/747/310 306/743/306
f 217/515/217 310/747/310 220/518/220
f 312/749/312 307/750/307 313/751/313
f 219/752/219 260/753/260 307/750/307
f 220/525/220 310/754/310 262/623/262
f 310/755/310 314/756/314 262/757/262
f 315/758/315 314/756/314 316/759/316
f 263/625/263 260/760/260 222/626/222
f 266/629/266 119/631/119 261/761/261
f 317/762/317 260/760/260 263/625/263
f 317/762/317 263/625/263 318/763/318
f 314/756/314 268/764/268 262/757/262
f 315/758/315 268/764/268 314/756/314
f 319/765/319 268/766/268 315/767/315
f 318/763/318 263/625/263 320/768/320
f 263/625/263 265/628/265 320/768/320
f 319/769/319 321/770/321 268/771/268
f 265/647/265 322/772/322 320/773/320
f 323/774/323 320/773/320 322/772/322
f 267/775/267 268/771/268 321/770/321
f 324/776/324 321/770/321 319/769/319
f 324/776/324 271/777/271 321/770/321
f 265/647/265 269/649/269 322/772/322
f 321/770/321 271/777/271 267/775/267
f 269/778/269 325/779/325 322/780/322
f 324/781/324 326/782/326 271/664/271
f 327/783/327 326/782/326 324/781/324
f 271/664/271 326/782/326 232/662/232
f 232/548/232 326/784/326 273/670/273
f 269/778/269 272/785/272 325/779/325
f 272/669/272 328/786/328 325/787/325
f 326/784/326 329/788/329 273/670/273
f 272/669/272 330/789/330 328/786/328
f 272/669/272 276/673/276 330/789/330
f 276/673/276 331/790/331 330/789/330
f 230/675/230 236/553/236 276/791/276
f 236/792/236 331/793/331 276/794/276
f 277/678/277 332/795/332 278/680/278
f 331/793/331 236/792/236 333/796/333
f 334/797/334 82/417/82 163/404/163
f 236/792/236 279/798/279 333/796/333
f 335/799/335 238/556/238 164/555/164
f 282/800/282 281/801/281 146/802/146
f 135/362/135 150/361/150 283/803/283
f 240/560/240 242/563/242 173/421/173
f 240/560/240 336/804/336 242/563/242
f 337/805/337 166/806/166 201/807/201
f 336/808/336 246/689/246 242/688/242
f 201/807/201 244/809/244 337/805/337
f 284/691/284 113/267/113 338/810/338
f 283/803/283 154/811/154 135/362/135
f 244/574/244 285/692/285 288/695/288
f 338/810/338 113/267/113 202/473/202
f 285/692/285 286/693/286 288/695/288
f 291/812/291 154/813/154 283/814/283
f 288/815/288 289/816/289 339/817/339
f 251/703/251 339/818/339 289/701/289
f 202/700/202 167/411/167 340/819/340
f 341/820/341 249/821/249 290/822/290
f 292/823/292 155/391/155 291/704/291
f 251/703/251 342/824/342 339/818/339
f 341/825/341 253/590/253 249/585/249
f 251/587/251 252/588/252 342/826/342
f 253/590/253 343/827/343 255/711/255
f 179/430/179 168/413/168 292/828/292
f 342/829/342 252/708/252 293/710/293
f 178/595/178 169/597/169 344/830/344
f 297/831/297 301/832/301 345/833/345
f 345/834/345 301/732/301 302/734/302
f 303/835/303 346/836/346 302/837/302
f 303/835/303 305/838/305 346/836/346
f 347/839/347 304/840/304 300/841/300
f 305/739/305 216/507/216 348/842/348
f 258/608/258 308/843/308 216/507/216
f 348/842/348 216/507/216 308/843/308
f 304/741/304 349/844/349 257/606/257
f 308/745/308 307/744/307 312/845/312
f 349/846/349 309/847/309 257/848/257
f 306/743/306 309/746/309 311/748/311
f 307/750/307 260/753/260 313/751/313
f 310/849/310 311/850/311 316/851/316
f 311/852/311 350/853/350 316/854/316
f 311/855/311 351/856/351 350/857/350
f 313/858/313 317/859/317 352/860/352
f 313/751/313 260/753/260 317/861/317
f 352/860/352 317/859/317 353/862/353
f 316/759/316 314/756/314 310/755/310
f 350/863/350 315/758/315 316/759/316
f 350/863/350 354/864/354 315/758/315
f 317/762/317 318/763/318 353/865/353
f 353/865/353 318/763/318 355/866/355
f 315/767/315 354/867/354 319/765/319
f 318/868/318 320/773/320 323/774/323
f 270/869/270 131/870/131 108/871/108
f 322/780/322 325/779/325 323/872/323
f 323/872/323 325/779/325 356/873/356
f 121/651/121 171/874/171 270/652/270
f 325/787/325 328/786/328 356/875/356
f 327/876/327 357/877/357 326/784/326
f 357/877/357 329/788/329 326/784/326
f 329/788/329 275/672/275 273/670/273
f 328/786/328 330/789/330 331/790/331
f 329/878/329 358/879/358 275/880/275
f 277/881/277 275/880/275 332/882/332
f 234/550/234 82/257/82 334/883/334
f 331/793/331 333/796/333 359/884/359
f 358/879/358 332/882/332 275/880/275
f 279/682/279 278/680/278 360/885/360
f 281/684/281 280/683/280 195/460/195
f 282/800/282 123/420/123 172/419/172
f 336/886/336 287/887/287 246/888/246
f 244/574/244 288/695/288 337/889/337
f 337/889/337 288/695/288 361/890/361
f 338/891/338 202/892/202 340/893/340
f 287/694/287 290/699/290 247/578/247
f 288/815/288 339/817/339 361/894/361
f 361/894/361 339/817/339 362/895/362
f 339/818/339 342/824/342 363/896/363
f 340/819/340 167/411/167 364/897/364
f 364/898/364 167/899/167 365/900/365
f 363/901/363 342/902/342 366/903/366
f 167/904/167 178/595/178 365/905/365
f 341/825/341 343/827/343 253/590/253
f 365/905/365 178/595/178 344/830/344
f 367/906/367 255/593/255 343/907/343
f 344/830/344 169/597/169 296/908/296
f 368/909/368 299/725/299 157/394/157
f 369/910/369 170/911/170 156/912/156
f 345/834/345 302/734/302 370/913/370
f 302/734/302 346/914/346 370/913/370
f 371/915/371 347/839/347 300/841/300
f 170/415/170 369/916/369 152/501/152
f 346/836/346 305/838/305 348/917/348
f 259/610/259 152/740/152 372/918/372
f 308/843/308 373/919/373 348/842/348
f 145/920/145 180/921/180 374/922/374
f 347/839/347 349/923/349 304/840/304
f 259/924/259 375/925/375 181/435/181
f 308/745/308 376/926/376 373/927/373
f 308/745/308 312/845/312 376/926/376
f 349/928/349 377/929/377 309/746/309
f 309/746/309 377/929/377 311/748/311
f 312/749/312 313/751/313 378/930/378
f 312/749/312 378/930/378 376/931/376
f 379/932/379 351/856/351 311/855/311
f 313/751/313 352/933/352 378/930/378
f 350/863/350 351/934/351 380/935/380
f 353/862/353 381/936/381 352/860/352
f 350/863/350 380/935/380 382/937/382
f 382/937/382 354/864/354 350/863/350
f 353/865/353 383/938/383 381/939/381
f 353/865/353 355/866/355 383/938/383
f 151/401/151 131/400/131 384/940/384
f 323/941/323 355/866/355 318/763/318
f 383/938/383 355/866/355 385/942/385
f 354/943/354 386/944/386 319/769/319
f 385/945/385 355/946/355 387/947/387
f 323/948/323 387/947/387 355/946/355
f 319/769/319 386/944/386 324/776/324
f 385/945/385 387/947/387 388/949/388
f 388/949/388 387/947/387 389/950/389
f 387/947/387 323/948/323 389/950/389
f 323/872/323 356/873/356 389/951/389
f 324/781/324 386/952/386 390/953/390
f 324/781/324 390/953/390 327/783/327
f 390/953/390 391/954/391 327/783/327
f 356/875/356 328/786/328 392/955/392
f 392/955/392 328/786/328 393/956/393
f 328/786/328 331/790/331 393/956/393
f 279/798/279 394/957/394 333/796/333
f 278/680/278 332/795/332 360/885/360
f 358/958/358 395/959/395 332/960/332
f 163/404/163 396/961/396 334/797/334
f 166/806/166 397/962/397 283/963/283
f 284/691/284 338/810/338 398/964/398
f 399/965/399 291/812/291 283/814/283
f 291/704/291 400/966/400 292/823/292
f 362/967/362 339/818/339 363/896/363
f 401/968/401 179/430/179 292/828/292
f 342/829/342 293/710/293 366/969/366
f 293/710/293 402/970/402 366/969/366
f 296/971/296 299/972/299 403/973/403
f 404/974/404 298/719/298 179/721/179
f 293/975/293 297/976/297 402/977/402
f 297/831/297 405/978/405 402/979/402
f 157/433/157 158/395/158 368/980/368
f 297/831/297 345/833/345 405/978/405
f 405/981/405 345/834/345 370/913/370
f 346/836/346 348/917/348 370/982/370
f 377/929/377 379/983/379 311/748/311
f 406/984/406 160/398/160 151/368/151
f 407/985/407 354/986/354 382/987/382
f 407/988/407 408/989/408 354/943/354
f 408/989/408 386/944/386 354/943/354
f 389/990/389 409/991/409 388/992/388
f 408/989/408 410/993/410 386/944/386
f 386/952/386 410/994/410 390/953/390
f 389/951/389 392/995/392 409/996/409
f 390/953/390 410/994/410 391/954/391
f 389/951/389 356/873/356 392/995/392
f 327/876/327 411/997/411 357/877/357
f 357/877/357 412/998/412 329/788/329
f 331/793/331 359/884/359 393/999/393
f 274/1000/274 413/1001/413 122/418/122
f 163/404/163 239/558/239 396/961/396
f 166/806/166 337/805/337 397/962/397
f 338/810/338 414/1002/414 398/964/398
f 283/1003/283 415/1004/415 399/1005/399
f 340/893/340 414/1006/414 338/891/338
f 340/893/340 364/1007/364 414/1006/414
f 292/1008/292 400/1009/400 401/1010/401
f 344/830/344 403/1011/403 365/905/365
f 404/1012/404 179/430/179 401/968/401
f 344/830/344 296/908/296 403/1011/403
f 255/593/255 367/906/367 295/714/295
f 295/1013/295 416/1014/416 300/1015/300
f 405/981/405 370/913/370 417/1016/417
f 300/1017/300 416/1018/416 371/1019/371
f 145/342/145 418/1020/418 158/395/158
f 374/1021/374 418/1020/418 145/342/145
f 370/982/370 348/917/348 419/1022/419
f 369/1023/369 372/1024/372 152/1025/152
f 372/918/372 375/1026/375 259/610/259
f 420/1027/420 373/927/373 376/926/376
f 407/988/407 421/1028/421 408/989/408
f 131/870/131 270/869/270 384/1029/384
f 421/1028/421 422/1030/422 408/989/408
f 408/1031/408 422/1032/422 410/1033/410
f 423/1034/423 424/1035/424 410/1033/410
f 410/994/410 424/1036/424 391/954/391
f 391/954/391 424/1036/424 327/783/327
f 424/1036/424 411/1037/411 327/783/327
f 411/1038/411 412/1039/412 357/1040/357
f 413/1001/413 172/419/172 122/418/122
f 239/558/239 238/556/238 425/1041/425
f 415/1004/415 283/1003/283 397/1042/397
f 400/966/400 291/704/291 399/1043/399
f 426/1044/426 362/967/362 363/896/363
f 348/842/348 373/919/373 419/1045/419
f 375/1026/375 372/918/372 427/1046/427
f 375/1026/375 427/1046/427 428/1047/428
f 349/1048/349 429/1049/429 377/1050/377
f 375/925/375 428/1051/428 181/435/181
f 376/931/376 378/930/378 430/1052/430
f 160/1053/160 431/1054/431 180/1055/180
f 151/401/151 432/1056/432 406/1057/406
f 381/939/381 383/938/383 433/1058/433
f 407/985/407 382/987/382 434/1059/434
f 132/382/132 435/1060/435 120/380/120
f 422/1032/422 423/1034/423 410/1033/410
f 171/874/171 436/1061/436 270/652/270
f 392/1062/392 437/1063/437 409/1064/409
f 171/874/171 231/1065/231 436/1061/436
f 162/1066/162 438/1067/438 192/1068/192
f 235/551/235 234/550/234 439/1069/439
f 329/878/329 395/1070/395 358/879/358
f 279/682/279 360/885/360 394/1071/394
f 440/1072/440 336/886/336 240/1073/240
f 398/964/398 414/1002/414 441/1074/441
f 397/962/397 337/805/337 361/1075/361
f 441/1076/441 414/1006/414 364/1007/364
f 400/1077/400 399/1078/399 442/1079/442
f 341/825/341 443/1080/443 343/827/343
f 401/968/401 444/1081/444 404/1012/404
f 299/1082/299 445/1083/445 403/1084/403
f 156/912/156 298/1085/298 369/910/369
f 370/913/370 419/1086/419 417/1016/417
f 347/1087/347 429/1049/429 349/1048/349
f 374/1088/374 180/1089/180 431/1090/431
f 378/1091/378 352/860/352 446/1092/446
f 352/860/352 381/936/381 446/1092/446
f 433/1058/433 383/938/383 385/942/385
f 385/1093/385 388/1094/388 447/1095/447
f 448/1096/448 423/1097/423 422/1098/422
f 449/1099/449 388/992/388 409/991/409
f 450/1100/450 161/402/161 120/281/120
f 409/991/409 437/1101/437 451/1102/451
f 452/1103/452 424/1104/424 423/1097/423
f 453/1105/453 231/546/231 153/384/153
f 452/1106/452 411/1038/411 424/1107/424
f 454/1108/454 411/1038/411 452/1106/452
f 455/1109/455 437/1063/437 392/1062/392
f 392/1062/392 393/1110/393 455/1109/455
f 334/1111/334 456/1112/456 234/1113/234
f 393/999/393 359/884/359 457/1114/457
f 333/796/333 394/957/394 359/884/359
f 280/1115/280 335/1116/335 165/407/165
f 165/407/165 335/1116/335 164/405/164
f 239/1117/239 458/1118/458 396/1119/396
f 240/560/240 149/461/149 440/1120/440
f 336/886/336 440/1072/440 287/887/287
f 361/894/361 362/895/362 426/1121/426
f 363/1122/363 366/1123/366 459/1124/459
f 402/979/402 405/978/405 460/1125/460
f 158/395/158 418/1020/418 368/980/368
f 461/1126/461 428/1047/428 427/1046/427
f 420/1027/420 376/926/376 430/1127/430
f 430/1052/430 378/930/378 446/1128/446
f 429/1129/429 379/983/379 377/929/377
f 379/932/379 380/1130/380 351/856/351
f 380/935/380 462/1131/462 382/937/382
f 462/1132/462 434/1059/434 382/987/382
f 151/401/151 384/940/384 432/1056/432
f 266/1133/266 435/1060/435 132/382/132
f 434/1134/434 421/1028/421 407/988/407
f 447/1135/447 388/992/388 449/1099/449
f 409/991/409 451/1102/451 449/1099/449
f 449/1099/449 451/1102/451 463/1136/463
f 450/1100/450 162/452/162 161/402/161
f 451/1137/451 464/1138/464 463/1139/463
f 153/384/153 235/1140/235 453/1105/453
f 453/1141/453 235/1142/235 465/1143/465
f 464/1138/464 451/1137/451 437/1063/437
f 464/1138/464 437/1063/437 455/1109/455
f 454/1108/454 412/1039/412 411/1038/411
f 466/1144/466 329/878/329 412/1145/412
f 359/884/359 394/957/394 457/1114/457
f 360/1146/360 332/960/332 395/959/395
f 149/690/149 284/691/284 440/1147/440
f 397/962/397 361/1075/361 426/1148/426
f 364/1149/364 467/1150/467 441/1151/441
f 459/1124/459 366/1123/366 468/1152/468
f 468/1153/468 366/969/366 402/970/402
f 444/1081/444 469/1154/469 404/1012/404
f 469/1155/469 298/719/298 404/974/404
f 445/1156/445 299/1157/299 368/1158/368
f 470/1159/470 417/1016/417 471/1160/471
f 417/1016/417 419/1086/419 471/1160/471
f 471/1161/471 419/1162/419 420/1163/420
f 419/1045/419 373/919/373 420/1164/420
f 472/1165/472 159/613/159 181/435/181
f 433/1166/433 385/1093/385 473/1167/473
f 434/1168/434 474/1169/474 421/1170/421
f 385/1093/385 447/1095/447 473/1167/473
f 384/1029/384 270/869/270 475/1171/475
f 474/1169/474 448/1172/448 421/1170/421
f 421/1173/421 448/1096/448 422/1098/422
f 448/1096/448 452/1103/452 423/1097/423
f 231/1174/231 453/1141/453 476/1175/476
f 452/1106/452 477/1176/477 454/1108/454
f 454/1108/454 478/1177/478 412/1039/412
f 455/1109/455 393/1110/393 479/1178/479
f 479/1179/479 393/1180/393 457/1181/457
f 329/878/329 466/1144/466 395/1070/395
f 395/1182/395 480/1183/480 360/1184/360
f 282/800/282 481/1185/481 281/801/281
f 238/556/238 335/799/335 425/1041/425
f 172/419/172 482/1186/482 282/800/282
f 399/1187/399 415/1188/415 483/1189/483
f 287/694/287 484/1190/484 290/699/290
f 484/1191/484 341/820/341 290/822/290
f 460/1125/460 405/978/405 470/1192/470
f 405/981/405 417/1016/417 470/1159/470
f 295/1013/295 485/1193/485 416/1014/416
f 369/1023/369 486/1194/486 372/1024/372
f 428/1051/428 472/1165/472 181/435/181
f 420/1027/420 430/1127/430 487/1195/487
f 446/1128/446 488/1196/488 430/1052/430
f 446/1092/446 381/936/381 433/1197/433
f 434/1059/434 462/1132/462 474/1198/474
f 473/1167/473 447/1095/447 489/1199/489
f 447/1135/447 449/1099/449 489/1200/489
f 474/1201/474 490/1202/490 448/1203/448
f 120/1204/120 491/1205/491 450/1206/450
f 449/1099/449 463/1136/463 492/1207/492
f 452/1103/452 448/1096/448 477/1208/477
f 162/1209/162 450/1210/450 438/1211/438
f 234/1113/234 456/1112/456 439/1212/439
f 412/1145/412 478/1213/478 466/1144/466
f 274/1214/274 493/1215/493 413/1216/413
f 415/1004/415 397/1042/397 494/1217/494
f 440/1072/440 495/1218/495 287/887/287
f 364/898/364 365/900/365 467/1219/467
f 484/1220/484 443/1221/443 341/1222/341
f 400/1009/400 442/1223/442 401/1010/401
f 365/1224/365 403/1084/403 496/1225/496
f 403/1084/403 445/1083/445 496/1225/496
f 298/1085/298 497/1226/497 369/910/369
f 498/1227/498 371/1019/371 416/1018/416
f 372/918/372 486/1228/486 427/1046/427
f 347/1087/347 499/1229/499 429/1049/429
f 472/1230/472 500/1231/500 159/1232/159
f 429/1049/429 499/1229/499 379/1233/379
f 430/1052/430 488/1196/488 487/1234/487
f 261/761/261 501/1235/501 266/629/266
f 270/652/270 502/1236/502 475/1237/475
f 449/1099/449 492/1207/492 489/1200/489
f 464/1138/464 503/1238/503 463/1139/463
f 192/1068/192 504/1239/504 274/1240/274
f 394/1241/394 505/1242/505 457/1181/457
f 172/419/172 413/1001/413 482/1186/482
f 425/1041/425 458/1243/458 239/558/239
f 284/691/284 398/964/398 506/1244/506
f 483/1189/483 507/1245/507 399/1187/399
f 399/1078/399 507/1246/507 442/1079/442
f 363/896/363 459/1247/459 426/1044/426
f 468/1153/468 402/970/402 460/1248/460
f 367/1249/367 485/1193/485 295/1013/295
f 445/1156/445 368/1158/368 508/1250/508
f 368/1251/368 418/1252/418 508/1253/508
f 418/1020/418 374/1021/374 509/1254/509
f 379/932/379 510/1255/510 380/1130/380
f 380/935/380 510/1256/510 462/1131/462
f 446/1092/446 433/1197/433 511/1257/511
f 120/1204/120 435/1258/435 491/1205/491
f 448/1096/448 490/1259/490 477/1208/477
f 454/1108/454 477/1176/477 478/1177/478
f 464/1138/464 455/1109/455 503/1238/503
f 425/1260/425 335/1261/335 512/1262/512
f 440/1072/440 284/1263/284 513/1264/513
f 441/1265/441 506/1266/506 398/1267/398
f 397/1042/397 514/1268/514 494/1217/494
f 397/1269/397 426/1270/426 514/1271/514
f 426/1044/426 459/1247/459 515/1272/515
f 365/900/365 496/1273/496 516/1274/516
f 343/1275/343 443/1276/443 367/1277/367
f 485/1278/485 498/1227/498 416/1018/416
f 420/1279/420 517/1280/517 471/1281/471
f 498/1282/498 518/1283/518 371/1284/371
f 371/915/371 518/1285/518 347/839/347
f 486/1228/486 461/1126/461 427/1046/427
f 518/1286/518 499/1287/499 347/1288/347
f 374/1289/374 431/1290/431 509/1291/509
f 517/1292/517 420/1027/420 487/1195/487
f 160/1053/160 406/1293/406 519/1294/519
f 433/1295/433 473/1296/473 511/1297/511
f 266/1133/266 520/1298/520 435/1060/435
f 489/1199/489 521/1299/521 473/1167/473
f 522/1300/522 523/1301/523 474/1302/474
f 474/1302/474 523/1301/523 490/1303/490
f 270/652/270 436/1061/436 502/1236/502
f 524/1304/524 438/1211/438 450/1210/450
f 525/1305/525 395/1070/395 466/1144/466
f 481/1185/481 282/800/282 482/1186/482
f 458/1118/458 526/1306/526 396/1119/396
f 513/1264/513 284/1263/284 506/1307/506
f 440/1072/440 513/1264/513 495/1218/495
f 483/1308/483 527/1309/527 507/1246/507
f 495/1310/495 484/1311/484 287/1312/287
f 514/1313/514 426/1314/426 515/1315/515
f 528/1316/528 484/1317/484 495/1318/495
f 528/1319/528 443/1221/443 484/1220/484
f 442/1223/442 444/1320/444 401/1010/401
f 529/1321/529 468/1153/468 460/1248/460
f 496/1225/496 445/1083/445 508/1322/508
f 497/1323/497 298/719/298 469/1155/469
f 460/1324/460 470/1325/470 530/1326/530
f 486/1327/486 369/910/369 497/1226/497
f 499/1328/499 510/1255/510 379/932/379
f 431/1054/431 160/1053/160 519/1294/519
f 488/1329/488 446/1092/446 511/1257/511
f 521/1330/521 489/1200/489 492/1207/492
f 436/1061/436 231/1065/231 502/1236/502
f 490/1259/490 531/1331/531 477/1208/477
f 477/1176/477 531/1332/531 532/1333/532
f 235/1142/235 439/1334/439 465/1143/465
f 477/1176/477 532/1333/532 478/1177/478
f 478/1213/478 532/1335/532 466/1144/466
f 395/1336/395 525/1337/525 480/1338/480
f 481/1185/481 533/1339/533 281/801/281
f 494/1340/494 534/1341/534 415/1342/415
f 513/1343/513 535/1344/535 495/1345/495
f 536/1346/536 515/1347/515 459/1124/459
f 467/1219/467 365/900/365 516/1274/516
f 442/1223/442 527/1348/527 444/1320/444
f 528/1319/528 537/1349/537 443/1221/443
f 498/1282/498 538/1350/538 518/1283/518
f 461/1351/461 472/1230/472 428/1352/428
f 159/620/159 500/1353/500 261/621/261
f 511/1297/511 473/1296/473 539/1354/539
f 501/1235/501 520/1355/520 266/629/266
f 539/1356/539 473/1167/473 521/1299/521
f 462/1357/462 522/1300/522 474/1302/474
f 492/1207/492 463/1136/463 540/1358/540
f 192/1068/192 438/1067/438 504/1239/504
f 503/1238/503 541/1359/541 463/1139/463
f 503/1238/503 455/1109/455 541/1359/541
f 334/1360/334 396/1119/396 526/1306/526
f 512/1361/512 458/1362/458 425/1363/425
f 415/1342/415 534/1341/534 483/1364/483
f 494/1340/494 514/1365/514 542/1366/542
f 441/1151/441 467/1150/467 516/1367/516
f 535/1368/535 543/1369/543 495/1370/495
f 514/1365/514 515/1371/515 542/1366/542
f 515/1372/515 536/1373/536 542/1374/542
f 495/1318/495 543/1375/543 528/1316/528
f 543/1376/543 537/1349/537 528/1319/528
f 459/1124/459 468/1152/468 536/1346/536
f 468/1152/468 529/1377/529 536/1346/536
f 471/1378/471 517/1379/517 544/1380/544
f 517/1381/517 545/1382/545 544/1383/544
f 517/1381/517 546/1384/546 545/1382/545
f 517/1385/517 547/1386/547 546/1387/546
f 517/1292/517 487/1195/487 547/1388/547
f 500/1353/500 501/1389/501 261/621/261
f 510/1390/510 548/1391/548 462/1392/462
f 384/940/384 475/1393/475 432/1056/432
f 492/1207/492 540/1358/540 521/1330/521
f 490/1259/490 523/1394/523 531/1331/531
f 231/1174/231 476/1175/476 502/1395/502
f 463/1139/463 541/1359/541 540/1396/540
f 531/1332/531 549/1397/549 532/1333/532
f 274/1240/274 504/1239/504 493/1398/493
f 455/1109/455 479/1178/479 541/1359/541
f 525/1399/525 466/1400/466 550/1401/550
f 533/1339/533 280/1402/280 281/801/281
f 483/1308/483 551/1403/551 527/1309/527
f 507/1246/507 527/1309/527 442/1079/442
f 527/1404/527 552/1405/552 444/1406/444
f 443/1276/443 537/1407/537 367/1277/367
f 529/1408/529 460/1409/460 553/1410/553
f 537/1407/537 554/1411/554 367/1277/367
f 367/1412/367 554/1413/554 485/1414/485
f 460/1409/460 530/1415/530 553/1410/553
f 469/1155/469 555/1416/555 497/1323/497
f 487/1234/487 488/1196/488 547/1417/547
f 462/1392/462 548/1391/548 522/1418/522
f 539/1356/539 521/1299/521 556/1419/556
f 523/1301/523 522/1300/522 557/1420/557
f 521/1330/521 540/1358/540 558/1421/558
f 540/1358/540 559/1422/559 558/1421/558
f 457/1181/457 560/1423/560 479/1179/479
f 334/1360/334 526/1306/526 456/1424/456
f 506/1266/506 561/1425/561 513/1343/513
f 543/1369/543 535/1368/535 562/1426/562
f 536/1373/536 563/1427/563 542/1374/542
f 537/1349/537 543/1376/543 564/1428/564
f 536/1346/536 529/1377/529 565/1429/565
f 444/1406/444 566/1430/566 469/1431/469
f 508/1432/508 567/1433/567 496/1434/496
f 568/1435/568 508/1436/508 418/1437/418
f 485/1278/485 569/1438/569 498/1227/498
f 530/1326/530 470/1325/470 570/1439/570
f 470/1325/470 471/1440/471 570/1439/570
f 498/1227/498 571/1441/571 572/1442/572
f 498/1227/498 572/1442/572 538/1443/538
f 499/1328/499 573/1444/573 510/1255/510
f 574/1445/574 488/1329/488 511/1257/511
f 435/1060/435 575/1446/575 491/1447/491
f 450/1210/450 576/1448/576 524/1304/524
f 524/1304/524 577/1449/577 438/1211/438
f 577/1450/577 504/1239/504 438/1067/438
f 540/1451/540 541/1452/541 559/1453/559
f 534/1341/534 494/1340/494 578/1454/578
f 506/1266/506 441/1265/441 579/1455/579
f 513/1343/513 561/1425/561 535/1344/535
f 494/1340/494 542/1366/542 578/1454/578
f 542/1366/542 580/1456/580 578/1454/578
f 441/1265/441 516/1457/516 579/1455/579
f 580/1458/580 542/1374/542 563/1427/563
f 562/1459/562 564/1460/564 543/1461/543
f 536/1346/536 565/1429/565 563/1462/563
f 564/1428/564 581/1463/581 537/1349/537
f 565/1464/565 529/1465/529 582/1466/582
f 552/1405/552 566/1430/566 444/1406/444
f 529/1467/529 553/1468/553 582/1469/582
f 581/1470/581 554/1411/554 537/1407/537
f 566/1471/566 555/1416/555 469/1155/469
f 554/1472/554 569/1473/569 485/1474/485
f 498/1227/498 569/1438/569 571/1441/571
f 544/1380/544 570/1475/570 471/1378/471
f 497/1476/497 583/1477/583 486/1478/486
f 511/1297/511 539/1354/539 584/1479/584
f 539/1354/539 556/1480/556 584/1479/584
f 435/1060/435 520/1298/520 575/1446/575
f 521/1330/521 558/1421/558 556/1481/556
f 491/1482/491 576/1448/576 450/1210/450
f 502/1483/502 476/1484/476 585/1485/585
f 541/1452/541 586/1486/586 559/1453/559
f 532/1487/532 549/1488/549 587/1489/587
f 532/1490/532 587/1491/587 466/1400/466
f 466/1400/466 587/1491/587 588/1492/588
f 479/1179/479 560/1423/560 589/1493/589
f 466/1400/466 588/1492/588 550/1401/550
f 481/1185/481 482/1186/482 590/1494/590
f 591/1495/591 482/1496/482 413/1497/413
f 526/1498/526 458/1362/458 592/1499/592
f 578/1454/578 580/1456/580 593/1500/593
f 561/1425/561 594/1501/594 535/1344/535
f 594/1501/594 562/1502/562 535/1344/535
f 580/1458/580 563/1427/563 595/1503/595
f 562/1459/562 596/1504/596 564/1460/564
f 563/1462/563 565/1429/565 597/1505/597
f 516/1274/516 496/1273/496 598/1506/598
f 564/1428/564 599/1507/599 581/1463/581
f 599/1508/599 600/1509/600 581/1470/581
f 565/1464/565 582/1466/582 601/1510/601
f 601/1511/601 582/1512/582 602/1513/602
f 600/1509/600 554/1411/554 581/1470/581
f 582/1514/582 553/1410/553 602/1515/602
f 553/1410/553 530/1415/530 602/1515/602
f 602/1515/602 530/1415/530 603/1516/603
f 604/1517/604 569/1473/569 554/1472/554
f 605/1518/605 569/1473/569 604/1517/604
f 605/1519/605 571/1520/571 569/1521/569
f 530/1326/530 570/1439/570 603/1522/603
f 603/1522/603 570/1439/570 606/1523/606
f 605/1524/605 607/1525/607 571/1526/571
f 571/1526/571 607/1525/607 572/1527/572
f 570/1475/570 544/1380/544 606/1528/606
f 518/1283/518 538/1350/538 608/1529/608
f 609/1530/609 461/1126/461 486/1228/486
f 608/1531/608 499/1532/499 518/1533/518
f 574/1445/574 511/1257/511 610/1534/610
f 501/1235/501 611/1535/611 520/1355/520
f 523/1394/523 612/1536/612 531/1331/531
f 613/1537/613 524/1304/524 576/1448/576
f 541/1538/541 479/1179/479 589/1493/589
f 614/1539/614 394/1071/394 360/885/360
f 615/1540/615 335/1116/335 280/1115/280
f 483/1364/483 534/1341/534 551/1541/551
f 616/1542/616 594/1501/594 561/1425/561
f 617/1543/617 580/1458/580 595/1503/595
f 594/1544/594 596/1545/596 562/1546/562
f 595/1503/595 563/1427/563 618/1547/618
f 596/1548/596 599/1507/599 564/1428/564
f 563/1462/563 597/1505/597 618/1549/618
f 597/1550/597 565/1464/565 601/1510/601
f 604/1551/604 554/1552/554 600/1553/600
f 568/1554/568 418/1555/418 509/1556/509
f 606/1528/606 544/1380/544 545/1557/545
f 619/1558/619 509/1559/509 620/1560/620
f 620/1561/620 509/1562/509 431/1563/431
f 461/1351/461 621/1564/621 472/1230/472
f 622/1565/622 584/1566/584 556/1567/556
f 432/1056/432 475/1393/475 623/1568/623
f 624/1569/624 557/1420/557 522/1300/522
f 475/1570/475 502/1483/502 625/1571/625
f 612/1572/612 549/1573/549 531/1574/531
f 453/1141/453 465/1143/465 626/1575/626
f 612/1572/612 627/1576/627 549/1573/549
f 627/1577/627 587/1489/587 549/1488/549
f 541/1578/541 589/1579/589 586/1580/586
f 360/1581/360 480/1582/480 628/1583/628
f 525/1584/525 629/1585/629 480/1582/480
f 493/1586/493 591/1495/591 413/1497/413
f 561/1425/561 506/1266/506 616/1542/616
f 593/1500/593 580/1456/580 617/1587/617
f 579/1588/579 516/1589/516 630/1590/630
f 598/1591/598 496/1434/496 567/1433/567
f 600/1509/600 599/1508/599 631/1592/631
f 508/1593/508 632/1594/632 567/1595/567
f 602/1515/602 603/1516/603 633/1596/633
f 633/1597/633 603/1598/603 634/1599/634
f 604/1517/604 635/1600/635 605/1518/605
f 635/1601/635 607/1602/607 605/1603/605
f 603/1522/603 606/1523/606 634/1604/634
f 634/1604/634 606/1523/606 636/1605/636
f 572/1606/572 637/1607/637 538/1350/538
f 608/1531/608 638/1608/638 499/1532/499
f 639/1609/639 573/1444/573 499/1328/499
f 621/1610/621 640/1611/640 500/1612/500
f 573/1444/573 641/1613/641 510/1255/510
f 640/1611/640 501/1614/501 500/1612/500
f 641/1615/641 548/1616/548 510/1617/510
f 610/1618/610 511/1297/511 584/1479/584
f 548/1391/548 624/1619/624 522/1418/522
f 575/1446/575 520/1298/520 611/1620/611
f 622/1565/622 556/1567/556 642/1621/642
f 575/1622/575 643/1623/643 491/1624/491
f 557/1420/557 644/1625/644 523/1301/523
f 491/1624/491 643/1623/643 576/1626/576
f 642/1627/642 556/1628/556 558/1629/558
f 644/1630/644 612/1631/612 523/1632/523
f 558/1633/558 559/1453/559 645/1634/645
f 476/1175/476 453/1141/453 626/1575/626
f 465/1143/465 439/1334/439 646/1635/646
f 456/1112/456 647/1636/647 439/1212/439
f 457/1181/457 505/1242/505 560/1423/560
f 394/1241/394 614/1637/614 505/1242/505
f 525/1399/525 648/1638/648 629/1639/629
f 525/1399/525 550/1401/550 648/1638/648
f 456/1424/456 526/1306/526 647/1640/647
f 335/1261/335 649/1641/649 512/1262/512
f 650/1642/650 592/1499/592 458/1362/458
f 512/1361/512 650/1642/650 458/1362/458
f 482/1496/482 651/1643/651 590/1644/590
f 578/1454/578 652/1645/652 534/1341/534
f 594/1501/594 616/1542/616 653/1646/653
f 594/1544/594 653/1647/653 596/1545/596
f 654/1648/654 618/1547/618 655/1649/655
f 655/1650/655 618/1651/618 656/1652/656
f 657/1653/657 658/1654/658 596/1548/596
f 618/1549/618 597/1505/597 656/1655/656
f 596/1548/596 658/1654/658 599/1507/599
f 656/1655/656 597/1505/597 659/1656/659
f 659/1657/659 597/1550/597 660/1658/660
f 658/1659/658 661/1660/661 599/1661/599
f 597/1550/597 601/1510/601 660/1658/660
f 661/1660/661 631/1662/631 599/1661/599
f 601/1510/601 662/1663/662 660/1658/660
f 601/1664/601 602/1665/602 662/1666/662
f 631/1667/631 663/1668/663 635/1669/635
f 631/1667/631 635/1669/635 600/1553/600
f 635/1669/635 663/1668/663 664/1670/664
f 662/1671/662 633/1596/633 665/1672/665
f 602/1515/602 633/1596/633 662/1671/662
f 600/1553/600 635/1669/635 604/1551/604
f 508/1673/508 568/1674/568 632/1675/632
f 635/1601/635 666/1676/666 607/1602/607
f 555/1677/555 583/1678/583 497/1679/497
f 607/1525/607 667/1680/667 572/1527/572
f 606/1528/606 545/1557/545 636/1681/636
f 572/1527/572 667/1680/667 637/1682/637
f 583/1683/583 609/1530/609 486/1228/486
f 538/1350/538 637/1607/637 608/1529/608
f 545/1382/545 546/1384/546 668/1684/668
f 461/1351/461 609/1685/609 621/1564/621
f 546/1387/546 547/1386/547 669/1686/669
f 499/1532/499 638/1608/638 639/1687/639
f 488/1688/488 574/1689/574 547/1386/547
f 431/1054/431 519/1294/519 620/1690/620
f 610/1618/610 584/1479/584 670/1691/670
f 641/1692/641 671/1693/671 548/1391/548
f 584/1479/584 672/1694/672 670/1691/670
f 584/1479/584 622/1695/622 672/1694/672
f 624/1569/624 644/1625/644 557/1420/557
f 642/1621/642 673/1696/673 622/1565/622
f 673/1697/673 642/1627/642 674/1698/674
f 642/1627/642 558/1629/558 674/1698/674
f 558/1699/558 645/1700/645 674/1701/674
f 476/1175/476 626/1575/626 585/1702/585
f 559/1453/559 586/1486/586 645/1634/645
f 504/1703/504 675/1704/675 493/1705/493
f 589/1579/589 676/1706/676 586/1580/586
f 589/1579/589 560/1707/560 676/1706/676
f 482/1496/482 591/1495/591 651/1643/651
f 578/1454/578 593/1500/593 652/1645/652
f 617/1543/617 652/1708/652 593/1709/593
f 595/1503/595 618/1547/618 617/1543/617
f 596/1545/596 653/1647/653 657/1710/657
f 617/1543/617 618/1547/618 654/1648/654
f 660/1658/660 677/1711/677 659/1657/659
f 660/1658/660 662/1663/662 677/1711/677
f 661/1712/661 663/1713/663 631/1714/631
f 677/1711/677 662/1663/662 665/1715/665
f 634/1599/634 678/1716/678 633/1597/633
f 635/1717/635 679/1718/679 666/1719/666
f 636/1605/636 678/1720/678 634/1604/634
f 607/1602/607 666/1676/666 667/1721/667
f 546/1387/546 669/1686/669 668/1722/668
f 406/1057/406 432/1056/432 680/1723/680
f 640/1724/640 611/1725/611 501/1726/501
f 671/1693/671 624/1619/624 548/1391/548
f 623/1727/623 475/1728/475 625/1729/625
f 575/1730/575 681/1731/681 643/1732/643
f 681/1733/681 682/1734/682 643/1735/643
f 643/1736/643 682/1737/682 576/1448/576
f 576/1448/576 682/1737/682 613/1537/613
f 465/1143/465 646/1635/646 626/1575/626
f 534/1341/534 652/1645/652 551/1541/551
f 506/1266/506 683/1738/683 616/1542/616
f 579/1455/579 683/1738/683 506/1266/506
f 551/1739/551 684/1740/684 527/1741/527
f 527/1741/527 684/1740/684 552/1742/552
f 655/1743/655 685/1744/685 654/1745/654
f 655/1746/655 656/1655/656 685/1747/685
f 657/1653/657 686/1748/686 658/1654/658
f 686/1748/686 687/1749/687 658/1654/658
f 656/1655/656 659/1656/659 685/1747/685
f 658/1659/658 687/1750/687 661/1660/661
f 677/1711/677 685/1751/685 659/1657/659
f 665/1715/665 688/1752/688 677/1711/677
f 665/1753/665 689/1754/689 688/1755/688
f 690/1756/690 664/1670/664 663/1668/663
f 665/1753/665 691/1757/691 689/1754/689
f 665/1672/665 633/1596/633 691/1758/691
f 664/1759/664 679/1718/679 635/1717/635
f 633/1596/633 678/1760/678 691/1758/691
f 678/1720/678 636/1605/636 692/1761/692
f 666/1676/666 693/1762/693 667/1721/667
f 636/1605/636 694/1763/694 692/1761/692
f 693/1764/693 695/1765/695 667/1766/667
f 667/1766/667 695/1765/695 637/1767/637
f 636/1681/636 545/1557/545 694/1768/694
f 545/1382/545 668/1684/668 694/1769/694
f 695/1770/695 608/1529/608 637/1607/637
f 472/1230/472 621/1564/621 500/1231/500
f 639/1771/639 696/1772/696 573/1773/573
f 697/1774/697 671/1693/671 641/1692/641
f 622/1565/622 673/1696/673 672/1775/672
f 682/1737/682 698/1776/698 613/1537/613
f 645/1700/645 699/1777/699 674/1701/674
f 644/1630/644 700/1778/700 612/1631/612
f 502/1483/502 585/1485/585 701/1779/701
f 700/1780/700 627/1576/627 612/1572/612
f 627/1577/627 702/1781/702 587/1489/587
f 587/1491/587 703/1782/703 588/1492/588
f 560/1783/560 704/1784/704 676/1785/676
f 590/1644/590 533/1786/533 481/1787/481
f 335/1261/335 615/1788/615 649/1641/649
f 590/1644/590 651/1643/651 705/1789/705
f 579/1588/579 630/1590/630 683/1790/683
f 616/1542/616 683/1738/683 653/1646/653
f 617/1543/617 654/1648/654 652/1708/652
f 685/1751/685 677/1711/677 688/1752/688
f 661/1660/661 687/1750/687 663/1791/663
f 687/1750/687 690/1792/690 663/1791/663
f 690/1756/690 706/1793/706 664/1670/664
f 691/1794/691 707/1795/707 689/1796/689
f 664/1759/664 706/1797/706 679/1718/679
f 568/1674/568 708/1798/708 632/1675/632
f 691/1799/691 709/1800/709 707/1801/707
f 691/1799/691 678/1802/678 709/1800/709
f 678/1802/678 692/1803/692 709/1800/709
f 706/1797/706 710/1804/710 666/1719/666
f 706/1797/706 666/1719/666 679/1718/679
f 668/1684/668 669/1805/669 711/1806/711
f 519/1807/519 712/1808/712 620/1809/620
f 697/1810/697 641/1613/641 573/1444/573
f 670/1691/670 672/1694/672 713/1811/713
f 680/1812/680 432/1813/432 623/1814/623
f 672/1775/672 673/1696/673 714/1815/714
f 673/1696/673 674/1816/674 714/1815/714
f 502/1483/502 701/1779/701 625/1571/625
f 613/1537/613 715/1817/715 524/1304/524
f 504/1239/504 577/1450/577 716/1818/716
f 504/1819/504 716/1820/716 717/1821/717
f 702/1781/702 703/1822/703 587/1489/587
f 550/1401/550 588/1492/588 648/1638/648
f 590/1644/590 705/1789/705 533/1786/533
f 654/1648/654 718/1823/718 652/1708/652
f 653/1647/653 686/1824/686 657/1710/657
f 516/1589/516 598/1825/598 630/1590/630
f 654/1745/654 685/1744/685 718/1826/718
f 689/1754/689 707/1827/707 688/1755/688
f 710/1828/710 693/1762/693 666/1676/666
f 693/1764/693 719/1829/719 695/1765/695
f 695/1765/695 719/1829/719 720/1830/720
f 694/1831/694 711/1832/711 721/1833/721
f 694/1769/694 668/1684/668 711/1806/711
f 695/1770/695 720/1834/720 608/1529/608
f 720/1834/720 722/1835/722 608/1529/608
f 711/1836/711 669/1686/669 723/1837/723
f 722/1838/722 639/1687/639 638/1608/638
f 669/1686/669 547/1386/547 723/1837/723
f 696/1772/696 697/1839/697 573/1773/573
f 519/1294/519 406/1293/406 724/1840/724
f 724/1841/724 406/1842/406 680/1843/680
f 725/1844/725 700/1778/700 644/1630/644
f 701/1779/701 585/1485/585 726/1845/726
f 717/1821/717 675/1846/675 504/1819/504
f 586/1580/586 676/1706/676 727/1847/727
f 560/1783/560 505/1848/505 704/1784/704
f 512/1361/512 649/1849/649 728/1850/728
f 512/1361/512 728/1850/728 650/1642/650
f 729/1851/729 526/1852/526 592/1853/592
f 730/1854/730 685/1751/685 688/1752/688
f 709/1855/709 692/1761/692 721/1856/721
f 692/1761/692 694/1763/694 721/1856/721
f 608/1529/608 722/1835/722 638/1857/638
f 731/1858/731 621/1564/621 609/1685/609
f 547/1386/547 574/1689/574 723/1837/723
f 574/1859/574 610/1860/610 732/1861/732
f 670/1862/670 713/1863/713 732/1864/732
f 713/1865/713 672/1866/672 714/1867/714
f 733/1868/733 577/1449/577 524/1304/524
f 702/1869/702 627/1576/627 700/1780/700
f 646/1635/646 439/1334/439 647/1870/647
f 727/1871/727 645/1634/645 586/1486/586
f 675/1872/675 591/1495/591 493/1586/493
f 734/1873/734 505/1242/505 614/1637/614
f 615/1874/615 280/1402/280 735/1875/735
f 736/1876/736 719/1829/719 693/1764/693
f 719/1829/719 736/1876/736 720/1830/720
f 509/1556/509 619/1877/619 737/1878/737
f 738/1879/738 639/1880/639 722/1881/722
f 738/1879/738 696/1882/696 639/1880/639
f 723/1883/723 574/1884/574 739/1885/739
f 610/1886/610 670/1862/670 732/1864/732
f 697/1887/697 740/1888/740 671/1889/671
f 671/1693/671 740/1890/740 624/1619/624
f 623/1727/623 625/1729/625 741/1891/741
f 699/1892/699 645/1634/645 727/1871/727
f 676/1706/676 742/1893/742 727/1847/727
f 647/1894/647 526/1852/526 743/1895/743
f 533/1339/533 735/1875/735 280/1402/280
f 630/1590/630 744/1896/744 683/1790/683
f 652/1897/652 718/1826/718 745/1898/745
f 746/1899/746 687/1749/687 686/1748/686
f 566/1900/566 747/1901/747 555/1902/555
f 632/1903/632 708/1904/708 748/1905/748
f 749/1906/749 710/1804/710 706/1797/706
f 710/1828/710 736/1907/736 693/1762/693
f 568/1554/568 509/1556/509 737/1878/737
f 609/1908/609 750/1909/750 731/1910/731
f 712/1808/712 519/1807/519 724/1841/724
f 740/1911/740 644/1912/644 624/1913/624
f 725/1844/725 751/1914/751 700/1778/700
f 577/1915/577 733/1916/733 716/1917/716
f 676/1706/676 704/1918/704 742/1893/742
f 703/1919/703 752/1920/752 588/1921/588
f 728/1922/728 753/1923/753 650/1924/650
f 650/1924/650 753/1923/753 592/1853/592
f 729/1851/729 743/1895/743 526/1852/526
f 653/1647/653 683/1790/683 686/1824/686
f 598/1925/598 567/1926/567 754/1927/754
f 687/1750/687 746/1928/746 690/1792/690
f 688/1755/688 755/1929/755 730/1930/730
f 690/1756/690 749/1931/749 706/1793/706
f 688/1755/688 707/1827/707 755/1929/755
f 555/1902/555 756/1932/756 583/1933/583
f 720/1834/720 738/1934/738 722/1835/722
f 575/1730/575 757/1935/757 681/1731/681
f 682/1734/682 681/1733/681 757/1936/757
f 674/1937/674 699/1938/699 714/1939/714
f 524/1304/524 715/1817/715 733/1868/733
f 705/1789/705 758/1940/758 533/1786/533
f 683/1790/683 759/1941/759 686/1824/686
f 718/1826/718 685/1744/685 760/1942/760
f 684/1943/684 761/1944/761 552/1945/552
f 761/1946/761 566/1430/566 552/1405/552
f 583/1683/583 750/1947/750 609/1530/609
f 697/1887/697 762/1948/762 740/1888/740
f 611/1949/611 757/1950/757 575/1951/575
f 699/1938/699 763/1952/763 714/1939/714
f 700/1780/700 764/1953/764 702/1869/702
f 699/1892/699 727/1871/727 763/1954/763
f 752/1920/752 765/1955/765 588/1921/588
f 588/1921/588 765/1955/765 648/1956/648
f 705/1789/705 651/1643/651 758/1940/758
f 630/1590/630 598/1825/598 754/1957/754
f 707/1801/707 709/1800/709 755/1958/755
f 721/1959/721 711/1960/711 766/1961/766
f 619/1962/619 620/1963/620 712/1964/712
f 740/1911/740 767/1965/767 644/1912/644
f 741/1966/741 625/1571/625 701/1779/701
f 751/1967/751 764/1953/764 700/1780/700
f 726/1845/726 585/1485/585 768/1968/768
f 768/1968/768 585/1485/585 626/1969/626
f 768/1970/768 626/1575/626 646/1635/646
f 628/1583/628 480/1582/480 629/1585/629
f 765/1955/765 629/1971/629 648/1956/648
f 753/1923/753 729/1851/729 592/1853/592
f 769/1972/769 651/1643/651 591/1495/591
f 745/1973/745 551/1974/551 652/1975/652
f 745/1898/745 718/1826/718 760/1942/760
f 759/1941/759 746/1976/746 686/1824/686
f 747/1901/747 756/1932/756 555/1902/555
f 736/1876/736 770/1977/770 720/1830/720
f 711/1960/711 723/1978/723 766/1961/766
f 574/1859/574 732/1861/732 771/1979/771
f 757/1980/757 698/1981/698 682/1982/682
f 763/1954/763 727/1871/727 742/1983/742
f 702/1984/702 764/1985/764 703/1986/703
f 742/1987/742 704/1988/704 772/1989/772
f 505/1990/505 773/1991/773 704/1992/704
f 683/1790/683 744/1896/744 759/1941/759
f 685/1993/685 730/1994/730 760/1995/760
f 567/1996/567 632/1997/632 774/1998/774
f 632/1903/632 748/1905/748 774/1999/774
f 690/1792/690 746/1928/746 775/2000/775
f 721/2001/721 776/2002/776 709/1800/709
f 710/1828/710 777/2003/777 736/1907/736
f 568/2004/568 737/2005/737 708/2006/708
f 619/2007/619 712/2008/712 737/2009/737
f 720/2010/720 770/2011/770 738/2012/738
f 644/1912/644 767/1965/767 725/2013/725
f 613/1537/613 698/1776/698 715/1817/715
f 726/1845/726 778/2014/778 701/1779/701
f 715/2015/715 779/2016/779 733/2017/733
f 733/2017/733 779/2016/779 716/2018/716
f 703/1986/703 764/1985/764 752/2019/752
f 704/1988/704 773/2020/773 772/1989/772
f 734/2021/734 614/2022/614 780/2023/780
f 745/2024/745 684/1740/684 551/1739/551
f 781/2025/781 759/1941/759 744/1896/744
f 684/1943/684 782/2026/782 761/1944/761
f 567/1926/567 774/2027/774 754/1927/754
f 761/1946/761 783/2028/783 566/1430/566
f 566/2029/566 783/2030/783 747/2031/747
f 784/2032/784 640/1611/640 621/1610/621
f 741/1966/741 701/1779/701 778/2014/778
f 675/1872/675 785/2033/785 591/1495/591
f 591/1495/591 785/2033/785 769/1972/769
f 615/2034/615 786/2035/786 787/2036/787
f 745/1898/745 760/1942/760 788/2037/788
f 774/1999/774 748/1905/748 789/2038/789
f 749/2039/749 777/2003/777 710/1828/710
f 756/2040/756 750/2041/750 583/2042/583
f 739/2043/739 574/1859/574 771/1979/771
f 714/2044/714 763/2045/763 790/2046/790
f 791/2047/791 715/2015/715 698/2048/698
f 742/2049/742 772/2050/772 792/2051/792
f 614/2052/614 360/1581/360 628/1583/628
f 793/2053/793 758/1940/758 651/1643/651
f 781/2025/781 794/2054/794 759/1941/759
f 782/2026/782 795/2055/795 761/1944/761
f 796/2056/796 746/2057/746 759/2058/759
f 761/1944/761 795/2055/795 783/2059/783
f 775/2060/775 749/1931/749 690/1756/690
f 731/2061/731 784/2062/784 621/2063/621
f 738/1879/738 797/2064/797 696/1882/696
f 697/1887/697 798/2065/798 762/1948/762
f 771/2066/771 732/1864/732 799/2067/799
f 680/1812/680 623/1814/623 800/2068/800
f 762/1948/762 767/2069/767 740/1888/740
f 763/2070/763 742/2071/742 801/2072/801
f 801/2072/801 742/2071/742 792/2073/792
f 802/2074/802 628/1583/628 629/1585/629
f 629/1971/629 765/1955/765 802/2075/802
f 615/2076/615 787/2077/787 649/2078/649
f 649/2078/649 803/2079/803 728/2080/728
f 769/1972/769 793/2053/793 651/1643/651
f 745/1898/745 788/2037/788 684/2081/684
f 760/1995/760 730/1994/730 804/2082/804
f 755/1958/755 709/1800/709 776/2002/776
f 712/1808/712 724/1841/724 805/2083/805
f 757/1950/757 611/1949/611 806/2084/806
f 713/1865/713 714/1867/714 807/2085/807
f 714/1867/714 790/2086/790 807/2085/807
f 725/1844/725 808/2087/808 751/1914/751
f 751/2088/751 809/2089/809 764/1985/764
f 647/2090/647 810/2091/810 646/2092/646
f 809/2089/809 752/2019/752 764/1985/764
f 614/2093/614 811/2094/811 780/2095/780
f 758/1940/758 793/2053/793 812/2096/812
f 758/1940/758 812/2096/812 533/1786/533
f 744/1896/744 630/1590/630 813/2097/813
f 754/1957/754 813/2097/813 630/1590/630
f 730/2098/730 755/2099/755 804/2100/804
f 748/1905/748 708/1904/708 789/2038/789
f 721/2001/721 814/2101/814 776/2002/776
f 766/2102/766 815/2103/815 721/2104/721
f 770/2011/770 816/2105/816 738/2012/738
f 766/2106/766 723/2107/723 817/2108/817
f 696/1772/696 798/2109/798 697/1839/697
f 640/1724/640 806/2110/806 611/1725/611
f 762/1948/762 818/2111/818 767/2069/767
f 713/1865/713 807/2085/807 819/2112/819
f 820/2113/820 623/1727/623 741/1891/741
f 767/1965/767 821/2114/821 725/2013/725
f 763/2115/763 801/2116/801 790/2117/790
f 726/2118/726 768/2119/768 822/2120/822
f 779/2121/779 823/2122/823 716/1820/716
f 824/2123/824 825/2124/825 786/2125/786
f 825/2126/826 826/2127/827 827/2128/828
f 827/2129/829 829/2130/830 830/2131/831
f 744/1896/744 813/2097/813 781/2025/781
f 737/2009/737 712/2008/712 831/2132/832
f 738/2012/738 816/2105/816 832/2133/833
f 723/1883/723 739/1885/739 833/2134/834
f 640/1611/640 784/2032/784 834/2135/835
f 798/2065/798 835/2136/836 762/1948/762
f 732/1864/732 819/2137/819 799/2067/799
f 732/1864/732 713/1863/713 819/2137/819
f 623/1727/623 820/2113/820 800/2138/800
f 821/2114/821 836/2139/837 725/2013/725
f 808/2140/808 837/2141/838 751/2142/751
f 726/2118/726 822/2120/822 778/2143/778
f 791/2047/791 838/2144/839 715/2015/715
f 715/2015/715 838/2144/839 779/2016/779
f 716/1820/716 823/2122/823 717/1821/717
f 646/2092/646 810/2091/810 839/2145/840
f 717/1821/717 840/2146/841 675/1846/675
f 752/1920/752 841/2147/842 765/1955/765
f 614/2148/614 842/2149/843 843/2150/844
f 760/1995/760 804/2082/804 844/2151/845
f 794/2152/794 796/2056/796 759/2058/759
f 796/2056/796 775/2153/775 746/2057/746
f 755/2154/755 776/2155/776 804/2156/804
f 721/2104/721 815/2103/815 814/2157/814
f 736/1876/736 777/2158/777 770/1977/770
f 766/2106/766 817/2108/817 815/2159/815
f 723/2160/723 833/2161/834 817/2162/817
f 835/2136/836 818/2111/818 762/1948/762
f 790/2163/790 845/2164/846 807/2165/807
f 790/2117/790 801/2116/801 846/2166/847
f 751/2088/751 837/2167/838 809/2089/809
f 779/2121/779 838/2168/839 823/2122/823
f 768/2119/768 646/2169/646 839/2170/840
f 647/2090/647 847/2171/848 810/2091/810
f 811/2094/811 614/2093/614 843/2172/844
f 614/2052/614 628/1583/628 842/2173/843
f 793/2174/793 848/2175/849 812/2176/812
f 786/2177/786 849/2178/850 787/2179/787
f 728/1922/728 850/2180/851 753/1923/753
f 753/1923/753 850/2180/851 729/1851/729
f 824/2181/824 615/2182/615 851/2183/852
f 786/2035/786 615/2034/615 824/2184/824
f 769/2185/769 852/2186/853 793/2174/793
f 851/2183/852 826/2187/854 824/2181/824
f 826/2127/827 828/2128/855 827/2128/828
f 827/2129/829 830/2131/831 828/2129/856
f 828/2129/856 830/2131/831 829/2130/830
f 760/1942/760 844/2188/845 788/2037/788
f 777/2158/777 816/2189/816 770/1977/770
f 831/2132/832 712/2008/712 853/2190/857
f 832/2191/833 797/2064/797 738/1879/738
f 797/2192/797 854/2193/858 696/1772/696
f 854/2193/858 798/2109/798 696/1772/696
f 818/2111/818 855/2194/859 767/2069/767
f 725/1844/725 836/2195/837 808/2087/808
f 790/2163/790 846/2196/847 845/2164/846
f 856/2197/860 837/2198/838 808/2199/808
f 768/2119/768 839/2170/840 822/2120/822
f 801/2072/801 857/2200/861 846/2201/847
f 801/2072/801 858/2202/862 857/2200/861
f 801/2072/801 792/2073/792 858/2202/862
f 809/2089/809 859/2203/863 752/2019/752
f 841/2147/842 860/2204/864 765/1955/765
f 505/1990/505 734/2205/734 773/1991/773
f 735/2206/735 861/2207/865 615/2208/615
f 828/2128/855 826/2127/827 862/2209/866
f 827/2128/828 862/2210/866 825/2126/826
f 775/2060/775 863/2211/867 749/1931/749
f 863/2211/867 864/2212/868 749/1931/749
f 749/2039/749 864/2213/868 777/2003/777
f 708/2006/708 737/2005/737 865/2214/869
f 814/2157/814 815/2103/815 866/2215/870
f 867/2216/871 750/2041/750 756/2040/756
f 798/2217/798 854/2218/858 835/2219/836
f 835/2136/836 855/2194/859 818/2111/818
f 757/1980/757 868/2220/872 698/1981/698
f 807/2085/807 845/2221/846 869/2222/873
f 698/2048/698 868/2223/872 791/2047/791
f 741/2224/741 778/2225/778 870/2226/874
f 871/2227/875 809/2089/809 837/2167/838
f 675/2228/675 872/2229/876 785/2230/785
f 772/2231/772 873/2232/877 792/2233/792
f 647/1894/647 743/1895/743 847/2234/848
f 772/2231/772 773/2235/773 873/2232/877
f 765/1955/765 860/2204/864 802/2075/802
f 615/2208/615 861/2207/865 851/2236/852
f 786/2237/786 851/2238/852 849/2239/850
f 786/2240/786 825/2241/825 851/2183/852
f 813/2242/813 754/1927/754 874/2243/878
f 875/2244/879 816/2189/816 777/2158/777
f 712/2245/712 805/2246/805 853/2247/857
f 680/1843/680 876/2248/880 724/1841/724
f 855/2249/859 821/2114/821 767/1965/767
f 836/2250/837 856/2197/860 808/2199/808
f 856/2251/860 871/2252/875 837/2253/838
f 717/1821/717 823/2122/823 840/2146/841
f 859/2203/863 841/2254/842 752/2019/752
f 849/2255/850 851/2256/852 877/2257/881
f 851/2183/852 825/2241/825 826/2187/854
f 825/2258/826 862/2259/866 878/2260/882
f 788/2261/788 844/2262/845 879/2263/883
f 788/2037/788 879/2264/883 684/2081/684
f 684/1943/684 879/2265/883 782/2026/782
f 794/2152/794 880/2266/884 796/2056/796
f 774/1999/774 789/2038/789 881/2267/885
f 864/2268/868 875/2244/879 777/2158/777
f 805/2083/805 724/1841/724 876/2248/880
f 882/2269/886 855/2194/859 835/2136/836
f 680/1812/680 800/2068/800 876/2270/880
f 799/2067/799 819/2137/819 883/2271/887
f 855/2194/859 882/2269/886 884/2272/888
f 883/2273/887 819/2112/819 869/2222/873
f 819/2112/819 807/2085/807 869/2222/873
f 884/2274/888 821/2114/821 855/2249/859
f 868/2275/872 757/1950/757 806/2084/806
f 885/2276/889 869/2277/873 845/2164/846
f 885/2276/889 845/2164/846 846/2196/847
f 885/2278/889 846/2279/847 857/2280/861
f 859/2203/863 809/2089/809 871/2227/875
f 840/2146/841 872/2281/876 675/1846/675
f 792/2282/792 886/2283/890 858/2284/862
f 886/2283/890 792/2282/792 873/2285/877
f 812/2286/812 735/2287/735 533/2288/533
f 787/2077/787 803/2079/803 649/2078/649
f 887/2289/891 852/2186/853 769/2185/769
f 861/2207/865 888/2290/892 851/2236/852
f 877/2291/881 851/2236/852 888/2290/892
f 889/2292/893 867/2293/871 756/1932/756
f 815/2159/815 817/2108/817 890/2294/894
f 891/2295/895 797/2064/797 832/2191/833
f 640/1724/640 834/2296/835 806/2110/806
f 821/2297/821 892/2298/896 836/2299/837
f 820/2300/820 741/2224/741 870/2226/874
f 857/2280/861 893/2301/897 885/2278/889
f 894/2302/898 871/2252/875 856/2251/860
f 778/2143/778 822/2120/822 895/2303/899
f 857/2200/861 858/2202/862 896/2304/900
f 896/2304/900 858/2202/862 886/2305/890
f 872/2229/876 887/2306/891 785/2230/785
f 843/2172/844 842/2307/843 897/2308/901
f 802/2075/802 860/2204/864 898/2309/902
f 785/2310/785 887/2289/891 769/2185/769
f 849/2178/850 877/2311/881 787/2179/787
f 877/2311/881 878/2312/882 787/2179/787
f 877/2313/881 899/2314/903 878/2315/882
f 899/2316/903 825/2258/826 878/2260/882
f 878/2260/882 862/2259/866 900/2317/904
f 781/2318/781 813/2242/813 874/2243/878
f 804/2156/804 776/2155/776 901/2319/905
f 789/2320/789 708/2321/708 865/2322/869
f 814/2157/814 866/2215/870 902/2323/906
f 867/2324/871 903/2325/907 750/2326/750
f 731/2061/731 903/2327/907 784/2062/784
f 739/2043/739 904/2328/908 833/2329/834
f 739/2043/739 771/1979/771 904/2328/908
f 854/2330/858 905/2331/909 835/2136/836
f 835/2136/836 905/2331/909 882/2269/886
f 771/2066/771 799/2067/799 906/2332/910
f 799/2067/799 883/2271/887 906/2332/910
f 907/2333/911 884/2272/888 882/2269/886
f 869/2222/873 908/2334/912 883/2273/887
f 884/2335/888 892/2298/896 821/2297/821
f 885/2336/889 908/2334/912 869/2222/873
f 836/2250/837 892/2337/896 856/2197/860
f 778/2143/778 895/2303/899 870/2338/874
f 895/2303/899 822/2120/822 909/2339/913
f 822/2120/822 839/2170/840 909/2339/913
f 857/2200/861 896/2304/900 893/2340/897
f 859/2203/863 871/2227/875 910/2341/914
f 859/2203/863 910/2341/914 841/2254/842
f 897/2308/901 811/2094/811 843/2172/844
f 802/2342/802 911/2343/915 628/2344/628
f 826/2345/827 899/2314/903 862/2259/866
f 899/2314/903 900/2317/904 862/2259/866
f 844/2262/845 912/2346/916 879/2263/883
f 781/2318/781 913/2347/917 794/2152/794
f 781/2318/781 874/2243/878 913/2347/917
f 804/2348/804 914/2349/918 844/2350/845
f 754/1927/754 774/2027/774 881/2351/885
f 796/2056/796 863/2352/867 775/2153/775
f 747/1901/747 889/2292/893 756/1932/756
f 737/2353/737 831/2354/832 865/2355/869
f 915/2356/919 834/2135/835 784/2032/784
f 904/2328/908 771/1979/771 906/2357/910
f 916/2358/920 883/2273/887 908/2334/912
f 917/2359/921 868/2275/872 806/2084/806
f 908/2360/912 885/2361/889 893/2362/897
f 856/2197/860 892/2337/896 894/2363/898
f 918/2364/922 909/2339/913 839/2170/840
f 840/2146/841 823/2122/823 919/2365/923
f 920/2366/924 886/2283/890 873/2285/877
f 842/2307/843 911/2367/915 897/2308/901
f 628/2344/628 911/2343/915 842/2368/843
f 848/2175/849 793/2174/793 852/2186/853
f 921/2369/925 877/2313/881 888/2370/892
f 877/2313/881 921/2369/925 899/2314/903
f 787/2371/787 878/2260/882 921/2369/925
f 912/2346/916 922/2372/926 879/2263/883
f 914/2373/918 804/2374/804 901/2375/905
f 776/2002/776 814/2101/814 901/2376/905
f 901/2376/905 814/2101/814 902/2377/906
f 816/2105/816 891/2378/895 832/2133/833
f 750/2379/750 903/2327/907 731/2061/731
f 882/2269/886 905/2331/909 907/2333/911
f 910/2341/914 871/2227/875 894/2380/898
f 923/2381/927 860/2204/864 841/2147/842
f 923/2382/927 898/2383/902 860/2384/864
f 924/2385/928 728/2080/728 803/2079/803
f 921/2369/925 878/2260/882 900/2317/904
f 866/2215/870 815/2103/815 890/2386/894
f 925/2387/929 890/2294/894 817/2108/817
f 868/2223/872 838/2144/839 791/2047/791
f 919/2365/923 823/2122/823 926/2388/930
f 896/2304/900 886/2305/890 927/2389/931
f 802/2342/802 898/2390/902 928/2391/932
f 861/2207/865 929/2392/933 888/2290/892
f 787/2393/787 921/2394/925 888/2395/892
f 879/2265/883 795/2055/795 782/2026/782
f 880/2266/884 930/2396/934 796/2056/796
f 889/2292/893 747/1901/747 783/2397/783
f 797/2398/797 931/2399/935 854/2400/858
f 903/2327/907 915/2401/919 784/2062/784
f 834/2296/835 917/2402/921 806/2110/806
f 906/2332/910 883/2271/887 916/2403/920
f 907/2404/911 932/2405/936 884/2335/888
f 884/2335/888 932/2405/936 892/2298/896
f 908/2360/912 893/2362/897 933/2406/937
f 870/2226/874 934/2407/938 935/2408/939
f 870/2338/874 895/2303/899 934/2409/938
f 838/2144/839 936/2410/940 926/2411/930
f 838/2168/839 926/2388/930 823/2122/823
f 926/2412/930 937/2413/941 919/2414/923
f 938/2415/942 910/2341/914 894/2380/898
f 839/2145/840 810/2091/810 939/2416/943
f 893/2340/897 896/2304/900 940/2417/944
f 896/2418/900 927/2419/931 940/2420/944
f 886/2283/890 920/2366/924 927/2421/931
f 910/2341/914 941/2422/945 841/2254/842
f 897/2308/901 780/2095/780 811/2094/811
f 921/2369/925 900/2317/904 899/2314/903
f 942/2423/946 844/2350/845 914/2349/918
f 914/2373/918 901/2375/905 943/2424/947
f 944/2425/948 789/2426/789 865/2427/869
f 853/2247/857 805/2246/805 945/2428/949
f 946/2429/950 906/2332/910 947/2430/951
f 906/2332/910 916/2403/920 947/2430/951
f 947/2431/951 916/2358/920 948/2432/952
f 916/2358/920 908/2334/912 948/2432/952
f 820/2300/820 870/2226/874 935/2408/939
f 948/2433/952 908/2434/912 933/2435/937
f 892/2337/896 949/2436/953 894/2363/898
f 949/2436/953 938/2437/942 894/2363/898
f 936/2410/940 838/2144/839 868/2223/872
f 933/2438/937 893/2439/897 940/2440/944
f 950/2441/954 810/2091/810 847/2171/848
f 941/2442/945 923/2382/927 841/2443/842
f 773/2235/773 734/2444/734 951/2445/955
f 861/2207/865 735/2206/735 929/2392/933
f 794/2152/794 913/2347/917 880/2266/884
f 912/2346/916 844/2262/845 942/2446/946
f 874/2243/878 754/1927/754 881/2351/885
f 796/2447/796 952/2448/956 863/2449/867
f 863/2450/867 953/2451/957 864/2452/868
f 865/2355/869 831/2354/832 954/2453/958
f 955/2454/959 816/2105/816 875/2455/879
f 867/2324/871 956/2456/960 903/2325/907
f 931/2399/935 957/2457/961 854/2400/858
f 800/2068/800 958/2458/962 876/2270/880
f 932/2405/936 949/2459/953 892/2298/896
f 948/2433/952 933/2435/937 959/2460/963
f 934/2409/938 895/2303/899 909/2339/913
f 919/2365/923 872/2281/876 840/2146/841
f 887/2306/891 872/2229/876 960/2461/964
f 897/2308/901 961/2462/965 780/2095/780
f 743/2463/743 962/2464/966 847/2465/848
f 879/2466/883 963/2467/967 795/2468/795
f 874/2243/878 881/2351/885 964/2469/968
f 914/2349/918 965/2470/969 942/2423/946
f 795/2468/795 963/2467/967 783/2471/783
f 796/2056/796 930/2396/934 952/2472/956
f 833/2473/834 925/2474/929 817/2475/817
f 931/2476/935 797/2064/797 891/2295/895
f 925/2474/929 833/2473/834 966/2477/970
f 966/2477/970 833/2473/834 904/2478/908
f 904/2328/908 906/2357/910 967/2479/971
f 905/2480/909 854/2400/858 957/2457/961
f 805/2481/805 876/2482/880 968/2483/972
f 946/2429/950 947/2430/951 969/2484/973
f 968/2485/972 876/2270/880 958/2458/962
f 947/2431/951 948/2432/952 970/2486/974
f 958/2487/962 820/2488/820 935/2489/939
f 971/2490/975 938/2437/942 949/2436/953
f 938/2415/942 941/2422/945 910/2341/914
f 951/2445/955 873/2232/877 773/2235/773
f 961/2462/965 897/2308/901 911/2367/915
f 928/2391/932 911/2343/915 802/2342/802
f 924/2385/928 850/2491/851 728/2080/728
f 972/2492/976 852/2186/853 887/2289/891
f 912/2493/916 942/2423/946 922/2494/926
f 874/2243/878 964/2469/968 913/2347/917
f 881/2495/885 789/2426/789 944/2425/948
f 816/2105/816 955/2454/959 891/2378/895
f 891/2295/895 973/2496/977 974/2497/978
f 891/2295/895 974/2497/978 931/2476/935
f 975/2498/979 853/2247/857 945/2428/949
f 945/2499/949 805/2481/805 968/2483/972
f 906/2357/910 946/2500/950 967/2479/971
f 957/2501/961 976/2502/980 905/2503/909
f 947/2430/951 970/2504/974 969/2484/973
f 976/2505/980 907/2333/911 905/2331/909
f 970/2506/974 948/2433/952 959/2460/963
f 917/2507/921 977/2508/981 868/2509/872
f 977/2510/981 936/2410/940 868/2223/872
f 978/2511/982 933/2512/937 979/2513/983
f 839/2170/840 939/2514/943 918/2364/922
f 933/2512/937 940/2515/944 979/2513/983
f 939/2416/943 810/2091/810 950/2441/954
f 898/2516/902 980/2517/984 928/2518/932
f 981/2519/985 847/2465/848 962/2464/966
f 787/2077/787 888/2520/892 803/2079/803
f 729/2521/729 962/2464/966 743/2463/743
f 879/2466/883 922/2494/926 963/2467/967
f 880/2266/884 913/2347/917 964/2469/968
f 963/2522/967 889/2523/893 783/2524/783
f 866/2215/870 982/2525/986 902/2323/906
f 890/2294/894 925/2387/929 983/2526/987
f 974/2497/978 984/2527/988 931/2476/935
f 931/2399/935 984/2528/988 957/2457/961
f 904/2328/908 967/2479/971 966/2529/970
f 907/2333/911 976/2505/980 985/2530/989
f 800/2531/800 820/2488/820 958/2487/962
f 959/2532/963 933/2512/937 978/2511/982
f 926/2412/930 986/2533/990 937/2413/941
f 919/2414/923 987/2534/991 872/2535/876
f 938/2536/942 988/2537/992 941/2538/945
f 940/2420/944 927/2419/931 979/2539/983
f 927/2419/931 920/2540/924 979/2539/983
f 734/2444/734 989/2541/993 951/2445/955
f 850/2542/851 990/2543/994 729/2521/729
f 922/2494/926 942/2423/946 963/2467/967
f 914/2373/918 943/2424/947 991/2544/995
f 952/2448/956 992/2545/996 863/2449/867
f 863/2449/867 992/2545/996 953/2546/957
f 953/2451/957 875/2547/879 864/2452/868
f 875/2548/879 993/2549/997 955/2550/959
f 831/2132/832 853/2190/857 954/2551/958
f 956/2552/960 994/2553/998 903/2327/907
f 903/2327/907 995/2554/999 915/2401/919
f 984/2528/988 996/2555/1000 957/2457/961
f 945/2499/949 968/2483/972 997/2556/1001
f 907/2404/911 985/2557/989 932/2405/936
f 932/2405/936 971/2558/975 949/2459/953
f 936/2559/940 986/2533/990 926/2412/930
f 919/2414/923 937/2413/941 987/2534/991
f 941/2442/945 998/2560/1002 923/2382/927
f 923/2382/927 998/2560/1002 898/2383/902
f 812/2561/812 929/2392/933 735/2206/735
f 942/2423/946 965/2470/969 963/2467/967
f 964/2469/968 930/2396/934 880/2266/884
f 955/2454/959 973/2562/977 891/2378/895
f 996/2563/1000 976/2502/980 957/2501/961
f 959/2460/963 999/2564/1003 970/2506/974
f 909/2339/913 1000/2565/1004 934/2409/938
f 1001/2566/1005 941/2442/945 988/2567/992
f 920/2366/924 873/2285/877 951/2568/955
f 989/2569/993 734/2570/734 780/2095/780
f 989/2569/993 780/2095/780 961/2462/965
f 1002/2571/1006 848/2175/849 852/2186/853
f 965/2470/969 914/2349/918 1003/2572/1007
f 943/2573/947 901/2574/905 1004/2575/1008
f 1004/2575/1008 901/2574/905 1005/2576/1009
f 1006/2577/1010 865/2578/869 954/2579/958
f 1005/2576/1009 902/2580/906 1007/2581/1011
f 954/2551/958 853/2190/857 975/2582/979
f 973/2496/977 1008/2583/1012 974/2497/978
f 1008/2583/1012 984/2527/988 974/2497/978
f 1008/2584/1012 1009/2585/1013 984/2586/988
f 1009/2587/1013 996/2555/1000 984/2528/988
f 966/2529/970 967/2479/971 1010/2588/1014
f 967/2479/971 946/2500/950 1010/2588/1014
f 1009/2587/1013 1011/2589/1015 996/2555/1000
f 1010/2590/1014 946/2591/950 1012/2592/1016
f 1011/2593/1015 976/2502/980 996/2563/1000
f 1013/2594/1017 834/2135/835 915/2356/919
f 1011/2593/1015 1014/2595/1018 976/2502/980
f 1012/2596/1016 946/2429/950 969/2484/973
f 1014/2595/1018 985/2597/989 976/2502/980
f 969/2484/973 970/2504/974 1015/2598/1019
f 985/2557/989 1016/2599/1020 932/2405/936
f 1017/2600/1021 977/2601/981 917/2602/921
f 909/2339/913 918/2364/922 1000/2565/1004
f 988/2603/992 938/2604/942 971/2605/975
f 1018/2606/1022 979/2539/983 920/2540/924
f 1019/2607/1023 960/2461/964 872/2229/876
f 941/2442/945 1001/2566/1005 998/2560/1002
f 951/2608/955 989/2609/993 1020/2610/1024
f 898/2383/902 998/2560/1002 980/2611/984
f 852/2186/853 1021/2612/1025 1002/2571/1006
f 972/2492/976 1021/2612/1025 852/2186/853
f 914/2373/918 991/2544/995 1003/2613/1007
f 1005/2614/1009 901/2376/905 902/2377/906
f 1007/2615/1011 902/2323/906 982/2525/986
f 982/2525/986 866/2215/870 890/2386/894
f 975/2498/979 945/2428/949 997/2616/1001
f 995/2617/999 1022/2618/1026 915/2619/919
f 1013/2620/1017 917/2402/921 834/2296/835
f 1016/2599/1020 971/2558/975 932/2405/936
f 999/2621/1003 959/2532/963 978/2511/982
f 935/2408/939 934/2407/938 1023/2622/1027
f 978/2623/982 979/2539/983 1024/2624/1028
f 848/2175/849 1002/2571/1006 812/2176/812
f 812/2176/812 1002/2571/1006 1025/2625/1029
f 850/2542/851 924/2626/928 990/2543/994
f 965/2470/969 1003/2572/1007 963/2467/967
f 881/2495/885 944/2425/948 1026/2627/1030
f 953/2451/957 1027/2628/1031 875/2547/879
f 1027/2629/1031 1028/2630/1032 875/2548/879
f 955/2454/959 1029/2631/1033 973/2562/977
f 925/2632/929 966/2633/970 1030/2634/1034
f 966/2633/970 1010/2635/1014 1030/2634/1034
f 1014/2595/1018 1031/2636/1035 985/2597/989
f 971/2605/975 1032/2637/1036 988/2603/992
f 872/2535/876 987/2534/991 1019/2638/1023
f 847/2465/848 981/2519/985 950/2639/954
f 812/2640/812 1025/2641/1029 929/2642/933
f 990/2543/994 962/2464/966 729/2521/729
f 881/2351/885 1026/2643/1030 964/2469/968
f 889/2292/893 1033/2644/1037 867/2293/871
f 867/2645/871 1033/2646/1037 956/2647/960
f 890/2294/894 1034/2648/1038 982/2649/986
f 993/2650/997 1029/2651/1033 955/2652/959
f 890/2294/894 983/2526/987 1034/2648/1038
f 973/2653/977 1029/2651/1033 1035/2654/1039
f 1012/2655/1016 969/2656/973 1015/2657/1019
f 968/2658/972 958/2659/962 1036/2660/1040
f 978/2511/982 1024/2661/1028 1037/2662/1041
f 936/2663/940 1038/2664/1042 986/2665/990
f 979/2539/983 1018/2606/1022 1024/2624/1028
f 1032/2666/1036 1001/2667/1005 988/2668/992
f 920/2366/924 951/2568/955 1039/2669/1043
f 951/2568/955 1020/2670/1024 1039/2669/1043
f 991/2544/995 1040/2671/1044 1003/2613/1007
f 944/2425/948 865/2427/869 1006/2672/1010
f 875/2548/879 1028/2630/1032 993/2549/997
f 954/2551/958 975/2582/979 1041/2673/1045
f 925/2632/929 1030/2634/1034 983/2674/987
f 997/2556/1001 968/2483/972 1042/2675/1046
f 1043/2676/1047 1011/2589/1015 1009/2587/1013
f 1044/2677/1048 1010/2590/1014 1012/2592/1016
f 999/2621/1003 978/2511/982 1037/2662/1041
f 1018/2678/1022 920/2366/924 1039/2669/1043
f 1045/2679/1049 998/2560/1002 1001/2566/1005
f 1045/2679/1049 980/2611/984 998/2560/1002
f 972/2492/976 887/2289/891 960/2680/964
f 929/2392/933 803/2681/803 888/2290/892
f 924/2626/928 1046/2682/1050 990/2543/994
f 963/2522/967 1047/2683/1051 889/2523/893
f 1048/2684/1052 991/2685/995 943/2686/947
f 1048/2687/1052 943/2573/947 1004/2575/1008
f 1027/2628/1031 953/2451/957 992/2688/996
f 1048/2687/1052 1004/2575/1008 1049/2689/1053
f 1049/2689/1053 1004/2575/1008 1005/2576/1009
f 1034/2648/1038 983/2526/987 1050/2690/1054
f 1051/2691/1055 973/2496/977 1035/2692/1039
f 1051/2691/1055 1008/2583/1012 973/2496/977
f 1052/2693/1056 1009/2585/1013 1008/2584/1012
f 994/2553/998 995/2554/999 903/2327/907
f 1053/2694/1057 1012/2655/1016 1015/2657/1019
f 1043/2695/1047 1014/2595/1018 1011/2593/1015
f 917/2602/921 1054/2696/1058 1017/2600/1021
f 1031/2697/1035 1016/2599/1020 985/2557/989
f 1015/2698/1019 970/2506/974 999/2564/1003
f 971/2605/975 1016/2699/1020 1032/2637/1036
f 934/2700/938 1000/2701/1004 1055/2702/1059
f 936/2703/940 1056/2704/1060 1038/2705/1042
f 918/2706/922 939/2707/943 1057/2708/1061
f 1038/2664/1042 937/2709/941 986/2665/990
f 1025/2641/1029 1002/2710/1006 1021/2711/1025
f 929/2642/933 1025/2641/1029 1058/2712/1062
f 930/2713/934 1059/2714/1063 952/2448/956
f 992/2545/996 952/2448/956 1060/2715/1064
f 889/2716/893 1061/2717/1065 1033/2718/1037
f 1007/2719/1011 982/2720/986 1062/2721/1066
f 982/2722/986 1034/2723/1038 1062/2724/1066
f 993/2650/997 1063/2725/1067 1029/2651/1033
f 1050/2690/1054 983/2526/987 1064/2726/1068
f 1065/2727/1069 994/2728/998 956/2729/960
f 1064/2730/1068 983/2674/987 1066/2731/1070
f 983/2674/987 1030/2634/1034 1066/2731/1070
f 1030/2634/1034 1010/2635/1014 1067/2732/1071
f 1010/2590/1014 1044/2677/1048 1067/2733/1071
f 1009/2587/1013 1052/2734/1056 1043/2676/1047
f 1012/2592/1016 1053/2735/1057 1044/2677/1048
f 1013/2736/1017 1054/2737/1058 917/2738/921
f 1023/2739/1027 934/2700/938 1055/2702/1059
f 918/2706/922 1057/2708/1061 1000/2701/1004
f 1039/2740/1043 1068/2741/1072 1018/2742/1022
f 960/2680/964 1069/2743/1073 972/2492/976
f 1003/2572/1007 1047/2744/1051 963/2467/967
f 1003/2613/1007 1040/2671/1044 1047/2745/1051
f 964/2469/968 1026/2643/1030 930/2396/934
f 889/2523/893 1047/2683/1051 1061/2746/1065
f 991/2544/995 1048/2747/1052 1040/2671/1044
f 952/2448/956 1059/2714/1063 1060/2715/1064
f 1005/2576/1009 1007/2581/1011 1049/2689/1053
f 954/2579/958 1070/2748/1074 1006/2577/1010
f 1062/2721/1066 1071/2749/1075 1007/2719/1011
f 954/2750/958 1041/2751/1045 1070/2752/1074
f 1034/2648/1038 1072/2753/1076 1062/2754/1066
f 1050/2690/1054 1072/2753/1076 1034/2648/1038
f 1030/2634/1034 1067/2732/1071 1066/2731/1070
f 1022/2618/1026 1013/2755/1017 915/2619/919
f 958/2487/962 935/2489/939 1073/2756/1077
f 935/2489/939 1023/2757/1027 1073/2756/1077
f 1017/2600/1021 1074/2758/1078 977/2601/981
f 1000/2701/1004 1075/2759/1079 1055/2702/1059
f 950/2760/954 1076/2761/1080 939/2707/943
f 937/2413/941 1077/2762/1081 987/2534/991
f 1019/2638/1023 987/2534/991 1078/2763/1082
f 1018/2742/1022 1068/2741/1072 1079/2764/1083
f 911/2765/915 928/2766/932 961/2767/965
f 962/2464/966 1080/2768/1084 981/2519/985
f 803/2769/803 1081/2770/1085 924/2771/928
f 1046/2682/1050 1082/2772/1086 990/2543/994
f 990/2543/994 1083/2773/1087 962/2464/966
f 992/2688/996 1060/2774/1064 1027/2628/1031
f 1049/2689/1053 1084/2775/1088 1048/2687/1052
f 1049/2689/1053 1007/2581/1011 1084/2775/1088
f 1027/2629/1031 1085/2776/1089 1028/2630/1032
f 1062/2777/1066 1086/2778/1090 1071/2779/1075
f 993/2549/997 1028/2630/1032 1087/2780/1091
f 1087/2781/1091 1063/2725/1067 993/2650/997
f 1062/2777/1066 1072/2782/1076 1086/2778/1090
f 1029/2651/1033 1088/2783/1092 1035/2654/1039
f 1052/2734/1056 1089/2784/1093 1043/2676/1047
f 1042/2785/1046 968/2658/972 1036/2660/1040
f 1043/2695/1047 1090/2786/1094 1014/2595/1018
f 999/2564/1003 1091/2787/1095 1092/2788/1096
f 999/2621/1003 1037/2662/1041 1091/2789/1095
f 1016/2699/1020 1093/2790/1097 1032/2637/1036
f 977/2791/981 1056/2704/1060 936/2703/940
f 1057/2708/1061 1075/2759/1079 1000/2701/1004
f 939/2707/943 1076/2761/1080 1057/2708/1061
f 1038/2664/1042 1077/2792/1081 937/2709/941
f 981/2793/985 1076/2794/1080 950/2795/954
f 1019/2607/1023 1069/2796/1073 960/2461/964
f 924/2771/928 1094/2797/1098 1046/2798/1050
f 1048/2799/1052 1084/2800/1088 1095/2801/1099
f 1027/2628/1031 1060/2774/1064 1096/2802/1100
f 1007/2581/1011 1097/2803/1101 1084/2775/1088
f 1027/2628/1031 1096/2802/1100 1085/2804/1089
f 1007/2719/1011 1071/2749/1075 1097/2805/1101
f 1033/2646/1037 1065/2806/1069 956/2647/960
f 1029/2651/1033 1063/2725/1067 1088/2783/1092
f 1064/2726/1068 1098/2807/1102 1050/2690/1054
f 1088/2808/1092 1099/2809/1103 1035/2810/1039
f 975/2811/979 1100/2812/1104 1041/2813/1045
f 1035/2692/1039 1099/2814/1103 1051/2691/1055
f 975/2815/979 1101/2816/1105 1100/2817/1104
f 997/2818/1001 1101/2819/1105 975/2820/979
f 1066/2731/1070 1067/2732/1071 1102/2821/1106
f 1066/2731/1070 1102/2821/1106 1103/2822/1107
f 1052/2693/1056 1008/2584/1012 1104/2823/1108
f 1067/2733/1071 1044/2677/1048 1102/2824/1106
f 1013/2736/1017 1105/2825/1109 1054/2737/1058
f 1015/2657/1019 1106/2826/1110 1053/2694/1057
f 1106/2826/1110 1015/2657/1019 1107/2827/1111
f 1036/2828/1040 958/2487/962 1073/2756/1077
f 1024/2829/1028 1108/2830/1112 1037/2831/1041
f 1032/2666/1036 1109/2832/1113 1001/2667/1005
f 987/2833/991 1077/2834/1081 1078/2835/1082
f 1018/2742/1022 1079/2764/1083 1024/2836/1028
f 1039/2740/1043 1020/2837/1024 1068/2741/1072
f 930/2713/934 1026/2627/1030 1059/2714/1063
f 1095/2801/1099 1084/2800/1088 1110/2838/1114
f 1084/2775/1088 1097/2803/1101 1110/2839/1114
f 1085/2776/1089 1111/2840/1115 1028/2630/1032
f 1028/2630/1032 1111/2840/1115 1087/2780/1091
f 1064/2730/1068 1066/2731/1070 1098/2841/1102
f 997/2556/1001 1042/2675/1046 1101/2842/1105
f 1022/2618/1026 1112/2843/1116 1013/2755/1017
f 1015/2698/1019 999/2564/1003 1107/2844/1111
f 977/2791/981 1074/2845/1078 1056/2704/1060
f 1037/2662/1041 1108/2846/1112 1091/2789/1095
f 1057/2708/1061 1076/2761/1080 1113/2847/1117
f 1078/2835/1082 1114/2848/1118 1019/2849/1023
f 1019/2607/1023 1115/2850/1119 1069/2796/1073
f 989/2609/993 1116/2851/1120 1020/2610/1024
f 1080/2768/1084 962/2464/966 1083/2773/1087
f 1058/2712/1062 1025/2641/1029 1021/2711/1025
f 1048/2799/1052 1117/2852/1121 1040/2853/1044
f 1048/2799/1052 1095/2801/1099 1117/2852/1121
f 1118/2854/1122 1096/2802/1100 1119/2855/1123
f 1110/2856/1114 1097/2805/1101 1120/2857/1124
f 1085/2804/1089 1096/2802/1100 1118/2854/1122
f 1097/2805/1101 1071/2749/1075 1120/2857/1124
f 1071/2749/1075 1086/2858/1090 1120/2857/1124
f 1050/2690/1054 1098/2807/1102 1072/2753/1076
f 1051/2859/1055 1099/2860/1103 1008/2584/1012
f 1104/2823/1108 1089/2861/1093 1052/2693/1056
f 1044/2677/1048 1053/2735/1057 1106/2862/1110
f 1014/2595/1018 1121/2863/1125 1031/2636/1035
f 1038/2664/1042 1122/2864/1126 1077/2792/1081
f 1123/2865/1127 1109/2866/1113 1032/2867/1036
f 1077/2834/1081 1114/2848/1118 1078/2835/1082
f 1001/2667/1005 1109/2832/1113 1124/2868/1128
f 981/2793/985 1125/2869/1129 1076/2794/1080
f 1001/2667/1005 1124/2868/1128 1045/2870/1049
f 981/2519/985 1080/2768/1084 1125/2871/1129
f 928/2518/932 980/2517/984 1126/2872/1130
f 1046/2798/1050 1094/2797/1098 1082/2873/1086
f 990/2543/994 1082/2772/1086 1083/2773/1087
f 1059/2714/1063 1127/2874/1131 1060/2715/1064
f 1119/2875/1123 1096/2876/1100 1060/2877/1064
f 1110/2878/1114 1128/2879/1132 1095/2880/1099
f 1110/2878/1114 1120/2881/1124 1128/2879/1132
f 1085/2776/1089 1118/2882/1122 1111/2840/1115
f 1120/2883/1124 1086/2778/1090 1129/2884/1133
f 1086/2778/1090 1072/2782/1076 1129/2884/1133
f 1065/2885/1069 1130/2886/1134 994/2887/998
f 1066/2731/1070 1103/2822/1107 1098/2841/1102
f 1130/2886/1134 995/2888/999 994/2887/998
f 1099/2860/1103 1104/2823/1108 1008/2584/1012
f 1102/2824/1106 1044/2677/1048 1106/2862/1110
f 1089/2889/1093 1131/2890/1135 1043/2695/1047
f 1131/2890/1135 1090/2786/1094 1043/2695/1047
f 1132/2891/1136 1036/2660/1040 1073/2892/1077
f 1133/2893/1137 1074/2758/1078 1017/2600/1021
f 1092/2788/1096 1107/2844/1111 999/2564/1003
f 1108/2894/1112 1134/2895/1138 1091/2896/1095
f 1075/2759/1079 1057/2708/1061 1113/2847/1117
f 1056/2897/1060 1135/2898/1139 1038/2664/1042
f 1093/2790/1097 1123/2899/1127 1032/2637/1036
f 1024/2836/1028 1079/2764/1083 1108/2900/1112
f 928/2766/932 1136/2901/1140 961/2767/965
f 1058/2902/1062 1137/2903/1141 929/2904/933
f 1026/2627/1030 944/2425/948 1006/2672/1010
f 1117/2852/1121 1095/2801/1099 1128/2905/1132
f 1119/2906/1123 1138/2907/1142 1118/2908/1122
f 1139/2909/1143 1088/2783/1092 1063/2725/1067
f 1140/2910/1144 1022/2618/1026 995/2617/999
f 1140/2910/1144 1112/2843/1116 1022/2618/1026
f 1112/2843/1116 1105/2911/1109 1013/2755/1017
f 1036/2660/1040 1132/2891/1136 1042/2785/1046
f 1121/2863/1125 1014/2595/1018 1090/2786/1094
f 1121/2912/1125 1016/2913/1020 1031/2914/1035
f 1092/2915/1096 1091/2916/1095 1141/2917/1145
f 1141/2918/1145 1091/2896/1095 1134/2895/1138
f 1114/2848/1118 1115/2919/1119 1019/2849/1023
f 1142/2920/1146 1068/2921/1072 1020/2610/1024
f 1020/2610/1024 1116/2851/1120 1142/2920/1146
f 1126/2872/1130 980/2517/984 1045/2922/1049
f 1081/2770/1085 1094/2797/1098 924/2771/928
f 1128/2923/1132 1120/2924/1124 1143/2925/1147
f 1033/2926/1037 1144/2927/1148 1065/2928/1069
f 1098/2929/1102 1145/2930/1149 1072/2931/1076
f 1065/2932/1069 1146/2933/1150 1130/2934/1134
f 1131/2935/1135 1147/2936/1151 1090/2937/1094
f 1132/2891/1136 1073/2892/1077 1148/2938/1152
f 1054/2696/1058 1133/2893/1137 1017/2600/1021
f 1073/2939/1077 1149/2940/1153 1148/2941/1152
f 1121/2912/1125 1093/2942/1097 1016/2913/1020
f 1023/2943/1027 1149/2940/1153 1073/2939/1077
f 1038/2664/1042 1135/2898/1139 1122/2864/1126
f 1122/2864/1126 1150/2944/1154 1077/2792/1081
f 1058/2712/1062 1021/2711/1025 1151/2945/1155
f 1026/2627/1030 1152/2946/1156 1059/2714/1063
f 1127/2874/1131 1119/2947/1123 1060/2715/1064
f 1006/2672/1010 1152/2946/1156 1026/2627/1030
f 1120/2924/1124 1129/2948/1133 1143/2925/1147
f 1111/2840/1115 1139/2949/1143 1087/2780/1091
f 1072/2931/1076 1145/2930/1149 1129/2950/1133
f 1146/2951/1150 1153/2952/1157 1130/2953/1134
f 1105/2825/1109 1154/2954/1158 1054/2737/1058
f 1147/2936/1151 1155/2955/1159 1090/2937/1094
f 1090/2786/1094 1155/2956/1159 1121/2863/1125
f 1133/2893/1137 1156/2957/1160 1074/2758/1078
f 1074/2845/1078 1156/2958/1160 1056/2704/1060
f 1093/2959/1097 1157/2960/1161 1123/2961/1127
f 1134/2895/1138 1108/2894/1112 1158/2962/1162
f 1113/2847/1117 1159/2963/1163 1075/2759/1079
f 1108/2964/1112 1079/2965/1083 1158/2966/1162
f 1109/2832/1113 1160/2967/1164 1124/2868/1128
f 1079/2764/1083 1068/2741/1072 1161/2968/1165
f 1124/2969/1128 1162/2970/1166 1045/2971/1049
f 1142/2972/1146 1161/2968/1165 1068/2741/1072
f 1142/2920/1146 1116/2851/1120 1163/2973/1167
f 1094/2797/1098 1164/2974/1168 1082/2873/1086
f 972/2975/976 1151/2945/1155 1021/2711/1025
f 1047/2976/1051 1040/2977/1044 1165/2978/1169
f 1047/2976/1051 1165/2978/1169 1166/2979/1170
f 1059/2714/1063 1152/2946/1156 1127/2874/1131
f 1117/2852/1121 1128/2905/1132 1167/2980/1171
f 1138/2907/1142 1119/2906/1123 1168/2981/1172
f 1006/2577/1010 1070/2748/1074 1169/2982/1173
f 1070/2748/1074 1170/2983/1174 1169/2982/1173
f 1171/2984/1175 1144/2927/1148 1033/2926/1037
f 1070/2752/1074 1041/2751/1045 1170/2985/1174
f 1087/2781/1091 1139/2909/1143 1063/2725/1067
f 1098/2929/1102 1103/2986/1107 1145/2930/1149
f 1102/2987/1106 1172/2988/1176 1103/2989/1107
f 1130/2886/1134 1140/2990/1144 995/2888/999
f 1054/2737/1058 1154/2954/1158 1133/2991/1137
f 1121/2912/1125 1173/2992/1177 1093/2942/1097
f 1174/2993/1178 1109/2866/1113 1123/2865/1127
f 1076/2761/1080 1175/2994/1179 1113/2847/1117
f 1115/2995/1119 1176/2996/1180 1069/2997/1073
f 1045/2971/1049 1162/2970/1166 1126/2998/1130
f 1142/2920/1146 1177/2999/1181 1161/3000/1165
f 1142/2920/1146 1163/2973/1167 1177/2999/1181
f 989/2609/993 1178/3001/1182 1116/2851/1120
f 1116/2851/1120 1178/3001/1182 1163/2973/1167
f 989/3002/993 961/3003/965 1178/3004/1182
f 1126/2872/1130 1179/3005/1183 928/2518/932
f 803/3006/803 929/3007/933 1081/3008/1085
f 972/2975/976 1069/3009/1073 1180/3010/1184
f 1117/2852/1121 1165/3011/1169 1040/2853/1044
f 1127/2874/1131 1168/3012/1172 1119/2947/1123
f 1171/3013/1175 1033/2718/1037 1061/2717/1065
f 1181/3014/1185 1118/3015/1122 1138/3016/1142
f 1181/3017/1185 1111/2840/1115 1118/2882/1122
f 1181/3017/1185 1139/2949/1143 1111/2840/1115
f 1041/2813/1045 1100/2812/1104 1182/3018/1186
f 1182/3018/1186 1100/2812/1104 1183/3019/1187
f 1184/3020/1188 1132/2891/1136 1148/2938/1152
f 1185/3021/1189 1106/2826/1110 1107/2827/1111
f 1107/3022/1111 1092/2915/1096 1186/3023/1190
f 1173/3024/1177 1157/2960/1161 1093/2959/1097
f 1023/2739/1027 1055/2702/1059 1187/3025/1191
f 1158/2966/1162 1188/3026/1192 1189/3027/1193
f 1158/2966/1162 1079/2965/1083 1188/3026/1192
f 1077/2792/1081 1150/2944/1154 1114/3028/1118
f 1160/2967/1164 1190/3029/1194 1124/2868/1128
f 1191/3030/1195 1161/2968/1165 1192/3031/1196
f 1162/2970/1166 1124/2969/1128 1190/3032/1194
f 1161/2968/1165 1177/3033/1181 1193/3034/1197
f 1176/3035/1180 1180/3010/1184 1069/3009/1073
f 1080/3036/1084 1083/3037/1087 1194/3038/1198
f 1082/2873/1086 1195/3039/1199 1083/3037/1087
f 1047/2976/1051 1166/2979/1170 1061/3040/1065
f 1128/2923/1132 1143/2925/1147 1167/3041/1171
f 1144/3042/1148 1146/3043/1150 1065/3044/1069
f 1183/3045/1187 1100/3046/1104 1101/3047/1105
f 1106/2862/1110 1196/3048/1200 1102/2824/1106
f 1197/3049/1201 1101/2842/1105 1042/2675/1046
f 1112/2843/1116 1198/3050/1202 1105/2911/1109
f 1106/2826/1110 1185/3021/1189 1196/3051/1200
f 1107/3022/1111 1186/3023/1190 1185/3052/1189
f 1155/3053/1159 1173/2992/1177 1121/2912/1125
f 1092/2915/1096 1141/2917/1145 1186/3023/1190
f 1141/2918/1145 1134/2895/1138 1189/3054/1193
f 1173/2992/1177 1199/3055/1203 1157/3056/1161
f 1199/3057/1203 1200/3058/1204 1157/3059/1161
f 1158/2962/1162 1189/3054/1193 1134/2895/1138
f 1157/2960/1161 1174/3060/1178 1123/2961/1127
f 1056/2897/1060 1201/3061/1205 1135/2898/1139
f 1188/3062/1192 1191/3063/1195 1202/3064/1206
f 1203/3065/1207 1160/3066/1164 1174/3067/1178
f 1174/3068/1178 1160/2967/1164 1109/2832/1113
f 1190/3029/1194 1160/2967/1164 1203/3069/1207
f 1079/2764/1083 1191/3030/1195 1188/3070/1192
f 1191/3030/1195 1192/3031/1196 1202/3071/1206
f 1079/2764/1083 1161/2968/1165 1191/3030/1195
f 1162/2970/1166 1179/3072/1183 1126/2998/1130
f 1177/3073/1181 1163/3074/1167 1178/3075/1182
f 1178/3004/1182 961/3003/965 1204/3076/1208
f 1094/2797/1098 1081/2770/1085 1164/2974/1168
f 972/2975/976 1180/3010/1184 1151/2945/1155
f 1164/2974/1168 1195/3039/1199 1082/2873/1086
f 1165/3011/1169 1117/2852/1121 1167/2980/1171
f 1145/3077/1149 1205/3078/1209 1129/3079/1133
f 1089/3080/1093 1206/3081/1210 1131/3082/1135
f 1132/2891/1136 1184/3020/1188 1042/2785/1046
f 1185/3083/1189 1207/3084/1211 1196/3085/1200
f 1208/3086/1212 1209/3087/1213 1155/3088/1159
f 1185/3052/1189 1186/3023/1190 1207/3089/1211
f 1155/3053/1159 1209/3090/1213 1173/2992/1177
f 1209/3090/1213 1199/3055/1203 1173/2992/1177
f 1186/3023/1190 1141/2917/1145 1210/3091/1214
f 1141/2918/1145 1189/3054/1193 1210/3092/1214
f 1211/3093/1215 1210/3092/1214 1189/3054/1193
f 1156/2958/1160 1201/3094/1205 1056/2704/1060
f 1200/3058/1204 1203/3095/1207 1157/3059/1161
f 1189/3054/1193 1188/3096/1192 1211/3093/1215
f 1203/3095/1207 1174/3097/1178 1157/3059/1161
f 1211/3098/1215 1188/3062/1192 1202/3064/1206
f 1076/2794/1080 1125/2869/1129 1175/3099/1179
f 1150/3100/1154 1115/2995/1119 1114/3101/1118
f 1190/3032/1194 1212/3102/1216 1162/2970/1166
f 1192/3031/1196 1161/2968/1165 1193/3034/1197
f 1080/3103/1084 1213/3104/1217 1125/2869/1129
f 1080/3103/1084 1194/3105/1198 1213/3104/1217
f 1178/3075/1182 1214/3106/1218 1177/3073/1181
f 1215/3107/1219 928/3108/932 1179/3072/1183
f 929/3007/933 1216/3109/1220 1081/3008/1085
f 1083/3037/1087 1195/3039/1199 1194/3038/1198
f 1166/2979/1170 1171/3110/1175 1061/3040/1065
f 1129/3079/1133 1205/3078/1209 1143/3111/1147
f 1139/2909/1143 1217/3112/1221 1088/2783/1092
f 1088/2808/1092 1217/3113/1221 1099/2809/1103
f 1153/3114/1157 1218/3115/1222 1130/2886/1134
f 1130/2886/1134 1218/3115/1222 1140/2990/1144
f 1103/2989/1107 1172/2988/1176 1219/3116/1223
f 1104/2823/1108 1206/3117/1210 1089/2861/1093
f 1196/3048/1200 1172/3118/1176 1102/2824/1106
f 1131/2935/1135 1220/3119/1224 1147/2936/1151
f 1042/2785/1046 1184/3020/1188 1197/3120/1201
f 1147/2936/1151 1220/3119/1224 1155/2955/1159
f 1220/3119/1224 1208/3121/1212 1155/2955/1159
f 1196/3122/1200 1207/3123/1211 1221/3124/1225
f 1209/3090/1213 1222/3125/1226 1199/3055/1203
f 1186/3023/1190 1223/3126/1227 1207/3089/1211
f 1186/3023/1190 1210/3091/1214 1223/3126/1227
f 1210/3092/1214 1211/3093/1215 1224/3127/1228
f 1187/3025/1191 1055/2702/1059 1225/3128/1229
f 1055/2702/1059 1075/2759/1079 1225/3128/1229
f 1075/2759/1079 1159/2963/1163 1225/3128/1229
f 1202/3071/1206 1192/3031/1196 1193/3034/1197
f 1203/3069/1207 1212/3129/1216 1190/3029/1194
f 1193/3130/1197 1177/3073/1181 1226/3131/1230
f 1152/2946/1156 1006/2672/1010 1169/3132/1173
f 1183/3045/1187 1101/3047/1105 1197/3133/1201
f 1104/3134/1108 1099/2809/1103 1217/3113/1221
f 1227/3135/1231 1140/2990/1144 1218/3115/1222
f 1227/3136/1231 1112/2843/1116 1140/2910/1144
f 1221/3124/1225 1172/3137/1176 1196/3122/1200
f 1154/2954/1158 1105/2825/1109 1198/3138/1202
f 1221/3139/1225 1207/3140/1211 1223/3141/1227
f 1149/3142/1153 1023/2739/1027 1187/3025/1191
f 1228/3143/1232 1200/3058/1204 1229/3144/1233
f 1228/3143/1232 1203/3095/1207 1200/3058/1204
f 1230/3145/1234 1202/3071/1206 1193/3034/1197
f 1127/2874/1131 1169/3132/1173 1168/3012/1172
f 1152/2946/1156 1169/3132/1173 1127/2874/1131
f 1231/3146/1235 1138/2907/1142 1168/2981/1172
f 1167/3041/1171 1143/2925/1147 1232/3147/1236
f 1167/3148/1171 1232/3149/1236 1233/3150/1237
f 1231/3146/1235 1234/3151/1238 1138/2907/1142
f 1234/3151/1238 1181/3152/1185 1138/2907/1142
f 1143/2925/1147 1205/3153/1209 1232/3147/1236
f 1181/3017/1185 1235/3154/1239 1139/2949/1143
f 1103/3155/1107 1236/3156/1240 1145/3157/1149
f 1103/2989/1107 1219/3116/1223 1236/3158/1240
f 1104/2823/1108 1237/3159/1241 1206/3117/1210
f 1238/3160/1242 1131/3082/1135 1206/3081/1210
f 1227/3136/1231 1198/3050/1202 1112/2843/1116
f 1238/3161/1242 1220/3119/1224 1131/2935/1135
f 1209/3087/1213 1208/3086/1212 1239/3162/1243
f 1210/3091/1214 1224/3163/1228 1223/3126/1227
f 1199/3055/1203 1222/3125/1226 1240/3164/1244
f 1199/3055/1203 1240/3164/1244 1200/3165/1204
f 1240/3166/1244 1229/3144/1233 1200/3058/1204
f 1224/3127/1228 1211/3093/1215 1241/3167/1245
f 1211/3093/1215 1202/3168/1206 1241/3167/1245
f 1241/3169/1245 1202/3170/1206 1230/3171/1234
f 1203/3172/1207 1228/3173/1232 1212/3174/1216
f 1135/3175/1139 1242/3176/1246 1122/3177/1126
f 1230/3178/1234 1193/3179/1197 1243/3180/1247
f 1175/3099/1179 1125/2869/1129 1213/3104/1217
f 1162/2970/1166 1215/3107/1219 1179/3072/1183
f 961/3003/965 1244/3181/1248 1204/3076/1208
f 1058/2712/1062 1151/2945/1155 1245/3182/1249
f 1246/3183/1250 1164/2974/1168 1081/2770/1085
f 1167/2980/1171 1247/3184/1251 1165/3011/1169
f 1167/3148/1171 1233/3150/1237 1247/3185/1251
f 1168/2981/1172 1248/3186/1252 1231/3146/1235
f 1169/3187/1173 1170/3188/1174 1249/3189/1253
f 1205/3190/1209 1250/3191/1254 1232/3192/1236
f 1041/2813/1045 1182/3018/1186 1170/3193/1174
f 1205/3078/1209 1145/3077/1149 1251/3194/1255
f 1220/3119/1224 1238/3161/1242 1208/3121/1212
f 1238/3161/1242 1239/3195/1243 1208/3121/1212
f 1241/3167/1245 1252/3196/1256 1224/3127/1228
f 1228/3197/1232 1253/3198/1257 1212/3199/1216
f 1122/3200/1126 1242/3201/1246 1150/3202/1154
f 1193/3179/1197 1226/3203/1230 1243/3180/1247
f 1254/3204/1258 1162/2970/1166 1212/3102/1216
f 1177/3073/1181 1255/3205/1259 1226/3131/1230
f 1214/3106/1218 1255/3205/1259 1177/3073/1181
f 1214/3106/1218 1178/3075/1182 1255/3205/1259
f 1178/3004/1182 1204/3076/1208 1255/3206/1259
f 928/2766/932 1256/3207/1260 1136/2901/1140
f 1137/3208/1141 1058/3209/1062 1245/3210/1249
f 929/3007/933 1137/3211/1141 1216/3109/1220
f 1151/3212/1155 1257/3213/1261 1245/3210/1249
f 1248/3186/1252 1258/3214/1262 1231/3146/1235
f 1258/3214/1262 1259/3215/1263 1231/3146/1235
f 1231/3146/1235 1259/3215/1263 1234/3151/1238
f 1234/3151/1238 1259/3215/1263 1260/3216/1264
f 1260/3216/1264 1181/3152/1185 1234/3151/1238
f 1197/3133/1201 1261/3217/1265 1183/3045/1187
f 1172/3218/1176 1262/3219/1266 1219/3220/1223
f 1154/3221/1158 1263/3222/1267 1133/3223/1137
f 1230/3171/1234 1243/3224/1247 1241/3169/1245
f 1253/3225/1257 1254/3226/1258 1212/3227/1216
f 1254/3204/1258 1215/3107/1219 1162/2970/1166
f 1081/2770/1085 1216/3228/1220 1246/3183/1250
f 1264/3229/1268 1165/3230/1169 1247/3231/1251
f 1165/2978/1169 1264/3232/1268 1166/2979/1170
f 1166/3233/1170 1264/3234/1268 1171/3235/1175
f 1247/3236/1251 1233/3237/1237 1265/3238/1269
f 1266/3239/1270 1259/3215/1263 1258/3214/1262
f 1266/3239/1270 1260/3216/1264 1259/3215/1263
f 1267/3240/1271 1233/3241/1237 1232/3242/1236
f 1268/3243/1272 1104/3134/1108 1217/3113/1221
f 1269/3244/1273 1219/3116/1223 1262/3245/1266
f 1222/3125/1226 1209/3090/1213 1239/3246/1243
f 1270/3247/1274 1223/3126/1227 1224/3163/1228
f 1271/3248/1275 1228/3143/1232 1229/3144/1233
f 1256/3207/1260 928/2766/932 1215/3249/1219
f 1244/3250/1248 961/3251/965 1136/3252/1140
f 1272/3253/1276 1216/3109/1220 1137/3211/1141
f 1257/3213/1261 1151/3212/1155 1180/3254/1184
f 1260/3255/1264 1273/3256/1277 1181/3017/1185
f 1139/2949/1143 1235/3154/1239 1274/3257/1278
f 1274/3258/1278 1275/3259/1279 1139/2909/1143
f 1139/2909/1143 1275/3259/1279 1217/3112/1221
f 1145/3157/1149 1236/3156/1240 1276/3260/1280
f 1197/3261/1201 1184/3262/1188 1277/3263/1281
f 1172/3218/1176 1221/3264/1225 1262/3219/1266
f 1238/3161/1242 1278/3265/1282 1239/3195/1243
f 1223/3141/1227 1279/3266/1283 1221/3139/1225
f 1148/2938/1152 1280/3267/1284 1184/3020/1188
f 1148/2941/1152 1149/2940/1153 1280/3268/1284
f 1156/3269/1160 1133/3223/1137 1263/3222/1267
f 1224/3270/1228 1252/3271/1256 1270/3272/1274
f 1135/3175/1139 1281/3273/1285 1242/3176/1246
f 1115/2995/1119 1282/3274/1286 1176/2996/1180
f 1215/3249/1219 1254/3275/1258 1256/3207/1260
f 1216/3109/1220 1283/3276/1287 1246/3277/1250
f 1246/3183/1250 1283/3278/1287 1164/2974/1168
f 1169/3187/1173 1248/3279/1252 1168/3280/1172
f 1258/3214/1262 1248/3186/1252 1266/3239/1270
f 1233/3237/1237 1267/3281/1271 1265/3238/1269
f 1264/3282/1268 1284/3283/1288 1171/2984/1175
f 1273/3256/1277 1235/3154/1239 1181/3017/1185
f 1250/3284/1254 1205/3078/1209 1285/3285/1289
f 1205/3078/1209 1251/3194/1255 1285/3285/1289
f 1286/3286/1290 1182/3287/1186 1183/3288/1187
f 1261/3217/1265 1197/3133/1201 1277/3289/1281
f 1237/3290/1241 1287/3291/1291 1206/3081/1210
f 1238/3160/1242 1206/3081/1210 1287/3291/1291
f 1252/3271/1256 1241/3292/1245 1288/3293/1292
f 1229/3294/1233 1289/3295/1293 1271/3296/1275
f 1159/3297/1163 1290/3298/1294 1225/3299/1229
f 1201/3300/1205 1291/3301/1295 1135/3175/1139
f 1241/3169/1245 1243/3224/1247 1288/3302/1292
f 1253/3303/1257 1228/3304/1232 1271/3305/1275
f 1135/3175/1139 1291/3301/1295 1281/3273/1285
f 1113/2847/1117 1175/2994/1179 1159/2963/1163
f 1150/3100/1154 1282/3274/1286 1115/2995/1119
f 1292/3306/1296 1256/3307/1260 1254/3226/1258
f 1226/3308/1230 1204/3076/1208 1244/3181/1248
f 1255/3206/1259 1204/3076/1208 1226/3308/1230
f 1216/3109/1220 1272/3253/1276 1283/3276/1287
f 1169/3187/1173 1293/3309/1297 1248/3279/1252
f 1266/3310/1270 1248/3311/1252 1294/3312/1298
f 1267/3240/1271 1232/3242/1236 1250/3313/1254
f 1144/3042/1148 1295/3314/1299 1146/3043/1150
f 1145/3315/1149 1276/3316/1280 1251/3317/1255
f 1217/3113/1221 1275/3318/1279 1268/3243/1272
f 1268/3319/1272 1237/3320/1241 1104/3321/1108
f 1219/3116/1223 1269/3244/1273 1236/3158/1240
f 1227/3136/1231 1296/3322/1300 1198/3050/1202
f 1287/3323/1291 1278/3265/1282 1238/3161/1242
f 1221/3324/1225 1297/3325/1301 1262/3326/1266
f 1279/3266/1283 1297/3327/1301 1221/3139/1225
f 1270/3328/1274 1298/3329/1302 1223/3330/1227
f 1222/3331/1226 1299/3332/1303 1240/3333/1244
f 1156/3334/1160 1300/3335/1304 1201/3336/1205
f 1290/3298/1294 1159/3297/1163 1301/3337/1305
f 1243/3338/1247 1302/3339/1306 1288/3340/1292
f 1159/3297/1163 1175/3341/1179 1303/3342/1307
f 1302/3343/1306 1243/3180/1247 1226/3203/1230
f 1292/3306/1296 1254/3226/1258 1253/3225/1257
f 1226/3203/1230 1304/3344/1308 1305/3345/1309
f 1226/3308/1230 1244/3181/1248 1304/3346/1308
f 1306/3347/1310 1256/3307/1260 1292/3306/1296
f 1137/3208/1141 1245/3210/1249 1307/3348/1311
f 1169/3187/1173 1249/3189/1253 1293/3309/1297
f 1247/3236/1251 1265/3238/1269 1308/3349/1312
f 1309/3350/1313 1260/3351/1264 1266/3352/1270
f 1310/3353/1314 1267/3240/1271 1250/3313/1254
f 1311/3354/1315 1273/3355/1277 1260/3351/1264
f 1284/3283/1288 1144/2927/1148 1171/2984/1175
f 1170/3356/1174 1182/3357/1186 1312/3358/1316
f 1183/3045/1187 1261/3217/1265 1286/3359/1290
f 1262/3360/1266 1297/3361/1301 1269/3362/1273
f 1184/3363/1188 1313/3364/1317 1277/3365/1281
f 1278/3366/1282 1314/3367/1318 1239/3368/1243
f 1184/3369/1188 1280/3370/1284 1315/3371/1319
f 1316/3372/1320 1222/3331/1226 1314/3373/1318
f 1314/3367/1318 1222/3374/1226 1239/3368/1243
f 1279/3266/1283 1223/3141/1227 1298/3375/1302
f 1187/3376/1191 1280/3268/1284 1149/2940/1153
f 1240/3333/1244 1299/3332/1303 1289/3377/1293
f 1240/3166/1244 1289/3378/1293 1229/3144/1233
f 1317/3379/1321 1288/3340/1292 1302/3339/1306
f 1159/3297/1163 1303/3342/1307 1301/3337/1305
f 1302/3343/1306 1226/3203/1230 1318/3380/1322
f 1319/3381/1323 1306/3347/1310 1320/3382/1324
f 1318/3380/1322 1226/3203/1230 1305/3345/1309
f 1320/3382/1324 1306/3347/1310 1292/3306/1296
f 1304/3383/1308 1244/3250/1248 1306/3384/1310
f 1306/3347/1310 1136/3385/1140 1256/3307/1260
f 1306/3384/1310 1244/3250/1248 1136/3252/1140
f 1257/3213/1261 1307/3348/1311 1245/3210/1249
f 1180/3254/1184 1321/3386/1325 1257/3213/1261
f 1164/2974/1168 1322/3387/1326 1195/3039/1199
f 1308/3349/1312 1265/3238/1269 1323/3388/1327
f 1309/3389/1313 1266/3310/1270 1294/3312/1298
f 1265/3238/1269 1310/3390/1314 1323/3388/1327
f 1265/3238/1269 1267/3281/1271 1310/3390/1314
f 1309/3350/1313 1311/3354/1315 1260/3351/1264
f 1309/3350/1313 1324/3391/1328 1311/3354/1315
f 1325/3392/1329 1326/3393/1330 1324/3394/1328
f 1324/3391/1328 1326/3395/1330 1311/3354/1315
f 1250/3396/1254 1327/3397/1331 1310/3398/1314
f 1326/3399/1330 1328/3400/1332 1311/3401/1315
f 1311/3354/1315 1328/3402/1332 1273/3355/1277
f 1328/3400/1332 1235/3403/1239 1273/3404/1277
f 1250/3396/1254 1285/3405/1289 1327/3397/1331
f 1325/3406/1329 1329/3407/1333 1326/3399/1330
f 1326/3399/1330 1329/3407/1333 1328/3400/1332
f 1285/3285/1289 1330/3408/1334 1327/3409/1331
f 1328/3400/1332 1274/3410/1278 1235/3403/1239
f 1328/3400/1332 1331/3411/1335 1274/3410/1278
f 1329/3407/1333 1331/3411/1335 1328/3400/1332
f 1285/3285/1289 1251/3194/1255 1330/3408/1334
f 1295/3412/1299 1153/2952/1157 1146/2951/1150
f 1274/3258/1278 1331/3413/1335 1275/3259/1279
f 1251/3414/1255 1332/3415/1336 1330/3416/1334
f 1329/3417/1333 1333/3418/1337 1334/3419/1338
f 1251/3414/1255 1276/3420/1280 1332/3415/1336
f 1334/3419/1338 1331/3421/1335 1329/3417/1333
f 1331/3422/1335 1334/3423/1338 1335/3424/1339
f 1331/3425/1335 1335/3426/1339 1275/3427/1279
f 1276/3428/1280 1336/3429/1340 1332/3430/1336
f 1332/3430/1336 1336/3429/1340 1337/3431/1341
f 1335/3424/1339 1268/3243/1272 1275/3318/1279
f 1276/3428/1280 1236/3432/1240 1336/3429/1340
f 1338/3433/1342 1339/3434/1343 1334/3435/1338
f 1334/3436/1338 1339/3437/1343 1340/3438/1344
f 1236/3432/1240 1269/3439/1273 1336/3429/1340
f 1340/3438/1344 1237/3320/1241 1268/3319/1272
f 1269/3439/1273 1341/3440/1345 1336/3429/1340
f 1339/3437/1343 1342/3441/1346 1340/3438/1344
f 1343/3442/1347 1342/3441/1346 1339/3437/1343
f 1337/3443/1341 1344/3444/1348 1345/3445/1349
f 1269/3362/1273 1297/3361/1301 1346/3446/1350
f 1237/3290/1241 1347/3447/1351 1287/3291/1291
f 1343/3448/1347 1348/3449/1352 1342/3450/1346
f 1349/3451/1353 1278/3265/1282 1287/3323/1291
f 1350/3452/1354 1351/3453/1355 1344/3454/1348
f 1297/3455/1301 1279/3456/1283 1346/3457/1350
f 1279/3456/1283 1352/3458/1356 1346/3457/1350
f 1353/3459/1357 1349/3460/1353 1348/3461/1352
f 1349/3462/1353 1314/3367/1318 1278/3366/1282
f 1279/3463/1283 1354/3464/1358 1352/3465/1356
f 1298/3466/1302 1354/3464/1358 1279/3463/1283
f 1314/3367/1318 1349/3462/1353 1316/3467/1320
f 1354/3468/1358 1355/3469/1359 1356/3470/1360
f 1222/3331/1226 1316/3372/1320 1299/3332/1303
f 1355/3469/1359 1357/3471/1361 1356/3470/1360
f 1358/3472/1362 1359/3473/1363 1353/3474/1357
f 1298/3329/1302 1270/3328/1274 1360/3475/1364
f 1358/3472/1362 1361/3476/1365 1359/3473/1363
f 1299/3332/1303 1316/3372/1320 1361/3476/1365
f 1270/3328/1274 1362/3477/1366 1360/3475/1364
f 1363/3478/1367 1364/3479/1368 1156/3269/1160
f 1270/3272/1274 1252/3271/1256 1362/3480/1366
f 1355/3481/1359 1365/3482/1369 1366/3483/1370
f 1362/3480/1366 1252/3271/1256 1367/3484/1371
f 1368/3485/1372 1319/3486/1323 1358/3487/1362
f 1288/3293/1292 1367/3484/1371 1252/3271/1256
f 1364/3488/1368 1300/3335/1304 1156/3334/1160
f 1289/3295/1293 1369/3489/1373 1271/3296/1275
f 1369/3490/1373 1292/3491/1296 1253/3303/1257
f 1369/3490/1373 1253/3303/1257 1271/3305/1275
f 1317/3379/1321 1302/3339/1306 1318/3492/1322
f 1303/3342/1307 1175/3341/1179 1370/3493/1374
f 1305/3494/1309 1304/3495/1308 1365/3482/1369
f 1365/3482/1369 1304/3495/1308 1366/3483/1370
f 1319/3496/1323 1320/3497/1324 1371/3498/1375
f 1319/3499/1323 1368/3500/1372 1306/3501/1310
f 1372/3502/1376 1366/3503/1370 1304/3504/1308
f 1304/3504/1308 1306/3505/1310 1372/3502/1376
f 1176/3035/1180 1321/3506/1325 1180/3010/1184
f 1137/3507/1141 1373/3508/1377 1272/3509/1276
f 1374/3510/1378 1248/3279/1252 1293/3309/1297
f 1323/3388/1327 1310/3390/1314 1375/3511/1379
f 1310/3512/1314 1324/3513/1328 1375/3514/1379
f 1310/3515/1314 1325/3392/1329 1324/3394/1328
f 1310/3398/1314 1327/3397/1331 1325/3516/1329
f 1325/3406/1329 1327/3517/1331 1333/3518/1337
f 1170/3356/1174 1312/3358/1316 1249/3519/1253
f 1333/3518/1337 1329/3407/1333 1325/3406/1329
f 1330/3416/1334 1333/3520/1337 1327/3521/1331
f 1182/3287/1186 1286/3286/1290 1376/3522/1380
f 1330/3416/1334 1332/3415/1336 1333/3520/1337
f 1333/3520/1337 1332/3415/1336 1338/3523/1342
f 1333/3524/1337 1338/3433/1342 1334/3435/1338
f 1337/3443/1341 1338/3525/1342 1332/3526/1336
f 1334/3423/1338 1340/3527/1344 1335/3424/1339
f 1340/3527/1344 1268/3243/1272 1335/3424/1339
f 1377/3528/1381 1227/3529/1231 1218/3530/1222
f 1337/3431/1341 1336/3429/1340 1341/3440/1345
f 1337/3443/1341 1345/3445/1349 1338/3525/1342
f 1338/3525/1342 1345/3445/1349 1339/3437/1343
f 1345/3445/1349 1378/3531/1382 1339/3437/1343
f 1339/3437/1343 1378/3531/1382 1343/3442/1347
f 1340/3438/1344 1347/3532/1351 1237/3320/1241
f 1342/3441/1346 1347/3532/1351 1340/3438/1344
f 1269/3362/1273 1346/3446/1350 1341/3533/1345
f 1337/3431/1341 1341/3440/1345 1344/3534/1348
f 1346/3446/1350 1344/3535/1348 1341/3533/1345
f 1344/3536/1348 1351/3537/1355 1345/3538/1349
f 1347/3447/1351 1349/3539/1353 1287/3291/1291
f 1342/3540/1346 1349/3539/1353 1347/3447/1351
f 1378/3541/1382 1379/3542/1383 1343/3543/1347
f 1343/3448/1347 1379/3544/1383 1348/3449/1352
f 1342/3545/1346 1348/3546/1352 1349/3547/1353
f 1344/3454/1348 1346/3457/1350 1350/3452/1354
f 1352/3458/1356 1350/3452/1354 1346/3457/1350
f 1380/3548/1384 1351/3549/1355 1350/3550/1354
f 1379/3551/1383 1381/3552/1385 1348/3461/1352
f 1353/3553/1357 1359/3554/1363 1349/3462/1353
f 1380/3548/1384 1350/3550/1354 1356/3555/1360
f 1381/3552/1385 1353/3459/1357 1348/3461/1352
f 1352/3465/1356 1356/3555/1360 1350/3550/1354
f 1352/3465/1356 1354/3464/1358 1356/3555/1360
f 1356/3470/1360 1357/3471/1361 1380/3556/1384
f 1381/3557/1385 1358/3472/1362 1353/3474/1357
f 1359/3554/1363 1316/3467/1320 1349/3462/1353
f 1298/3329/1302 1360/3475/1364 1354/3468/1358
f 1354/3468/1358 1360/3475/1364 1355/3469/1359
f 1156/3269/1160 1263/3222/1267 1363/3478/1367
f 1359/3473/1363 1361/3476/1365 1316/3372/1320
f 1358/3487/1362 1319/3486/1323 1361/3558/1365
f 1360/3475/1364 1382/3559/1386 1355/3469/1359
f 1382/3560/1386 1365/3561/1369 1355/3562/1359
f 1357/3563/1361 1355/3564/1359 1383/3565/1387
f 1361/3476/1365 1289/3377/1293 1299/3332/1303
f 1355/3481/1359 1366/3483/1370 1383/3566/1387
f 1358/3567/1362 1384/3568/1388 1368/3500/1372
f 1367/3484/1371 1288/3293/1292 1317/3569/1321
f 1319/3486/1323 1371/3570/1375 1361/3558/1365
f 1361/3558/1365 1369/3489/1373 1289/3295/1293
f 1201/3300/1205 1300/3571/1304 1291/3301/1295
f 1318/3492/1322 1385/3572/1389 1317/3379/1321
f 1371/3573/1375 1292/3491/1296 1369/3490/1373
f 1301/3337/1305 1303/3342/1307 1386/3574/1390
f 1292/3306/1296 1371/3575/1375 1320/3382/1324
f 1387/3576/1391 1306/3501/1310 1368/3500/1372
f 1387/3577/1391 1372/3502/1376 1306/3505/1310
f 1194/3578/1198 1195/3579/1199 1388/3580/1392
f 1388/3580/1392 1195/3579/1199 1322/3581/1326
f 1137/3507/1141 1307/3582/1311 1373/3508/1377
f 1283/3583/1287 1322/3584/1326 1164/3585/1168
f 1323/3388/1327 1375/3511/1379 1308/3349/1312
f 1324/3513/1328 1309/3389/1313 1294/3312/1298
f 1284/3586/1288 1295/3314/1299 1144/3042/1148
f 1312/3587/1316 1182/3287/1186 1376/3522/1380
f 1389/3588/1393 1286/3359/1290 1261/3217/1265
f 1261/3217/1265 1277/3289/1281 1389/3588/1393
f 1378/3531/1382 1345/3445/1349 1351/3589/1355
f 1198/3138/1202 1296/3590/1300 1154/2954/1158
f 1351/3591/1355 1379/3592/1383 1378/3593/1382
f 1351/3549/1355 1380/3548/1384 1379/3551/1383
f 1154/3594/1158 1390/3595/1394 1263/3596/1267
f 1380/3548/1384 1381/3552/1385 1379/3551/1383
f 1313/3364/1317 1184/3363/1188 1315/3597/1319
f 1380/3598/1384 1357/3563/1361 1381/3599/1385
f 1280/3268/1284 1187/3376/1191 1391/3600/1395
f 1357/3563/1361 1384/3601/1388 1381/3599/1385
f 1381/3599/1385 1384/3601/1388 1358/3602/1362
f 1357/3563/1361 1383/3565/1387 1384/3601/1388
f 1360/3475/1364 1362/3477/1366 1382/3559/1386
f 1362/3480/1366 1367/3484/1371 1382/3560/1386
f 1187/3603/1191 1225/3299/1229 1290/3298/1294
f 1382/3560/1386 1385/3604/1389 1365/3561/1369
f 1367/3484/1371 1317/3569/1321 1382/3560/1386
f 1382/3560/1386 1317/3569/1321 1385/3604/1389
f 1384/3568/1388 1387/3576/1391 1368/3500/1372
f 1361/3558/1365 1371/3570/1375 1369/3489/1373
f 1385/3572/1389 1305/3605/1309 1365/3606/1369
f 1366/3483/1370 1372/3607/1376 1383/3566/1387
f 1372/3607/1376 1387/3576/1391 1383/3566/1387
f 1318/3492/1322 1305/3605/1309 1385/3572/1389
f 1150/3202/1154 1242/3201/1246 1282/3608/1286
f 1392/3609/1396 1282/3608/1286 1242/3201/1246
f 1175/3099/1179 1213/3104/1217 1370/3610/1374
f 1176/3611/1180 1393/3612/1397 1321/3613/1325
f 1257/3213/1261 1394/3614/1398 1307/3348/1311
f 1272/3253/1276 1395/3615/1399 1283/3276/1287
f 1248/3616/1252 1374/3617/1378 1294/3618/1298
f 1286/3619/1290 1389/3620/1393 1376/3621/1380
f 1390/3622/1394 1363/3478/1367 1263/3222/1267
f 1383/3566/1387 1387/3576/1391 1384/3568/1388
f 1307/3582/1311 1394/3623/1398 1373/3508/1377
f 1257/3213/1261 1396/3624/1400 1394/3614/1398
f 1283/3625/1287 1395/3626/1399 1397/3627/1401
f 1283/3583/1287 1397/3628/1401 1322/3584/1326
f 1294/3312/1298 1398/3629/1402 1324/3513/1328
f 1315/3630/1319 1280/3631/1284 1391/3632/1395
f 1373/3508/1377 1395/3626/1399 1272/3509/1276
f 1373/3508/1377 1394/3623/1398 1395/3626/1399
f 1264/3229/1268 1247/3231/1251 1399/3633/1403
f 1324/3513/1328 1398/3629/1402 1375/3514/1379
f 1374/3510/1378 1293/3309/1297 1400/3634/1404
f 1264/3282/1268 1399/3635/1403 1284/3283/1288
f 1293/3309/1297 1249/3189/1253 1400/3634/1404
f 1153/2952/1157 1295/3412/1299 1401/3636/1405
f 1153/3114/1157 1401/3637/1405 1218/3115/1222
f 1218/3530/1222 1401/3638/1405 1377/3528/1381
f 1227/3136/1231 1377/3639/1381 1296/3322/1300
f 1277/3289/1281 1402/3640/1406 1389/3588/1393
f 1402/3641/1406 1277/3642/1281 1313/3643/1317
f 1154/3594/1158 1296/3644/1300 1390/3595/1394
f 1282/3645/1286 1393/3646/1397 1176/3647/1180
f 1393/3612/1397 1396/3648/1400 1321/3613/1325
f 1321/3386/1325 1396/3624/1400 1257/3213/1261
f 1247/3231/1251 1308/3649/1312 1403/3650/1407
f 1247/3231/1251 1403/3650/1407 1399/3633/1403
f 1404/3651/1408 1405/3652/1409 1308/3649/1312
f 1312/3587/1316 1376/3522/1380 1406/3653/1410
f 1386/3654/1390 1303/3655/1307 1407/3656/1411
f 1370/3493/1374 1407/3657/1411 1303/3342/1307
f 1370/3658/1374 1213/3659/1217 1194/3660/1198
f 1393/3646/1397 1282/3645/1286 1408/3661/1412
f 1409/3662/1413 1395/3626/1399 1394/3623/1398
f 1403/3650/1407 1308/3649/1312 1405/3652/1409
f 1404/3651/1408 1308/3649/1312 1375/3663/1379
f 1410/3664/1414 1398/3665/1402 1294/3618/1298
f 1411/3666/1415 1249/3519/1253 1312/3358/1316
f 1412/3667/1416 1401/3636/1405 1295/3412/1299
f 1376/3621/1380 1389/3620/1393 1413/3668/1417
f 1402/3669/1406 1313/3670/1317 1414/3671/1418
f 1187/3672/1191 1290/3673/1294 1391/3674/1395
f 1291/3301/1295 1242/3176/1246 1281/3273/1285
f 1396/3675/1400 1409/3662/1413 1394/3623/1398
f 1375/3514/1379 1415/3676/1419 1404/3677/1408
f 1294/3618/1298 1374/3617/1378 1416/3678/1420
f 1398/3629/1402 1415/3676/1419 1375/3514/1379
f 1374/3617/1378 1400/3679/1404 1416/3678/1420
f 1400/3634/1404 1249/3189/1253 1411/3680/1415
f 1417/3681/1421 1389/3588/1393 1402/3640/1406
f 1377/3682/1381 1418/3683/1422 1296/3684/1300
f 1296/3644/1300 1419/3685/1423 1390/3595/1394
f 1390/3622/1394 1420/3686/1424 1363/3478/1367
f 1363/3478/1367 1421/3687/1425 1364/3479/1368
f 1242/3176/1246 1291/3301/1295 1422/3688/1426
f 1388/3689/1392 1322/3690/1326 1423/3691/1427
f 1416/3678/1420 1410/3664/1414 1294/3618/1298
f 1398/3692/1402 1410/3693/1414 1424/3694/1428
f 1416/3678/1420 1400/3679/1404 1411/3695/1415
f 1411/3695/1415 1425/3696/1429 1416/3678/1420
f 1399/3635/1403 1426/3697/1430 1284/3283/1288
f 1284/3586/1288 1426/3698/1430 1295/3314/1299
f 1377/3528/1381 1401/3638/1405 1427/3699/1431
f 1389/3620/1393 1417/3700/1421 1413/3668/1417
f 1427/3699/1431 1418/3701/1422 1377/3528/1381
f 1313/3670/1317 1428/3702/1432 1414/3671/1418
f 1313/3703/1317 1315/3704/1319 1428/3705/1432
f 1315/3630/1319 1391/3632/1395 1429/3706/1433
f 1364/3488/1368 1430/3707/1434 1300/3335/1304
f 1242/3708/1246 1422/3709/1426 1392/3710/1396
f 1407/3656/1411 1370/3711/1374 1431/3712/1435
f 1395/3626/1399 1409/3662/1413 1397/3627/1401
f 1404/3713/1408 1415/3714/1419 1432/3715/1436
f 1415/3714/1419 1398/3692/1402 1433/3716/1437
f 1416/3678/1420 1425/3696/1429 1434/3717/1438
f 1405/3652/1409 1435/3718/1439 1403/3650/1407
f 1403/3650/1407 1435/3718/1439 1399/3633/1403
f 1399/3635/1403 1435/3719/1439 1426/3697/1430
f 1426/3698/1430 1436/3720/1440 1295/3314/1299
f 1376/3522/1380 1413/3721/1417 1406/3653/1410
f 1296/3722/1300 1418/3723/1422 1419/3724/1423
f 1429/3725/1433 1428/3726/1432 1315/3727/1319
f 1391/3632/1395 1290/3728/1294 1429/3706/1433
f 1300/3571/1304 1430/3729/1434 1291/3301/1295
f 1301/3337/1305 1437/3730/1441 1290/3298/1294
f 1386/3654/1390 1437/3731/1441 1301/3732/1305
f 1291/3733/1295 1438/3734/1442 1422/3735/1426
f 1386/3654/1390 1407/3656/1411 1439/3736/1443
f 1194/3660/1198 1431/3737/1435 1370/3658/1374
f 1388/3689/1392 1431/3738/1435 1194/3739/1198
f 1388/3689/1392 1423/3691/1427 1440/3740/1444
f 1393/3612/1397 1409/3741/1413 1396/3648/1400
f 1322/3690/1326 1397/3742/1401 1423/3691/1427
f 1405/3652/1409 1404/3651/1408 1441/3743/1445
f 1424/3694/1428 1433/3716/1437 1398/3692/1402
f 1416/3678/1420 1434/3717/1438 1410/3664/1414
f 1415/3714/1419 1442/3744/1446 1432/3715/1436
f 1415/3714/1419 1433/3716/1437 1443/3745/1447
f 1410/3664/1414 1434/3717/1438 1424/3746/1428
f 1435/3747/1439 1405/3748/1409 1444/3749/1448
f 1435/3747/1439 1444/3749/1448 1426/3750/1430
f 1425/3696/1429 1411/3695/1415 1445/3751/1449
f 1411/3666/1415 1312/3358/1316 1445/3752/1449
f 1312/3358/1316 1406/3753/1410 1445/3752/1449
f 1295/3314/1299 1436/3720/1440 1412/3754/1416
f 1446/3755/1450 1420/3756/1424 1419/3685/1423
f 1419/3685/1423 1420/3756/1424 1390/3595/1394
f 1420/3757/1424 1421/3758/1425 1363/3759/1367
f 1290/3760/1294 1437/3761/1441 1429/3762/1433
f 1438/3734/1442 1447/3763/1451 1422/3735/1426
f 1439/3736/1443 1407/3656/1411 1448/3764/1452
f 1447/3763/1451 1392/3765/1396 1422/3735/1426
f 1392/3766/1396 1408/3767/1412 1282/3768/1286
f 1397/3742/1401 1440/3740/1444 1423/3691/1427
f 1415/3714/1419 1443/3745/1447 1442/3744/1446
f 1404/3769/1408 1449/3770/1453 1441/3771/1445
f 1434/3717/1438 1450/3772/1454 1424/3746/1428
f 1449/3770/1453 1404/3769/1408 1451/3773/1455
f 1404/3769/1408 1432/3774/1436 1451/3773/1455
f 1442/3775/1446 1443/3776/1447 1452/3777/1456
f 1443/3776/1447 1453/3778/1457 1452/3777/1456
f 1424/3779/1428 1454/3780/1458 1433/3781/1437
f 1445/3751/1449 1434/3717/1438 1425/3696/1429
f 1426/3750/1430 1444/3749/1448 1436/3782/1440
f 1412/3783/1416 1455/3784/1459 1401/3638/1405
f 1406/3785/1410 1413/3786/1417 1456/3787/1460
f 1455/3784/1459 1427/3699/1431 1401/3638/1405
f 1418/3701/1422 1427/3699/1431 1457/3788/1461
f 1417/3789/1421 1402/3790/1406 1458/3791/1462
f 1402/3790/1406 1414/3792/1418 1459/3793/1463
f 1418/3723/1422 1460/3794/1464 1419/3724/1423
f 1459/3795/1463 1414/3796/1418 1461/3797/1465
f 1460/3794/1464 1446/3798/1450 1419/3724/1423
f 1414/3799/1418 1428/3800/1432 1461/3801/1465
f 1446/3802/1450 1462/3803/1466 1420/3757/1424
f 1428/3726/1432 1429/3725/1433 1463/3804/1467
f 1430/3805/1434 1364/3806/1368 1421/3807/1425
f 1448/3764/1452 1407/3656/1411 1431/3712/1435
f 1464/3808/1468 1409/3662/1413 1393/3809/1397
f 1405/3748/1409 1441/3810/1445 1444/3749/1448
f 1434/3811/1438 1445/3812/1449 1465/3813/1469
f 1433/3781/1437 1453/3778/1457 1443/3776/1447
f 1433/3781/1437 1454/3780/1458 1453/3778/1457
f 1465/3813/1469 1450/3814/1454 1434/3811/1438
f 1424/3779/1428 1450/3815/1454 1454/3780/1458
f 1466/3816/1470 1449/3770/1453 1451/3773/1455
f 1452/3777/1456 1432/3774/1436 1442/3775/1446
f 1449/3817/1453 1467/3818/1471 1441/3810/1445
f 1449/3817/1453 1466/3819/1470 1467/3818/1471
f 1444/3749/1448 1441/3810/1445 1467/3818/1471
f 1454/3820/1458 1450/3814/1454 1465/3813/1469
f 1467/3818/1471 1436/3782/1440 1444/3749/1448
f 1445/3812/1449 1406/3821/1410 1465/3813/1469
f 1406/3821/1410 1456/3822/1460 1465/3813/1469
f 1412/3823/1416 1468/3824/1472 1455/3825/1459
f 1456/3826/1460 1413/3668/1417 1469/3827/1473
f 1413/3668/1417 1417/3700/1421 1469/3827/1473
f 1427/3699/1431 1455/3784/1459 1470/3828/1474
f 1457/3829/1461 1471/3830/1475 1418/3831/1422
f 1458/3791/1462 1402/3790/1406 1459/3793/1463
f 1446/3802/1450 1472/3832/1476 1462/3803/1466
f 1461/3801/1465 1428/3800/1432 1473/3833/1477
f 1428/3726/1432 1463/3804/1467 1473/3834/1477
f 1430/3835/1434 1438/3734/1442 1291/3733/1295
f 1438/3734/1442 1474/3836/1478 1447/3763/1451
f 1474/3837/1478 1475/3838/1479 1447/3839/1451
f 1476/3840/1480 1392/3765/1396 1447/3763/1451
f 1388/3689/1392 1440/3740/1444 1431/3738/1435
f 1464/3808/1468 1397/3627/1401 1409/3662/1413
f 1440/3841/1444 1397/3627/1401 1464/3808/1468
f 1451/3773/1455 1432/3774/1436 1466/3816/1470
f 1432/3774/1436 1477/3842/1481 1466/3816/1470
f 1432/3774/1436 1452/3777/1456 1477/3842/1481
f 1452/3777/1456 1453/3778/1457 1478/3843/1482
f 1454/3820/1458 1479/3844/1483 1453/3845/1457
f 1454/3820/1458 1480/3846/1484 1479/3844/1483
f 1466/3847/1470 1477/3848/1481 1481/3849/1485
f 1453/3845/1457 1479/3844/1483 1478/3850/1482
f 1454/3820/1458 1465/3813/1469 1480/3846/1484
f 1477/3851/1481 1482/3852/1486 1481/3853/1485
f 1467/3818/1471 1466/3819/1470 1436/3782/1440
f 1466/3854/1470 1481/3855/1485 1436/3856/1440
f 1482/3852/1486 1478/3857/1482 1483/3858/1487
f 1478/3857/1482 1484/3859/1488 1483/3858/1487
f 1481/3853/1485 1468/3824/1472 1436/3860/1440
f 1436/3860/1440 1468/3824/1472 1412/3823/1416
f 1480/3846/1484 1465/3813/1469 1456/3822/1460
f 1456/3861/1460 1469/3862/1473 1484/3859/1488
f 1468/3863/1472 1485/3864/1489 1455/3865/1459
f 1427/3866/1431 1470/3867/1474 1457/3868/1461
f 1418/3723/1422 1471/3869/1475 1460/3794/1464
f 1459/3870/1463 1461/3871/1465 1486/3872/1490
f 1461/3871/1465 1473/3873/1477 1486/3872/1490
f 1472/3832/1476 1487/3874/1491 1462/3803/1466
f 1473/3834/1477 1463/3804/1467 1488/3875/1492
f 1462/3803/1466 1489/3876/1493 1420/3757/1424
f 1420/3757/1424 1489/3876/1493 1421/3758/1425
f 1386/3654/1390 1490/3877/1494 1437/3731/1441
f 1439/3736/1443 1490/3877/1494 1386/3654/1390
f 1439/3736/1443 1448/3764/1452 1490/3877/1494
f 1475/3838/1479 1476/3878/1480 1447/3839/1451
f 1392/3766/1396 1491/3879/1495 1408/3767/1412
f 1476/3880/1480 1491/3881/1495 1392/3882/1396
f 1408/3661/1412 1491/3883/1495 1393/3646/1397
f 1491/3884/1495 1464/3808/1468 1393/3809/1397
f 1452/3777/1456 1478/3843/1482 1477/3842/1481
f 1478/3885/1482 1482/3886/1486 1477/3887/1481
f 1479/3844/1483 1484/3888/1488 1478/3850/1482
f 1480/3846/1484 1484/3888/1488 1479/3844/1483
f 1456/3861/1460 1484/3859/1488 1480/3889/1484
f 1481/3853/1485 1482/3852/1486 1468/3824/1472
f 1482/3852/1486 1483/3858/1487 1485/3890/1489
f 1484/3859/1488 1469/3862/1473 1483/3858/1487
f 1468/3824/1472 1482/3852/1486 1485/3890/1489
f 1485/3891/1489 1470/3867/1474 1455/3892/1459
f 1483/3858/1487 1469/3862/1473 1485/3890/1489
f 1469/3893/1473 1492/3894/1496 1485/3891/1489
f 1485/3891/1489 1492/3894/1496 1470/3867/1474
f 1469/3893/1473 1417/3895/1421 1458/3896/1462
f 1469/3893/1473 1458/3896/1462 1492/3894/1496
f 1470/3867/1474 1493/3897/1497 1457/3868/1461
f 1470/3867/1474 1492/3894/1496 1493/3897/1497
f 1493/3898/1497 1471/3869/1475 1457/3899/1461
f 1492/3894/1496 1458/3896/1462 1493/3897/1497
f 1458/3900/1462 1459/3901/1463 1493/3902/1497
f 1471/3869/1475 1493/3898/1497 1486/3903/1490
f 1493/3904/1497 1459/3905/1463 1486/3906/1490
f 1471/3869/1475 1486/3903/1490 1460/3794/1464
f 1486/3872/1490 1472/3907/1476 1460/3908/1464
f 1460/3908/1464 1472/3907/1476 1446/3909/1450
f 1486/3872/1490 1473/3873/1477 1472/3907/1476
f 1472/3910/1476 1473/3911/1477 1488/3912/1492
f 1487/3874/1491 1489/3876/1493 1462/3803/1466
f 1488/3912/1492 1463/3913/1467 1494/3914/1498
f 1489/3915/1493 1495/3916/1499 1421/3807/1425
f 1429/3725/1433 1496/3917/1500 1463/3804/1467
f 1429/3762/1433 1437/3761/1441 1496/3918/1500
f 1497/3919/1501 1475/3838/1479 1474/3837/1478
f 1498/3920/1502 1490/3877/1494 1448/3764/1452
f 1498/3921/1502 1476/3878/1480 1475/3838/1479
f 1498/3920/1502 1448/3764/1452 1499/3922/1503
f 1448/3764/1452 1431/3712/1435 1499/3922/1503
f 1499/3923/1503 1431/3738/1435 1440/3740/1444
f 1472/3910/1476 1488/3912/1492 1487/3924/1491
f 1496/3925/1500 1494/3926/1498 1463/3927/1467
f 1421/3807/1425 1495/3916/1499 1430/3805/1434
f 1495/3916/1499 1474/3928/1478 1430/3805/1434
f 1498/3921/1502 1499/3929/1503 1476/3878/1480
f 1499/3923/1503 1440/3740/1444 1464/3930/1468
f 1488/3912/1492 1494/3914/1498 1487/3924/1491
f 1495/3916/1499 1500/3931/1504 1474/3928/1478
f 1437/3731/1441 1490/3877/1494 1496/3932/1500
f 1430/3835/1434 1474/3836/1478 1438/3734/1442
f 1475/3838/1479 1497/3919/1501 1498/3921/1502
f 1476/3880/1480 1499/3933/1503 1491/3881/1495
f 1494/3934/1498 1500/3935/1504 1487/3936/1491
f 1489/3876/1493 1487/3874/1491 1500/3937/1504
f 1489/3915/1493 1500/3931/1504 1495/3916/1499
f 1496/3925/1500 1490/3938/1494 1494/3926/1498
f 1498/3921/1502 1497/3919/1501 1490/3939/1494
f 1491/3940/1495 1499/3923/1503 1464/3930/1468
f 1490/3941/1494 1497/3942/1501 1494/3943/1498
f 1494/3934/1498 1497/3919/1501 1500/3935/1504
f 1500/3935/1504 1497/3919/1501 1474/3837/1478
