# Blender 4.4.0
# www.blender.org
mtllib Player_1021122357_texture.mtl
o Player_1021122357_texture
v -0.075733 0.379008 -0.196316
v -0.070867 0.462462 -0.205329
v -0.002875 0.438034 -0.199414
v 0.063993 0.415852 -0.201142
v 0.063732 0.505928 -0.202512
v 0.131248 0.480595 -0.199319
v -0.008759 0.515423 -0.198291
v -0.067323 0.540600 -0.196611
v 0.081648 0.364037 -0.192666
v 0.139989 0.409213 -0.191977
v -0.135660 0.436138 -0.196088
v -0.154522 0.526669 -0.188249
v 0.003073 0.552005 -0.189388
v -0.003433 0.311559 -0.184173
v -0.118484 0.369792 -0.188846
v 0.073266 0.553294 -0.191948
v -0.077469 0.292968 -0.187226
v 0.171227 0.532976 -0.180666
v -0.106251 0.584749 -0.173445
v 0.002459 0.579893 -0.176912
v -0.071839 0.221043 -0.188043
v -0.009161 0.218684 -0.184371
v -0.032723 0.133843 -0.184579
v 0.018730 0.167536 -0.185116
v 0.068830 0.217131 -0.187851
v 0.038586 0.147555 -0.185115
v 0.040441 0.295325 -0.184953
v 0.072930 0.295468 -0.187762
v -0.144417 0.361504 -0.177503
v 0.188726 0.459226 -0.173895
v 0.106196 0.584473 -0.173009
v 0.062297 0.604760 -0.168040
v -0.027756 0.069991 -0.179067
v -0.069568 0.138232 -0.173578
v 0.070962 0.140111 -0.173353
v 0.096154 0.184421 -0.177335
v -0.095161 0.195221 -0.178052
v 0.137995 0.327812 -0.175434
v -0.199540 0.479841 -0.172900
v -0.193455 0.528865 -0.173987
v -0.077467 -0.100222 -0.175517
v -0.058522 -0.056032 -0.179708
v -0.004567 -0.095426 -0.174292
v 0.040767 -0.061605 -0.179111
v 0.046233 -0.100918 -0.172679
v 0.082395 -0.100749 -0.175448
v 0.089667 -0.003125 -0.179345
v -0.005614 -0.008771 -0.181761
v 0.051661 0.010254 -0.173564
v -0.050495 0.017446 -0.173485
v -0.088351 -0.038694 -0.177633
v -0.103663 0.069214 -0.178580
v 0.027765 0.055880 -0.178150
v 0.111112 0.249620 -0.168330
v -0.129139 0.277656 -0.168533
v -0.107381 0.269541 -0.170814
v -0.162005 0.391808 -0.169158
v 0.168373 0.576884 -0.164184
v -0.058811 0.602232 -0.169292
v -0.137605 -0.093393 -0.152344
v 0.109698 -0.096268 -0.165498
v 0.111042 0.119724 -0.178567
v -0.115159 0.128353 -0.177306
v 0.213514 0.512630 -0.171456
v -0.238901 0.520886 -0.165820
v 0.135453 0.185098 -0.157995
v 0.133295 0.115507 -0.163562
v -0.148602 0.186386 -0.150467
v -0.200335 0.422899 -0.150336
v 0.235491 0.475567 -0.163449
v -0.170003 0.586531 -0.159105
v -0.049631 -0.095958 -0.154763
v 0.152599 0.039256 -0.156003
v 0.164466 -0.025048 -0.145459
v -0.147590 0.074281 -0.155255
v -0.151973 0.295243 -0.159593
v 0.178274 0.321973 -0.137682
v -0.237900 0.471740 -0.159960
v -0.259068 0.493323 -0.171053
v -0.293228 0.509043 -0.159091
v -0.291743 0.544849 -0.163349
v 0.244277 0.549937 -0.158726
v 0.262785 0.499157 -0.171697
v 0.093907 -0.101301 -0.156231
v -0.153271 0.004859 -0.152914
v 0.160596 0.258484 -0.149941
v -0.321533 0.463677 -0.152971
v -0.325336 0.505975 -0.165181
v -0.288981 0.466802 -0.162873
v 0.292593 0.469222 -0.162149
v 0.302503 0.518299 -0.159217
v 0.333521 0.515730 -0.163537
v -0.270959 0.479906 -0.159576
v 0.340833 0.459495 -0.150213
v 0.294569 0.552801 -0.158559
v -0.247564 0.562522 -0.151989
v 0.094408 0.625387 -0.147589
v -0.101459 -0.102028 -0.153412
v 0.061950 -0.098172 -0.156121
v -0.146571 0.129806 -0.148477
v -0.177400 0.321541 -0.136648
v 0.427568 0.461956 -0.154992
v 0.451296 0.499275 -0.158145
v 0.459229 0.477011 -0.151563
v -0.364209 0.479145 -0.154591
v 0.396330 0.496524 -0.153798
v -0.409426 0.504556 -0.149582
v -0.365489 0.540290 -0.147729
v -0.331708 0.540072 -0.144888
v -0.099178 0.638249 -0.133966
v -0.043181 0.646646 -0.135580
v -0.135708 -0.846541 -0.150981
v -0.179328 -0.809035 -0.150911
v -0.118305 -0.826121 -0.152667
v 0.141234 -0.842757 -0.152560
v 0.119041 -0.825720 -0.153169
v 0.182014 -0.807718 -0.148529
v 0.104635 -0.610819 -0.141602
v 0.156641 -0.617647 -0.155413
v 0.135960 -0.666470 -0.153884
v -0.180567 -0.602907 -0.152727
v -0.124103 -0.597082 -0.147736
v -0.132758 -0.644879 -0.155424
v 0.157558 -0.564042 -0.156811
v 0.192358 -0.585022 -0.148534
v -0.143011 -0.566809 -0.156496
v -0.192145 -0.564567 -0.148088
v 0.180712 -0.538098 -0.150311
v -0.086830 -0.139823 -0.149323
v 0.031645 -0.092362 -0.152887
v 0.235943 0.426091 -0.132610
v 0.264943 0.441615 -0.145736
v 0.395884 0.447518 -0.144143
v -0.437388 0.473753 -0.161169
v 0.420064 0.510162 -0.147282
v -0.466894 0.518002 -0.150045
v -0.004270 0.663840 -0.122363
v -0.120187 -0.800806 -0.130503
v 0.099843 -0.693560 -0.147051
v 0.128464 -0.732821 -0.142533
v 0.176383 -0.712688 -0.145539
v -0.193265 -0.623798 -0.142732
v -0.145244 -0.701639 -0.152311
v -0.106996 -0.661113 -0.148999
v 0.193162 -0.651224 -0.138582
v 0.112839 -0.569413 -0.147868
v 0.145927 -0.486098 -0.144554
v -0.142022 -0.485106 -0.144374
v -0.129578 -0.105806 -0.142797
v 0.080336 -0.144445 -0.148565
v 0.035825 -0.099826 -0.149048
v -0.001982 -0.090880 -0.148093
v 0.140326 -0.104752 -0.139431
v 0.168324 -0.092307 -0.132786
v 0.170015 0.079516 -0.132773
v 0.214343 0.382508 -0.119199
v -0.238970 0.423736 -0.129298
v -0.284442 0.419632 -0.114682
v -0.472808 0.439662 -0.138593
v -0.479646 0.473983 -0.153956
v -0.446157 0.438445 -0.145311
v -0.459910 0.477533 -0.150529
v -0.363460 0.438214 -0.137197
v 0.445547 0.442290 -0.147421
v -0.496979 0.468735 -0.146066
v -0.502269 0.513354 -0.148056
v 0.476411 0.468396 -0.154170
v 0.501875 0.510984 -0.147806
v 0.511560 0.490984 -0.144107
v 0.484242 0.517360 -0.140092
v -0.482702 0.513091 -0.142073
v 0.470422 0.523236 -0.144634
v 0.375873 0.547292 -0.135038
v 0.190045 0.611134 -0.135774
v 0.067749 0.654411 -0.127169
v 0.004851 0.695584 -0.140126
v -0.021433 0.713762 -0.145920
v 0.015942 0.701897 -0.148185
v -0.180503 -0.824492 -0.131608
v 0.099907 -0.842794 -0.132506
v 0.178002 -0.828257 -0.134677
v 0.125206 -0.805274 -0.134546
v -0.155900 -0.786399 -0.139630
v 0.137289 -0.762514 -0.150777
v 0.100627 -0.777672 -0.141539
v -0.176682 -0.723636 -0.145238
v -0.141828 -0.753815 -0.152505
v -0.087705 -0.702002 -0.137193
v -0.186136 -0.496329 -0.133969
v 0.054748 -0.173833 -0.143429
v 0.087616 -0.166899 -0.151577
v -0.081076 -0.169563 -0.152629
v -0.031080 -0.155311 -0.133263
v 0.162027 -0.131825 -0.130996
v -0.155622 -0.137197 -0.133939
v -0.175336 0.127575 -0.132145
v 0.167692 0.170541 -0.137997
v 0.301905 0.434073 -0.131147
v 0.479124 0.445533 -0.142414
v 0.506974 0.422251 -0.139180
v 0.529190 0.462040 -0.148961
v -0.516055 0.449442 -0.149012
v -0.576857 0.477230 -0.139066
v -0.552720 0.502860 -0.137403
v -0.518031 0.498528 -0.140129
v -0.439187 0.520783 -0.138456
v 0.259885 0.590634 -0.125676
v -0.019074 0.693984 -0.133162
v -0.004748 0.737734 -0.136393
v 0.135129 -0.886422 -0.136663
v 0.159269 -0.885951 -0.134161
v 0.174680 -0.869052 -0.146585
v -0.104738 -0.873957 -0.132854
v -0.164654 -0.867960 -0.149157
v -0.198106 -0.842823 -0.127746
v 0.191948 -0.767929 -0.129617
v 0.093801 -0.801247 -0.125415
v -0.105018 -0.776698 -0.143405
v -0.105463 -0.745375 -0.130354
v -0.191920 -0.684083 -0.132325
v 0.199157 -0.674919 -0.126363
v -0.083024 -0.614335 -0.125410
v 0.077545 -0.613454 -0.120714
v -0.211534 -0.572014 -0.130486
v -0.113292 -0.515475 -0.139516
v -0.091088 -0.582273 -0.135232
v 0.108157 -0.513827 -0.137385
v -0.175551 -0.460339 -0.140511
v -0.116908 -0.444550 -0.147149
v 0.075063 -0.191477 -0.134358
v 0.131486 -0.169984 -0.128956
v 0.001040 -0.131379 -0.127911
v -0.186144 -0.045254 -0.128250
v -0.176087 0.048841 -0.129719
v -0.188474 0.176627 -0.115729
v -0.493706 0.417631 -0.133526
v -0.397617 0.421375 -0.118923
v 0.381955 0.427672 -0.127282
v 0.564925 0.454679 -0.136727
v 0.573027 0.488521 -0.136957
v 0.443674 0.528177 -0.130134
v -0.376753 0.553011 -0.128216
v 0.341455 0.558536 -0.122684
v -0.058234 0.716932 -0.147408
v -0.042827 0.720805 -0.144779
v -0.041882 0.701574 -0.133199
v -0.057392 0.733286 -0.126378
v -0.018711 0.769165 -0.148127
v 0.013466 0.768353 -0.137899
v 0.010807 0.751587 -0.150823
v 0.006015 0.796578 -0.139853
v -0.027592 0.798853 -0.146073
v 0.113857 -0.949164 -0.133277
v 0.110793 -0.915759 -0.133543
v 0.152622 -0.948103 -0.138686
v -0.154409 -0.886031 -0.133343
v -0.186750 -0.879294 -0.130004
v -0.099738 -0.842635 -0.129607
v 0.197165 -0.840972 -0.128672
v 0.202897 -0.793426 -0.127064
v 0.202379 -0.712552 -0.123164
v -0.209713 -0.635009 -0.125136
v 0.206574 -0.540288 -0.130041
v 0.194979 -0.495758 -0.126061
v 0.133006 -0.450708 -0.150386
v 0.185341 -0.462945 -0.135586
v -0.089022 -0.461149 -0.124841
v 0.082862 -0.451050 -0.122402
v -0.198226 -0.496667 -0.122782
v -0.141707 -0.430008 -0.131657
v -0.089456 -0.385265 -0.111055
v -0.018895 -0.191919 -0.120107
v -0.135607 -0.170039 -0.129273
v 0.027638 -0.162351 -0.129163
v -0.174121 -0.102807 -0.117973
v 0.188767 0.278777 -0.123950
v -0.547360 0.424334 -0.125698
v 0.553063 0.424449 -0.124258
v -0.310047 0.576687 -0.121479
v -0.262915 0.596170 -0.118413
v -0.188041 0.624001 -0.123643
v 0.030872 0.696491 -0.137433
v 0.040289 0.715695 -0.134608
v 0.008827 0.731592 -0.131117
v 0.028250 0.733153 -0.138284
v 0.021376 0.742779 -0.140689
v 0.034986 0.790296 -0.132718
v -0.048957 0.775125 -0.135944
v -0.017289 0.809834 -0.133715
v 0.013135 0.810032 -0.142148
v 0.032517 0.810543 -0.141528
v 0.045469 0.819027 -0.127343
v -0.043574 0.815731 -0.126136
v -0.005385 0.821704 -0.141826
v 0.018619 0.834665 -0.131141
v -0.144094 -0.947425 -0.140692
v -0.142740 -0.924915 -0.141398
v -0.102227 -0.927408 -0.127788
v 0.087153 -0.934278 -0.114649
v -0.128115 -0.885904 -0.133453
v 0.160384 -0.923681 -0.130713
v -0.162649 -0.911387 -0.128659
v 0.107784 -0.881393 -0.126684
v -0.195136 -0.768667 -0.125245
v 0.091769 -0.746991 -0.117378
v -0.200386 -0.710877 -0.125329
v 0.079158 -0.678771 -0.127251
v -0.083599 -0.516965 -0.113568
v 0.216076 -0.605229 -0.120717
v 0.183329 -0.436039 -0.112838
v 0.083980 -0.219280 -0.131397
v 0.113794 -0.219476 -0.131596
v -0.059643 -0.197839 -0.132311
v -0.105038 -0.236504 -0.128633
v -0.186488 0.287700 -0.125266
v -0.220671 0.378022 -0.107999
v -0.452064 0.411733 -0.107687
v 0.662700 0.433361 -0.116703
v 0.573947 0.519470 -0.118208
v 0.530698 0.524707 -0.117787
v -0.496613 0.540635 -0.109768
v -0.345891 0.557179 -0.121698
v 0.305054 0.580882 -0.116636
v -0.019271 0.681815 -0.119767
v 0.016993 0.680143 -0.120676
v 0.050334 0.691769 -0.133737
v -0.061076 0.702853 -0.122880
v -0.078855 0.714437 -0.110814
v -0.081044 0.689918 -0.124906
v 0.037124 0.729041 -0.128723
v -0.027636 0.726179 -0.124639
v 0.045081 0.758282 -0.131777
v -0.025599 0.760643 -0.134531
v 0.057861 0.773117 -0.141612
v 0.057765 0.793670 -0.123661
v 0.078077 0.776783 -0.126759
v -0.066283 0.809884 -0.123716
v -0.080754 -0.949881 -0.088616
v -0.176348 -0.883213 -0.116592
v -0.094340 -0.881275 -0.111240
v 0.088337 -0.866536 -0.115978
v -0.072424 -0.807680 -0.116822
v -0.069376 -0.792456 -0.111950
v 0.078752 -0.522300 -0.104667
v -0.172131 -0.435371 -0.121303
v 0.142023 -0.424085 -0.129434
v 0.103229 -0.396529 -0.119150
v -0.154967 -0.387874 -0.130159
v -0.105853 -0.364188 -0.130564
v -0.128272 -0.406775 -0.126754
v -0.151264 -0.197935 -0.119020
v 0.019303 -0.192297 -0.119034
v 0.135963 -0.196608 -0.128781
v -0.184952 -0.093772 -0.119228
v 0.231262 0.298836 -0.077013
v 0.442716 0.411114 -0.105196
v -0.622744 0.444623 -0.126699
v 0.638026 0.491370 -0.114562
v -0.478877 0.537958 -0.108586
v -0.451991 0.540767 -0.105548
v 0.031361 0.666336 -0.119215
v 0.033522 0.687178 -0.126180
v -0.071153 0.730824 -0.124439
v -0.043931 0.837668 -0.129033
v -0.018206 0.836950 -0.130131
v 0.007153 0.866046 -0.123081
v -0.184037 -0.949578 -0.109235
v 0.180688 -0.947256 -0.113522
v 0.196029 -0.815487 -0.107877
v 0.062680 -0.800703 -0.101921
v 0.082847 -0.759495 -0.101298
v 0.074129 -0.720642 -0.104304
v 0.078350 -0.407885 -0.113155
v 0.156119 -0.394089 -0.131390
v 0.099042 -0.357043 -0.127743
v -0.123080 -0.341320 -0.121733
v -0.152403 -0.259596 -0.122726
v -0.156107 -0.243117 -0.115559
v 0.107474 -0.246445 -0.126281
v 0.000239 -0.161675 -0.101964
v 0.181132 -0.103879 -0.108989
v 0.219621 -0.093699 -0.083918
v 0.194751 0.084238 -0.119941
v 0.663129 0.481370 -0.117379
v -0.634035 0.485519 -0.119235
v -0.572193 0.521525 -0.115879
v -0.526519 0.529338 -0.113265
v 0.508747 0.538414 -0.115726
v 0.372400 0.565625 -0.095506
v 0.168348 0.633629 -0.111797
v -0.061571 0.669116 -0.111180
v 0.060661 0.708379 -0.124609
v 0.078825 0.700471 -0.128618
v 0.071414 0.721242 -0.109743
v 0.059069 0.731035 -0.125976
v 0.082641 0.757232 -0.118456
v -0.059674 0.760840 -0.122196
v -0.073189 0.787619 -0.117550
v -0.010680 0.865085 -0.126391
v 0.183337 -0.923052 -0.104014
v 0.176123 -0.886929 -0.115501
v 0.202619 -0.877307 -0.099897
v -0.209971 -0.796187 -0.104814
v -0.210999 -0.465447 -0.098234
v -0.069862 -0.412725 -0.104557
v -0.147588 -0.350008 -0.118375
v 0.161358 -0.360199 -0.111504
v -0.084683 -0.320631 -0.109930
v 0.068487 -0.318601 -0.107541
v 0.080943 -0.279083 -0.119752
v 0.146145 -0.316360 -0.119561
v -0.124132 -0.315158 -0.126527
v 0.148958 -0.263979 -0.120162
v -0.094381 -0.263996 -0.123653
v 0.177935 -0.155840 -0.106296
v -0.202479 0.042091 -0.114893
v 0.204370 0.216616 -0.101549
v 0.252141 0.394639 -0.085034
v 0.281630 0.411102 -0.099586
v -0.664712 0.459235 -0.120656
v 0.476677 0.542823 -0.094134
v -0.051878 0.684002 -0.125247
v -0.091712 0.732358 -0.117479
v -0.074158 0.756822 -0.115784
v 0.076152 0.739062 -0.115466
v 0.067869 0.812199 -0.111584
v -0.070466 0.832634 -0.109943
v 0.045666 0.852721 -0.115042
v 0.029895 0.861030 -0.121953
v -0.040116 0.851513 -0.115502
v -0.210284 -0.771832 -0.101822
v -0.079100 -0.748262 -0.088919
v -0.220390 -0.651953 -0.087223
v -0.067849 -0.633576 -0.102852
v -0.075670 -0.568886 -0.096180
v 0.067400 -0.451017 -0.101741
v 0.080697 -0.375711 -0.105342
v 0.075612 -0.344290 -0.114769
v -0.072170 -0.281745 -0.115108
v -0.150480 -0.286038 -0.110346
v 0.172643 -0.245411 -0.102957
v -0.047424 -0.224383 -0.103853
v 0.216248 -0.036261 -0.103333
v -0.225974 0.352374 -0.089995
v 0.491339 0.402102 -0.103977
v -0.606460 0.411491 -0.106308
v 0.699385 0.436102 -0.120430
v -0.640308 0.502653 -0.101439
v -0.552015 0.534254 -0.102531
v -0.144312 0.643228 -0.094058
v -0.037907 0.669286 -0.116475
v 0.076221 0.668047 -0.101073
v 0.048129 0.683074 -0.112318
v 0.081971 0.692089 -0.116155
v -0.018179 0.888607 -0.118485
v 0.085935 -0.900634 -0.098565
v -0.079935 -0.857561 -0.098829
v 0.085403 -0.831773 -0.097554
v -0.074965 -0.712173 -0.111251
v -0.197935 -0.404109 -0.095682
v -0.052804 -0.323504 -0.096644
v 0.040843 -0.267524 -0.094430
v 0.036839 -0.216550 -0.098313
v -0.026065 -0.214199 -0.085844
v -0.186365 -0.143036 -0.101026
v -0.222856 -0.038511 -0.095381
v 0.196964 0.174796 -0.103395
v -0.205120 0.217054 -0.100114
v -0.231289 0.226976 -0.064083
v -0.492736 0.398676 -0.097501
v -0.248954 0.395784 -0.085417
v 0.229397 0.371210 -0.097492
v -0.345408 0.409892 -0.098874
v 0.368586 0.408845 -0.095818
v -0.702951 0.410470 -0.109173
v -0.702963 0.443257 -0.117873
v -0.716630 0.479876 -0.105416
v 0.447326 0.543216 -0.093297
v 0.224823 0.628695 -0.091569
v 0.073373 0.679089 -0.096978
v -0.086076 0.756709 -0.100553
v 0.090948 0.769856 -0.107377
v -0.092374 0.807907 -0.102588
v 0.070423 0.862081 -0.099456
v -0.070897 0.867912 -0.113362
v -0.047835 0.870593 -0.111468
v 0.084591 -0.949297 -0.074814
v -0.084903 -0.919804 -0.088886
v 0.064810 -0.659055 -0.092981
v -0.219393 -0.587888 -0.107438
v 0.217694 -0.567210 -0.102450
v -0.210521 -0.512038 -0.091858
v 0.210433 -0.512209 -0.097587
v 0.210286 -0.463485 -0.094211
v -0.056311 -0.464269 -0.076369
v -0.209110 -0.443175 -0.076538
v -0.062667 -0.360612 -0.083736
v 0.190174 -0.289442 -0.086837
v -0.191313 -0.231748 -0.090800
v 0.195350 -0.171290 -0.075236
v 0.207257 0.116173 -0.102696
v 0.691845 0.493702 -0.101446
v 0.719668 0.480928 -0.104263
v -0.675474 0.506587 -0.093858
v 0.551742 0.539081 -0.096836
v -0.382597 0.561918 -0.091937
v -0.089167 0.662565 -0.087252
v -0.101580 0.689615 -0.092476
v -0.084917 0.771482 -0.101611
v 0.077877 0.787365 -0.102266
v 0.082101 0.801001 -0.108206
v 0.047596 0.898276 -0.099357
v -0.028449 0.904437 -0.097837
v -0.004892 0.894437 -0.107571
v 0.020097 0.896308 -0.102239
v -0.190956 -0.924095 -0.087499
v 0.089677 -0.876348 -0.097452
v -0.204306 -0.877312 -0.092747
v 0.075575 -0.852776 -0.082275
v -0.075492 -0.755109 -0.048763
v 0.207756 -0.793930 -0.102536
v 0.222501 -0.656610 -0.060247
v 0.061931 -0.359059 -0.080315
v 0.194793 -0.220460 -0.087026
v 0.230968 0.065975 -0.075049
v 0.649351 0.400253 -0.093436
v 0.743400 0.473522 -0.094200
v 0.667046 0.510437 -0.089811
v -0.631544 0.515642 -0.084151
v -0.087788 0.675706 -0.088533
v 0.082915 0.712354 -0.100119
v 0.086577 -0.920976 -0.076103
v 0.192928 -0.882119 -0.087347
v -0.212262 -0.868070 -0.056294
v -0.083923 -0.825976 -0.082488
v -0.212590 -0.738514 -0.092539
v -0.223172 -0.675810 -0.080984
v 0.200125 -0.404941 -0.094510
v 0.194706 -0.367681 -0.076702
v -0.183627 -0.334750 -0.084395
v -0.041315 -0.282732 -0.090615
v -0.000205 -0.183321 -0.081101
v -0.194567 -0.099851 -0.085383
v -0.224334 0.077906 -0.083700
v 0.700990 0.398721 -0.096035
v 0.594855 0.393037 -0.070186
v 0.732852 0.499979 -0.085075
v 0.736511 0.483708 -0.104575
v -0.331956 0.579109 -0.069408
v 0.257484 0.616771 -0.084132
v -0.241805 0.622075 -0.087475
v 0.156594 0.640117 -0.088895
v 0.093435 0.753252 -0.099102
v 0.212305 -0.837674 -0.062897
v 0.224022 -0.816181 -0.065080
v 0.213662 -0.751893 -0.088823
v 0.219641 -0.705053 -0.090363
v -0.066978 -0.681129 -0.083235
v 0.067585 -0.419449 -0.098791
v 0.193873 -0.332748 -0.073804
v -0.202102 -0.308627 -0.074456
v -0.203210 -0.291997 -0.071656
v -0.194168 -0.267034 -0.083443
v 0.198694 -0.097407 -0.079773
v 0.777524 0.441596 -0.080204
v 0.763294 0.408142 -0.079159
v -0.736880 0.481377 -0.097679
v -0.729842 0.497053 -0.091567
v 0.515128 0.532117 -0.067592
v 0.110394 0.658458 -0.075132
v -0.102059 0.734033 -0.095494
v -0.108798 0.788929 -0.098444
v -0.093828 0.825736 -0.094390
v -0.098812 0.851522 -0.086244
v -0.089246 0.871248 -0.101430
v -0.056493 0.897585 -0.084528
v 0.197081 -0.922817 -0.063410
v -0.194967 -0.882340 -0.079563
v -0.223274 -0.816035 -0.070313
v -0.062564 -0.791333 -0.079178
v 0.210463 -0.444230 -0.068769
v 0.043500 -0.319025 -0.079373
v 0.010095 -0.205191 -0.058159
v -0.191965 -0.171931 -0.078493
v -0.223953 -0.093502 -0.077708
v 0.220342 0.125842 -0.066979
v -0.430433 0.398155 -0.062442
v -0.773038 0.452090 -0.086857
v -0.752927 0.493264 -0.080333
v 0.640585 0.515547 -0.072866
v -0.504252 0.531813 -0.058607
v 0.343429 0.570897 -0.060048
v -0.265559 0.607609 -0.083197
v -0.184988 0.636784 -0.086882
v 0.085529 0.677029 -0.076681
v -0.100940 0.712766 -0.086855
v 0.094035 0.732754 -0.077356
v -0.105145 0.764383 -0.086739
v 0.100668 0.780362 -0.089064
v -0.102066 0.821795 -0.081971
v 0.094445 0.821918 -0.082659
v 0.076307 0.903696 -0.078407
v 0.033862 0.912681 -0.089652
v -0.016555 0.918151 -0.073681
v 0.014260 0.917897 -0.079388
v 0.071837 -0.582712 -0.052960
v -0.062813 -0.507461 -0.054351
v 0.217320 -0.483873 -0.054591
v 0.203854 -0.308009 -0.072182
v 0.204027 -0.287575 -0.071469
v -0.230536 0.166091 -0.057899
v 0.231143 0.206352 -0.062038
v -0.664542 0.390656 -0.078878
v 0.565922 0.530446 -0.077521
v -0.488559 0.543589 -0.062499
v -0.467946 0.540561 -0.072541
v -0.353506 0.566368 -0.061473
v 0.088623 0.700316 -0.072423
v 0.095702 0.713135 -0.090401
v 0.090031 0.849121 -0.079742
v 0.080556 0.875660 -0.076659
v -0.212522 -0.835739 -0.064074
v 0.063514 -0.786796 -0.071165
v 0.084778 -0.743228 -0.056292
v 0.067324 -0.537701 -0.057540
v -0.219634 -0.597532 -0.043469
v 0.213844 -0.533096 -0.049384
v 0.054729 -0.468242 -0.062805
v -0.219109 -0.414756 -0.055283
v 0.215652 -0.238942 -0.056533
v 0.208885 -0.135647 -0.076066
v 0.241121 -0.026637 -0.069306
v -0.246105 0.000768 -0.056575
v -0.211673 0.139584 -0.077739
v 0.662889 0.389386 -0.072100
v -0.282721 0.404044 -0.067306
v -0.761717 0.405614 -0.078899
v 0.777459 0.485006 -0.074336
v -0.709818 0.510517 -0.059552
v -0.672994 0.517617 -0.070067
v -0.534238 0.542748 -0.064314
v 0.491910 0.541508 -0.056658
v -0.302194 0.583697 -0.059080
v -0.149389 0.647918 -0.082204
v 0.095201 0.746461 -0.077061
v 0.105888 0.796749 -0.071857
v -0.105157 0.875086 -0.068715
v -0.108584 -0.949002 -0.025879
v 0.199850 -0.949916 -0.052738
v -0.205238 -0.790449 -0.075986
v 0.204322 -0.789265 -0.075321
v -0.054310 -0.428352 -0.039803
v 0.216358 -0.410707 -0.063610
v -0.206595 -0.360932 -0.043965
v -0.207694 -0.135534 -0.077499
v -0.213355 -0.096725 -0.063681
v -0.567968 0.392612 -0.069505
v 0.265016 0.608461 -0.062276
v -0.257365 0.619386 -0.064241
v -0.208759 0.641244 -0.080757
v -0.177688 0.642839 -0.079935
v 0.208147 0.640880 -0.080999
v 0.160638 0.643781 -0.080865
v -0.102352 0.660492 -0.071931
v 0.103737 0.657639 -0.065446
v 0.055177 0.914125 -0.068318
v -0.089130 -0.889492 -0.059315
v 0.212166 -0.873772 -0.052382
v -0.082457 -0.866029 -0.069618
v -0.216359 -0.770017 -0.049247
v -0.213907 -0.541177 -0.046425
v -0.254149 -0.091808 -0.026972
v 0.236847 0.089936 -0.047563
v 0.233064 0.143045 -0.047937
v -0.751810 0.386888 -0.048928
v 0.754880 0.385455 -0.045826
v 0.512683 0.393252 -0.062954
v -0.774425 0.429811 -0.074430
v -0.778358 0.450702 -0.077912
v -0.782532 0.478810 -0.068207
v 0.706176 0.509903 -0.060729
v 0.301593 0.583567 -0.062239
v -0.096604 0.702341 -0.072871
v -0.098502 0.727660 -0.077024
v 0.101668 0.723400 -0.070415
v 0.087664 -0.886285 -0.063752
v -0.076043 -0.839766 -0.058283
v 0.084543 -0.811804 -0.058570
v -0.072801 -0.641776 -0.040293
v -0.215347 -0.485554 -0.044801
v -0.218814 -0.233539 -0.050277
v 0.214729 -0.096068 -0.060612
v -0.251438 0.389509 -0.057045
v 0.283905 0.404358 -0.063506
v 0.398071 0.400925 -0.057433
v -0.832763 0.403715 -0.070424
v -0.844016 0.426833 -0.075806
v -0.768865 0.426280 -0.064340
v 0.773076 0.427204 -0.070573
v 0.830217 0.415056 -0.074678
v 0.782645 0.477263 -0.068558
v -0.639442 0.515906 -0.048252
v -0.102254 0.712416 -0.067562
v -0.110065 0.753159 -0.063449
v -0.111443 0.804111 -0.064730
v -0.113915 0.837518 -0.065209
v 0.105508 0.847650 -0.071830
v 0.112633 0.830770 -0.057547
v -0.071318 0.906748 -0.066589
v -0.213043 -0.721576 -0.027111
v 0.072978 -0.676403 -0.043346
v 0.074662 -0.644471 -0.039181
v -0.016597 -0.241340 -0.053774
v 0.004022 -0.197089 -0.034621
v -0.238452 0.334911 -0.027881
v 0.238107 0.352751 -0.046640
v 0.658397 0.391075 -0.036607
v -0.887291 0.392603 -0.065505
v -0.868692 0.374307 -0.055277
v -0.761437 0.411793 -0.063521
v 0.855219 0.425110 -0.070147
v 0.737343 0.509741 -0.051736
v -0.733820 0.512254 -0.045388
v -0.546418 0.527622 -0.052552
v 0.392605 0.543835 -0.042401
v 0.250520 0.618623 -0.052712
v -0.089265 0.676113 -0.059404
v -0.128383 0.786600 -0.053145
v 0.088872 0.899512 -0.054933
v -0.041205 0.923740 -0.049536
v -0.000389 0.931551 -0.044080
v 0.156453 -0.950145 -0.016906
v -0.201757 -0.920775 -0.045978
v 0.081888 -0.856273 -0.052422
v -0.220437 -0.658233 -0.058329
v -0.028665 -0.295367 -0.045530
v 0.027853 -0.301775 -0.037130
v -0.220164 -0.272332 -0.039532
v -0.005264 -0.201595 -0.035045
v -0.214065 -0.158093 -0.046436
v -0.888875 0.338133 -0.047300
v 0.872536 0.385360 -0.066744
v 0.893801 0.389921 -0.054678
v 0.795261 0.409695 -0.058256
v -0.861239 0.429530 -0.058323
v 0.589236 0.521003 -0.038160
v 0.343421 0.561669 -0.038167
v -0.260614 0.605272 -0.047794
v 0.096999 0.696377 -0.054281
v 0.102838 0.717071 -0.057708
v -0.114185 0.719421 -0.064770
v 0.094893 0.871774 -0.047167
v 0.206376 -0.880860 -0.035957
v -0.084045 -0.878051 -0.034299
v -0.217966 -0.800680 -0.024368
v 0.205728 -0.738864 -0.050721
v -0.073044 -0.583184 -0.048729
v 0.054206 -0.435781 -0.018520
v 0.221364 -0.101657 -0.041911
v -0.240366 0.093921 -0.037244
v -0.678156 0.392297 -0.034935
v -0.849788 0.391690 -0.050754
v -0.503942 0.396477 -0.043861
v -0.807022 0.405128 -0.052608
v -0.877791 0.412693 -0.051759
v 0.760523 0.409342 -0.057444
v 0.740315 0.422425 -0.068074
v 0.757798 0.432623 -0.065058
v 0.730865 0.435886 -0.068203
v 0.856100 0.455454 -0.041716
v 0.663368 0.517426 -0.043383
v 0.537136 0.537840 -0.056041
v -0.412885 0.534425 -0.029955
v 0.438226 0.537268 -0.045855
v -0.205094 0.631226 -0.046907
v 0.193005 0.633180 -0.047254
v 0.114721 0.740278 -0.054309
v 0.122178 0.764057 -0.048986
v 0.121521 0.788196 -0.060567
v -0.017793 0.937602 -0.038811
v -0.209223 -0.952847 -0.020142
v 0.084819 -0.877886 -0.030471
v -0.084739 -0.847042 -0.042936
v 0.210741 -0.781602 -0.025713
v -0.090507 -0.745525 -0.037645
v -0.203431 -0.742406 -0.043288
v 0.082005 -0.720470 -0.028298
v -0.073702 -0.662187 -0.043360
v 0.218924 -0.601158 -0.032934
v -0.218389 -0.322370 -0.042262
v 0.219742 -0.334067 -0.034664
v -0.217425 -0.097575 -0.048996
v -0.224842 -0.133272 -0.028925
v -0.607347 0.394944 -0.036225
v 0.718834 0.392224 -0.039415
v -0.829235 0.397302 -0.053210
v -0.758280 0.392647 -0.034396
v -0.737853 0.434576 -0.073525
v -0.744515 0.434203 -0.048700
v 0.734726 0.430871 -0.043718
v 0.544764 0.526741 -0.047496
v 0.452394 0.521679 -0.035588
v 0.152103 0.635219 -0.049183
v -0.115607 0.738704 -0.042603
v -0.090700 0.896652 -0.030299
v 0.050449 0.932306 -0.046926
v 0.100825 -0.886643 -0.032676
v -0.082929 -0.715548 -0.025429
v 0.901020 0.369856 -0.039533
v 0.890343 0.333139 -0.042038
v -0.902373 0.365262 -0.038583
v 0.856106 0.386751 -0.054844
v 0.444429 0.403021 -0.033265
v -0.895215 0.394494 -0.048319
v -0.778191 0.424621 -0.032533
v -0.728084 0.427532 -0.050846
v -0.843103 0.460306 -0.046320
v -0.769644 0.503712 -0.028229
v -0.143494 0.633869 -0.047006
v 0.082184 0.686407 -0.041694
v -0.117670 0.780358 -0.040376
v 0.106493 -0.926438 -0.030919
v -0.204921 -0.829948 -0.035034
v -0.088971 -0.807589 -0.030278
v 0.052943 -0.473917 -0.018881
v -0.036966 -0.353205 -0.027090
v -0.752843 0.419176 -0.038270
v -0.759778 0.423976 -0.031009
v 0.776395 0.491940 -0.039087
v -0.092946 0.713197 -0.046614
v -0.108625 0.748991 -0.027831
v -0.128753 0.810520 -0.031078
v -0.113962 0.865031 -0.038193
v -0.083533 0.914342 -0.039215
v -0.116112 -0.926961 -0.010928
v -0.206877 -0.878313 -0.032083
v -0.100634 -0.887434 -0.033539
v 0.213522 -0.712928 -0.026087
v -0.065138 -0.531418 -0.018486
v 0.211802 -0.375924 -0.027624
v -0.225987 -0.269396 -0.012982
v 0.254255 -0.091687 -0.023926
v 0.249304 -0.000761 -0.038410
v 0.237082 0.271211 -0.004064
v 0.238692 0.321877 -0.013513
v -0.877417 0.338964 -0.034655
v 0.870565 0.378767 -0.042073
v 0.596404 0.395101 -0.036700
v -0.418286 0.407852 -0.028238
v -0.913020 0.395976 -0.041492
v 0.865303 0.434386 -0.053968
v 0.912093 0.398259 -0.040100
v -0.888928 0.423875 -0.033603
v 0.758175 0.410587 -0.039498
v -0.777358 0.491992 -0.040736
v 0.767680 0.502415 -0.021680
v -0.671021 0.514087 -0.034761
v 0.309065 0.557186 -0.020914
v 0.114687 0.638604 -0.036788
v -0.087984 0.700184 -0.038227
v 0.212672 -0.920915 -0.011641
v -0.215511 -0.856385 -0.023436
v 0.205260 -0.832024 -0.039671
v 0.075650 -0.770157 -0.025799
v 0.085095 -0.592290 -0.001800
v 0.041779 -0.378868 -0.033674
v -0.022495 -0.275547 -0.032542
v 0.228073 -0.153806 -0.019794
v -0.226710 -0.093138 -0.031527
v 0.223882 -0.092966 -0.025997
v -0.241571 0.124371 -0.019389
v 0.253292 0.391061 -0.030108
v 0.872752 0.395553 -0.033637
v 0.493864 0.410861 -0.016002
v -0.297502 0.411571 -0.033762
v 0.356076 0.413673 -0.020189
v 0.287638 0.411529 -0.033504
v 0.757590 0.422563 -0.032687
v 0.886064 0.427029 -0.030462
v 0.490828 0.512697 -0.029827
v -0.308452 0.559827 -0.025538
v 0.222308 0.618325 -0.043283
v -0.119172 0.632293 -0.034062
v -0.077534 0.689400 -0.043531
v 0.109848 0.757299 -0.035737
v 0.117004 0.798118 -0.036034
v 0.088125 0.901012 -0.029502
v 0.214824 -0.849654 -0.014075
v -0.085254 -0.777483 -0.006914
v -0.200757 -0.546163 -0.024217
v 0.200193 -0.545493 -0.022173
v 0.218152 -0.423974 -0.010267
v -0.215396 -0.397002 -0.013893
v 0.225439 -0.271771 -0.012991
v -0.245769 0.369434 -0.017525
v -0.256972 0.401128 -0.021519
v 0.788368 0.424044 -0.030251
v 0.735170 0.504664 -0.019250
v 0.711414 0.504030 -0.012132
v -0.520543 0.524186 -0.036324
v 0.253572 0.583655 -0.009440
v -0.225060 0.619183 -0.043462
v 0.143913 0.627323 -0.043446
v 0.177981 0.621854 -0.043263
v -0.152946 0.623282 -0.043370
v -0.103257 0.643915 -0.000775
v -0.072424 0.700838 -0.034482
v 0.093103 0.702224 -0.037052
v -0.123262 0.831534 -0.021577
v 0.118003 0.835609 -0.024209
v 0.119273 -0.950984 -0.000387
v 0.222178 -0.899864 -0.001095
v 0.098227 -0.824191 -0.027419
v 0.214018 -0.805870 -0.018594
v 0.082741 -0.781692 -0.012407
v 0.195109 -0.768534 0.001255
v -0.201571 -0.713866 -0.008673
v 0.081572 -0.569509 -0.030646
v 0.065590 -0.530170 -0.016988
v -0.205824 -0.498853 0.011144
v -0.207567 -0.450740 -0.021348
v -0.238536 0.249223 -0.015117
v -0.895500 0.345713 -0.021938
v -0.921861 0.340508 -0.020542
v 0.922908 0.348904 -0.019438
v -0.894235 0.364444 -0.025631
v -0.880826 0.390057 -0.038317
v -0.712024 0.406508 -0.018912
v 0.530635 0.407292 -0.018516
v 0.416278 0.415464 -0.017095
v -0.829230 0.422675 -0.016900
v -0.763983 0.428058 -0.007013
v 0.822548 0.481544 -0.018929
v 0.496935 0.493630 0.000859
v -0.380456 0.515522 0.000807
v -0.330394 0.558129 -0.027463
v -0.102667 0.706232 -0.024320
v -0.093579 0.724852 -0.031441
v 0.090639 0.732674 -0.012487
v 0.110797 0.742046 -0.022454
v -0.115989 -0.810386 -0.006847
v 0.105415 -0.757792 -0.003178
v 0.197536 -0.654517 -0.032929
v 0.209291 -0.517812 -0.016666
v 0.065755 -0.499460 -0.017939
v -0.054432 -0.474483 -0.014121
v 0.206468 -0.454603 -0.021134
v -0.220158 -0.353640 -0.009088
v -0.224273 -0.100283 -0.024783
v 0.231525 0.199605 -0.006197
v 0.899113 0.342351 -0.021344
v -0.859049 0.414318 -0.005642
v 0.855659 0.415055 -0.007533
v -0.476725 0.422720 -0.000482
v 0.825480 0.420631 -0.022316
v -0.560043 0.501123 -0.008683
v 0.527560 0.502498 -0.018719
v -0.461787 0.514215 -0.020463
v 0.264833 0.563067 -0.007796
v 0.169611 0.596999 -0.005922
v -0.107304 0.737315 -0.020475
v 0.098441 0.871560 -0.023346
v 0.058999 0.925649 -0.018189
v -0.212730 -0.925710 -0.009801
v -0.219898 -0.899609 -0.007205
v -0.098608 -0.846231 -0.002770
v 0.204234 -0.820668 -0.019944
v -0.087228 -0.586174 0.003554
v -0.017428 -0.246660 -0.015133
v -0.228407 -0.177284 -0.012943
v -0.246751 0.070417 -0.001467
v 0.246224 0.078242 -0.008516
v 0.236770 0.155184 -0.015931
v 0.884468 0.339424 -0.026967
v 0.891366 0.375898 -0.025930
v -0.876197 0.399422 -0.026337
v -0.912291 0.415245 -0.022186
v 0.913060 0.406413 -0.023015
v 0.879171 0.449894 -0.025512
v -0.869408 0.461038 -0.020805
v 0.622822 0.491232 -0.003125
v -0.629345 0.506838 -0.022567
v -0.250840 0.586903 -0.011158
v 0.014535 0.935688 -0.014763
v -0.212004 -0.947980 -0.012709
v -0.104962 -0.873939 -0.010155
v 0.097557 -0.847927 -0.004213
v -0.197742 -0.819206 -0.001525
v 0.203083 -0.826642 -0.014571
v 0.180330 -0.698361 -0.001462
v -0.197793 -0.649941 -0.032691
v -0.201223 -0.583396 -0.000233
v 0.192689 -0.613254 -0.007799
v 0.188979 -0.524091 0.007533
v 0.049456 -0.423047 0.007227
v -0.035864 -0.348117 -0.014230
v 0.028769 -0.286837 -0.012194
v -0.248858 -0.008034 -0.009452
v 0.926257 0.365719 -0.009444
v -0.926711 0.357512 -0.006221
v -0.613071 0.413181 -0.008652
v 0.875338 0.408264 -0.017260
v 0.751462 0.404924 -0.015765
v 0.285024 0.432348 -0.007217
v 0.772075 0.488290 -0.013720
v -0.716580 0.499813 -0.007141
v -0.600266 0.500826 -0.010886
v -0.424923 0.512889 -0.015632
v 0.393490 0.520644 -0.004971
v -0.259907 0.564240 -0.007031
v 0.201739 0.579026 0.014360
v -0.166182 0.585518 0.009423
v -0.075597 0.670580 -0.017392
v 0.071461 0.700246 -0.028236
v 0.109922 0.785346 -0.014661
v 0.115242 0.806210 -0.012927
v -0.070646 0.926310 -0.007476
v -0.028856 0.940921 -0.012123
v -0.151156 -0.946571 -0.007635
v 0.209235 -0.950619 -0.016833
v -0.173776 -0.691842 0.006058
v -0.109740 -0.632432 -0.011689
v 0.204573 -0.554753 0.015416
v 0.199885 -0.493956 0.025509
v -0.212589 -0.425603 0.019887
v 0.227742 -0.203692 -0.005373
v 0.221161 -0.090291 -0.004744
v 0.248048 -0.000689 -0.001163
v -0.529048 0.419481 -0.007295
v 0.612917 0.414436 -0.008482
v 0.254804 0.419139 0.002442
v 0.789143 0.403495 0.002141
v 0.925817 0.418235 -0.010367
v -0.822464 0.482656 -0.003580
v 0.822846 0.475285 0.017094
v -0.771057 0.483155 -0.004547
v -0.492683 0.490316 0.000111
v -0.471206 0.493166 -0.009768
v 0.099794 0.647752 0.004126
v 0.073661 0.660279 -0.003078
v -0.078333 0.705996 -0.016360
v -0.104159 0.738161 -0.007394
v -0.097897 0.774904 -0.008904
v 0.118788 0.871394 -0.001031
v -0.102671 0.860161 -0.002454
v 0.086583 0.910702 -0.006544
v 0.123162 -0.926950 0.006018
v 0.108101 -0.877138 -0.004292
v 0.134811 -0.680321 0.008841
v -0.092775 -0.544628 -0.001915
v -0.071220 -0.465403 0.035762
v -0.040746 -0.343453 0.003286
v -0.233847 0.180261 -0.006574
v -0.910328 0.329898 -0.005641
v 0.698825 0.413626 -0.012791
v -0.363383 0.427946 -0.001093
v -0.791902 0.403243 0.001523
v 0.762938 0.431251 -0.006583
v -0.883519 0.445192 -0.001868
v 0.867544 0.458199 -0.001956
v -0.863863 0.466936 0.014958
v 0.661274 0.486471 -0.001089
v 0.448962 0.495547 -0.000500
v 0.348863 0.527156 -0.007813
v -0.127670 0.603063 0.007146
v 0.071239 0.722590 -0.011649
v -0.126120 0.813987 -0.011529
v -0.097526 0.897219 -0.009984
v 0.203589 -0.948522 -0.008856
v -0.201465 -0.792304 0.011221
v -0.099004 -0.728473 0.003396
v -0.109019 -0.758644 -0.000216
v 0.196734 -0.740618 0.011806
v 0.106567 -0.728108 0.013117
v -0.186729 -0.522037 0.013875
v 0.220575 -0.341190 -0.000744
v 0.037039 -0.335302 -0.006240
v -0.021059 -0.266544 0.001996
v -0.221821 -0.297579 -0.001025
v 0.004649 -0.204784 0.007368
v -0.900674 0.349009 -0.002431
v -0.935452 0.387940 0.002197
v 0.244921 0.385908 -0.000145
v 0.674650 0.423630 -0.002329
v -0.874423 0.423588 0.002651
v -0.902374 0.391950 -0.008709
v 0.470798 0.430032 0.000805
v -0.924389 0.419811 -0.012631
v 0.897566 0.434650 0.000511
v -0.657477 0.491687 -0.006497
v 0.569254 0.494583 -0.002472
v -0.338169 0.519525 -0.007403
v -0.311468 0.517993 0.005798
v 0.122219 0.616870 -0.008216
v -0.094972 0.652458 0.012144
v -0.070287 0.656051 0.000790
v -0.075668 0.722487 -0.001587
v -0.097137 0.727715 0.005843
v 0.122537 0.787123 -0.003472
v -0.126006 -0.948496 0.010355
v 0.196910 -0.853673 0.011573
v -0.200263 -0.859532 0.004563
v -0.200199 -0.842749 0.011804
v 0.206354 -0.840340 0.002798
v 0.191092 -0.815354 0.009943
v 0.121486 -0.807944 0.004059
v 0.201086 -0.791842 0.012822
v 0.109518 -0.630718 -0.010929
v -0.189698 -0.622694 -0.006836
v -0.201699 -0.554943 0.015490
v -0.189308 -0.465411 0.031856
v 0.212113 -0.391024 -0.006296
v -0.005127 -0.206141 0.010348
v -0.220674 -0.090499 -0.006211
v 0.253240 -0.076199 0.018935
v -0.248864 -0.017422 0.007662
v 0.925016 0.345289 0.006464
v 0.910396 0.354710 0.005745
v 0.904089 0.387947 -0.007433
v 0.816997 0.405453 0.011079
v -0.454420 0.440432 0.007057
v -0.285539 0.441444 0.000177
v 0.869404 0.464466 0.012737
v -0.514778 0.474993 -0.007164
v -0.759143 0.484893 0.004800
v -0.188277 0.568689 0.027769
v 0.130137 0.596385 0.013494
v 0.099581 0.730573 0.000229
v 0.093992 0.765639 0.001313
v -0.126472 0.796181 0.003395
v 0.127040 -0.947577 0.006882
v 0.195680 -0.821383 -0.003178
v -0.185988 -0.766155 0.012193
v 0.172090 -0.665663 0.013211
v -0.050737 -0.424845 0.009854
v 0.899272 0.402885 0.005406
v -0.661847 0.427465 0.001781
v 0.372322 0.437317 0.005281
v 0.342846 0.445211 -0.000443
v -0.908990 0.428561 0.003261
v 0.455679 0.472475 0.000417
v 0.394889 0.496176 0.001118
v -0.274912 0.520387 0.008140
v 0.084854 0.659341 0.002103
v -0.118304 0.840488 0.022134
v 0.016862 0.934356 0.010083
v 0.038352 0.935246 0.010253
v -0.123919 -0.950360 0.036463
v -0.114858 -0.889332 0.024744
v -0.121647 -0.622446 0.008267
v -0.102575 -0.575297 0.021165
v 0.105642 -0.531774 0.030291
v -0.084914 -0.507200 0.032692
v 0.193743 -0.461295 0.016639
v 0.211721 -0.425599 0.020046
v 0.031437 -0.310209 0.023055
v -0.252029 -0.087217 0.019171
v -0.234871 0.321533 0.033606
v 0.876699 0.424580 0.006777
v -0.816874 0.406534 0.010170
v -0.920666 0.412559 0.012533
v 0.550494 0.435687 0.001586
v 0.762934 0.435370 0.002940
v 0.693016 0.432314 0.000528
v -0.703193 0.433787 0.002260
v -0.402028 0.460385 0.011896
v -0.340436 0.449054 0.001123
v 0.919143 0.418960 0.009040
v 0.305499 0.454072 0.008200
v 0.524103 0.453489 0.003807
v 0.508210 0.471401 -0.005690
v -0.692101 0.474479 0.009824
v -0.600903 0.472426 0.004637
v -0.436887 0.487631 0.005131
v -0.384941 0.484050 0.004120
v 0.082167 0.910664 0.013714
v 0.129162 -0.642492 0.012022
v 0.112757 -0.606982 0.007859
v -0.159040 -0.617292 -0.002412
v 0.180811 -0.619579 -0.005071
v 0.144395 -0.588398 0.006286
v 0.051768 -0.381333 0.016435
v 0.213791 -0.306269 0.015879
v -0.220175 -0.190008 0.017539
v 0.240537 -0.092092 0.040826
v 0.233390 0.143979 0.022546
v -0.238442 0.249077 0.009434
v -0.250684 0.436137 0.016906
v 0.919329 0.407705 0.012423
v 0.939281 0.367378 0.012564
v 0.862424 0.429950 0.023559
v -0.836583 0.427671 0.017623
v -0.600855 0.440501 0.003499
v -0.532239 0.450152 0.006961
v 0.419574 0.471433 0.012744
v 0.513570 0.436159 0.006071
v -0.314639 0.460515 0.012552
v -0.902867 0.451492 0.017888
v -0.657330 0.464586 0.006165
v 0.762322 0.469475 0.009817
v 0.688364 0.468094 0.009438
v 0.711291 0.469226 0.012747
v 0.287201 0.512454 0.007173
v 0.070260 0.686258 0.022224
v 0.084584 0.721974 0.024880
v -0.091395 0.765351 0.008947
v 0.101763 0.774820 0.010609
v 0.114069 0.799509 0.005687
v 0.122701 0.818821 0.015556
v -0.229931 -0.950098 0.013830
v -0.124298 -0.926246 0.015006
v 0.234897 -0.921144 0.029363
v 0.114937 -0.887206 0.031059
v 0.212197 -0.875495 0.020506
v -0.129301 -0.852527 0.019702
v -0.137396 -0.812948 0.023592
v -0.177580 -0.750759 0.027325
v -0.143710 -0.666577 0.017423
v -0.165567 -0.674533 0.018093
v -0.053168 -0.380376 0.019178
v -0.200794 -0.398735 0.026958
v 0.205067 -0.373332 0.035504
v 0.210074 -0.261491 0.024707
v 0.220154 -0.192128 0.016313
v 0.222962 -0.094138 0.026282
v 0.218916 -0.154352 0.029237
v -0.919944 0.350191 0.008517
v -0.931401 0.355274 0.023192
v 0.237917 0.352229 0.012806
v 0.917094 0.365282 0.021112
v 0.623897 0.450379 0.004699
v 0.905645 0.448921 0.015753
v -0.707553 0.470383 0.010805
v 0.338191 0.510525 0.000543
v -0.246787 0.540666 0.022581
v 0.075598 0.640687 0.003143
v 0.063635 0.638721 0.013887
v -0.084781 0.723197 0.026127
v -0.112088 0.813335 0.017145
v 0.115352 0.849506 0.020576
v -0.093144 0.895256 0.019497
v -0.082604 0.917402 0.021895
v -0.020936 0.938780 0.011718
v -0.239169 -0.900803 0.040661
v -0.119336 -0.792889 0.025277
v 0.117852 -0.786259 0.026508
v 0.141148 -0.751118 0.024414
v 0.086260 -0.510666 0.034120
v 0.076631 -0.494913 0.021841
v 0.070807 -0.461826 0.033959
v -0.205364 -0.273956 0.034802
v 0.239324 0.096877 0.023464
v -0.231119 0.184747 0.044761
v -0.907587 0.389061 0.009181
v -0.230583 0.366368 0.028605
v -0.235052 0.438506 0.043241
v -0.902693 0.419864 0.013696
v -0.785467 0.413295 0.032599
v -0.871432 0.431074 0.026922
v 0.833905 0.430189 0.020956
v -0.940080 0.425125 0.020051
v 0.739723 0.444910 0.008312
v -0.765388 0.455270 0.009855
v 0.266083 0.462548 0.016093
v 0.351258 0.488365 0.013932
v -0.305234 0.477033 0.005103
v -0.341319 0.485085 0.015477
v -0.281077 0.488758 0.012617
v 0.131039 0.596224 0.024332
v -0.059546 0.641259 0.018656
v -0.077439 0.641436 0.012743
v -0.070043 0.690594 0.056696
v 0.086430 0.752335 0.025087
v 0.133942 -0.848426 0.022862
v -0.129683 -0.739202 0.021930
v 0.157127 -0.729388 0.020514
v 0.149545 -0.683707 0.025379
v -0.073292 -0.431554 0.039473
v -0.202097 -0.380695 0.040648
v -0.223151 -0.093161 0.022850
v 0.810660 0.389531 0.043564
v 0.919377 0.412668 0.018506
v 0.907412 0.418823 0.011791
v 0.894064 0.423076 0.030437
v 0.785217 0.459786 0.019683
v -0.813314 0.461431 0.030451
v 0.254392 0.503241 0.023595
v 0.107597 0.617394 0.023491
v -0.069442 0.605960 0.013236
v -0.054888 0.595883 0.024958
v 0.072155 0.611339 0.008845
v -0.084597 0.621808 0.071015
v 0.118484 0.832743 0.035558
v -0.106743 0.856815 0.026665
v 0.106643 0.884254 0.025067
v 0.000721 0.943169 0.037502
v 0.248450 -0.950461 0.052131
v 0.182025 -0.852446 0.027675
v 0.153583 -0.778208 0.021531
v 0.174292 -0.754123 0.026479
v -0.153807 -0.727406 0.021297
v -0.139399 -0.697486 0.027425
v 0.191821 -0.546521 0.026747
v -0.003624 -0.197474 0.041183
v 0.003828 -0.203605 0.034040
v 0.233908 -0.006081 0.046888
v 0.236085 0.082563 0.037016
v -0.233734 0.082753 0.045242
v -0.239339 0.093571 0.022779
v -0.233468 0.144122 0.024489
v -0.851567 0.382957 0.035076
v -0.810521 0.391160 0.031600
v 0.788973 0.415215 0.040509
v 0.824305 0.429319 0.034627
v 0.241576 0.447632 0.032908
v 0.945495 0.422731 0.025600
v 0.855114 0.455167 0.030458
v 0.238371 0.517879 0.035648
v -0.138566 0.584188 0.028218
v -0.070167 0.592768 0.025979
v -0.109289 0.610060 0.037083
v 0.065017 0.593569 0.019032
v -0.087152 0.754704 0.017013
v -0.104091 0.785487 0.031615
v 0.096092 0.790230 0.032134
v 0.172996 -0.810664 0.031148
v -0.136818 -0.778766 0.028865
v 0.114208 -0.564712 0.027357
v -0.120655 -0.530151 0.045695
v 0.198423 -0.442402 0.053013
v 0.073991 -0.433150 0.039534
v -0.199800 -0.341243 0.035820
v -0.032302 -0.304418 0.030611
v 0.215246 -0.199315 0.049109
v -0.934166 0.414993 0.043466
v -0.829935 0.420303 0.030872
v -0.252981 0.498205 0.025210
v -0.221195 0.539341 0.036914
v 0.225012 0.534938 0.038217
v 0.093971 0.637879 0.043281
v 0.047191 0.653818 0.035440
v 0.103991 0.772847 0.029848
v 0.122135 0.798758 0.036089
v -0.115367 0.834689 0.041009
v -0.033000 0.937082 0.039887
v -0.197185 -0.862010 0.024756
v 0.151624 -0.813280 0.032192
v 0.132576 -0.774044 0.027195
v -0.053447 -0.363491 0.045704
v 0.057871 -0.376586 0.048156
v -0.021931 -0.241829 0.046548
v 0.025024 -0.246696 0.048590
v -0.229094 -0.093263 0.053010
v 0.251302 0.093168 0.034988
v -0.250565 0.107099 0.034267
v 0.227276 0.146084 0.048283
v 0.223533 0.377634 0.063649
v 0.836487 0.375660 0.040432
v 0.935608 0.423410 0.043781
v -0.881041 0.449927 0.032304
v 0.141233 0.572952 0.035630
v -0.054610 0.664554 0.043231
v -0.080422 0.909511 0.041253
v 0.056948 0.927276 0.046420
v 0.019089 0.931271 0.045862
v 0.119135 -0.949795 0.068732
v 0.243020 -0.902800 0.053137
v -0.134471 -0.866115 0.038285
v -0.172431 -0.848070 0.029680
v -0.204534 -0.866008 0.046457
v -0.158910 -0.796562 0.039330
v 0.151041 -0.792376 0.039663
v 0.187754 -0.419288 0.059271
v -0.193092 -0.307704 0.055336
v 0.181539 -0.285848 0.080153
v -0.214897 -0.198669 0.052263
v -0.212817 -0.166470 0.046488
v 0.225687 0.234752 0.048572
v 0.852177 0.398286 0.032622
v -0.799986 0.439092 0.035786
v 0.901276 0.443618 0.037864
v 0.164056 0.549079 0.041658
v -0.039291 0.564674 0.043397
v 0.029757 0.605448 0.035213
v -0.105297 0.851647 0.037791
v 0.114683 0.866666 0.044854
v -0.091747 0.888108 0.044039
v 0.085076 0.895879 0.041615
v 0.204907 -0.866745 0.048801
v 0.169733 -0.845995 0.029576
v 0.082095 -0.474135 0.045956
v -0.065691 -0.401254 0.050344
v 0.182976 -0.371687 0.054097
v 0.233089 0.136455 0.055724
v -0.222689 0.366105 0.064997
v -0.860253 0.395723 0.058851
v -0.223042 0.472405 0.055228
v 0.060926 0.573481 0.035162
v 0.035676 0.556613 0.045335
v 0.075896 0.601073 0.066664
v -0.086122 0.784411 0.036000
v -0.115383 0.800927 0.040719
v -0.107024 0.816622 0.049585
v 0.254222 -0.933686 0.073220
v -0.156307 -0.860217 0.046892
v 0.171025 -0.867379 0.047399
v 0.149023 -0.860270 0.050977
v -0.161620 -0.526743 0.055884
v 0.146114 -0.527747 0.058282
v 0.168070 -0.511428 0.055099
v -0.183570 -0.492969 0.050578
v 0.112861 -0.492428 0.061494
v 0.045856 -0.276726 0.060430
v -0.059150 -0.345846 0.054185
v 0.190386 -0.330587 0.059421
v 0.196418 -0.239563 0.072535
v 0.200891 -0.138837 0.069160
v -0.220208 0.145218 0.070957
v 0.852408 0.402870 0.058420
v 0.183336 0.531111 0.054474
v -0.056614 0.564244 0.049740
v 0.125740 0.579434 0.059421
v -0.020614 0.645343 0.050245
v 0.085563 0.782035 0.037632
v -0.118694 -0.896934 0.060812
v 0.169279 -0.469664 0.073361
v -0.215545 -0.093136 0.039900
v -0.227419 -0.085681 0.082340
v -0.231273 -0.020992 0.053979
v 0.816567 0.415803 0.048699
v 0.226248 0.450970 0.055239
v 0.074585 0.588030 0.061017
v -0.081911 0.596577 0.064511
v -0.119079 0.582810 0.062418
v -0.019959 0.583804 0.036468
v -0.080294 0.749114 0.057599
v -0.109240 0.791638 0.045696
v 0.084920 0.802846 0.056854
v 0.110700 0.850904 0.056966
v -0.020031 0.945791 0.048277
v 0.209652 -0.949222 0.117044
v -0.252373 -0.950094 0.066768
v -0.191816 -0.441925 0.060606
v -0.178529 -0.352144 0.073172
v -0.015401 -0.182921 0.068512
v -0.207807 -0.136716 0.058353
v 0.227263 0.086545 0.097900
v -0.220901 0.246734 0.080525
v 0.855718 0.385702 0.065244
v -0.820373 0.391338 0.054504
v -0.815980 0.415960 0.047629
v -0.155857 0.543642 0.048288
v -0.026099 0.535748 0.054116
v 0.002451 0.556368 0.037396
v 0.141266 0.556817 0.046799
v 0.140599 0.570538 0.055781
v -0.000215 0.606986 0.053943
v -0.136360 0.568958 0.058699
v 0.080710 0.759719 0.060081
v -0.030571 0.949693 0.052362
v -0.151936 -0.861305 0.059508
v -0.108249 -0.476762 0.064516
v -0.183521 -0.377705 0.056021
v 0.097609 -0.398155 0.082154
v 0.192256 -0.194529 0.076083
v -0.202272 -0.092167 0.056616
v 0.204598 -0.088308 0.053688
v -0.229577 0.088296 0.091238
v -0.223844 0.137181 0.078406
v -0.212889 0.285953 0.084183
v -0.177318 0.523909 0.060511
v 0.042528 0.542393 0.063828
v 0.091945 0.595932 0.037860
v 0.088389 0.573090 0.049923
v 0.106687 0.578421 0.042501
v -0.101731 0.583490 0.041304
v -0.082093 0.567239 0.057811
v 0.100613 0.600974 0.068336
v 0.088773 0.594372 0.062891
v -0.082380 0.804970 0.059923
v -0.083532 0.903278 0.067977
v -0.052386 0.922175 0.065597
v 0.218957 -0.878474 0.066564
v -0.196614 -0.870206 0.061448
v 0.174719 -0.868174 0.063775
v -0.167614 -0.469157 0.072589
v 0.108668 -0.463901 0.070284
v 0.087610 -0.428488 0.066816
v 0.223039 -0.092269 0.067442
v 0.232586 0.082892 0.053117
v 0.224401 0.283484 0.061150
v -0.200338 0.467038 0.072837
v 0.015510 0.506726 0.066609
v -0.120408 0.565269 0.051248
v -0.030746 0.533574 0.069491
v 0.131628 0.554710 0.050015
v 0.089711 0.559514 0.058523
v -0.096673 0.617153 0.072399
v 0.092020 0.621735 0.075314
v 0.057774 0.683810 0.090309
v -0.088338 0.862722 0.074403
v 0.120453 -0.898496 0.075920
v -0.151916 -0.480725 0.076354
v -0.050656 -0.278212 0.064138
v 0.012439 -0.183459 0.064341
v -0.214294 -0.089223 0.064571
v -0.220804 0.080668 0.086820
v 0.203470 0.465481 0.073609
v -0.008060 0.505445 0.066170
v 0.074178 0.576449 0.068499
v 0.117799 0.542929 0.066386
v 0.121744 0.565586 0.052681
v 0.003976 0.646396 0.064690
v 0.069253 0.708300 0.064156
v 0.091655 0.801103 0.067203
v 0.101066 0.814682 0.063296
v -0.095171 0.827301 0.062577
v 0.097639 0.869731 0.067525
v 0.068984 0.913962 0.071951
v 0.027064 0.924753 0.066159
v -0.249935 -0.915599 0.082748
v 0.228345 -0.054328 0.082000
v 0.130643 0.517099 0.072289
v -0.096912 0.530477 0.067442
v 0.091928 0.510911 0.081676
v -0.061876 0.685304 0.081157
v -0.076063 0.771666 0.082194
v -0.014523 0.934795 0.061419
v 0.010231 0.934678 0.074926
v -0.120032 -0.949916 0.085206
v -0.228651 -0.887825 0.075916
v -0.141751 -0.883263 0.084296
v 0.153750 -0.873002 0.078871
v -0.095924 -0.396672 0.079940
v -0.103870 -0.424345 0.077494
v -0.169408 -0.302005 0.090516
v 0.167071 -0.115556 0.093733
v -0.202668 0.433807 0.080111
v -0.133878 0.545238 0.056080
v -0.066728 0.559280 0.065074
v 0.030962 0.664402 0.117630
v 0.103244 0.832076 0.081568
v 0.165922 -0.876522 0.082627
v 0.147814 -0.463713 0.081874
v -0.105942 -0.450283 0.075762
v -0.182556 -0.206406 0.084534
v -0.191223 -0.081110 0.079965
v 0.191061 -0.082844 0.080954
v -0.221149 -0.055859 0.093699
v -0.223657 -0.034947 0.097781
v 0.201365 0.147877 0.096430
v -0.205180 0.404645 0.082842
v 0.157148 0.485830 0.090199
v 0.067234 0.542548 0.070966
v -0.049424 0.673241 0.093398
v -0.056846 0.742298 0.097262
v 0.077846 0.802420 0.076177
v 0.090240 0.821361 0.071397
v 0.207845 -0.879532 0.082517
v 0.159095 -0.395866 0.085798
v 0.157658 -0.341112 0.091798
v -0.178033 -0.158552 0.094795
v -0.161018 -0.124110 0.096829
v 0.214189 -0.082691 0.114500
v 0.218557 0.080593 0.088290
v 0.212714 0.023834 0.114958
v 0.202099 0.429982 0.082662
v 0.021326 0.507490 0.087194
v -0.010401 0.496756 0.088079
v -0.055150 0.522460 0.074635
v -0.082010 0.839680 0.085013
v -0.072235 0.897282 0.076586
v -0.016498 0.939712 0.079280
v -0.242069 -0.896299 0.106273
v 0.242850 -0.894044 0.131592
v -0.186877 -0.875781 0.083208
v -0.158206 -0.399998 0.086300
v 0.116372 -0.341155 0.093065
v -0.154124 -0.350871 0.093024
v 0.204799 -0.093715 0.112226
v -0.157969 0.469374 0.098357
v 0.103025 0.469531 0.110902
v -0.092192 0.488080 0.095902
v -0.064946 0.513361 0.084828
v 0.057306 0.521964 0.075838
v 0.051672 0.740437 0.103289
v 0.073611 0.772487 0.086170
v -0.072874 0.808471 0.082629
v 0.101296 0.858945 0.083953
v 0.038399 0.912009 0.089411
v 0.021465 0.911250 0.081909
v 0.126741 -0.948612 0.119538
v -0.124748 -0.912603 0.101679
v -0.129711 -0.421997 0.089109
v -0.065127 -0.234616 0.093348
v 0.052524 -0.218475 0.090926
v 0.022429 -0.168072 0.094433
v 0.212759 0.135003 0.098523
v 0.201791 0.217454 0.104617
v -0.206041 0.322126 0.092743
v 0.001395 0.476814 0.096724
v 0.073248 0.890732 0.094619
v 0.000656 0.924823 0.108118
v -0.037247 0.921737 0.089465
v -0.122839 -0.351973 0.093811
v 0.160319 -0.248481 0.097374
v 0.216565 -0.037693 0.115052
v 0.205564 0.372801 0.087551
v 0.213074 0.439178 0.095247
v -0.128276 0.468801 0.099377
v -0.052236 0.481296 0.093498
v -0.029022 0.485214 0.096534
v 0.130041 0.468600 0.100916
v -0.030488 0.663293 0.118554
v -0.064381 0.835033 0.094188
v -0.253677 -0.949158 0.108964
v 0.249608 -0.947008 0.139922
v 0.136930 -0.373813 0.093715
v -0.021277 -0.159874 0.096704
v -0.201955 -0.093293 0.113779
v -0.160749 -0.078101 0.107957
v -0.192300 0.146194 0.109718
v 0.202367 0.315974 0.096073
v -0.202872 0.403884 0.098392
v -0.201227 0.422624 0.096222
v -0.213010 0.438792 0.099736
v -0.076172 0.492743 0.099411
v 0.053709 0.486023 0.096922
v -0.110043 0.469071 0.109465
v 0.070447 0.827358 0.087160
v 0.059386 0.816591 0.112407
v -0.072528 0.888359 0.101371
v -0.056640 0.918056 0.101455
v 0.136769 -0.892359 0.101485
v -0.154062 -0.231749 0.101651
v -0.001701 -0.132959 0.115662
v 0.152858 -0.086068 0.110616
v -0.189424 0.182310 0.117522
v -0.194932 0.276720 0.106966
v 0.197138 0.422326 0.101263
v 0.202430 0.382221 0.104632
v -0.200158 0.463977 0.089352
v 0.016239 0.471533 0.109440
v 0.115506 0.468846 0.109232
v 0.062213 0.485646 0.100970
v 0.008299 0.656416 0.115492
v -0.063860 0.809922 0.103441
v -0.068530 0.850239 0.095632
v 0.097818 -0.240003 0.102232
v 0.166836 -0.165630 0.099828
v 0.176496 -0.077381 0.096218
v -0.202017 -0.040546 0.132953
v 0.207787 0.067499 0.112740
v -0.193253 0.337336 0.113316
v -0.195941 0.367415 0.115572
v 0.184978 0.465169 0.097311
v 0.085159 0.477445 0.100161
v -0.060116 0.457143 0.121649
v -0.045238 0.758123 0.104092
v -0.035436 0.781630 0.100921
v 0.059585 0.838486 0.099307
v 0.074605 0.865350 0.099119
v -0.052453 -0.174130 0.099372
v 0.047139 -0.163246 0.101111
v -0.185375 0.135132 0.129809
v -0.140643 0.464901 0.114874
v -0.044789 0.722013 0.108139
v 0.033073 0.772945 0.104467
v -0.088748 0.828402 0.110008
v 0.004286 0.908405 0.115959
v 0.020918 0.887493 0.093594
v 0.130413 -0.254056 0.104630
v -0.122856 -0.254019 0.105679
v -0.163905 -0.080481 0.125304
v -0.202754 -0.085450 0.126072
v -0.204767 0.076800 0.137554
v 0.183341 0.252646 0.117619
v -0.164900 0.317080 0.132273
v 0.165287 0.415992 0.138409
v 0.153958 0.457288 0.120424
v -0.018151 0.440100 0.111898
v 0.030111 0.713265 0.114722
v 0.044773 0.794348 0.104131
v 0.017694 0.792417 0.104034
v -0.065960 0.848708 0.112151
v 0.039738 0.871713 0.101454
v 0.040934 0.890625 0.114922
v 0.003282 0.887283 0.105541
v -0.042140 0.916930 0.112273
v -0.140529 -0.946900 0.137562
v -0.231256 -0.883778 0.120153
v 0.221638 -0.876821 0.148416
v -0.206743 -0.873841 0.141274
v 0.182247 -0.876526 0.160539
v -0.084111 -0.188568 0.112980
v 0.152965 -0.076918 0.118317
v -0.203568 0.065167 0.120002
v 0.180751 0.143232 0.126960
v 0.173080 0.324070 0.128842
v -0.049997 0.443830 0.114636
v 0.048865 0.452535 0.102445
v 0.062114 0.457024 0.118924
v 0.004021 0.448336 0.118782
v -0.026040 0.700233 0.113203
v -0.021524 0.776462 0.112283
v -0.017887 0.796592 0.104054
v -0.052528 0.840978 0.104773
v 0.048074 0.844749 0.105197
v 0.038464 0.814719 0.124526
v -0.039849 0.843378 0.111222
v -0.049485 0.859129 0.112833
v -0.066721 0.864156 0.118238
v 0.018859 0.823716 0.124929
v 0.051186 0.869411 0.121152
v -0.004224 0.871373 0.109915
v -0.012453 0.880771 0.126181
v -0.252392 -0.928698 0.129932
v -0.096320 -0.167814 0.123190
v 0.124126 -0.177086 0.117809
v -0.027816 -0.125366 0.122482
v 0.023361 -0.131288 0.118104
v 0.102420 -0.140904 0.120495
v -0.179827 0.424565 0.126919
v -0.156044 0.445143 0.128085
v -0.089251 0.455089 0.114795
v 0.092194 0.455873 0.115823
v -0.005092 0.716108 0.133098
v -0.029495 0.747932 0.114500
v 0.029566 0.751576 0.113479
v -0.005285 0.806473 0.120894
v -0.037298 0.812899 0.121741
v 0.248129 -0.924728 0.147910
v -0.156788 -0.884955 0.141923
v 0.080825 -0.167733 0.122095
v -0.094724 -0.141562 0.122353
v -0.112386 -0.115865 0.129083
v 0.097491 -0.122373 0.132797
v -0.138609 -0.078513 0.118560
v 0.165841 -0.095431 0.159338
v 0.191076 -0.057666 0.134495
v -0.155511 0.268505 0.146638
v 0.159355 0.405348 0.130974
v -0.169784 0.410494 0.123303
v 0.049918 0.411839 0.120377
v -0.100577 0.460007 0.126884
v 0.100214 0.456951 0.128984
v 0.007586 0.805504 0.119473
v -0.010518 0.752919 0.151469
v -0.058646 0.856510 0.120560
v -0.023185 0.847168 0.115737
v -0.017749 0.855651 0.134355
v -0.057604 0.897335 0.122648
v -0.239100 -0.890892 0.141106
v -0.195741 -0.056434 0.129848
v 0.182276 0.070264 0.138176
v -0.170338 0.143608 0.135712
v -0.053502 0.406623 0.118575
v -0.010675 0.405007 0.128244
v 0.012303 0.695443 0.122569
v -0.004771 0.817592 0.121911
v -0.044609 0.843104 0.129307
v -0.029025 0.907053 0.129538
v 0.113343 -0.079324 0.135942
v -0.155742 0.177657 0.139694
v 0.151768 0.255386 0.150092
v -0.061690 0.396970 0.149386
v 0.061314 0.413808 0.136495
v 0.092134 0.425117 0.126829
v 0.002158 0.737447 0.130406
v -0.020368 0.826777 0.130641
v -0.030383 0.837367 0.132698
v -0.029645 0.860154 0.127894
v -0.038872 0.882973 0.122607
v -0.057443 0.865830 0.131259
v 0.124334 -0.089415 0.166452
v 0.201031 0.075861 0.144745
v 0.158894 0.183477 0.136754
v -0.152484 0.404377 0.132358
v -0.015657 0.367690 0.130009
v -0.001131 0.391115 0.137005
v -0.244740 -0.943483 0.148498
v 0.159465 -0.917005 0.162351
v -0.221139 -0.882398 0.155205
v -0.069054 -0.106948 0.136999
v 0.034720 -0.096286 0.142150
v -0.107062 -0.076575 0.142790
v -0.183942 0.071098 0.135919
v 0.187158 0.122535 0.135987
v 0.016883 0.367979 0.138295
v 0.055769 0.386646 0.127176
v 0.101662 0.420204 0.132456
v 0.099114 0.431076 0.137949
v -0.095589 0.420517 0.129259
v -0.155440 -0.921781 0.158833
v 0.056720 -0.093200 0.143098
v -0.002817 -0.099753 0.145275
v -0.020185 -0.094580 0.141942
v -0.145888 -0.095963 0.166283
v -0.118683 -0.082268 0.144723
v -0.140991 0.333536 0.143895
v 0.136601 0.329780 0.145472
v -0.055778 0.348351 0.138145
v -0.092503 0.374414 0.134689
v -0.105858 0.382245 0.140222
v 0.092928 0.394177 0.133487
v -0.153241 0.415016 0.143991
v 0.134323 0.425175 0.142084
v 0.127297 0.414051 0.131034
v -0.100911 0.432606 0.137863
v -0.169953 -0.938873 0.168818
v -0.242167 -0.921104 0.155488
v -0.091679 -0.074214 0.148926
v 0.158836 0.004732 0.159762
v 0.157058 0.091501 0.184459
v 0.056579 0.339311 0.141488
v 0.064687 0.368589 0.149360
v 0.093214 0.375900 0.135779
v 0.098074 0.358206 0.140768
v 0.104472 0.366590 0.142547
v -0.121654 0.416497 0.131492
v 0.115108 0.360683 0.144765
v 0.006879 0.746259 0.156756
v -0.027174 0.863984 0.149932
v 0.161428 -0.941399 0.163115
v 0.095262 -0.068574 0.149045
v -0.090646 -0.043442 0.143365
v -0.099751 -0.016773 0.143578
v -0.098197 -0.042362 0.151769
v 0.092756 -0.045961 0.145230
v 0.102591 -0.027631 0.144586
v 0.092567 -0.015568 0.144202
v 0.172185 -0.032982 0.159075
v -0.159022 -0.013595 0.162791
v 0.133991 0.138164 0.182454
v 0.128362 0.145211 0.173836
v 0.143479 0.315410 0.139267
v -0.016999 0.320267 0.148430
v -0.059217 0.315002 0.136169
v -0.062875 0.287339 0.140106
v 0.114905 0.318758 0.149015
v -0.004478 0.333106 0.154264
v 0.069383 0.342354 0.155293
v -0.142321 -0.093100 0.180844
v 0.084672 -0.085022 0.166550
v -0.024498 -0.065628 0.143930
v -0.014078 -0.046495 0.152577
v -0.120676 -0.053702 0.197003
v -0.094869 -0.059121 0.153350
v 0.159109 0.080388 0.146920
v -0.161656 0.089414 0.180740
v -0.139185 0.135540 0.181358
v -0.008857 0.300046 0.153431
v -0.062662 0.283419 0.165211
v 0.060962 0.316684 0.152634
v 0.057649 0.298666 0.144916
v -0.106875 0.322128 0.150490
v -0.092641 0.326704 0.149272
v 0.097688 0.329515 0.147161
v -0.060990 0.351705 0.156730
v -0.180295 -0.886095 0.165058
v -0.105879 -0.086743 0.172577
v 0.022497 -0.030667 0.156638
v 0.036873 -0.011751 0.149799
v 0.094090 -0.042520 0.155666
v -0.020282 -0.024348 0.150000
v 0.071808 -0.005618 0.152055
v -0.084937 -0.019722 0.161949
v -0.021736 -0.004355 0.145217
v -0.079744 -0.003061 0.153821
v 0.073018 -0.011621 0.172663
v 0.085818 -0.003056 0.153786
v -0.083120 0.013169 0.146846
v -0.015483 0.006055 0.151504
v 0.088359 0.030004 0.147104
v -0.029240 0.034068 0.147424
v -0.085041 0.037137 0.151805
v 0.042117 0.033299 0.150597
v -0.163699 0.078393 0.144260
v 0.055751 0.274255 0.149535
v 0.061086 0.256259 0.159714
v -0.064892 0.253910 0.152918
v -0.018725 0.251974 0.152763
v -0.211400 -0.933495 0.175098
v 0.222146 -0.933833 0.172814
v 0.226021 -0.918793 0.169601
v -0.082933 -0.081922 0.168297
v -0.155678 -0.044297 0.166981
v -0.077449 0.003905 0.164563
v 0.022419 0.029990 0.155705
v 0.023163 -0.009524 0.155806
v 0.074812 0.049480 0.161417
v -0.016647 0.031554 0.152447
v -0.019498 0.036838 0.168456
v -0.033489 0.039854 0.165015
v 0.041682 0.039290 0.163450
v -0.148739 0.083454 0.159573
v 0.132352 0.203636 0.167964
v -0.009809 0.262756 0.162866
v 0.106358 0.272699 0.162538
v -0.096920 0.273837 0.162098
v 0.026629 0.289841 0.155832
v 0.098186 0.280006 0.161766
v -0.074662 0.048992 0.162736
v -0.069426 0.094109 0.153951
v -0.071002 0.079141 0.162350
v -0.043449 0.084051 0.161832
v 0.065732 0.082012 0.159390
v 0.064571 0.109993 0.165344
v 0.039707 0.094396 0.157574
v 0.073189 0.101461 0.166131
v -0.059513 0.109991 0.159649
v -0.074125 0.105690 0.166033
v -0.126615 0.146592 0.175549
v 0.018213 0.255642 0.156273
v -0.068863 0.294763 0.168225
v 0.068457 0.300126 0.167820
v -0.194818 -0.912459 0.177286
v 0.120866 -0.043331 0.196370
v 0.015210 0.034892 0.172781
v 0.071307 0.084915 0.168693
v -0.023825 0.096868 0.162061
v -0.065538 0.214126 0.165685
v -0.021456 0.198852 0.164622
v -0.009327 0.221048 0.173856
v 0.063957 0.254669 0.179639
v 0.199411 -0.913370 0.177163
v -0.078846 -0.098221 0.196427
v -0.070535 -0.025634 0.180892
v 0.146244 -0.025760 0.179439
v 0.132350 0.030189 0.184253
v -0.135424 -0.011033 0.188312
v 0.035260 0.083429 0.172652
v 0.140750 0.085978 0.169947
v -0.019587 0.068527 0.175520
v -0.010175 0.085982 0.172377
v -0.027362 0.127905 0.169451
v 0.066433 0.120400 0.167739
v -0.066042 0.138259 0.170956
v -0.068291 0.179144 0.174122
v -0.061672 0.188411 0.163960
v -0.100518 0.223248 0.174051
v -0.065016 0.228846 0.183762
v -0.068476 -0.086398 0.194927
v 0.063926 0.061609 0.187969
v -0.065423 0.068518 0.181934
v -0.066288 0.113058 0.189083
v 0.000653 0.091183 0.170574
v 0.000843 0.109641 0.176652
v 0.029416 0.126636 0.171656
v -0.024953 0.153132 0.171561
v -0.006592 0.168453 0.181271
v 0.064156 0.189757 0.168166
v 0.061359 0.232186 0.163270
v 0.028573 0.164373 0.176732
v 0.097747 0.220263 0.173039
v 0.096347 0.251480 0.166611
v 0.129407 -0.094611 0.189105
v 0.102208 -0.097424 0.186232
v 0.005577 0.062360 0.177120
v 0.065668 0.129906 0.184669
v 0.061179 0.144740 0.181979
v -0.007728 0.144876 0.181470
v 0.100766 0.173042 0.181974
v 0.061484 0.168812 0.178001
v -0.068655 0.171140 0.193968
v 0.013818 0.196587 0.170371
v 0.063649 0.223994 0.188902
v -0.073224 0.234600 0.185030
v 0.066465 -0.087394 0.201535
v -0.066263 0.036159 0.196978
v -0.125805 0.092701 0.180849
v -0.116337 0.122740 0.183522
v 0.069664 0.199787 0.192677
v -0.107946 -0.093505 0.198488
v 0.069603 -0.099295 0.202580
v 0.067414 -0.032057 0.198652
v 0.125948 0.092062 0.180574
v 0.100942 0.123166 0.189626
v -0.102085 0.171214 0.181157
v -0.080249 0.195856 0.191239
v 0.078333 -0.093869 0.212189
v 0.112597 -0.022647 0.199059
v 0.101191 0.056981 0.191976
v 0.067288 0.155711 0.199620
v -0.067369 -0.017282 0.205564
v 0.103365 0.032103 0.193462
v -0.091560 0.059697 0.193271
v 0.088564 0.079507 0.196922
v 0.066812 0.114152 0.202997
v -0.087635 -0.092668 0.210015
v -0.101583 -0.018861 0.200739
v 0.068225 0.030763 0.203542
v -0.098665 0.028465 0.193973
v -0.072553 0.095606 0.200466
v -0.072589 0.138309 0.199686
v 0.102241 -0.049692 0.202294
v -0.106561 -0.045131 0.201260
v 0.072546 -0.040717 0.209532
v 0.087037 0.010473 0.205099
v -0.073798 0.037652 0.204767
v -0.072427 -0.094553 0.210380
v -0.074234 -0.029913 0.211318
vn -0.0910 -0.1202 -0.9886
vn -0.0509 -0.0057 -0.9987
vn 0.0068 -0.0559 -0.9984
vn 0.0225 -0.0897 -0.9957
vn 0.0014 0.1079 -0.9942
vn 0.2082 0.0474 -0.9769
vn 0.0195 0.1211 -0.9924
vn -0.0368 0.2718 -0.9616
vn 0.1315 -0.1336 -0.9823
vn 0.3426 -0.1509 -0.9273
vn -0.3397 -0.1058 -0.9346
vn -0.2316 0.1888 -0.9543
vn 0.0041 0.3188 -0.9478
vn 0.0033 -0.0774 -0.9970
vn -0.2071 -0.1614 -0.9649
vn 0.0633 0.3265 -0.9431
vn -0.1497 -0.0421 -0.9878
vn 0.2274 0.2004 -0.9530
vn -0.1455 0.4755 -0.8676
vn 0.0018 0.4845 -0.8748
vn -0.2192 -0.0598 -0.9738
vn 0.0055 0.0032 -1.0000
vn -0.1035 -0.0745 -0.9918
vn -0.0171 -0.0310 -0.9994
vn 0.1395 -0.0439 -0.9892
vn 0.1111 -0.0857 -0.9901
vn -0.0403 -0.0493 -0.9980
vn 0.1556 -0.0481 -0.9866
vn -0.5340 -0.1606 -0.8301
vn 0.4201 -0.2021 -0.8847
vn 0.1613 0.4560 -0.8753
vn 0.0405 0.5518 -0.8330
vn -0.0920 -0.0450 -0.9947
vn -0.1043 -0.0676 -0.9922
vn 0.1148 -0.0798 -0.9902
vn 0.2681 -0.0030 -0.9634
vn -0.3037 -0.0100 -0.9527
vn 0.4292 -0.1609 -0.8887
vn -0.3579 -0.1410 -0.9231
vn -0.2480 0.1939 -0.9492
vn -0.1109 -0.7120 -0.6933
vn -0.0367 -0.0265 -0.9990
vn 0.0105 -0.8906 -0.4546
vn -0.0009 -0.0587 -0.9983
vn -0.0889 -0.9327 -0.3496
vn 0.1050 -0.7403 -0.6640
vn 0.1935 -0.0251 -0.9808
vn -0.0031 0.0182 -0.9998
vn 0.0076 0.0269 -0.9996
vn -0.0505 0.0264 -0.9984
vn -0.1998 -0.0321 -0.9793
vn -0.1820 -0.0122 -0.9832
vn 0.1291 -0.0373 -0.9909
vn 0.3644 -0.0657 -0.9289
vn -0.3196 -0.1578 -0.9343
vn -0.3231 -0.0902 -0.9421
vn -0.5843 -0.2161 -0.7823
vn 0.1964 0.4723 -0.8593
vn -0.0282 0.5099 -0.8598
vn -0.4179 -0.4533 -0.7874
vn 0.3772 -0.5262 -0.7621
vn 0.2351 0.0309 -0.9715
vn -0.3782 0.0192 -0.9255
vn 0.2662 0.0039 -0.9639
vn -0.0301 0.0950 -0.9950
vn 0.5001 0.0140 -0.8659
vn 0.6254 0.0642 -0.7777
vn -0.5088 -0.0276 -0.8604
vn -0.5104 -0.3627 -0.7797
vn 0.1014 -0.2469 -0.9637
vn -0.2163 0.4858 -0.8469
vn 0.1751 -0.7507 -0.6370
vn 0.5736 0.0136 -0.8190
vn 0.5593 -0.0472 -0.8276
vn -0.6079 0.0337 -0.7933
vn -0.6169 -0.0935 -0.7815
vn 0.6838 -0.1415 -0.7158
vn -0.0902 -0.3017 -0.9491
vn -0.1196 -0.1993 -0.9726
vn -0.2042 0.0350 -0.9783
vn -0.2127 0.3684 -0.9050
vn 0.1223 0.3340 -0.9346
vn 0.0248 -0.0707 -0.9972
vn 0.1163 -0.8031 -0.5844
vn -0.5227 -0.0203 -0.8522
vn 0.6076 -0.0770 -0.7905
vn -0.1001 -0.4710 -0.8764
vn -0.0251 0.1104 -0.9936
vn -0.0508 -0.3635 -0.9302
vn 0.0836 -0.3209 -0.9434
vn 0.2118 0.2169 -0.9529
vn 0.0624 0.2716 -0.9604
vn -0.0539 -0.1037 -0.9931
vn 0.0591 -0.4269 -0.9024
vn 0.2612 0.4718 -0.8421
vn -0.1563 0.4812 -0.8626
vn 0.1777 0.6374 -0.7498
vn -0.1497 -0.6997 -0.6986
vn -0.1494 -0.8528 -0.5005
vn -0.6141 0.0161 -0.7890
vn -0.6995 -0.1649 -0.6954
vn -0.0051 -0.2178 -0.9760
vn 0.1177 0.1845 -0.9758
vn 0.1305 0.0254 -0.9911
vn -0.0370 -0.1844 -0.9821
vn 0.0075 0.1085 -0.9941
vn -0.0891 0.3895 -0.9167
vn -0.1080 0.6455 -0.7561
vn -0.1622 0.5534 -0.8170
vn -0.2149 0.7456 -0.6308
vn -0.0477 0.6273 -0.7773
vn 0.0692 -0.2409 -0.9681
vn -0.4308 0.0433 -0.9014
vn 0.3697 0.1239 -0.9209
vn 0.0072 -0.2935 -0.9559
vn -0.3989 0.2346 -0.8865
vn 0.4654 -0.0212 -0.8849
vn -0.4122 0.0252 -0.9107
vn 0.0643 -0.0556 -0.9964
vn -0.0005 -0.0499 -0.9988
vn -0.1718 -0.0696 -0.9827
vn 0.3050 -0.0037 -0.9523
vn 0.0128 -0.0258 -0.9996
vn -0.0175 0.0259 -0.9995
vn 0.4995 -0.0160 -0.8661
vn 0.1472 0.0300 -0.9887
vn -0.4354 0.0897 -0.8958
vn 0.4040 0.1856 -0.8957
vn -0.0449 -0.0824 -0.9956
vn -0.1510 -0.9646 -0.2163
vn 0.3722 -0.5585 -0.7413
vn 0.0590 -0.6477 -0.7596
vn -0.0917 -0.4190 -0.9033
vn -0.0651 -0.1975 -0.9781
vn -0.0230 0.5692 -0.8219
vn -0.1293 0.6049 -0.7858
vn -0.0244 0.3712 -0.9282
vn 0.2247 0.1013 -0.9692
vn -0.5162 -0.1514 -0.8430
vn -0.2757 0.0061 -0.9612
vn 0.3859 -0.0393 -0.9217
vn -0.5159 -0.1139 -0.8490
vn 0.0003 -0.0624 -0.9981
vn 0.3857 0.0150 -0.9225
vn 0.5381 -0.1067 -0.8361
vn -0.4054 0.0510 -0.9127
vn -0.0242 0.0496 -0.9985
vn 0.0460 0.0260 -0.9986
vn -0.3397 -0.3327 -0.8797
vn -0.1185 -0.0831 -0.9895
vn -0.2164 -0.3798 -0.8994
vn -0.0096 -0.8276 -0.5613
vn 0.3560 -0.3522 -0.8656
vn 0.5521 -0.4039 -0.7294
vn 0.6091 0.0185 -0.7929
vn 0.6452 -0.3101 -0.6983
vn -0.3011 -0.6301 -0.7158
vn -0.0943 -0.8139 -0.5733
vn 0.0121 -0.4665 -0.8845
vn -0.1230 -0.1720 -0.9774
vn -0.0662 -0.5143 -0.8550
vn -0.1322 0.0249 -0.9909
vn 0.0080 -0.6249 -0.7807
vn 0.0206 -0.5030 -0.8641
vn -0.1766 -0.1055 -0.9786
vn -0.1805 0.3958 -0.9004
vn 0.1485 -0.1476 -0.9778
vn 0.1868 0.4014 -0.8966
vn 0.2458 0.1880 -0.9509
vn 0.0740 0.6488 -0.7573
vn -0.1362 0.4707 -0.8717
vn 0.2158 0.6096 -0.7628
vn 0.1796 0.7063 -0.6847
vn 0.2472 0.6791 -0.6911
vn 0.2418 0.7973 -0.5531
vn -0.1283 -0.6980 -0.7045
vn -0.2084 -0.0706 -0.9755
vn 0.1747 -0.1431 -0.9742
vn -0.6726 -0.0813 -0.7355
vn -0.6480 -0.1243 -0.7514
vn 0.6170 0.0104 -0.7869
vn -0.2832 0.2262 -0.9320
vn -0.0983 -0.1110 -0.9889
vn -0.0175 -0.1853 -0.9825
vn -0.6024 0.0168 -0.7980
vn -0.4505 -0.0536 -0.8912
vn 0.0803 -0.0421 -0.9959
vn 0.6472 -0.1313 -0.7509
vn -0.5259 0.1170 -0.8425
vn -0.3096 -0.2288 -0.9229
vn 0.1305 -0.2574 -0.9575
vn 0.0316 -0.2560 -0.9662
vn 0.4871 -0.2442 -0.8385
vn 0.5433 -0.1537 -0.8253
vn -0.4572 -0.1322 -0.8795
vn -0.5655 0.0088 -0.8247
vn 0.6099 -0.0157 -0.7923
vn 0.0400 -0.7357 -0.6761
vn 0.0465 -0.4059 -0.9127
vn 0.0322 -0.5866 -0.8092
vn 0.0944 -0.0693 -0.9931
vn -0.0486 -0.1280 -0.9906
vn -0.2587 0.0870 -0.9620
vn -0.1257 0.5136 -0.8488
vn -0.2416 0.2821 -0.9285
vn -0.0225 0.7414 -0.6707
vn 0.2558 0.7373 -0.6253
vn -0.1923 -0.6409 -0.7431
vn -0.2095 -0.1804 -0.9610
vn -0.1495 -0.1537 -0.9767
vn 0.2727 -0.3816 -0.8832
vn 0.4668 -0.3536 -0.8106
vn 0.4750 -0.3238 -0.8183
vn -0.2157 -0.2525 -0.9432
vn -0.8608 -0.0411 -0.5074
vn 0.6430 0.0482 -0.7643
vn -0.3645 -0.2149 -0.9061
vn 0.3783 -0.1257 -0.9171
vn 0.6579 0.0070 -0.7530
vn -0.6641 -0.0508 -0.7459
vn 0.8411 -0.0466 -0.5389
vn 0.7300 0.0603 -0.6807
vn -0.8349 0.0742 -0.5454
vn -0.8290 0.0825 -0.5531
vn 0.4701 0.0851 -0.8785
vn 0.6541 0.0285 -0.7559
vn -0.5623 0.0730 -0.8237
vn -0.4717 0.2681 -0.8400
vn 0.2214 0.1932 -0.9559
vn -0.0282 -0.3687 -0.9291
vn 0.3251 -0.2397 -0.9148
vn -0.0100 -0.4471 -0.8944
vn -0.5997 -0.0530 -0.7985
vn -0.5921 0.0307 -0.8053
vn -0.7562 0.0048 -0.6543
vn 0.0713 -0.6781 -0.7315
vn 0.0628 -0.7917 -0.6077
vn -0.0440 -0.7306 -0.6814
vn 0.2290 -0.2770 -0.9332
vn 0.2269 0.2202 -0.9487
vn 0.0601 0.8452 -0.5311
vn -0.2032 0.8021 -0.5615
vn 0.2296 0.7906 -0.5677
vn -0.4855 -0.0832 -0.8703
vn 0.1165 0.2121 -0.9703
vn -0.1591 -0.5547 -0.8167
vn -0.3628 0.3699 -0.8553
vn -0.1647 -0.1692 -0.9717
vn 0.3567 0.1914 -0.9144
vn 0.2470 -0.1138 -0.9623
vn 0.0960 0.0268 -0.9950
vn -0.1404 0.4041 -0.9039
vn -0.2370 -0.8849 -0.4009
vn -0.4800 0.0723 -0.8743
vn 0.2298 -0.2483 -0.9410
vn -0.1766 -0.4681 -0.8659
vn -0.5129 -0.7114 -0.4804
vn 0.7637 -0.1997 -0.6139
vn 0.8286 0.0723 -0.5552
vn 0.9015 -0.1173 -0.4166
vn 0.8107 -0.0519 -0.5832
vn -0.8530 -0.1288 -0.5058
vn 0.8355 0.1533 -0.5277
vn 0.6788 0.1776 -0.7125
vn 0.0573 0.2913 -0.9549
vn 0.6430 0.1884 -0.7423
vn 0.6417 -0.0629 -0.7643
vn -0.5748 0.0038 -0.8183
vn -0.8172 0.1161 -0.5645
vn -0.1543 0.4348 -0.8872
vn 0.4786 0.1092 -0.8712
vn 0.6137 -0.4445 -0.6526
vn -0.3754 -0.3043 -0.8755
vn -0.5485 -0.2209 -0.8065
vn -0.6419 -0.3651 -0.6743
vn 0.7503 -0.0526 -0.6590
vn -0.1609 -0.5943 -0.7880
vn 0.1234 -0.7087 -0.6946
vn -0.3712 0.8374 -0.4013
vn -0.3157 0.7747 -0.5478
vn -0.2490 0.8041 -0.5399
vn 0.2087 -0.5323 -0.8204
vn 0.5113 0.1814 -0.8401
vn -0.0397 -0.0464 -0.9981
vn 0.3088 0.0526 -0.9497
vn 0.2208 -0.2609 -0.9398
vn 0.2142 -0.0388 -0.9760
vn -0.5175 -0.1655 -0.8396
vn -0.2208 0.2374 -0.9460
vn 0.0756 -0.0015 -0.9971
vn 0.3678 0.1148 -0.9228
vn 0.5210 0.2078 -0.8279
vn -0.2967 0.3587 -0.8851
vn -0.1636 0.1533 -0.9745
vn 0.2570 0.3448 -0.9028
vn 0.0649 -0.5638 -0.8233
vn -0.2042 0.0580 -0.9772
vn 0.6369 -0.0509 -0.7693
vn -0.9026 -0.0158 -0.4302
vn 0.1717 -0.0603 -0.9833
vn 0.4869 0.0257 -0.8731
vn -0.5692 0.0296 -0.8216
vn -0.6582 -0.1389 -0.7399
vn -0.6215 0.0374 -0.7825
vn -0.7379 -0.0809 -0.6701
vn -0.8296 -0.0143 -0.5582
vn -0.8018 -0.0315 -0.5968
vn 0.8507 -0.0316 -0.5247
vn 0.8896 -0.0535 -0.4536
vn 0.6468 0.2779 -0.7102
vn -0.2742 -0.3100 -0.9104
vn 0.1581 -0.0772 -0.9844
vn 0.1539 -0.4966 -0.8542
vn -0.0161 -0.1049 -0.9944
vn -0.7355 -0.0488 -0.6757
vn -0.6769 -0.3772 -0.6321
vn 0.1192 -0.8395 -0.5301
vn 0.0673 -0.2247 -0.9721
vn 0.2647 0.7553 -0.5995
vn 0.2595 0.7700 -0.5829
vn -0.1913 0.9208 -0.3398
vn -0.2079 0.8939 -0.3971
vn 0.4341 0.8592 -0.2709
vn -0.0601 -0.4667 -0.8823
vn 0.0152 -0.5190 -0.8547
vn 0.4057 -0.5084 -0.7595
vn -0.4152 -0.2188 -0.8830
vn -0.7264 -0.1459 -0.6716
vn -0.4936 -0.2380 -0.8365
vn 0.4833 0.0907 -0.8707
vn 0.0536 0.3927 -0.9181
vn 0.2276 -0.1411 -0.9635
vn -0.2416 -0.2967 -0.9239
vn 0.2468 0.0565 -0.9674
vn 0.3748 0.3990 -0.8369
vn 0.7222 0.2770 -0.6338
vn -0.4903 0.2554 -0.8333
vn 0.8078 -0.5844 -0.0767
vn -0.6443 -0.6173 -0.4515
vn 0.8854 -0.2365 -0.4001
vn -0.8653 -0.2294 -0.4457
vn 0.7856 -0.2345 -0.5725
vn 0.8812 0.2431 -0.4055
vn -0.8976 -0.0773 -0.4340
vn -0.5526 0.2876 -0.7822
vn 0.1966 0.2357 -0.9517
vn -0.3084 0.1223 -0.9434
vn -0.2951 0.1311 -0.9464
vn 0.3674 0.0001 -0.9301
vn 0.1271 -0.0607 -0.9900
vn -0.5278 -0.0688 -0.8466
vn -0.5938 -0.4707 -0.6526
vn 0.4860 -0.0630 -0.8717
vn -0.5732 -0.5917 -0.5669
vn 0.9117 -0.0867 -0.4017
vn -0.0790 -0.8766 -0.4747
vn -0.1971 -0.2583 -0.9457
vn 0.1609 0.5469 -0.8216
vn 0.0554 0.9745 -0.2172
vn -0.1225 0.9652 -0.2311
vn 0.1879 0.2529 -0.9491
vn 0.1199 -0.6736 -0.7293
vn -0.4378 0.1712 -0.8826
vn -0.3654 0.2531 -0.8958
vn -0.1640 0.1842 -0.9691
vn 0.1378 0.3960 -0.9078
vn -0.6146 -0.6020 -0.5098
vn 0.7776 -0.4122 -0.4748
vn 0.8646 -0.1368 -0.4834
vn -0.8956 -0.1260 -0.4267
vn -0.9341 0.1708 -0.3135
vn -0.9510 -0.2055 -0.2310
vn -0.6599 0.1431 -0.7376
vn 0.3464 0.1336 -0.9285
vn -0.2657 -0.0290 -0.9636
vn -0.0039 0.1402 -0.9901
vn -0.4051 -0.1145 -0.9071
vn -0.4927 0.0655 -0.8677
vn -0.1396 -0.1724 -0.9751
vn -0.0567 -0.6709 -0.7394
vn 0.7003 -0.3478 -0.6234
vn 0.5530 -0.7561 -0.3502
vn 0.6706 0.0374 -0.7408
vn 0.0913 0.3548 -0.9305
vn -0.2322 0.4244 -0.8752
vn -0.2811 0.6898 -0.6672
vn -0.1518 0.8681 -0.4726
vn 0.2182 0.9238 -0.3145
vn 0.2733 0.9616 -0.0250
vn 0.2209 0.8717 -0.4374
vn -0.4510 0.0303 -0.8920
vn 0.3988 -0.1956 -0.8959
vn 0.4869 0.1821 -0.8543
vn 0.7276 0.1362 -0.6724
vn 0.4616 -0.1624 -0.8721
vn 0.6431 -0.2663 -0.7180
vn -0.5649 0.0692 -0.8222
vn -0.6587 -0.1271 -0.7416
vn -0.1657 0.2696 -0.9486
vn 0.8666 0.0113 -0.4990
vn 0.7039 -0.4728 -0.5301
vn 0.7777 -0.5625 -0.2806
vn -0.9555 -0.0427 -0.2920
vn -0.8982 0.2191 -0.3810
vn 0.8038 0.0938 -0.5875
vn -0.5060 0.0967 -0.8571
vn 0.5604 0.1742 -0.8097
vn 0.3191 0.0023 -0.9477
vn -0.6210 -0.0518 -0.7821
vn -0.2677 -0.0088 -0.9635
vn 0.4400 -0.0369 -0.8972
vn 0.0302 -0.0635 -0.9975
vn 0.3183 -0.0649 -0.9458
vn 0.1172 -0.0855 -0.9894
vn 0.6740 -0.2128 -0.7074
vn -0.6565 0.0337 -0.7536
vn 0.7722 -0.0768 -0.6307
vn 0.5487 -0.7509 -0.3676
vn 0.1247 -0.8911 -0.4363
vn -0.1395 0.0300 -0.9898
vn 0.0666 0.9908 -0.1178
vn -0.0937 -0.3782 -0.9210
vn -0.6875 0.0275 -0.7257
vn -0.5558 0.3054 -0.7732
vn 0.6407 -0.3327 -0.6920
vn 0.5790 0.2993 -0.7584
vn -0.5153 0.2158 -0.8294
vn 0.4260 0.2591 -0.8668
vn 0.2618 0.3457 -0.9011
vn -0.3242 0.3374 -0.8838
vn -0.9508 -0.0638 -0.3032
vn 0.9921 0.0631 -0.1088
vn -0.9683 -0.0162 -0.2491
vn 0.9657 0.0426 -0.2561
vn 0.9705 0.0402 -0.2376
vn -0.8712 -0.0201 -0.4905
vn -0.6634 -0.0758 -0.7444
vn -0.7144 -0.1754 -0.6775
vn 0.4391 -0.1232 -0.8900
vn -0.4414 -0.0579 -0.8954
vn 0.6180 -0.0367 -0.7853
vn 0.5238 -0.3238 -0.7879
vn 0.6974 -0.0475 -0.7151
vn -0.8440 -0.2282 -0.4854
vn -0.0096 -0.9249 -0.3801
vn -0.0668 -0.7192 -0.6916
vn 0.2221 -0.1197 -0.9676
vn -0.1755 0.7947 -0.5810
vn -0.2249 0.9364 -0.2694
vn -0.2219 0.9135 -0.3410
vn -0.0992 0.0643 -0.9930
vn 0.5533 0.6121 -0.5650
vn 0.5705 -0.3720 -0.7322
vn 0.6816 -0.4505 -0.5766
vn -0.0454 0.5448 -0.8373
vn -0.9480 -0.0168 -0.3177
vn 0.9486 -0.0939 -0.3024
vn -0.9714 -0.2075 -0.1151
vn 0.9030 -0.2201 -0.3690
vn -0.7874 0.1675 -0.5932
vn 0.7080 -0.1817 -0.6825
vn -0.7074 -0.1460 -0.6916
vn -0.6810 -0.4516 -0.5764
vn 0.8233 -0.4074 -0.3952
vn -0.7228 -0.1519 -0.6742
vn -0.7846 -0.0698 -0.6161
vn 0.7903 0.0182 -0.6125
vn -0.7915 -0.0517 -0.6090
vn -0.9188 -0.0365 -0.3931
vn 0.0237 -0.9362 -0.3506
vn -0.5638 -0.7056 -0.4293
vn 0.8025 -0.3471 -0.4853
vn 0.0188 -0.8989 -0.4377
vn -0.0190 -0.9264 -0.3761
vn -0.1633 -0.5603 -0.8120
vn -0.2670 0.0198 -0.9635
vn -0.2035 0.3945 -0.8961
vn 0.1737 0.9793 -0.1041
vn 0.2728 0.8367 -0.4748
vn 0.5004 -0.3518 -0.7911
vn -0.6603 0.1334 -0.7391
vn 0.8324 0.2065 -0.5143
vn -0.5668 0.1193 -0.8152
vn 0.6426 0.2411 -0.7273
vn -0.3061 0.2252 -0.9250
vn -0.2895 0.4037 -0.8679
vn -0.8016 -0.5885 0.1053
vn 0.9981 0.0495 -0.0366
vn -0.9970 -0.0051 -0.0769
vn -0.9838 0.0301 -0.1767
vn 0.9908 0.0878 -0.1028
vn -0.9857 0.0663 -0.1548
vn 0.9607 0.0969 -0.2602
vn 0.9105 0.2355 -0.3399
vn 0.9533 -0.0787 -0.2917
vn -0.9544 0.0805 -0.2875
vn 0.8546 -0.1460 -0.4983
vn 0.6722 -0.0300 -0.7398
vn -0.7351 -0.0052 -0.6780
vn 0.8448 -0.1137 -0.5228
vn 0.8517 0.1460 -0.5032
vn 0.1889 0.6551 -0.7315
vn 0.1533 0.2725 -0.9499
vn -0.1557 0.7386 -0.6559
vn 0.1017 0.9760 -0.1923
vn -0.2076 0.9773 -0.0417
vn -0.6258 0.6728 -0.3947
vn -0.9628 -0.1873 -0.1946
vn -0.5299 -0.0112 -0.8480
vn 0.8393 0.1617 -0.5191
vn 0.7835 0.1299 -0.6076
vn 0.3300 0.5385 -0.7753
vn -0.2301 0.7709 -0.5940
vn 0.1249 0.7269 -0.6753
vn 0.0507 0.5989 -0.7992
vn -0.9192 0.0034 -0.3938
vn -0.9291 -0.2629 -0.2602
vn -0.6968 -0.6969 -0.1698
vn -0.9904 -0.1008 -0.0941
vn 0.8741 0.4693 0.1254
vn 0.9744 0.0138 -0.2243
vn 0.9824 -0.0539 0.1788
vn -0.8737 -0.1311 -0.4684
vn 0.7120 0.0150 -0.7020
vn 0.8738 0.0906 -0.4777
vn -0.0315 -0.7600 -0.6491
vn 0.5164 0.0986 -0.8507
vn 0.1247 0.8747 -0.4683
vn -0.1989 0.9328 -0.3004
vn -0.8743 -0.4319 -0.2214
vn 0.8324 -0.1132 -0.5424
vn -0.9956 0.0255 0.0907
vn 0.8064 -0.5348 -0.2526
vn -0.9641 -0.2590 -0.0583
vn 0.9876 -0.1339 -0.0825
vn -0.9940 -0.0665 -0.0871
vn -0.9996 0.0035 -0.0284
vn 0.8030 0.1236 -0.5831
vn 0.8252 0.2541 -0.5044
vn -0.7822 -0.0164 -0.6228
vn 0.8000 -0.1564 -0.5792
vn 0.0457 -0.7956 -0.6040
vn -0.7689 -0.3011 -0.5640
vn -0.8651 0.1258 -0.4855
vn 0.1042 -0.7896 -0.6048
vn -0.0237 -0.9755 -0.2186
vn 0.2822 0.7922 -0.5411
vn 0.4625 0.2650 -0.8461
vn -0.3369 0.9286 0.1558
vn 0.4789 0.8557 -0.1958
vn -0.3886 0.8224 -0.4155
vn 0.1695 0.9072 -0.3850
vn 0.9071 -0.1857 -0.3777
vn 0.9806 -0.1956 0.0085
vn 0.9964 0.0037 -0.0844
vn 0.9867 -0.0896 -0.1359
vn 0.9835 -0.0829 -0.1606
vn 0.9940 -0.0916 0.0600
vn -0.9306 0.0193 -0.3655
vn 0.7929 -0.0854 -0.6033
vn -0.7489 -0.1029 -0.6546
vn -0.7657 -0.0550 -0.6409
vn -0.7497 -0.0062 -0.6617
vn 0.6940 -0.5924 -0.4092
vn 0.5176 -0.0920 -0.8506
vn 0.7478 -0.5220 -0.4103
vn -0.4052 0.3369 -0.8499
vn -0.2607 0.7618 -0.5930
vn 0.0984 0.9866 0.1305
vn 0.3378 0.9412 0.0003
vn -0.9250 -0.1177 -0.3613
vn -0.6881 0.0390 -0.7246
vn -0.6947 0.2353 -0.6797
vn -0.7635 0.0002 -0.6458
vn -0.6076 0.4485 -0.6555
vn -0.2700 0.7662 -0.5832
vn 0.9551 -0.0299 -0.2949
vn -0.8493 -0.4831 -0.2130
vn -0.9755 0.0813 -0.2042
vn 0.9794 -0.1798 0.0917
vn 0.9748 0.0175 -0.2222
vn -0.8529 -0.2382 -0.4646
vn -0.8958 -0.3876 -0.2174
vn -0.7953 -0.1075 -0.5967
vn -0.4733 -0.8348 -0.2811
vn 0.8718 0.1021 -0.4791
vn 0.0502 -0.9975 -0.0488
vn -0.6279 -0.0102 -0.7782
vn -0.4691 0.6747 -0.5698
vn 0.1319 0.9652 -0.2259
vn -0.0926 0.9068 0.4112
vn 0.2804 0.9491 0.1437
vn -0.5903 0.7998 -0.1091
vn -0.1704 0.8323 -0.5275
vn 0.9734 0.0693 -0.2183
vn -0.9802 -0.0734 -0.1839
vn 0.8543 0.1055 -0.5089
vn -0.8929 -0.0420 -0.4482
vn 0.8654 -0.0189 -0.5007
vn -0.9200 0.0773 -0.3842
vn 0.7157 0.1693 -0.6776
vn 0.6017 0.5566 -0.5729
vn 0.1194 0.7987 -0.5898
vn -0.1186 0.8701 -0.4784
vn 0.0123 0.8543 -0.5197
vn -0.9952 0.0376 0.0904
vn 0.9891 -0.1378 -0.0513
vn 0.9975 0.0490 0.0504
vn 0.7649 -0.1224 -0.6324
vn 0.8524 0.0022 -0.5228
vn -0.9265 -0.0287 -0.3752
vn 0.9431 -0.0463 -0.3294
vn 0.0162 -0.9724 -0.2326
vn 0.3435 0.9331 0.1065
vn -0.0795 0.9742 0.2113
vn -0.0088 0.9685 0.2488
vn -0.3157 0.9164 0.2461
vn 0.8576 -0.3923 -0.3326
vn 0.8449 -0.1454 -0.5148
vn 0.6816 0.3341 -0.6510
vn 0.8683 0.1969 -0.4552
vn -0.9506 -0.2961 0.0932
vn -0.9848 -0.0795 0.1547
vn -0.9785 0.1343 0.1565
vn -0.9874 -0.1582 -0.0046
vn -0.9812 0.0431 0.1879
vn 0.9887 -0.0151 0.1491
vn -0.9816 -0.1051 -0.1595
vn -0.9915 -0.0067 -0.1298
vn 0.8901 -0.0268 -0.4550
vn 0.8702 -0.0771 -0.4866
vn 0.8907 -0.0334 -0.4533
vn -0.9612 0.0507 -0.2710
vn -0.8631 0.0637 -0.5010
vn -0.0382 -0.9904 -0.1327
vn -0.1430 -0.9862 -0.0837
vn -0.8204 -0.5098 -0.2588
vn 0.6347 0.5942 -0.4940
vn -0.1280 0.9881 -0.0847
vn -0.0940 0.9756 -0.1984
vn -0.0754 0.9787 0.1912
vn 0.1550 0.9020 0.4029
vn -0.4129 0.8884 0.2007
vn -0.2219 0.9662 -0.1315
vn 0.9045 -0.1239 -0.4081
vn 0.7931 0.0048 -0.6091
vn -0.8469 0.4345 -0.3067
vn 0.4123 -0.8796 0.2371
vn 0.6688 -0.7124 -0.2127
vn -0.9906 0.1233 -0.0585
vn 0.9824 0.1839 -0.0321
vn 0.9914 -0.0862 -0.0988
vn 0.9611 0.1202 -0.2488
vn -0.9254 -0.0141 -0.3787
vn -0.8697 -0.0936 -0.4846
vn -0.6261 -0.6896 -0.3641
vn 0.0204 -0.9876 -0.1556
vn 0.5919 0.6890 0.4183
vn -0.5378 0.8182 0.2033
vn -0.2266 0.9384 -0.2610
vn -0.0998 0.9941 -0.0427
vn 0.2378 0.9584 -0.1580
vn 0.1387 0.9902 -0.0179
vn -0.4923 0.8695 0.0395
vn 0.5504 0.8295 0.0948
vn 0.2222 0.8398 -0.4953
vn 0.9465 -0.2902 0.1412
vn 0.9349 -0.3543 -0.0217
vn 0.9577 -0.2870 0.0218
vn -0.9941 0.0815 0.0720
vn -0.9568 -0.1040 0.2714
vn -0.7178 -0.6872 -0.1120
vn 0.9402 0.1243 -0.3170
vn 0.9217 0.0112 -0.3878
vn -0.1832 -0.9831 0.0067
vn 0.5927 -0.7986 0.1050
vn -0.0592 -0.9945 0.0869
vn -0.4031 -0.6613 -0.6325
vn -0.4098 -0.0601 -0.9102
vn -0.5616 0.5763 -0.5937
vn 0.1270 0.9758 -0.1782
vn 0.4167 0.8815 0.2222
vn -0.9175 -0.3514 0.1865
vn -0.9356 -0.1154 -0.3337
vn 0.9067 -0.1973 -0.3729
vn -0.9624 -0.2576 0.0861
vn 0.9925 -0.0046 0.1225
vn -0.9577 -0.1730 0.2301
vn 0.9387 -0.0770 0.3361
vn -0.9981 0.0537 0.0315
vn -0.9064 0.0145 -0.4222
vn 0.8397 -0.4140 -0.3516
vn -0.7572 -0.6497 -0.0678
vn 0.1736 -0.9848 0.0030
vn -0.0520 -0.9954 0.0799
vn 0.2420 -0.6882 -0.6840
vn -0.2789 0.1801 -0.9433
vn 0.0005 -0.9859 0.1676
vn 0.3532 -0.9315 -0.0871
vn -0.0221 -0.2575 -0.9660
vn 0.5367 0.4831 -0.6917
vn -0.0589 0.9876 0.1456
vn -0.9005 -0.4341 -0.0271
vn -0.9813 -0.1305 -0.1416
vn -0.8464 0.1272 -0.5172
vn -0.9177 0.1041 -0.3834
vn 0.7430 0.3425 -0.5750
vn 0.9245 0.1864 -0.3326
vn -0.5233 0.7223 -0.4521
vn -0.9387 -0.1626 0.3040
vn -0.9109 -0.0515 0.4094
vn -0.8438 -0.0908 0.5289
vn 0.9575 -0.2019 -0.2060
vn -0.4292 -0.8835 -0.1879
vn -0.9909 -0.1130 -0.0735
vn 0.9473 -0.2616 -0.1850
vn -0.0098 -0.9094 0.4158
vn -0.6124 0.1603 -0.7741
vn 0.7456 -0.6113 -0.2652
vn -0.8301 0.3647 0.4217
vn 0.4090 0.3401 -0.8468
vn 0.1649 0.9842 -0.0646
vn -0.1375 0.9901 0.0295
vn -0.2169 0.8825 0.4173
vn 0.2259 0.8829 0.4116
vn 0.4648 0.7189 0.5168
vn -0.9761 0.1702 0.1348
vn -0.9729 -0.1606 -0.1665
vn 0.8763 0.4199 -0.2363
vn -0.2827 0.8641 -0.4164
vn 0.0576 0.9426 -0.3289
vn 0.0209 -0.9960 0.0863
vn -0.9532 -0.0441 -0.2991
vn -0.9732 -0.0021 0.2300
vn -0.9135 0.0101 0.4067
vn 0.9343 -0.2458 -0.2581
vn -0.9680 -0.2126 -0.1335
vn -0.9426 -0.0503 -0.3301
vn 0.8184 -0.5481 -0.1726
vn -0.8968 -0.0927 -0.4326
vn -0.3085 -0.7276 -0.6127
vn 0.0083 -0.5448 -0.8385
vn 0.5944 0.0452 -0.8029
vn -0.3929 -0.8750 -0.2828
vn -0.6280 0.5332 -0.5668
vn 0.0759 0.9331 0.3516
vn 0.3175 0.8132 0.4878
vn -0.5699 0.6972 0.4348
vn 0.9093 -0.4162 0.0045
vn 0.9191 -0.3904 0.0525
vn -0.8496 -0.4497 -0.2756
vn 0.8870 0.3949 -0.2394
vn 0.9674 -0.2288 -0.1088
vn 0.8574 -0.3900 0.3357
vn -0.9645 -0.1587 0.2112
vn 0.9845 -0.0510 0.1680
vn 0.9795 -0.0969 0.1768
vn -0.9922 -0.1243 -0.0121
vn 0.9648 -0.0387 -0.2602
vn -0.9456 0.0830 -0.3145
vn 0.0089 -0.8859 0.4638
vn 0.3510 -0.8637 0.3617
vn 0.0481 -0.9615 0.2707
vn 0.3612 -0.9323 -0.0183
vn -0.6110 0.4883 -0.6232
vn 0.9191 0.3039 0.2509
vn 0.4373 0.4418 0.7833
vn -0.2240 -0.9572 0.1834
vn 0.5411 -0.4368 0.7186
vn 0.5017 0.6854 -0.5278
vn 0.0710 0.9710 0.2283
vn 0.0967 0.8971 0.4311
vn -0.2546 0.8648 0.4329
vn 0.2347 0.8879 0.3956
vn -0.1452 0.7738 0.6165
vn 0.1083 0.7654 0.6344
vn 0.9359 -0.2568 -0.2409
vn 0.9603 -0.2095 -0.1843
vn 0.9126 0.0269 -0.4080
vn -0.0321 0.9445 -0.3269
vn -0.7975 -0.5969 -0.0880
vn -0.8785 -0.3377 0.3379
vn 0.9209 0.0027 0.3898
vn 0.9613 0.2312 0.1501
vn 0.9048 0.1879 0.3821
vn -0.9638 0.0457 0.2628
vn -0.9152 -0.0776 0.3955
vn 0.8153 -0.0392 0.5778
vn 0.9502 0.0013 0.3117
vn -0.9232 -0.1058 -0.3694
vn 0.9347 -0.1308 -0.3305
vn -0.8451 -0.4717 -0.2517
vn -0.9536 -0.0344 -0.2991
vn 0.0379 -0.9439 0.3279
vn -0.0460 -0.8995 0.4345
vn 0.3297 -0.9276 0.1758
vn -0.9070 -0.4073 0.1073
vn -0.2298 -0.5686 0.7899
vn -0.1950 -0.8638 -0.4646
vn 0.8377 0.2421 -0.4895
vn 0.1501 0.8329 0.5326
vn 0.1503 0.7750 0.6138
vn 0.1705 0.7193 0.6735
vn -0.9223 -0.2660 0.2803
vn -0.8693 0.4829 -0.1058
vn 0.3243 0.9132 -0.2469
vn -0.8287 -0.4136 0.3772
vn 0.8938 -0.0115 0.4483
vn 0.6156 -0.3201 -0.7201
vn -0.0864 -0.8978 -0.4318
vn -0.6383 -0.3075 -0.7057
vn -0.3921 -0.8612 0.3234
vn -0.0640 -0.8863 0.4587
vn -0.6477 0.1731 -0.7419
vn 0.2025 -0.9792 -0.0134
vn -0.9077 0.1717 -0.3828
vn -0.4972 0.6739 -0.5464
vn -0.5755 0.8128 0.0902
vn -0.1916 0.7904 0.5819
vn 0.8301 0.2185 0.5130
vn -0.8601 -0.3506 0.3705
vn -0.9121 -0.0099 0.4098
vn -0.9847 -0.0495 0.1670
vn 0.8693 -0.2308 0.4370
vn -0.9576 -0.2295 0.1741
vn 0.9652 -0.1986 -0.1703
vn -0.8081 0.1847 -0.5593
vn -0.5337 -0.7402 -0.4089
vn 0.5429 0.8372 -0.0662
vn -0.8518 -0.4954 0.1704
vn -0.9613 0.0845 0.2622
vn -0.9958 -0.0843 -0.0370
vn -0.9175 0.3950 0.0463
vn -0.6085 0.7490 -0.2621
vn 0.9294 -0.1056 0.3537
vn -0.9760 -0.2006 -0.0846
vn 0.8194 -0.4433 0.3634
vn 0.9242 0.0107 0.3818
vn 0.8347 -0.3479 0.4270
vn 0.9837 0.0191 -0.1787
vn -0.9954 -0.0600 0.0746
vn 0.7215 -0.6870 -0.0864
vn 0.9871 0.0676 -0.1453
vn 0.9989 -0.0240 0.0394
vn 0.9934 -0.1051 0.0450
vn 0.7443 -0.4661 0.4783
vn -0.8342 -0.4464 0.3238
vn -0.0403 -0.9427 0.3313
vn 0.0347 -0.8330 0.5522
vn -0.6657 0.1830 -0.7234
vn 0.6073 0.5317 -0.5904
vn 0.7805 0.2423 -0.5763
vn -0.5634 0.5371 -0.6278
vn 0.9827 0.1843 -0.0188
vn -0.5078 0.8530 -0.1201
vn 0.5163 0.8126 0.2703
vn -0.0419 0.9434 0.3291
vn 0.2414 0.6859 0.6865
vn 0.6102 0.7018 0.3675
vn -0.6141 -0.6921 0.3793
vn 0.9228 -0.0729 -0.3784
vn -0.9813 -0.0161 0.1920
vn 0.9754 -0.1268 0.1801
vn -0.8149 0.3510 0.4612
vn -0.7694 -0.1780 0.6134
vn -0.9728 -0.1617 -0.1659
vn 0.9821 -0.1882 0.0051
vn 0.9936 0.0305 -0.1085
vn -0.5466 -0.8373 0.0122
vn 0.7931 -0.6071 -0.0497
vn -0.9958 0.0903 0.0119
vn 0.8152 -0.5651 0.1269
vn -0.4920 -0.5561 0.6698
vn -0.0360 -0.8065 0.5902
vn -0.1243 -0.8525 0.5077
vn -0.0663 -0.8254 0.5607
vn 0.2872 -0.8435 0.4539
vn 0.6089 -0.7625 -0.2186
vn 0.6281 0.5393 -0.5610
vn 0.0730 0.7407 0.6678
vn -0.2658 0.6976 0.6654
vn 0.2098 0.6076 0.7661
vn -0.5342 0.7176 0.4469
vn -0.7192 0.2502 0.6482
vn 0.9028 -0.1802 0.3906
vn 0.9831 -0.0433 0.1779
vn 0.8275 0.5538 -0.0925
vn 0.9781 0.0047 0.2079
vn 0.7929 0.0794 0.6041
vn -0.9414 0.1675 0.2926
vn 0.9552 0.0566 0.2906
vn 0.9857 -0.1403 0.0936
vn -0.9942 0.0705 0.0812
vn 0.9987 -0.0376 0.0331
vn -0.9543 -0.1981 0.2238
vn -0.6518 -0.6231 0.4324
vn -0.2547 -0.9657 0.0496
vn 0.0992 0.8271 0.5532
vn 0.0212 0.8455 0.5336
vn -0.0330 0.7527 0.6576
vn 0.4989 0.5831 0.6412
vn -0.2090 0.7324 0.6480
vn 0.2876 0.6924 0.6617
vn 0.0568 0.5905 0.8050
vn -0.1981 0.6416 0.7410
vn -0.8090 0.5557 0.1914
vn -0.8223 -0.3332 0.4613
vn 0.7149 -0.4435 0.5405
vn -0.9452 0.3260 0.0201
vn 0.9744 0.1674 -0.1502
vn -0.6539 -0.5501 0.5194
vn 0.9136 0.2328 -0.3333
vn -0.9126 0.0191 0.4083
vn 0.8909 -0.2795 0.3579
vn -0.8116 -0.3319 0.4807
vn 0.8425 -0.0236 0.5381
vn -0.7532 0.2036 0.6255
vn -0.9368 -0.1085 0.3326
vn -0.9024 -0.3001 0.3093
vn -0.9170 -0.1122 0.3828
vn -0.9852 -0.0963 0.1416
vn -0.9974 -0.0370 -0.0620
vn 0.4332 -0.9011 0.0187
vn -0.5473 -0.5642 -0.6182
vn 0.7112 -0.4408 -0.5476
vn 0.8938 -0.1267 0.4303
vn 0.6363 -0.5421 0.5488
vn -0.0216 -0.7204 0.6932
vn -0.0220 -0.7831 0.6215
vn -0.0219 -0.7504 0.6606
vn 0.0104 -0.9907 0.1357
vn 0.1739 -0.8434 0.5084
vn 0.3832 0.9113 -0.1508
vn 0.1074 0.4222 0.9001
vn -0.1803 0.5342 0.8259
vn -0.2109 0.7097 0.6722
vn -0.9221 -0.3419 0.1813
vn -0.8332 -0.4598 0.3072
vn 0.5717 -0.7646 0.2974
vn 0.9244 -0.3342 0.1838
vn 0.7924 -0.2105 0.5726
vn -0.7856 0.0933 0.6117
vn 0.7920 0.0108 0.6104
vn 0.8992 -0.2671 0.3465
vn -0.9712 -0.2114 0.1101
vn 0.9716 -0.1745 0.1601
vn 0.9800 -0.0404 0.1949
vn -0.9924 -0.1230 0.0091
vn -0.9929 -0.1018 -0.0610
vn 0.9981 0.0257 -0.0556
vn -0.0786 -0.9551 0.2857
vn 0.1158 -0.8789 0.4627
vn -0.1114 -0.8730 0.4749
vn -0.0164 -0.5216 0.8530
vn 0.0363 -0.9959 0.0832
vn 0.0476 0.6046 0.7951
vn 0.1047 0.5408 0.8346
vn -0.1401 0.7298 0.6691
vn 0.5218 0.4528 0.7230
vn 0.1764 0.7714 0.6114
vn -0.8716 -0.4094 0.2697
vn 0.8556 0.4042 -0.3235
vn 0.4376 0.8987 -0.0299
vn -0.9134 -0.0457 -0.4046
vn -0.9401 0.1163 -0.3204
vn 0.7941 0.0630 0.6045
vn 0.8933 -0.2537 0.3711
vn 0.8104 -0.1250 0.5724
vn 0.9737 -0.2266 -0.0245
vn -0.9977 0.0169 -0.0659
vn -0.9963 0.0588 0.0624
vn 0.9971 0.0682 0.0332
vn 0.9932 0.1136 -0.0243
vn -0.6310 -0.4035 0.6625
vn -0.6897 -0.1040 0.7166
vn 0.5450 -0.6660 0.5094
vn -0.7070 0.4160 -0.5719
vn 0.7031 0.3440 -0.6223
vn 0.5812 0.6968 -0.4203
vn -0.5629 0.7705 -0.2991
vn 0.0429 0.5906 0.8058
vn -0.0374 0.8700 0.4917
vn -0.4789 0.5999 0.6409
vn 0.1237 0.9907 -0.0559
vn -0.5255 -0.8344 -0.1664
vn 0.7878 -0.2487 0.5635
vn -0.7904 0.0753 0.6080
vn -0.8916 -0.0375 0.4513
vn 0.9207 0.3301 0.2082
vn 0.6799 0.2103 0.7025
vn -0.7873 -0.1721 0.5920
vn -0.5614 -0.3123 0.7663
vn 0.5387 -0.1917 0.8204
vn 0.9033 -0.0211 0.4285
vn -0.9395 -0.1722 0.2961
vn 0.9682 -0.1426 0.2057
vn -0.9756 -0.2192 -0.0105
vn -0.9969 0.0572 0.0545
vn 0.9136 -0.0432 -0.4044
vn -0.9393 -0.2951 -0.1751
vn 0.0248 -0.6620 0.7491
vn -0.3760 -0.7327 0.5673
vn 0.5387 -0.5984 0.5931
vn 0.1553 -0.6150 0.7730
vn 0.4151 0.7825 0.4641
vn -0.0084 0.8057 0.5923
vn -0.0407 0.6716 0.7398
vn -0.1955 0.6335 0.7487
vn 0.1882 0.5812 0.7917
vn -0.5832 0.4769 0.6576
vn 0.1461 0.6849 0.7138
vn -0.2026 0.7568 0.6214
vn -0.4393 0.6778 0.5896
vn 0.7031 -0.3106 0.6397
vn 0.8843 -0.4653 -0.0382
vn 0.9908 -0.0954 -0.0964
vn -0.5781 0.8160 -0.0026
vn -0.1444 0.9855 -0.0896
vn -0.0070 -0.9923 0.1237
vn 0.6229 -0.7510 -0.2191
vn -0.7459 0.0481 0.6643
vn 0.6186 -0.3079 0.7229
vn 0.8030 -0.0263 0.5954
vn 0.9013 -0.1078 0.4195
vn -0.9615 -0.1084 0.2525
vn 0.9905 -0.0324 0.1340
vn 0.8180 -0.5708 0.0719
vn 0.9831 0.0600 0.1729
vn 0.0052 -0.6539 0.7565
vn -0.0096 -0.5747 0.8183
vn 0.6532 -0.4662 0.5967
vn -0.4167 -0.8898 -0.1861
vn 0.8747 0.4493 -0.1817
vn -0.1748 0.9600 0.2188
vn 0.0561 0.8437 0.5338
vn -0.3320 0.7143 0.6161
vn -0.0490 0.4397 0.8968
vn -0.1223 0.5344 0.8363
vn 0.7581 0.5875 0.2831
vn 0.7553 0.2427 0.6089
vn -0.6673 -0.6467 0.3693
vn -0.9329 -0.2533 0.2561
vn -0.9208 -0.3077 0.2398
vn 0.8953 0.4294 -0.1186
vn -0.9175 0.3951 0.0464
vn 0.7266 0.6701 -0.1516
vn -0.9537 -0.1465 0.2628
vn -0.8407 -0.2508 0.4799
vn -0.7122 0.0924 0.6959
vn 0.8287 -0.1368 0.5427
vn 0.8560 -0.1706 0.4880
vn 0.9608 -0.2225 0.1656
vn -0.9999 0.0134 -0.0094
vn -0.1037 -0.9368 0.3340
vn 0.0089 -0.6672 0.7448
vn 0.0775 -0.5485 0.8326
vn 0.2450 -0.9239 -0.2938
vn -0.0871 -0.9441 0.3180
vn -0.5623 0.7594 -0.3273
vn 0.5669 0.7973 -0.2071
vn -0.3712 0.9071 0.1985
vn -0.0541 0.5506 0.8330
vn 0.1850 0.5420 0.8198
vn 0.1428 0.6270 0.7658
vn -0.5698 0.7154 0.4045
vn 0.8378 -0.5458 -0.0147
vn -0.9645 0.1280 0.2308
vn -0.9028 0.4236 -0.0737
vn -0.0496 -0.9941 0.0964
vn -0.7442 0.2022 0.6366
vn 0.7715 -0.1135 0.6261
vn 0.6343 0.0641 0.7704
vn 0.6385 0.1760 0.7493
vn -0.5678 0.0795 0.8193
vn -0.8775 -0.1713 0.4479
vn 0.9854 -0.1061 0.1329
vn -0.9732 -0.1766 0.1475
vn 0.9677 -0.2465 0.0529
vn -0.9552 -0.0436 0.2928
vn -0.7465 -0.6653 -0.0027
vn 0.7933 -0.1944 0.5769
vn -0.9766 0.0737 -0.2019
vn 0.9346 -0.1748 0.3099
vn 0.0156 -0.5163 0.8563
vn 0.1422 -0.8316 0.5368
vn 0.7159 -0.2716 0.6432
vn 0.0244 -0.3277 0.9445
vn -0.7514 0.6272 -0.2051
vn 0.5810 0.7654 -0.2768
vn 0.0445 0.6525 0.7565
vn -0.0371 0.4819 0.8754
vn -0.0494 0.4078 0.9117
vn -0.2407 0.3009 0.9228
vn 0.7271 0.6133 0.3085
vn -0.2469 0.7957 0.5531
vn -0.8117 0.1882 0.5530
vn -0.7609 -0.6193 0.1935
vn -0.7601 -0.4354 0.4823
vn 0.9613 -0.2756 -0.0030
vn 0.7740 -0.6129 0.1591
vn 0.9141 0.1662 0.3699
vn -0.9696 0.1921 0.1514
vn -0.8194 0.1521 0.5527
vn 0.8496 0.2432 0.4680
vn 0.8617 -0.1392 0.4880
vn -0.7213 -0.1780 0.6693
vn 0.7143 0.1983 0.6711
vn -0.6533 -0.2970 0.6964
vn -0.6134 -0.0796 0.7857
vn -0.8220 -0.0715 0.5650
vn -0.9125 -0.1611 0.3761
vn 0.9801 0.0153 0.1978
vn 0.5699 -0.8217 -0.0082
vn -0.8805 -0.4526 0.1413
vn 0.9602 -0.0785 0.2682
vn -0.9759 0.0751 0.2051
vn 0.3917 -0.8581 0.3319
vn -0.7735 -0.3137 0.5507
vn -0.8027 -0.3371 0.4920
vn 0.4624 -0.7556 -0.4640
vn -0.0061 -0.1244 0.9922
vn -0.1759 -0.4601 0.8703
vn 0.3986 0.9170 0.0133
vn -0.0106 0.3325 0.9430
vn -0.2468 0.6289 0.7373
vn -0.1370 0.6645 0.7346
vn 0.6595 0.6705 0.3400
vn 0.8230 -0.5575 0.1087
vn 0.9431 -0.1812 0.2789
vn -0.9239 -0.3234 0.2047
vn -0.3194 -0.9227 0.2159
vn 0.9062 0.2691 0.3262
vn -0.7538 -0.1098 0.6479
vn 0.5357 0.1292 0.8345
vn 0.9457 -0.1794 0.2710
vn -0.5643 -0.3741 0.7359
vn -0.0003 -0.4294 0.9031
vn -0.0637 -0.3510 0.9342
vn -0.0742 -0.4775 0.8755
vn -0.6447 0.6061 -0.4658
vn 0.1664 0.2641 0.9500
vn 0.1347 0.3351 0.9325
vn -0.3735 0.3390 0.8635
vn -0.2072 0.7697 0.6038
vn -0.9403 0.2935 0.1722
vn 0.1351 0.9908 0.0048
vn 0.2065 0.9782 0.0222
vn 0.5006 -0.8619 -0.0806
vn 0.9543 0.0635 0.2921
vn 0.2813 -0.1643 0.9454
vn 0.2915 -0.3532 0.8890
vn -0.6796 -0.3401 0.6499
vn 0.7981 -0.3259 0.5069
vn 0.9284 -0.2547 0.2706
vn 0.9508 -0.0359 0.3078
vn -0.9432 -0.2481 0.2208
vn -0.8589 -0.4615 0.2220
vn -0.9624 0.0309 0.2699
vn -0.2049 -0.8541 0.4780
vn -0.5287 -0.7165 -0.4551
vn -0.7648 -0.1688 0.6218
vn 0.0409 -0.2356 0.9710
vn -0.5741 -0.4624 0.6757
vn -0.0195 -0.3868 0.9219
vn -0.0140 -0.3986 0.9170
vn 0.0389 -0.1594 0.9865
vn 0.0020 -0.3922 0.9199
vn 0.9051 0.2306 -0.3573
vn 0.0124 -0.2635 0.9646
vn -0.0715 0.2476 0.9662
vn 0.0779 0.1887 0.9789
vn 0.0676 0.1797 0.9814
vn -0.0067 0.2514 0.9679
vn -0.1280 0.4079 0.9040
vn -0.0951 0.1775 0.9795
vn 0.6232 0.7726 0.1214
vn -0.3644 0.0606 0.9293
vn -0.2155 -0.2942 0.9311
vn -0.1895 0.0655 0.9797
vn 0.1646 0.1405 0.9763
vn 0.1953 -0.3791 0.9045
vn -0.9109 -0.1624 0.3792
vn 0.8872 -0.0186 0.4611
vn -0.9789 -0.0248 0.2029
vn 0.3647 -0.9201 0.1429
vn 0.9826 0.1828 -0.0323
vn -0.9945 -0.0216 0.1023
vn -0.6683 -0.2928 0.6838
vn 0.4214 0.0116 0.9068
vn 0.9320 -0.0815 0.3533
vn -0.1367 -0.6868 0.7139
vn -0.3982 -0.6544 0.6428
vn 0.0135 -0.2463 0.9691
vn 0.0756 0.0261 0.9968
vn 0.0789 -0.0095 0.9968
vn -0.0390 -0.2454 0.9686
vn 0.1313 -0.1725 0.9762
vn -0.5008 0.8621 -0.0772
vn 0.0465 0.1809 0.9824
vn 0.0191 0.3872 0.9218
vn -0.0745 0.0473 0.9961
vn -0.0066 0.2141 0.9768
vn 0.2772 0.2789 0.9194
vn 0.9379 -0.3208 0.1323
vn 0.9199 -0.3667 0.1389
vn -0.9126 -0.2987 0.2791
vn 0.8681 -0.4833 0.1129
vn 0.9198 -0.3347 0.2048
vn 0.9972 -0.0436 -0.0600
vn -0.7402 -0.5131 -0.4346
vn 0.9810 -0.1678 0.0973
vn 0.9042 0.0201 -0.4267
vn -0.9477 0.2239 0.2274
vn 0.7355 0.6772 -0.0204
vn 0.6067 0.2631 0.7501
vn 0.6464 -0.1116 0.7548
vn -0.3277 0.0138 0.9447
vn 0.3857 0.1831 0.9042
vn -0.4014 0.1413 0.9049
vn 0.9290 -0.1921 0.3164
vn -0.8926 -0.0443 0.4487
vn 0.8640 -0.0285 0.5027
vn 0.9301 -0.1084 0.3509
vn 0.9771 -0.0180 0.2121
vn 0.8024 -0.5372 0.2601
vn 0.9594 0.0005 0.2819
vn 0.3388 -0.5960 0.7280
vn -0.5079 -0.4023 0.7617
vn 0.9735 -0.0627 0.2201
vn -0.4403 -0.2536 0.8613
vn -0.0278 0.0118 0.9995
vn 0.5312 0.7976 -0.2859
vn 0.0148 0.1657 0.9861
vn 0.0208 0.3440 0.9387
vn -0.5707 0.3161 0.7579
vn -0.3066 0.3763 0.8743
vn 0.6724 0.0682 0.7370
vn -0.9059 -0.3924 0.1592
vn -0.9695 -0.0578 0.2380
vn 0.9858 0.1632 0.0393
vn -0.9236 0.3572 0.1390
vn -0.6479 0.7486 0.1410
vn -0.1551 0.9879 0.0074
vn -0.8869 0.4112 -0.2104
vn 0.5781 -0.2409 0.7796
vn -0.5794 0.0162 0.8149
vn -0.2755 0.1513 0.9493
vn -0.6586 -0.3799 0.6495
vn -0.8558 -0.2472 0.4544
vn -0.8847 -0.1903 0.4256
vn -0.9147 -0.0730 0.3975
vn 0.9747 -0.0862 -0.2064
vn -0.9627 -0.0024 0.2705
vn 0.6935 -0.1797 0.6977
vn -0.9518 -0.0061 0.3068
vn -0.8402 -0.0549 0.5394
vn 0.4318 -0.7390 0.5171
vn 0.7337 -0.3268 0.5957
vn 0.1200 -0.7423 0.6592
vn 0.3403 -0.8009 0.4927
vn -0.8234 0.1422 -0.5493
vn 0.0184 -0.4566 0.8895
vn 0.2283 0.0904 0.9694
vn 0.3774 -0.1877 0.9068
vn 0.0081 0.0803 0.9967
vn 0.0401 0.0907 0.9951
vn 0.0095 0.1275 0.9918
vn -0.3078 -0.0428 0.9505
vn 0.8025 0.5666 0.1868
vn -0.5362 -0.0175 0.8439
vn 0.3048 0.4883 0.8177
vn -0.9195 -0.3288 0.2152
vn 0.9114 -0.2676 0.3126
vn -0.5988 0.2854 0.7483
vn 0.2773 -0.1850 0.9428
vn 0.2366 0.1618 0.9580
vn -0.2070 0.1212 0.9708
vn 0.8228 -0.1685 0.5428
vn -0.8211 -0.1317 0.5553
vn -0.7594 -0.6241 0.1838
vn -0.4948 -0.7652 0.4119
vn 0.1381 -0.9813 0.1340
vn -0.4032 -0.7184 0.5669
vn -0.3024 -0.8255 0.4766
vn -0.2838 0.3033 0.9096
vn 0.0661 0.3976 0.9152
vn 0.6066 0.1047 0.7881
vn 0.7973 0.5168 0.3118
vn 0.0873 0.4073 0.9091
vn -0.2759 0.3050 0.9115
vn -0.5763 0.3415 0.7424
vn 0.4337 0.6556 0.6182
vn 0.9701 0.0302 0.2407
vn -0.9007 0.4166 0.1231
vn 0.8236 0.5377 0.1805
vn 0.1804 0.9785 -0.1004
vn 0.6185 -0.7664 -0.1731
vn 0.5329 0.4788 0.6977
vn 0.3801 0.2541 0.8894
vn 0.2802 -0.0797 0.9566
vn -0.3519 0.0907 0.9316
vn 0.2625 0.1684 0.9501
vn 0.5348 -0.2980 0.7907
vn 0.4797 -0.7515 0.4529
vn -0.5152 -0.7994 0.3091
vn 0.9650 0.0568 0.2562
vn 0.9548 -0.2841 0.0878
vn -0.9526 -0.2327 0.1958
vn -0.9968 -0.0449 -0.0657
vn -0.9772 0.2055 0.0528
vn -0.4669 -0.7533 -0.4632
vn 0.3050 -0.9412 -0.1452
vn -0.6192 0.0102 0.7852
vn 0.5102 0.4679 0.7217
vn 0.7875 -0.1389 0.6004
vn 0.8609 -0.2356 -0.4509
vn 0.0793 0.1950 0.9776
vn 0.5707 0.2403 0.7852
vn -0.6125 0.6529 0.4456
vn 0.6592 0.4996 0.5620
vn -0.7364 0.6207 0.2690
vn -0.0490 0.4667 0.8831
vn -0.9017 -0.1658 0.3994
vn -0.7527 -0.5990 0.2733
vn 0.7356 -0.4617 0.4957
vn 0.4434 -0.0408 0.8954
vn 0.1219 0.3243 0.9381
vn -0.1826 -0.4521 0.8731
vn 0.4959 -0.4193 0.7604
vn 0.8546 -0.2237 0.4687
vn -0.8172 -0.1760 0.5488
vn -0.8302 -0.0130 0.5573
vn 0.8960 -0.2257 0.3825
vn 0.9194 -0.0279 0.3924
vn -0.1980 -0.5060 0.8395
vn -0.8426 0.5260 0.1157
vn -0.6098 0.0420 0.7914
vn -0.3944 0.4129 0.8209
vn 0.3855 0.4175 0.8228
vn 0.2861 0.8445 0.4528
vn 0.7425 -0.4593 0.4875
vn 0.8065 -0.1794 0.5633
vn 0.7633 -0.5588 0.3242
vn -0.9185 0.0710 0.3890
vn -0.3986 0.8967 -0.1924
vn -0.7404 0.6311 0.2314
vn -0.3075 -0.2495 0.9183
vn -0.0145 0.2278 0.9736
vn 0.8645 -0.2070 0.4581
vn -0.8712 -0.2377 0.4296
vn 0.8280 -0.2839 0.4836
vn -0.8439 -0.3076 0.4395
vn -0.1308 -0.9814 0.1407
vn 0.9181 -0.3729 -0.1344
vn -0.9961 -0.0852 -0.0221
vn 0.9133 0.2773 0.2982
vn 0.8696 0.0046 0.4937
vn 0.1035 -0.9324 -0.3464
vn 0.3519 -0.1544 0.9232
vn -0.0936 0.4618 0.8820
vn 0.7554 0.5173 0.4023
vn -0.7282 -0.5954 0.3394
vn -0.7137 0.6737 0.1918
vn 0.4188 0.8901 0.1797
vn 0.3009 0.9463 0.1183
vn -0.8617 -0.5074 0.0045
vn 0.8558 0.4822 -0.1873
vn 0.6282 0.6873 0.3647
vn -0.2464 0.5816 0.7752
vn -0.4320 0.8758 0.2153
vn -0.1096 0.0438 0.9930
vn 0.0967 0.2539 0.9624
vn 0.7765 0.0982 0.6225
vn -0.8332 -0.0529 0.5505
vn 0.7802 -0.0976 0.6179
vn -0.8901 -0.0321 0.4547
vn -0.8819 0.0116 0.4712
vn 0.9572 -0.0265 0.2881
vn 0.8636 0.0575 -0.5009
vn -0.0094 0.3989 0.9169
vn 0.0347 0.4142 0.9095
vn 0.2073 0.6157 0.7602
vn 0.2016 0.5672 0.7985
vn 0.4492 -0.0703 0.8907
vn -0.8573 0.4267 0.2879
vn 0.8965 0.3626 0.2546
vn -0.9185 0.3422 0.1983
vn 0.7124 0.6593 0.2405
vn 0.3845 0.9090 0.1607
vn 0.1158 0.3514 0.9290
vn -0.7074 -0.2511 0.6607
vn 0.8017 -0.2598 0.5383
vn 0.7817 0.0004 0.6237
vn 0.8345 0.4674 0.2920
vn -0.8919 -0.0008 0.4522
vn -0.5413 0.3369 0.7704
vn -0.6214 0.1457 0.7698
vn -0.6381 0.5885 0.4964
vn -0.1674 0.4955 0.8523
vn -0.8241 0.2496 0.5085
vn -0.6993 -0.5031 0.5079
vn -0.9736 -0.1855 0.1331
vn -0.7748 -0.0875 0.6262
vn 0.9905 0.0799 -0.1122
vn 0.0836 0.9209 0.3808
vn 0.2145 0.8703 0.4433
vn -0.2300 0.8581 0.4591
vn -0.3896 -0.3741 0.8416
vn -0.1153 -0.4713 0.8744
vn 0.6200 -0.2906 0.7288
vn -0.7586 -0.2355 0.6075
vn -0.5029 -0.3312 0.7984
vn -0.6505 -0.2180 0.7275
vn 0.7348 -0.1477 0.6620
vn 0.8277 -0.1401 0.5434
vn 0.7733 -0.1019 0.6258
vn 0.7826 0.0399 0.6213
vn -0.8186 0.3800 0.4306
vn 0.5676 0.6491 0.5064
vn 0.2644 0.4576 0.8490
vn 0.5286 0.6226 0.5770
vn 0.3708 0.2052 0.9058
vn -0.5303 -0.6048 0.5941
vn 0.7561 -0.2153 0.6181
vn 0.9388 0.2945 0.1785
vn 0.6534 -0.1814 0.7350
vn -0.6103 -0.6910 0.3874
vn -0.7941 -0.4828 0.3693
vn -0.9615 0.0156 0.2743
vn -0.2178 0.3558 0.9088
vn 0.7339 0.0585 0.6768
vn -0.9453 0.2571 0.2009
vn 0.3649 -0.1758 0.9143
vn -0.2159 -0.1066 0.9706
vn -0.2551 0.0813 0.9635
vn -0.9474 -0.1324 0.2912
vn -0.4981 -0.5918 0.6338
vn 0.7289 -0.6131 0.3046
vn 0.9231 0.1715 0.3443
vn 0.0251 0.9996 0.0085
vn -0.0044 -0.9958 0.0911
vn -0.6088 -0.7854 -0.1119
vn -0.8239 -0.0953 0.5587
vn -0.7837 -0.0794 0.6160
vn 0.4877 -0.5978 0.6362
vn -0.8040 0.0714 0.5904
vn 0.8684 -0.3938 0.3015
vn -0.8867 0.0031 0.4623
vn 0.3402 -0.3882 0.8565
vn 0.3682 -0.5875 0.7206
vn 0.0591 0.4778 0.8765
vn -0.2744 0.4950 0.8244
vn 0.4617 0.4809 0.7454
vn 0.0183 0.2101 0.9775
vn 0.4675 0.3312 0.8196
vn 0.7770 0.0923 0.6227
vn -0.0933 -0.2729 0.9575
vn -0.3727 0.0457 0.9268
vn 0.9480 -0.1386 0.2865
vn -0.1719 0.9782 0.1167
vn 0.2522 0.9095 0.3306
vn 0.5770 -0.3193 0.7517
vn -0.7765 -0.0834 0.6246
vn -0.4499 -0.1557 0.8794
vn 0.7299 0.0078 0.6835
vn -0.4713 -0.6548 0.5909
vn 0.4579 -0.7548 0.4697
vn -0.8717 -0.4034 0.2781
vn -0.8101 0.4233 0.4056
vn -0.8446 0.0481 0.5332
vn -0.2747 0.5168 0.8108
vn -0.4500 0.5552 0.6994
vn 0.4800 -0.5641 0.6718
vn 0.6819 0.2128 0.6998
vn -0.1987 0.2489 0.9479
vn -0.0068 -0.2009 0.9796
vn -0.4888 0.0987 0.8668
vn 0.0927 -0.5217 0.8481
vn 0.4960 -0.4476 0.7440
vn -0.7013 -0.3171 0.6384
vn -0.7275 0.5135 0.4550
vn -0.5021 0.8363 0.2201
vn 0.4077 0.9018 0.1433
vn -0.2192 0.9240 0.3132
vn 0.1365 0.9483 0.2867
vn -0.6425 -0.2201 0.7340
vn -0.5417 -0.2415 0.8051
vn -0.6285 -0.2628 0.7320
vn 0.3499 -0.9156 0.1983
vn 0.8894 -0.3864 0.2441
vn 0.8964 -0.0004 0.4433
vn -0.6972 0.4594 0.5503
vn -0.3474 0.6859 0.6394
vn 0.0689 0.1832 0.9807
vn 0.4377 0.5923 0.6764
vn 0.2856 0.0070 0.9583
vn 0.4124 0.3696 0.8326
vn -0.3923 0.3635 0.8450
vn 0.3183 0.1486 0.9363
vn 0.8506 -0.2787 0.4459
vn -0.8467 0.1715 0.5037
vn -0.8469 0.4450 0.2911
vn -0.0852 -0.3196 0.9437
vn 0.6728 -0.2046 0.7110
vn -0.4430 -0.6532 0.6141
vn 0.0570 -0.9840 0.1689
vn -0.9145 -0.3196 0.2482
vn 0.7061 0.3860 0.5937
vn 0.3650 0.6931 0.6216
vn -0.1349 0.2389 0.9616
vn 0.1962 0.4944 0.8468
vn -0.1313 -0.1389 0.9816
vn 0.1643 -0.7989 0.5786
vn 0.9249 -0.1983 0.3245
vn 0.5893 -0.6963 0.4097
vn 0.6722 -0.5212 0.5258
vn -0.7178 -0.1900 0.6698
vn 0.7987 0.5186 0.3053
vn 0.5551 0.7562 0.3463
vn 0.2361 0.8770 0.4184
vn -0.9461 0.3168 -0.0677
vn 0.9246 0.0012 0.3810
vn 0.2922 0.4842 0.8247
vn -0.1311 0.4514 0.8826
vn 0.0423 0.4835 0.8743
vn -0.8611 -0.2997 0.4108
vn -0.8068 0.0076 0.5908
vn -0.0406 0.9287 0.3687
vn 0.3802 0.8767 0.2947
vn 0.8079 -0.5715 0.1440
vn -0.5531 0.8327 0.0266
vn 0.5304 0.7778 0.3372
vn -0.2081 0.8646 0.4573
vn 0.5645 -0.1490 0.8119
vn 0.5227 -0.1614 0.8371
vn -0.6368 -0.0935 0.7653
vn 0.5974 -0.1190 0.7931
vn -0.9513 -0.0180 0.3077
vn -0.2359 0.5253 0.8175
vn 0.1218 0.3658 0.9227
vn 0.4904 -0.5500 0.6760
vn 0.6573 -0.3931 0.6430
vn -0.0336 0.9395 0.3408
vn -0.0232 -0.2476 0.9686
vn 0.4651 -0.2457 0.8505
vn -0.6705 -0.0141 0.7417
vn -0.0914 -0.9585 0.2702
vn 0.2213 -0.8845 0.4106
vn -0.8968 -0.0932 0.4326
vn -0.9278 -0.0365 0.3714
vn 0.8230 0.3280 0.4637
vn -0.9092 0.0856 0.4074
vn 0.2211 0.5614 0.7974
vn -0.0384 0.3152 0.9482
vn -0.7336 -0.4566 0.5033
vn -0.7904 -0.0797 0.6074
vn 0.6785 -0.2952 0.6727
vn 0.4160 -0.4263 0.8033
vn 0.1817 0.9777 0.1055
vn 0.5698 -0.0704 0.8188
vn 0.3822 -0.0834 0.9203
vn -0.5705 0.0226 0.8210
vn -0.5834 -0.1114 0.8045
vn 0.8162 -0.2974 0.4953
vn 0.8695 -0.4264 0.2494
vn 0.8151 0.0887 0.5725
vn 0.9394 -0.0986 0.3283
vn -0.3441 0.6197 0.7054
vn 0.2875 0.6597 0.6944
vn 0.1679 0.3998 0.9011
vn -0.7048 -0.1762 0.6872
vn -0.7548 0.5050 0.4187
vn -0.1864 0.9686 0.1647
vn -0.8425 0.5358 -0.0559
vn 0.7659 0.6172 0.1802
vn -0.0450 0.9718 0.2313
vn -0.4462 -0.0887 0.8905
vn -0.2151 -0.0900 0.9724
vn -0.4251 -0.0821 0.9014
vn 0.0478 -0.9981 0.0400
vn -0.1906 0.7639 0.6165
vn -0.1982 0.6231 0.7566
vn -0.0560 0.5554 0.8297
vn 0.1468 0.5185 0.8424
vn -0.2129 0.4761 0.8532
vn 0.6915 -0.0196 0.7221
vn 0.7823 -0.0024 0.6229
vn -0.7840 -0.1747 0.5956
vn 0.7248 0.1851 0.6637
vn -0.0841 0.7506 0.6554
vn 0.4895 0.5600 0.6684
vn -0.8273 -0.3432 0.4447
vn 0.8918 0.2733 0.3606
vn 0.1679 -0.1458 0.9750
vn 0.5020 -0.2529 0.8271
vn -0.5387 -0.3159 0.7810
vn -0.3528 -0.5183 0.7790
vn 0.7418 0.4361 0.5094
vn 0.7880 0.0132 0.6156
vn -0.8345 -0.0303 0.5501
vn -0.1881 0.6128 0.7675
vn 0.5995 0.5022 0.6232
vn 0.2553 0.7977 0.5464
vn -0.2526 0.9239 0.2873
vn 0.2067 -0.1261 0.9702
vn 0.4697 -0.0677 0.8802
vn 0.8032 -0.1403 0.5790
vn 0.9259 0.0702 0.3712
vn 0.9455 -0.0826 0.3150
vn -0.2040 0.7367 0.6447
vn 0.3192 0.4309 0.8440
vn -0.0558 0.4312 0.9005
vn 0.1777 0.6914 0.7003
vn -0.3975 -0.5797 0.7113
vn -0.7737 -0.2940 0.5612
vn -0.5778 -0.8000 0.1617
vn 0.6959 -0.6566 0.2909
vn 0.0243 -0.0866 0.9959
vn 0.3306 -0.5099 0.7942
vn -0.0852 -0.9958 0.0329
vn -0.2977 -0.8225 0.4847
vn -0.7969 0.1750 0.5783
vn 0.8187 -0.0189 0.5739
vn -0.8676 0.0010 0.4972
vn -0.9552 -0.1719 0.2410
vn -0.9858 -0.0381 0.1636
vn -0.2090 0.5352 0.8185
vn -0.1951 0.4275 0.8827
vn 0.0278 0.7839 0.6202
vn 0.5866 -0.2092 0.7824
vn 0.7349 -0.0748 0.6741
vn -0.8764 0.2659 0.4015
vn -0.5609 0.7791 0.2800
vn -0.6404 0.6385 0.4269
vn -0.2942 -0.1185 0.9484
vn -0.0332 -0.6448 0.7636
vn 0.5291 -0.3713 0.7630
vn -0.6970 0.0258 0.7166
vn -0.7064 0.0285 0.7072
vn 0.8746 -0.2822 0.3943
vn 0.8237 0.0515 0.5647
vn -0.4352 0.7280 0.5297
vn -0.0447 0.4084 0.9117
vn 0.2619 0.6905 0.6743
vn -0.1143 0.4986 0.8593
vn 0.0535 -0.6957 0.7164
vn -0.7402 -0.1504 0.6554
vn -0.9424 0.0347 0.3328
vn -0.2967 -0.2427 0.9236
vn 0.5139 0.0341 0.8572
vn 0.0165 -0.9867 0.1618
vn -0.7290 -0.1349 0.6711
vn 0.7774 -0.4890 0.3957
vn -0.6382 -0.1130 0.7615
vn -0.6443 0.0354 0.7640
vn 0.3877 0.6448 0.6587
vn -0.0056 0.5304 0.8477
vn 0.4475 0.3902 0.8047
vn -0.5189 0.1764 0.8364
vn -0.4588 -0.1116 0.8815
vn 0.5797 -0.0249 0.8144
vn 0.5780 -0.1283 0.8059
vn 0.3622 -0.3655 0.8575
vn -0.3439 -0.4011 0.8490
vn -0.6673 0.4956 0.5559
vn -0.1364 0.8662 0.4807
vn -0.6052 -0.0669 0.7933
vn 0.5558 0.1924 0.8088
vn -0.6236 -0.6902 0.3671
vn 0.6823 0.0892 0.7256
vn 0.0882 0.1797 0.9798
vn 0.0542 -0.1289 0.9902
vn 0.0528 -0.1411 0.9886
vn 0.1963 -0.9487 -0.2478
vn -0.7604 -0.2111 0.6142
vn -0.7286 -0.2814 0.6244
vn 0.7265 0.0167 0.6870
vn -0.5460 -0.0230 0.8375
vn 0.5012 -0.0683 0.8626
vn 0.2083 0.7157 0.6666
vn -0.1367 0.3627 0.9218
vn 0.5028 -0.0066 0.8644
vn 0.3824 -0.4764 0.7917
vn 0.3481 -0.2933 0.8904
vn -0.3282 -0.3664 0.8707
vn -0.3562 0.0672 0.9320
vn -0.3783 0.3048 0.8741
vn 0.6906 -0.2469 0.6798
vn -0.3617 0.8056 0.4693
vn 0.5648 -0.7089 0.4226
vn -0.5432 0.8395 -0.0108
vn 0.4484 0.7497 0.4868
vn -0.1076 0.9874 0.1164
vn -0.2542 0.8484 0.4644
vn 0.2547 -0.3608 0.8972
vn 0.0904 -0.9911 0.0977
vn -0.7661 -0.3066 0.5649
vn 0.6609 0.3902 0.6410
vn 0.5315 0.0009 0.8470
vn 0.3181 0.3152 0.8941
vn -0.1075 0.2812 0.9536
vn -0.3765 0.4352 0.8178
vn -0.1153 0.3773 0.9189
vn -0.4825 -0.1611 0.8610
vn -0.6943 0.3218 0.6437
vn -0.4030 -0.2014 0.8928
vn -0.2396 -0.2599 0.9354
vn 0.1240 0.0743 0.9895
vn 0.2971 -0.1663 0.9403
vn -0.7910 -0.3794 0.4799
vn -0.2554 -0.8856 0.3879
vn -0.8640 -0.1407 0.4834
vn 0.0702 0.1495 0.9863
vn 0.0493 -0.1863 0.9812
vn 0.5868 0.0553 0.8078
vn 0.3945 -0.0222 0.9186
vn -0.9770 0.1345 0.1653
vn -0.0742 -0.1378 0.9877
vn 0.1708 -0.0875 0.9814
vn 0.1693 -0.4590 0.8722
vn -0.1341 -0.5146 0.8469
vn 0.3735 -0.1105 0.9210
vn -0.6216 -0.0198 0.7831
vn -0.2424 0.5156 0.8218
vn 0.1893 0.5037 0.8429
vn -0.3781 0.4750 0.7946
vn -0.1497 -0.1272 0.9805
vn -0.5996 0.0128 0.8002
vn 0.6626 -0.0022 0.7490
vn -0.2334 -0.0638 0.9703
vn -0.3675 -0.3178 0.8741
vn 0.8840 0.0967 0.4574
vn 0.5404 0.7727 0.3331
vn -0.0936 -0.3341 0.9379
vn -0.1911 -0.1890 0.9632
vn -0.3309 -0.2139 0.9191
vn 0.2788 -0.3036 0.9111
vn -0.2490 -0.7909 0.5590
vn 0.3303 -0.8836 0.3320
vn 0.7154 -0.1008 0.6914
vn -0.5058 0.1105 0.8555
vn 0.3108 -0.1725 0.9347
vn -0.5656 -0.3008 0.7679
vn -0.3795 0.2654 0.8863
vn 0.2370 0.6899 0.6840
vn -0.2367 0.6400 0.7310
vn 0.3476 0.1153 0.9305
vn -0.6100 -0.0103 0.7924
vn -0.4767 -0.7784 0.4084
vn 0.6830 0.0735 0.7267
vn 0.5437 -0.0764 0.8358
vn -0.6638 0.4097 0.6257
vn -0.7908 0.4847 0.3738
vn -0.7152 -0.1388 0.6850
vn 0.4620 -0.3299 0.8232
vn -0.6338 0.4095 0.6562
vn 0.4407 0.1467 0.8856
vn -0.2797 0.2394 0.9298
vn 0.0624 -0.1436 0.9877
vn 0.2122 0.0380 0.9765
vn -0.6243 -0.6643 0.4111
vn 0.0767 0.2899 0.9540
vn 0.0918 -0.8715 0.4817
vn -0.6591 0.0606 0.7496
vn 0.5709 0.0748 0.8176
vn 0.3034 0.2642 0.9155
vn -0.3093 0.2526 0.9168
vn -0.3660 0.1012 0.9251
vn 0.0632 -0.5386 0.8402
vn 0.4130 -0.1366 0.9004
vn -0.4202 -0.2044 0.8841
vn -0.1240 0.2084 0.9701
vn 0.1674 -0.0556 0.9843
vn -0.2921 -0.1452 0.9453
vn -0.0868 -0.9481 -0.3060
vn 0.6059 -0.4454 0.6592
vn 0.6767 0.0324 0.7355
vn -0.1597 -0.2397 0.9576
vn -0.3693 0.2491 0.8953
vn -0.1115 0.2855 0.9519
vn -0.7425 -0.4483 0.4977
vn -0.6628 0.2014 0.7212
vn -0.4111 0.7318 0.5437
vn -0.1276 -0.4026 0.9064
vn 0.1104 -0.3295 0.9377
vn 0.1172 -0.9648 0.2354
vn -0.3073 -0.6067 0.7331
vn 0.6818 0.3894 0.6193
vn 0.1833 0.2780 0.9429
vn -0.5661 0.1722 0.8061
vn -0.2662 -0.0348 0.9633
vn -0.5271 -0.1698 0.8327
vn 0.1610 0.0792 0.9838
vn 0.6852 0.1414 0.7145
vn 0.0081 -0.2858 0.9583
vn -0.0814 -0.3833 0.9200
vn -0.1283 -0.3664 0.9216
vn 0.0750 -0.9841 -0.1611
vn 0.1840 -0.9384 -0.2926
vn -0.3288 0.0224 0.9441
vn 0.2285 -0.0001 0.9735
vn 0.7025 0.1281 0.7000
vn -0.0932 0.1907 0.9772
vn 0.1115 0.1855 0.9763
vn -0.0618 0.1882 0.9802
vn -0.3186 -0.2689 0.9090
vn -0.0232 -0.1082 0.9939
vn -0.0562 -0.2805 0.9582
vn 0.3960 -0.1315 0.9088
vn 0.2921 -0.5547 0.7791
vn -0.7193 0.1575 0.6766
vn 0.0853 -0.1887 0.9783
vn 0.6288 0.1387 0.7651
vn 0.2830 -0.5268 0.8015
vn -0.4486 0.1922 0.8728
vn -0.3938 0.1864 0.9001
vn 0.0349 0.2082 0.9775
vn -0.0791 0.2341 0.9690
vn -0.3292 0.1544 0.9316
vn 0.1129 -0.1885 0.9756
vn 0.0256 0.1634 0.9862
vn 0.4013 -0.3774 0.8346
vn -0.2968 -0.5936 0.7480
vn -0.9233 -0.2651 0.2778
vn 0.5372 0.1500 0.8300
vn 0.7804 -0.3132 0.5412
vn 0.9909 0.1174 -0.0663
vn -0.2848 0.0488 0.9574
vn -0.9901 0.0989 0.0994
vn -0.7575 -0.5389 0.3686
vn 0.6476 -0.0191 0.7617
vn -0.6425 0.0807 0.7620
vn 0.2156 0.4600 0.8613
vn 0.3868 0.2480 0.8882
vn 0.3288 0.0318 0.9439
vn -0.3292 0.1668 0.9294
vn 0.6014 -0.0399 0.7979
vn 0.3021 0.1244 0.9451
vn 0.1798 0.1472 0.9726
vn -0.1345 0.2008 0.9704
vn 0.0068 0.2567 0.9665
vn -0.4169 -0.5887 0.6925
vn -0.6263 -0.5295 -0.5722
vn -0.1710 -0.0865 0.9815
vn -0.2801 -0.0658 0.9577
vn -0.5046 -0.0335 0.8627
vn 0.9974 -0.0459 -0.0555
vn 0.4082 -0.5064 0.7595
vn -0.2625 -0.6272 0.7332
vn -0.3325 0.3908 0.8583
vn -0.3263 0.1047 0.9394
vn 0.9243 0.1045 0.3672
vn -0.8622 0.1049 0.4955
vn -0.3174 0.1604 0.9346
vn -0.0795 0.1440 0.9864
vn -0.0592 0.3526 0.9339
vn 0.0823 0.2130 0.9736
vn 0.2077 0.1776 0.9619
vn 0.2533 0.6406 0.7249
vn 0.2338 -0.8697 -0.4347
vn 0.1769 -0.0761 0.9813
vn 0.2011 -0.0288 0.9791
vn -0.8843 -0.0419 -0.4651
vn -0.3349 0.0288 0.9418
vn 0.0206 -0.0783 0.9967
vn 0.7838 -0.1749 -0.5959
vn -0.2331 0.1207 0.9649
vn 0.6661 -0.1368 0.7332
vn -0.8770 -0.0776 -0.4742
vn -0.9765 -0.2155 -0.0083
vn 0.6658 0.1174 0.7368
vn -0.3529 -0.0191 0.9355
vn -0.2840 -0.0891 0.9547
vn -0.2341 -0.4683 0.8520
vn 0.6111 -0.6447 0.4593
vn 0.2030 -0.5418 0.8156
vn -0.3170 -0.5780 0.7519
vn -0.3646 0.1979 0.9099
vn -0.7292 0.1731 0.6621
vn 0.8490 0.1449 0.5081
vn -0.4040 0.2218 0.8875
vn 0.5436 -0.0764 0.8358
vn -0.1238 0.2084 0.9702
vn 0.4406 0.8748 -0.2014
vn -0.2058 -0.5523 0.8078
vn 0.3301 -0.4925 0.8053
vn 0.5779 0.2826 0.7656
vn 0.6391 -0.5066 -0.5787
vn -0.6519 -0.0966 0.7521
vn 0.9198 -0.0661 -0.3868
vn 0.1638 -0.4892 0.8567
vn 0.0961 0.0195 0.9952
vn -0.8942 -0.4069 0.1866
vn -0.2312 -0.7718 0.5923
vn -0.2021 -0.5772 0.7912
vn -0.2394 -0.5363 0.8093
vn 0.3095 -0.5455 0.7789
vn -0.5517 -0.4275 0.7161
vn 0.4580 0.1235 0.8803
vn -0.2673 0.1785 0.9469
vn 0.1992 0.2008 0.9592
vn -0.2947 0.2370 0.9257
vn 0.1524 0.0907 0.9841
vn 0.2254 0.2204 0.9490
vn 0.9312 -0.3205 0.1738
vn 0.3391 -0.0353 0.9401
vn 0.8410 0.1735 0.5124
vn -0.2149 0.1431 0.9661
vn -0.2512 0.0394 0.9671
vn -0.0589 -0.2506 0.9663
vn 0.1866 0.0970 0.9776
vn -0.7818 -0.1246 0.6110
vn 0.0557 -0.2661 0.9623
vn 0.9319 -0.1876 0.3105
vn -0.4478 0.2659 0.8537
vn 0.1045 0.2055 0.9731
vn 0.2654 0.4406 0.8576
vn -0.1119 0.2817 0.9530
vn -0.1055 0.2090 0.9722
vn 0.5295 -0.0481 0.8469
vn 0.1100 -0.6439 0.7572
vn -0.9924 -0.0500 -0.1124
vn -0.3094 0.0689 0.9484
vn 0.6357 0.0814 0.7677
vn -0.4060 0.1675 0.8984
vn -0.2459 0.1979 0.9489
vn -0.5640 0.1940 0.8026
vn 0.0123 0.1815 0.9833
vn 0.2157 -0.9655 -0.1458
vn 0.9282 -0.0623 -0.3668
vn 0.6046 0.0779 0.7927
vn 0.5523 0.0976 0.8279
vn -0.5122 0.0713 0.8559
vn 0.2561 0.2549 0.9325
vn 0.4567 -0.5600 0.6912
vn -0.2727 0.0766 0.9590
vn -0.1263 0.1235 0.9843
vn -0.2149 -0.1884 0.9583
vn -0.7230 -0.3918 0.5691
vn 0.7726 -0.1873 0.6067
vn 0.6864 0.0946 0.7211
vn 0.3489 0.2084 0.9137
vn -0.4000 0.1842 0.8978
vn 0.7925 0.0926 0.6028
vn 0.8378 -0.4492 -0.3104
vn -0.9934 -0.0157 -0.1139
vn 0.9924 -0.0288 -0.1199
vn 0.9951 0.0009 0.0986
vn 0.1787 0.1405 0.9738
vn -0.0208 -0.2261 0.9739
vn 0.0934 -0.2688 0.9587
vn -0.2190 0.1052 0.9700
vn -0.2109 0.1232 0.9697
vn -0.7611 0.1335 0.6348
vn -0.4573 0.1461 0.8772
vn 0.0393 0.2058 0.9778
vn 0.2791 0.2437 0.9288
vn 0.2494 0.1959 0.9484
vn 0.3427 -0.7339 0.5865
vn -0.0932 -0.9608 -0.2612
vn -0.0028 0.0234 0.9997
vn -0.9935 -0.0934 0.0654
vn -0.5268 -0.1799 0.8308
vn -0.1576 -0.0797 0.9843
vn 0.3833 0.0990 0.9183
vn -0.7343 0.2301 0.6387
vn 0.7749 0.0434 0.6306
vn 0.1519 0.1517 0.9767
vn -0.4733 0.1409 0.8696
vn -0.0112 0.2404 0.9706
vn -0.9663 -0.2568 0.0174
vn 0.9499 0.0272 0.3115
vn -0.2566 -0.1512 0.9546
vn -0.2633 0.0963 0.9599
vn -0.2893 0.1977 0.9366
vn -0.3277 -0.7182 0.6138
vn -0.5927 -0.7998 0.0951
vn -0.9905 -0.0101 0.1371
vn 0.1760 -0.0689 0.9820
vn 0.3834 0.0958 0.9186
vn -0.3930 0.1199 0.9117
vn -0.2077 0.1194 0.9709
vn -0.0951 -0.4593 0.8832
vn 0.3865 0.0790 0.9189
vn 0.3258 0.0517 0.9440
vn -0.7088 0.0425 0.7042
vn 0.9067 0.0174 0.4214
vn 0.3137 0.1566 0.9365
vn -0.3482 0.0640 0.9352
vn 0.3526 0.0233 0.9355
vn -0.3533 0.0706 0.9329
vn -0.2688 -0.4659 0.8430
vn -0.3207 0.1097 0.9408
vn -0.2847 0.0712 0.9560
vn -0.3406 0.1182 0.9327
vn 0.4437 0.0348 0.8955
vn 0.1627 0.0981 0.9818
vn 0.2999 0.0018 0.9540
vn -0.3409 -0.0350 0.9395
vn -0.3993 0.0318 0.9163
vn 0.2387 0.1188 0.9638
vn 0.1354 0.0993 0.9858
vn 0.6285 -0.4781 0.6135
vn -0.0332 0.0694 0.9970
vt 0.288956 0.187822
vt 0.308399 0.161311
vt 0.322945 0.181541
vt 0.338792 0.201403
vt 0.356828 0.171127
vt 0.371476 0.191786
vt 0.336392 0.154312
vt 0.323629 0.134967
vt 0.332451 0.221429
vt 0.358759 0.216856
vt 0.282363 0.157579
vt 0.293496 0.123022
vt 0.345811 0.143467
vt 0.295269 0.222844
vt 0.273183 0.182507
vt 0.367446 0.156100
vt 0.269922 0.215771
vt 0.390930 0.180021
vt 0.317160 0.111157
vt 0.349227 0.132991
vt 0.257438 0.241089
vt 0.275131 0.253087
vt 0.251260 0.277356
vt 0.273418 0.275483
vt 0.298675 0.268178
vt 0.275382 0.285851
vt 0.305278 0.236414
vt 0.315454 0.242540
vt 0.262018 0.179660
vt 0.657515 0.049245
vt 0.654952 0.021227
vt 0.670984 0.029947
vt 0.667616 0.001030
vt 0.380534 0.150160
vt 0.370671 0.134894
vt 0.239196 0.299340
vt 0.239407 0.268266
vt 0.281747 0.293377
vt 0.298703 0.283383
vt 0.243779 0.244731
vt 0.339409 0.242614
vt 0.268344 0.129344
vt 0.280074 0.114035
vt 0.189959 0.347274
vt 0.205056 0.336191
vt 0.212509 0.358927
vt 0.233531 0.356222
vt 0.226350 0.369963
vt 0.237623 0.376750
vt 0.259805 0.345510
vt 0.230581 0.330134
vt 0.250204 0.333587
vt 0.221088 0.312433
vt 0.199263 0.324723
vt 0.216279 0.285649
vt 0.252844 0.314199
vt 0.653808 0.137451
vt 0.647157 0.124521
vt 0.660080 0.112110
vt 0.649028 0.093899
vt 0.314728 0.263466
vt 0.248524 0.209999
vt 0.253770 0.216899
vt 0.261484 0.165580
vt 0.396235 0.163426
vt 0.334166 0.113642
vt 0.169732 0.332144
vt 0.245125 0.379471
vt 0.290487 0.307996
vt 0.224397 0.263526
vt 0.380448 0.207537
vt 0.398090 0.193906
vt 0.263633 0.107754
vt 0.654040 0.162686
vt 0.665758 0.137475
vt 0.662235 0.164573
vt 0.221754 0.235761
vt 0.253275 0.146616
vt 0.396046 0.209792
vt 0.296226 0.097753
vt 0.813669 0.677891
vt 0.805245 0.660625
vt 0.812905 0.649381
vt 0.649062 0.210722
vt 0.666071 0.194479
vt 0.670323 0.219785
vt 0.200523 0.274073
vt 0.243802 0.199194
vt 0.680830 0.084281
vt 0.253252 0.124032
vt 0.252943 0.113748
vt 0.243994 0.101260
vt 0.252217 0.089805
vt 0.412716 0.185989
vt 0.410177 0.207494
vt 0.812267 0.722711
vt 0.808419 0.716709
vt 0.815717 0.711867
vt 0.184664 0.296229
vt 0.655034 0.247346
vt 0.283401 0.340955
vt 0.328415 0.268118
vt 0.662028 0.081370
vt 0.225565 0.110872
vt 0.234736 0.096882
vt 0.237458 0.116558
vt 0.411649 0.222296
vt 0.423908 0.207356
vt 0.433341 0.214244
vt 0.244935 0.115192
vt 0.422275 0.233484
vt 0.428291 0.194231
vt 0.267164 0.091067
vt 0.381183 0.132240
vt 0.803862 0.640399
vt 0.802713 0.626279
vt 0.807777 0.704216
vt 0.813996 0.697782
vt 0.210807 0.255032
vt 0.307571 0.288851
vt 0.237854 0.183888
vt 0.449433 0.248927
vt 0.464433 0.240955
vt 0.461354 0.249393
vt 0.216136 0.097966
vt 0.446780 0.231466
vt 0.206891 0.080729
vt 0.226836 0.076605
vt 0.236447 0.082649
vt 0.323757 0.091360
vt 0.342413 0.098923
vt 0.859064 0.897290
vt 0.849361 0.878242
vt 0.867656 0.891860
vt 0.956948 0.916395
vt 0.947663 0.912042
vt 0.966195 0.899687
vt 0.137630 0.549966
vt 0.153968 0.562875
vt 0.137846 0.575408
vt 0.055693 0.495888
vt 0.072949 0.503888
vt 0.062061 0.518997
vt 0.165113 0.545100
vt 0.170056 0.557899
vt 0.074679 0.490910
vt 0.059129 0.480493
vt 0.176177 0.540101
vt 0.175210 0.356853
vt 0.178986 0.341762
vt 0.195893 0.349323
vt 0.805915 0.692422
vt 0.680799 0.023670
vt 0.691470 0.043579
vt 0.395342 0.225245
vt 0.435404 0.247136
vt 0.194217 0.086880
vt 0.455569 0.230716
vt 0.192459 0.065703
vt 0.355402 0.099235
vt 0.649111 0.954085
vt 0.657763 0.956387
vt 0.649111 0.978609
vt 0.120603 0.577378
vt 0.120651 0.595494
vt 0.139443 0.597732
vt 0.046189 0.499817
vt 0.046564 0.535581
vt 0.065534 0.528686
vt 0.155589 0.579566
vt 0.149287 0.538014
vt 0.175218 0.515763
vt 0.089323 0.462631
vt 0.168177 0.337052
vt 0.224137 0.388994
vt 0.229014 0.370629
vt 0.237961 0.377549
vt 0.219776 0.365845
vt 0.220607 0.362865
vt 0.803430 0.679362
vt 0.668281 0.251091
vt 0.674348 0.246300
vt 0.677502 0.179145
vt 0.673049 0.108898
vt 0.693098 0.060901
vt 0.238617 0.137613
vt 0.221933 0.129520
vt 0.173339 0.090109
vt 0.180509 0.078494
vt 0.182109 0.095928
vt 0.186579 0.080649
vt 0.205516 0.110532
vt 0.449719 0.258256
vt 0.173057 0.076470
vt 0.180653 0.060628
vt 0.465183 0.255648
vt 0.480266 0.245477
vt 0.478610 0.253700
vt 0.475062 0.239496
vt 0.185516 0.063838
vt 0.480221 0.725925
vt 0.475057 0.718174
vt 0.480221 0.707358
vt 0.447833 0.209157
vt 0.405094 0.153650
vt 0.902714 0.282418
vt 0.886371 0.279250
vt 0.895213 0.269367
vt 0.367203 0.091601
vt 0.363862 0.081112
vt 0.373028 0.092136
vt 0.843781 0.882971
vt 0.939712 0.921488
vt 0.728552 0.608327
vt 0.735295 0.594492
vt 0.739778 0.602693
vt 0.989871 0.135645
vt 0.982602 0.132584
vt 0.989871 0.110878
vt 0.014816 0.565392
vt 0.024559 0.561184
vt 0.030948 0.571872
vt 0.118672 0.607754
vt 0.103263 0.605418
vt 0.031695 0.536675
vt 0.037246 0.553794
vt 0.061335 0.545073
vt 0.072287 0.457513
vt 0.209849 0.393800
vt 0.222319 0.398124
vt 0.171534 0.368181
vt 0.186293 0.371037
vt 0.248532 0.385911
vt 0.248324 0.398349
vt 0.152774 0.342159
vt 0.802713 0.735155
vt 0.210105 0.355828
vt 0.199222 0.249238
vt 0.676839 0.143478
vt 0.402619 0.233424
vt 0.459619 0.262928
vt 0.916399 0.029023
vt 0.924946 0.019109
vt 0.932648 0.037243
vt 0.943418 0.029336
vt 0.990330 0.761324
vt 0.996561 0.750975
vt 0.996561 0.769287
vt 0.163980 0.079700
vt 0.149780 0.058421
vt 0.161829 0.054084
vt 0.171760 0.062115
vt 0.472806 0.235338
vt 0.888468 0.470600
vt 0.893119 0.459051
vt 0.892903 0.481499
vt 0.420321 0.172569
vt 0.358650 0.087211
vt 0.372129 0.075355
vt 0.957119 0.934308
vt 0.964817 0.932027
vt 0.970183 0.923495
vt 0.862793 0.910300
vt 0.846513 0.901721
vt 0.835019 0.887508
vt 0.964850 0.908607
vt 0.104034 0.618674
vt 0.130637 0.617948
vt 0.122706 0.631001
vt 0.094026 0.610850
vt 0.042283 0.567539
vt 0.488128 0.865722
vt 0.486625 0.845388
vt 0.500540 0.861497
vt 0.046342 0.555891
vt 0.032989 0.519555
vt 0.736586 0.557383
vt 0.741757 0.533349
vt 0.746813 0.542723
vt 0.491543 0.828962
vt 0.488528 0.804170
vt 0.502144 0.809910
vt 0.125756 0.544260
vt 0.049112 0.478075
vt 0.482326 0.792777
vt 0.491059 0.771990
vt 0.496809 0.797687
vt 0.157302 0.517620
vt 0.091118 0.477746
vt 0.083622 0.447843
vt 0.105322 0.453793
vt 0.211001 0.402759
vt 0.728552 0.344247
vt 0.745515 0.330433
vt 0.742239 0.345511
vt 0.199816 0.368448
vt 0.161038 0.305157
vt 0.182972 0.275427
vt 0.202487 0.229031
vt 0.161925 0.093303
vt 0.189114 0.108518
vt 0.424670 0.249952
vt 0.930248 0.047870
vt 0.943623 0.049691
vt 0.896917 0.132856
vt 0.903208 0.122734
vt 0.903286 0.142506
vt 0.199488 0.068942
vt 0.222958 0.068735
vt 0.973505 0.098213
vt 0.984108 0.082239
vt 0.984108 0.106501
vt 0.905325 0.188664
vt 0.891495 0.172532
vt 0.907708 0.176647
vt 0.353725 0.073415
vt 0.358690 0.074730
vt 0.353347 0.080477
vt 0.997905 0.097693
vt 0.997905 0.106954
vt 0.992476 0.104103
vt 0.993117 0.593671
vt 0.993117 0.580467
vt 0.997771 0.583079
vt 0.383893 0.068500
vt 0.376030 0.063125
vt 0.387579 0.057781
vt 0.378956 0.051339
vt 0.956318 0.960033
vt 0.951631 0.947774
vt 0.970183 0.955685
vt 0.844963 0.908922
vt 0.834570 0.902457
vt 0.491501 0.901822
vt 0.503677 0.899388
vt 0.502569 0.911753
vt 0.492507 0.893635
vt 0.734577 0.618532
vt 0.744212 0.607648
vt 0.743891 0.579094
vt 0.745932 0.589046
vt 0.748052 0.557462
vt 0.036304 0.499207
vt 0.083812 0.503979
vt 0.736912 0.489032
vt 0.747558 0.489998
vt 0.738556 0.507352
vt 0.748040 0.472676
vt 0.735322 0.468908
vt 0.179298 0.501931
vt 0.190203 0.514492
vt 0.106883 0.462756
vt 0.159883 0.490673
vt 0.066864 0.454539
vt 0.485125 0.760623
vt 0.486203 0.744485
vt 0.498214 0.750155
vt 0.098386 0.443142
vt 0.119686 0.436047
vt 0.502379 0.643934
vt 0.482326 0.636689
vt 0.495209 0.630057
vt 0.151503 0.356525
vt 0.201805 0.383851
vt 0.151593 0.325942
vt 0.686463 0.101400
vt 0.146001 0.080600
vt 0.381545 0.224134
vt 0.917882 0.042512
vt 0.246551 0.072465
vt 0.881844 0.419847
vt 0.880661 0.401340
vt 0.898627 0.412960
vt 0.292757 0.079065
vt 0.461851 0.856220
vt 0.458628 0.850983
vt 0.468324 0.851722
vt 0.374144 0.079501
vt 0.381376 0.083094
vt 0.470392 0.844702
vt 0.381609 0.078780
vt 0.993692 0.325786
vt 0.998169 0.332639
vt 0.993692 0.336128
vt 0.145232 0.996627
vt 0.139167 0.997068
vt 0.139167 0.988750
vt 0.393879 0.064651
vt 0.366277 0.054624
vt 0.448263 0.976944
vt 0.448334 0.986374
vt 0.442388 0.974408
vt 0.392739 0.054734
vt 0.398537 0.058067
vt 0.996561 0.397629
vt 0.991266 0.390734
vt 0.997154 0.385880
vt 0.448334 0.966239
vt 0.389473 0.047384
vt 0.397559 0.046586
vt 0.841900 0.933205
vt 0.845291 0.925059
vt 0.856060 0.930167
vt 0.942605 0.958076
vt 0.853678 0.911988
vt 0.968803 0.946284
vt 0.838271 0.917132
vt 0.945692 0.935582
vt 0.014115 0.546899
vt 0.496441 0.873971
vt 0.102949 0.591579
vt 0.024044 0.526481
vt 0.114276 0.567062
vt 0.504302 0.771665
vt 0.751587 0.515456
vt 0.185079 0.526567
vt 0.981264 0.556724
vt 0.981264 0.532042
vt 0.989026 0.536982
vt 0.207679 0.413526
vt 0.216582 0.419073
vt 0.169156 0.380049
vt 0.147331 0.384462
vt 0.180611 0.384573
vt 0.366748 0.968795
vt 0.373704 0.972955
vt 0.366748 0.990960
vt 0.226640 0.192732
vt 0.231683 0.154702
vt 0.443222 0.756710
vt 0.432896 0.775633
vt 0.428806 0.754307
vt 0.440682 0.746256
vt 0.923568 0.079299
vt 0.955223 0.045820
vt 0.993784 0.062667
vt 0.986671 0.058648
vt 0.993784 0.044707
vt 0.181800 0.049494
vt 0.463535 0.227641
vt 0.884418 0.446039
vt 0.881966 0.433924
vt 0.892230 0.441754
vt 0.891274 0.428526
vt 0.897176 0.159388
vt 0.904550 0.191639
vt 0.888122 0.186551
vt 0.894204 0.395576
vt 0.264033 0.074305
vt 0.747578 0.947494
vt 0.751301 0.956497
vt 0.742490 0.948003
vt 0.754846 0.960459
vt 0.751368 0.966732
vt 0.744426 0.962066
vt 0.088524 0.996631
vt 0.082026 0.996631
vt 0.082407 0.988707
vt 0.429982 0.994903
vt 0.429982 0.986369
vt 0.437782 0.991809
vt 0.341366 0.067623
vt 0.346257 0.075724
vt 0.338034 0.076577
vt 0.241896 0.988227
vt 0.247565 0.983789
vt 0.247565 0.997236
vt 0.472997 0.848837
vt 0.361161 0.074135
vt 0.390387 0.077210
vt 0.381779 0.074666
vt 0.370160 0.063673
vt 0.398687 0.075323
vt 0.125493 0.989755
vt 0.118787 0.987050
vt 0.123013 0.980229
vt 0.366102 0.038790
vt 0.374428 0.041172
vt 0.382293 0.048567
vt 0.496572 0.941145
vt 0.505948 0.932497
vt 0.523589 0.940232
vt 0.980478 0.884495
vt 0.971157 0.893179
vt 0.974097 0.882767
vt 0.996775 0.216610
vt 0.992039 0.208800
vt 0.996775 0.200774
vt 0.935730 0.932477
vt 0.510928 0.885112
vt 0.650264 0.934717
vt 0.512765 0.879031
vt 0.499160 0.844438
vt 0.141732 0.512533
vt 0.086615 0.438565
vt 0.383203 0.989724
vt 0.375764 0.978216
vt 0.383203 0.968795
vt 0.176299 0.475792
vt 0.184020 0.492985
vt 0.102563 0.426405
vt 0.122013 0.427463
vt 0.106256 0.437399
vt 0.139682 0.362250
vt 0.191785 0.391619
vt 0.231295 0.405443
vt 0.227315 0.415216
vt 0.150347 0.321012
vt 0.709391 0.094357
vt 0.909768 0.001030
vt 0.127658 0.060027
vt 0.945582 0.068490
vt 0.876785 0.492884
vt 0.876430 0.485947
vt 0.875336 0.475407
vt 0.231995 0.072481
vt 0.366057 0.104681
vt 0.375802 0.115987
vt 0.747205 0.968253
vt 0.750820 0.974462
vt 0.349047 0.064578
vt 0.993244 0.231185
vt 0.997126 0.232994
vt 0.993244 0.245159
vt 0.994091 0.093814
vt 0.353951 0.066423
vt 0.466233 0.996789
vt 0.459842 0.995594
vt 0.466233 0.986105
vt 0.379132 0.033944
vt 0.386849 0.038987
vt 0.399113 0.033288
vt 0.941449 0.440121
vt 0.910977 0.430130
vt 0.951567 0.423017
vt 0.823146 0.927886
vt 0.946310 0.229125
vt 0.936743 0.225164
vt 0.945913 0.216370
vt 0.512015 0.914056
vt 0.499807 0.916757
vt 0.752042 0.597913
vt 0.417590 0.994178
vt 0.409083 0.992396
vt 0.417590 0.983596
vt 0.041727 0.581876
vt 0.081173 0.603131
vt 0.095293 0.592901
vt 0.990881 0.576105
vt 0.990881 0.558784
vt 0.997234 0.561893
vt 0.100877 0.578453
vt 0.165673 0.474589
vt 0.488660 0.738859
vt 0.491576 0.729504
vt 0.501592 0.720263
vt 0.194499 0.485620
vt 0.184234 0.462397
vt 0.120033 0.415916
vt 0.127665 0.383096
vt 0.128717 0.376309
vt 0.208506 0.426582
vt 0.189514 0.376482
vt 0.991431 0.706723
vt 0.995784 0.697195
vt 0.995784 0.717117
vt 0.698690 0.247660
vt 0.684544 0.251242
vt 0.685342 0.177493
vt 0.384555 0.715092
vt 0.382442 0.728205
vt 0.368374 0.713889
vt 0.942309 0.078071
vt 0.131248 0.043602
vt 0.156365 0.042551
vt 0.956303 0.030450
vt 0.888991 0.501515
vt 0.887724 0.515062
vt 0.878132 0.504631
vt 0.905249 0.110554
vt 0.892593 0.107092
vt 0.894010 0.098604
vt 0.892012 0.495343
vt 0.889763 0.487662
vt 0.901791 0.117256
vt 0.881478 0.159835
vt 0.882749 0.239685
vt 0.892808 0.231797
vt 0.887058 0.337234
vt 0.878002 0.322335
vt 0.887857 0.315311
vt 0.354086 0.090229
vt 0.471393 0.857745
vt 0.463659 0.859901
vt 0.344381 0.993472
vt 0.337654 0.996244
vt 0.337654 0.988940
vt 0.450793 0.996024
vt 0.450793 0.986105
vt 0.457783 0.991424
vt 0.480112 0.839798
vt 0.754846 0.976594
vt 0.754846 0.990543
vt 0.745272 0.990342
vt 0.845088 0.979454
vt 0.844436 0.967576
vt 0.851693 0.976482
vt 0.991601 0.291903
vt 0.996742 0.279771
vt 0.996742 0.295362
vt 0.358093 0.056399
vt 0.413725 0.913850
vt 0.421567 0.917020
vt 0.408892 0.920371
vt 0.118787 0.996661
vt 0.358652 0.044541
vt 0.991266 0.381166
vt 0.394107 0.030600
vt 0.936471 0.212455
vt 0.921975 0.226494
vt 0.922334 0.217517
vt 0.755248 0.622149
vt 0.888390 0.987783
vt 0.880106 0.983426
vt 0.888390 0.969335
vt 0.088699 0.626513
vt 0.065427 0.439771
vt 0.506973 0.730590
vt 0.191405 0.503290
vt 0.110458 0.414087
vt 0.199702 0.473617
vt 0.133783 0.415067
vt 0.179594 0.442275
vt 0.193073 0.432202
vt 0.205122 0.456693
vt 0.125665 0.407286
vt 0.216467 0.439615
vt 0.144277 0.395286
vt 0.742605 0.355906
vt 0.756409 0.340026
vt 0.500520 0.620159
vt 0.510745 0.631511
vt 0.171433 0.271706
vt 0.695611 0.126082
vt 0.361347 0.639284
vt 0.379687 0.633060
vt 0.384555 0.644426
vt 0.366762 0.650844
vt 0.378794 0.658849
vt 0.117077 0.046941
vt 0.171162 0.048089
vt 0.883424 0.119141
vt 0.890579 0.204360
vt 0.345628 0.083943
vt 0.854939 0.984760
vt 0.342123 0.059750
vt 0.351967 0.054598
vt 0.854939 0.964730
vt 0.426648 0.922077
vt 0.424431 0.928499
vt 0.407694 0.900731
vt 0.408407 0.909968
vt 0.399655 0.904640
vt 0.367227 0.029288
vt 0.732107 0.303508
vt 0.722758 0.312811
vt 0.722758 0.302014
vt 0.388732 0.892530
vt 0.394162 0.891832
vt 0.392215 0.903407
vt 0.380916 0.028927
vt 0.404737 0.039058
vt 0.835253 0.904543
vt 0.001030 0.551856
vt 0.005310 0.543363
vt 0.519171 0.861470
vt 0.660923 0.815636
vt 0.675760 0.812065
vt 0.675466 0.832464
vt 0.512781 0.816785
vt 0.512878 0.791503
vt 0.152050 0.486218
vt 0.491900 0.712630
vt 0.171551 0.463575
vt 0.177744 0.452796
vt 0.146057 0.404669
vt 0.121056 0.391388
vt 0.746772 0.382292
vt 0.738673 0.364914
vt 0.756202 0.375115
vt 0.792368 0.305125
vt 0.785694 0.290591
vt 0.801596 0.290898
vt 0.037093 0.970361
vt 0.048972 0.970361
vt 0.038081 0.982957
vt 0.740000 0.319846
vt 0.756263 0.319661
vt 0.692049 0.224857
vt 0.222197 0.160965
vt 0.367815 0.732924
vt 0.381318 0.739131
vt 0.985468 0.264868
vt 0.992797 0.259995
vt 0.992797 0.277711
vt 0.122765 0.072581
vt 0.377060 0.690165
vt 0.925538 0.092693
vt 0.130007 0.035296
vt 0.873769 0.514544
vt 0.871194 0.354700
vt 0.882762 0.371993
vt 0.337582 0.086083
vt 0.345513 0.090776
vt 0.364734 0.097511
vt 0.878047 0.976324
vt 0.869715 0.988277
vt 0.869715 0.969335
vt 0.371930 0.098601
vt 0.742490 0.974534
vt 0.467455 0.867451
vt 0.998568 0.830505
vt 0.998568 0.839439
vt 0.994522 0.833352
vt 0.992796 0.143522
vt 0.997015 0.137704
vt 0.997015 0.152773
vt 0.395310 0.020688
vt 0.935847 0.946547
vt 0.978781 0.623116
vt 0.971346 0.624748
vt 0.975981 0.613693
vt 0.969326 0.603626
vt 0.517829 0.904357
vt 0.593461 0.584125
vt 0.586373 0.570452
vt 0.599403 0.576129
vt 0.510560 0.847741
vt 0.081124 0.421309
vt 0.501139 0.694931
vt 0.509969 0.695356
vt 0.179440 0.418985
vt 0.801596 0.311370
vt 0.982868 0.315311
vt 0.982868 0.341172
vt 0.973805 0.320523
vt 0.505722 0.656705
vt 0.514753 0.652087
vt 0.137299 0.335925
vt 0.146285 0.293595
vt 0.693313 0.142405
vt 0.203113 0.211148
vt 0.191651 0.200202
vt 0.439007 0.738100
vt 0.425110 0.738380
vt 0.436077 0.717067
vt 0.223242 0.141776
vt 0.710574 0.056727
vt 0.702793 0.065694
vt 0.375293 0.757106
vt 0.430831 0.819900
vt 0.424978 0.796006
vt 0.439741 0.789035
vt 0.364997 0.684856
vt 0.094168 0.055460
vt 0.102036 0.045094
vt 0.103288 0.029285
vt 0.879027 0.522533
vt 0.882459 0.130588
vt 0.876119 0.217202
vt 0.976493 0.852978
vt 0.972446 0.845491
vt 0.979536 0.845491
vt 0.973805 0.351776
vt 0.982041 0.343232
vt 0.982041 0.352152
vt 0.432538 0.926199
vt 0.430929 0.934554
vt 0.346010 0.051264
vt 0.421988 0.909891
vt 0.354620 0.033026
vt 0.398074 0.883093
vt 0.374642 0.017595
vt 0.381773 0.020772
vt 0.577677 0.615148
vt 0.593061 0.609918
vt 0.599251 0.617960
vt 0.522319 0.928548
vt 0.585245 0.502675
vt 0.595479 0.486503
vt 0.598025 0.511659
vt 0.671512 0.792470
vt 0.680712 0.788289
vt 0.758923 0.500780
vt 0.668433 0.763514
vt 0.680425 0.760290
vt 0.760352 0.479353
vt 0.743629 0.459780
vt 0.762031 0.460335
vt 0.520229 0.749998
vt 0.067038 0.430925
vt 0.514412 0.709742
vt 0.763919 0.392436
vt 0.746182 0.402796
vt 0.163100 0.389010
vt 0.116597 0.364097
vt 0.224556 0.436362
vt 0.769928 0.346331
vt 0.693812 0.165311
vt 0.419500 0.833719
vt 0.436335 0.837738
vt 0.947334 0.084991
vt 0.943039 0.095610
vt 0.119097 0.026934
vt 0.886138 0.089886
vt 0.895161 0.081734
vt 0.870112 0.448139
vt 0.868585 0.333043
vt 0.610281 0.984015
vt 0.618179 0.984015
vt 0.617880 0.994035
vt 0.326784 0.070388
vt 0.349457 0.046584
vt 0.417671 0.904698
vt 0.412783 0.901882
vt 0.386615 0.874608
vt 0.392169 0.011865
vt 0.856606 0.864969
vt 0.861242 0.860026
vt 0.866634 0.865758
vt 0.398739 0.020310
vt 0.405749 0.023845
vt 0.820400 0.916666
vt 0.934243 0.937156
vt 0.665643 0.906873
vt 0.652242 0.902760
vt 0.666958 0.892023
vt 0.580844 0.577554
vt 0.534684 0.863333
vt 0.755640 0.589490
vt 0.589340 0.527079
vt 0.774397 0.536183
vt 0.165353 0.452577
vt 0.140670 0.420843
vt 0.188979 0.401386
vt 0.765030 0.365435
vt 0.706094 0.185401
vt 0.909768 0.071651
vt 0.698125 0.254661
vt 0.717646 0.253302
vt 0.718520 0.260407
vt 0.897147 0.046998
vt 0.886173 0.044781
vt 0.891420 0.035397
vt 0.873263 0.549169
vt 0.866409 0.545628
vt 0.992679 0.403258
vt 0.997873 0.403258
vt 0.997220 0.416597
vt 0.778820 0.988258
vt 0.769597 0.988001
vt 0.773494 0.974966
vt 0.473359 0.874069
vt 0.469738 0.876654
vt 0.433441 0.936261
vt 0.439361 0.935293
vt 0.438511 0.925361
vt 0.413910 0.027999
vt 0.580908 0.979590
vt 0.586664 0.965506
vt 0.586664 0.989847
vt 0.974837 0.600879
vt 0.596860 0.591495
vt 0.586207 0.587848
vt 0.638995 0.896675
vt 0.522719 0.891768
vt 0.672000 0.841608
vt 0.660724 0.862728
vt 0.658740 0.849398
vt 0.657597 0.824146
vt 0.023840 0.500001
vt 0.752093 0.449515
vt 0.761222 0.437480
vt 0.742283 0.433023
vt 0.767529 0.423125
vt 0.750621 0.419963
vt 0.097426 0.399695
vt 0.499848 0.679667
vt 0.512679 0.679157
vt 0.181829 0.382064
vt 0.140993 0.318659
vt 0.912353 0.567121
vt 0.904590 0.578407
vt 0.900687 0.576672
vt 0.167160 0.253208
vt 0.910372 0.090216
vt 0.354319 0.773320
vt 0.363141 0.794711
vt 0.885849 0.019005
vt 0.893708 0.018047
vt 0.893250 0.024629
vt 0.895404 0.056712
vt 0.861355 0.428179
vt 0.874040 0.204321
vt 0.868393 0.392871
vt 0.873486 0.243763
vt 0.428869 0.912398
vt 0.851636 0.857289
vt 0.909338 0.884512
vt 0.933246 0.897628
vt 0.917980 0.896468
vt 0.578069 0.604493
vt 0.586816 0.596832
vt 0.599443 0.604936
vt 0.920473 0.204999
vt 0.977246 0.868693
vt 0.770542 0.607011
vt 0.771339 0.598530
vt 0.761836 0.573174
vt 0.762408 0.554812
vt 0.521240 0.834974
vt 0.672984 0.746126
vt 0.157920 0.475391
vt 0.768823 0.409498
vt 0.095548 0.386736
vt 0.098085 0.380714
vt 0.107585 0.374884
vt 0.518931 0.639576
vt 0.925263 0.708252
vt 0.932391 0.703935
vt 0.942807 0.712344
vt 0.428848 0.693895
vt 0.712454 0.274583
vt 0.700330 0.279948
vt 0.096329 0.024465
vt 0.736778 0.312082
vt 0.734167 0.306035
vt 0.736778 0.302014
vt 0.100596 0.020000
vt 0.873996 0.103583
vt 0.866929 0.261457
vt 0.979095 0.994459
vt 0.972243 0.986134
vt 0.980553 0.986134
vt 0.345294 0.036084
vt 0.356451 0.026116
vt 0.358817 0.015884
vt 0.367962 0.012178
vt 0.835862 0.865758
vt 0.840092 0.853557
vt 0.844727 0.863874
vt 0.380353 0.007995
vt 0.936476 0.195684
vt 0.647476 0.921277
vt 0.646471 0.904683
vt 0.659780 0.908445
vt 0.588956 0.556725
vt 0.820400 0.872065
vt 0.833094 0.867817
vt 0.525740 0.877876
vt 0.771692 0.453082
vt 0.589125 0.395746
vt 0.580123 0.387638
vt 0.592966 0.383383
vt 0.167654 0.435642
vt 0.587992 0.331210
vt 0.573430 0.324351
vt 0.596738 0.320643
vt 0.126373 0.342873
vt 0.132276 0.310536
vt 0.708837 0.162173
vt 0.411170 0.762626
vt 0.078016 0.026856
vt 0.091193 0.016168
vt 0.878932 0.054738
vt 0.856831 0.495669
vt 0.866951 0.170373
vt 0.866759 0.402186
vt 0.868269 0.370600
vt 0.680712 0.964705
vt 0.680712 0.989282
vt 0.676163 0.978191
vt 0.778820 0.973246
vt 0.996823 0.495425
vt 0.992815 0.502450
vt 0.992815 0.487101
vt 0.454535 0.929470
vt 0.330701 0.062271
vt 0.335938 0.055576
vt 0.440338 0.912827
vt 0.339684 0.044108
vt 0.425083 0.901444
vt 0.998039 0.028296
vt 0.993785 0.023443
vt 0.998039 0.019302
vt 0.351271 0.024966
vt 0.415345 0.888398
vt 0.393380 0.865322
vt 0.828163 0.861983
vt 0.411156 0.019873
vt 0.855097 0.847193
vt 0.867338 0.847913
vt 0.870686 0.856724
vt 0.875440 0.850999
vt 0.971256 0.866798
vt 0.569308 0.473764
vt 0.528598 0.766540
vt 0.777437 0.468711
vt 0.580458 0.370799
vt 0.770855 0.399798
vt 0.771327 0.391813
vt 0.178813 0.220362
vt 0.713358 0.130780
vt 0.418553 0.671106
vt 0.430341 0.656156
vt 0.914976 0.108818
vt 0.880426 0.546842
vt 0.870098 0.562883
vt 0.878988 0.083958
vt 0.858304 0.489514
vt 0.862356 0.481503
vt 0.858283 0.436610
vt 0.479878 0.880351
vt 0.449816 0.921421
vt 0.442063 0.921599
vt 0.408590 0.880207
vt 0.401630 0.872603
vt 0.643444 0.884795
vt 0.576938 0.551245
vt 0.587859 0.542633
vt 0.570249 0.536233
vt 0.589091 0.451628
vt 0.571226 0.456216
vt 0.646434 0.792676
vt 0.778509 0.488033
vt 0.573711 0.428656
vt 0.587148 0.411335
vt 0.588336 0.423412
vt 0.665514 0.736648
vt 0.659081 0.723940
vt 0.674073 0.723706
vt 0.778727 0.372906
vt 0.582751 0.315311
vt 0.771577 0.332324
vt 0.707869 0.221684
vt 0.141098 0.273081
vt 0.182273 0.234293
vt 0.354860 0.799951
vt 0.412457 0.820426
vt 0.070924 0.043963
vt 0.728281 0.268090
vt 0.869053 0.584170
vt 0.856485 0.576156
vt 0.860692 0.561776
vt 0.858816 0.507396
vt 0.869130 0.112388
vt 0.857404 0.416476
vt 0.866487 0.356621
vt 0.578745 0.996184
vt 0.574635 0.991426
vt 0.578745 0.985242
vt 0.436895 0.908699
vt 0.425941 0.891968
vt 0.827994 0.992741
vt 0.831226 0.981497
vt 0.836616 0.992741
vt 0.912241 0.403306
vt 0.907041 0.859714
vt 0.647260 0.876816
vt 0.649685 0.868800
vt 0.660780 0.872162
vt 0.765393 0.587977
vt 0.533260 0.735249
vt 0.774627 0.440002
vt 0.656484 0.703859
vt 0.128750 0.327655
vt 0.922045 0.561397
vt 0.924238 0.567891
vt 0.082945 0.770848
vt 0.095765 0.757832
vt 0.087622 0.793128
vt 0.414505 0.708852
vt 0.998515 0.606202
vt 0.993117 0.603277
vt 0.998515 0.595731
vt 0.865750 0.200934
vt 0.859262 0.398863
vt 0.865720 0.379861
vt 0.995542 0.928523
vt 0.995542 0.949062
vt 0.991320 0.937113
vt 0.865523 0.367696
vt 0.871508 0.223451
vt 0.870401 0.241998
vt 0.862555 0.338138
vt 0.480112 0.890180
vt 0.891360 0.844666
vt 0.881225 0.854249
vt 0.882680 0.841668
vt 0.532127 0.916208
vt 0.974006 0.585220
vt 0.528574 0.907146
vt 0.640838 0.858743
vt 0.649791 0.771876
vt 0.672090 0.697866
vt 0.176988 0.389530
vt 0.769312 0.317372
vt 0.115685 0.300477
vt 0.717433 0.176537
vt 0.717747 0.155781
vt 0.363987 0.814927
vt 0.407206 0.636858
vt 0.418771 0.633060
vt 0.357064 0.839227
vt 0.344293 0.835856
vt 0.351785 0.741144
vt 0.071238 0.033137
vt 0.074757 0.025652
vt 0.077583 0.014664
vt 0.987432 0.522904
vt 0.994626 0.513837
vt 0.994626 0.528961
vt 0.875665 0.028870
vt 0.866776 0.186724
vt 0.876225 0.275335
vt 0.863011 0.263852
vt 0.897132 0.745327
vt 0.888996 0.741264
vt 0.894304 0.736657
vt 0.889998 0.731368
vt 0.897132 0.728288
vt 0.445368 0.913130
vt 0.708942 0.988309
vt 0.717257 0.968126
vt 0.717551 0.981991
vt 0.573183 0.591226
vt 0.774111 0.621243
vt 0.532971 0.896584
vt 0.571215 0.562451
vt 0.535625 0.818872
vt 0.651707 0.750554
vt 0.101709 0.356501
vt 0.778390 0.316988
vt 0.923907 0.699063
vt 0.081509 0.688251
vt 0.068396 0.672689
vt 0.079140 0.669848
vt 0.352712 0.651618
vt 0.349960 0.696269
vt 0.047991 0.030919
vt 0.050060 0.021490
vt 0.949717 0.212864
vt 0.949544 0.208372
vt 0.959666 0.210817
vt 0.709019 0.280042
vt 0.951540 0.169029
vt 0.958018 0.167946
vt 0.960669 0.188328
vt 0.968584 0.159103
vt 0.727040 0.271989
vt 0.852330 0.548557
vt 0.895494 0.751882
vt 0.886858 0.737039
vt 0.884437 0.720910
vt 0.893022 0.716613
vt 0.708942 0.970368
vt 0.342268 0.027859
vt 0.348243 0.016192
vt 0.412464 0.877312
vt 0.421467 0.877996
vt 0.820400 0.850020
vt 0.833476 0.847220
vt 0.947107 0.191441
vt 0.634290 0.839414
vt 0.565617 0.509609
vt 0.563895 0.497507
vt 0.528417 0.661947
vt 0.564506 0.320573
vt 0.132618 0.312471
vt 0.058342 0.695289
vt 0.722433 0.073838
vt 0.340977 0.798065
vt 0.028719 0.024282
vt 0.029049 0.033056
vt 0.955265 0.215580
vt 0.968584 0.192185
vt 0.872828 0.016501
vt 0.882770 0.001395
vt 0.850819 0.585478
vt 0.864593 0.593161
vt 0.854314 0.512150
vt 0.861394 0.150868
vt 0.861600 0.206359
vt 0.884209 0.752145
vt 0.895396 0.756800
vt 0.880169 0.706786
vt 0.984612 0.051490
vt 0.984022 0.067933
vt 0.974570 0.054623
vt 0.402022 0.859576
vt 0.844360 0.838961
vt 0.859952 0.834779
vt 0.926604 0.849621
vt 0.632154 0.916949
vt 0.568975 0.579187
vt 0.649507 0.816464
vt 0.531239 0.683061
vt 0.564630 0.362590
vt 0.586372 0.351002
vt 0.091923 0.368480
vt 0.535852 0.645911
vt 0.677461 0.635071
vt 0.666818 0.626384
vt 0.679478 0.619979
vt 0.014585 0.040917
vt 0.959835 0.206313
vt 0.567139 0.905317
vt 0.571183 0.890048
vt 0.574290 0.906834
vt 0.949544 0.177894
vt 0.042726 0.016062
vt 0.864214 0.074033
vt 0.858498 0.169935
vt 0.852959 0.400099
vt 0.662799 0.996064
vt 0.658271 0.989456
vt 0.662799 0.982050
vt 0.857556 0.332919
vt 0.456569 0.917300
vt 0.450646 0.911681
vt 0.756906 0.993222
vt 0.764199 0.989259
vt 0.761809 0.995558
vt 0.412003 0.865115
vt 0.978781 0.580467
vt 0.971157 0.855324
vt 0.541780 0.911195
vt 0.629964 0.868926
vt 0.775171 0.568528
vt 0.531151 0.796151
vt 0.556464 0.415867
vt 0.786098 0.319349
vt 0.071908 0.856571
vt 0.080235 0.821291
vt 0.095765 0.837343
vt 0.069607 0.786738
vt 0.401401 0.665614
vt 0.145315 0.911834
vt 0.138913 0.925502
vt 0.138600 0.915438
vt 0.404195 0.733800
vt 0.408477 0.832653
vt 0.123149 0.941999
vt 0.126788 0.927272
vt 0.033410 0.018187
vt 0.704507 0.286486
vt 0.998024 0.251184
vt 0.993244 0.257460
vt 0.993244 0.247218
vt 0.091100 0.909444
vt 0.083938 0.936804
vt 0.080023 0.906590
vt 0.867891 0.045197
vt 0.869902 0.094718
vt 0.846012 0.459788
vt 0.863794 0.133141
vt 0.852599 0.378303
vt 0.858080 0.228664
vt 0.756906 0.980014
vt 0.446451 0.903107
vt 0.442264 0.894272
vt 0.432633 0.890259
vt 0.949335 0.993910
vt 0.943812 0.997859
vt 0.943812 0.984739
vt 0.852947 0.833516
vt 0.949283 0.877711
vt 0.621141 0.927162
vt 0.654379 0.932658
vt 0.920128 0.184246
vt 0.560336 0.587528
vt 0.756145 0.930117
vt 0.749256 0.939274
vt 0.749583 0.928162
vt 0.784694 0.585494
vt 0.175191 0.980361
vt 0.170444 0.995325
vt 0.170444 0.974752
vt 0.639122 0.848937
vt 0.559442 0.527091
vt 0.534832 0.826914
vt 0.784628 0.514809
vt 0.079061 0.401151
vt 0.082934 0.385870
vt 0.786498 0.410329
vt 0.117524 0.331664
vt 0.670660 0.603279
vt 0.676157 0.604060
vt 0.661706 0.615183
vt 0.158315 0.241255
vt 0.401612 0.693318
vt 0.341845 0.821718
vt 0.133346 0.921580
vt 0.958156 0.228876
vt 0.118886 0.940632
vt 0.277928 0.915601
vt 0.288024 0.926552
vt 0.281943 0.924614
vt 0.954007 0.993155
vt 0.961620 0.984369
vt 0.961620 0.994655
vt 0.994857 0.259995
vt 0.998232 0.265195
vt 0.994857 0.271006
vt 0.293973 0.985166
vt 0.293973 0.997532
vt 0.288464 0.997355
vt 0.112422 0.951467
vt 0.107701 0.942596
vt 0.300262 0.925537
vt 0.295601 0.933981
vt 0.866841 0.091590
vt 0.860247 0.127435
vt 0.857929 0.244678
vt 0.885998 0.733402
vt 0.876911 0.726340
vt 0.358873 0.005419
vt 0.824173 0.834183
vt 0.879828 0.833406
vt 0.560558 0.592217
vt 0.541582 0.847544
vt 0.724555 0.637855
vt 0.724358 0.655784
vt 0.720926 0.637997
vt 0.925384 0.556471
vt 0.576515 0.916771
vt 0.567963 0.928608
vt 0.014584 0.028627
vt 0.962713 0.224813
vt 0.251862 0.899792
vt 0.259804 0.900067
vt 0.340318 0.714317
vt 0.024049 0.020853
vt 0.113069 0.929065
vt 0.698125 0.302538
vt 0.707706 0.312822
vt 0.698125 0.312529
vt 0.103614 0.947656
vt 0.052393 0.008087
vt 0.859863 0.604729
vt 0.844032 0.599441
vt 0.852890 0.354196
vt 0.944867 0.715035
vt 0.947261 0.705731
vt 0.954760 0.709739
vt 0.875001 0.710319
vt 0.559687 0.607888
vt 0.537794 0.899257
vt 0.632126 0.881623
vt 0.739393 0.910703
vt 0.759768 0.914235
vt 0.745742 0.924954
vt 0.556694 0.430346
vt 0.538389 0.705416
vt 0.997889 0.078416
vt 0.997889 0.091754
vt 0.992476 0.082099
vt 0.949544 0.224312
vt 0.107401 0.933552
vt 0.974570 0.070326
vt 0.983134 0.077984
vt 0.974570 0.080179
vt 0.072016 0.936664
vt 0.998434 0.841499
vt 0.998434 0.852397
vt 0.994522 0.849575
vt 0.870651 0.723288
vt 0.883618 0.701335
vt 0.870961 0.698044
vt 0.882995 0.688373
vt 0.871755 0.678381
vt 0.883049 0.674726
vt 0.895091 0.834989
vt 0.827413 0.837110
vt 0.948143 0.387001
vt 0.961683 0.571112
vt 0.964451 0.542373
vt 0.972777 0.573543
vt 0.628938 0.899681
vt 0.684436 0.996421
vt 0.682771 0.986462
vt 0.689249 0.986462
vt 0.984604 0.511717
vt 0.984604 0.498519
vt 0.990755 0.500092
vt 0.541110 0.883668
vt 0.785512 0.558619
vt 0.542186 0.775250
vt 0.787779 0.426811
vt 0.659386 0.668925
vt 0.649571 0.665932
vt 0.665184 0.654874
vt 0.725211 0.247927
vt 0.720787 0.212131
vt 0.736739 0.106500
vt 0.075555 0.736186
vt 0.734289 0.086520
vt 0.127552 0.997562
vt 0.127905 0.983243
vt 0.133653 0.997562
vt 0.258355 0.892706
vt 0.341195 0.773803
vt 0.397646 0.767235
vt 0.698125 0.294304
vt 0.017959 0.016558
vt 0.579296 0.890085
vt 0.582615 0.907321
vt 0.029475 0.010964
vt 0.708623 0.302014
vt 0.983786 0.070923
vt 0.991320 0.960016
vt 0.995395 0.951122
vt 0.996653 0.960016
vt 0.851217 0.628380
vt 0.849008 0.602546
vt 0.861819 0.004026
vt 0.846929 0.560856
vt 0.851063 0.182999
vt 0.852246 0.259018
vt 0.875286 0.743469
vt 0.878370 0.737926
vt 0.867034 0.668450
vt 0.983640 0.013117
vt 0.990384 0.014448
vt 0.989269 0.025364
vt 0.935866 0.174530
vt 0.627008 0.890221
vt 0.778383 0.605085
vt 0.558776 0.545544
vt 0.548873 0.478137
vt 0.562803 0.393193
vt 0.670339 0.685982
vt 0.658128 0.688211
vt 0.670053 0.679430
vt 0.536365 0.674987
vt 0.794666 0.339957
vt 0.931031 0.551115
vt 0.792402 0.316113
vt 0.915852 0.687569
vt 0.061754 0.775448
vt 0.075038 0.759596
vt 0.731070 0.059146
vt 0.393316 0.945997
vt 0.386615 0.946707
vt 0.391614 0.938321
vt 0.333307 0.733583
vt 0.399315 0.814505
vt 0.335413 0.679683
vt 0.340890 0.652959
vt 0.712628 0.284165
vt 0.713314 0.291671
vt 0.708041 0.291834
vt 0.295799 0.916691
vt 0.588045 0.897690
vt 0.586079 0.884403
vt 0.736982 0.278088
vt 0.186625 0.978881
vt 0.192965 0.986875
vt 0.186625 0.996798
vt 0.844500 0.418841
vt 0.297851 0.946610
vt 0.300496 0.936041
vt 0.300496 0.953865
vt 0.847954 0.344627
vt 0.281314 0.989035
vt 0.286084 0.987570
vt 0.283680 0.996998
vt 0.974176 0.794422
vt 0.974176 0.784565
vt 0.980944 0.787612
vt 0.974570 0.044707
vt 0.436401 0.881662
vt 0.408582 0.852858
vt 0.949520 0.561038
vt 0.788902 0.612217
vt 0.948218 0.760897
vt 0.947629 0.769431
vt 0.938028 0.769261
vt 0.763800 0.900857
vt 0.536801 0.859589
vt 0.640353 0.773593
vt 0.789726 0.221938
vt 0.782422 0.198088
vt 0.793851 0.199695
vt 0.794569 0.445764
vt 0.643727 0.715260
vt 0.795812 0.386178
vt 0.053480 0.681749
vt 0.339898 0.639545
vt 0.394483 0.830335
vt 0.286903 0.908521
vt 0.338933 0.977668
vt 0.338130 0.970107
vt 0.344381 0.967715
vt 0.335017 0.978954
vt 0.860145 0.016667
vt 0.856858 0.025797
vt 0.858917 0.112325
vt 0.848119 0.501964
vt 0.470924 0.728623
vt 0.467469 0.746600
vt 0.452122 0.737779
vt 0.851284 0.386132
vt 0.988465 0.279771
vt 0.989542 0.292162
vt 0.985075 0.281633
vt 0.857311 0.217179
vt 0.980841 0.594311
vt 0.984872 0.591111
vt 0.985200 0.613333
vt 0.866810 0.271145
vt 0.807884 0.818245
vt 0.810990 0.793774
vt 0.818121 0.791941
vt 0.468669 0.940854
vt 0.479277 0.948563
vt 0.468313 0.964512
vt 0.803815 0.797063
vt 0.281314 0.983634
vt 0.944867 0.697648
vt 0.952820 0.702785
vt 0.975992 0.804336
vt 0.866514 0.690674
vt 0.429841 0.867808
vt 0.942187 0.846400
vt 0.972704 0.549335
vt 0.927619 0.169409
vt 0.558553 0.568084
vt 0.938821 0.753364
vt 0.553291 0.550440
vt 0.409083 0.981536
vt 0.409083 0.966199
vt 0.421777 0.979491
vt 0.626952 0.836382
vt 0.560218 0.469353
vt 0.555506 0.452887
vt 0.629074 0.753334
vt 0.643824 0.736674
vt 0.904420 0.690910
vt 0.056074 0.728232
vt 0.205889 0.986954
vt 0.214337 0.980898
vt 0.214337 0.992806
vt 0.001030 0.031985
vt 0.581840 0.928581
vt 0.981823 0.220549
vt 0.970644 0.209892
vt 0.980744 0.208499
vt 0.054413 0.668618
vt 0.970868 0.200774
vt 0.395114 0.652279
vt 0.334195 0.747985
vt 0.333967 0.703223
vt 0.123500 0.910982
vt 0.102172 0.925535
vt 0.068267 0.917389
vt 0.868911 0.001030
vt 0.815177 0.986040
vt 0.808726 0.996026
vt 0.808726 0.984028
vt 0.847257 0.109339
vt 0.834320 0.447015
vt 0.845170 0.427438
vt 0.980841 0.620391
vt 0.984619 0.296661
vt 0.989542 0.308156
vt 0.993357 0.198015
vt 0.993357 0.183649
vt 0.996489 0.194149
vt 0.834889 0.338220
vt 0.897150 0.997207
vt 0.897150 0.989305
vt 0.902065 0.995427
vt 0.872180 0.733710
vt 0.960051 0.689935
vt 0.974915 0.289363
vt 0.982560 0.291106
vt 0.977172 0.307362
vt 0.893566 0.825140
vt 0.773791 0.914522
vt 0.549568 0.871415
vt 0.548761 0.543108
vt 0.801214 0.263173
vt 0.786351 0.245768
vt 0.800192 0.241823
vt 0.790317 0.188768
vt 0.555838 0.441165
vt 0.543822 0.752781
vt 0.788838 0.457675
vt 0.644037 0.698166
vt 0.661546 0.602476
vt 0.664585 0.599937
vt 0.734047 0.134456
vt 0.634307 0.990101
vt 0.626687 0.972591
vt 0.634307 0.966493
vt 0.577410 0.929378
vt 0.970644 0.224802
vt 0.129069 0.899874
vt 0.271542 0.885382
vt 0.259839 0.889457
vt 0.386855 0.744242
vt 0.277338 0.897165
vt 0.837364 0.517357
vt 0.855475 0.097768
vt 0.630014 0.019318
vt 0.638358 0.001030
vt 0.645097 0.002836
vt 0.842284 0.478933
vt 0.640980 0.331558
vt 0.630004 0.315311
vt 0.645183 0.324978
vt 0.471447 0.763471
vt 0.458261 0.770051
vt 0.983301 0.580467
vt 0.868057 0.727992
vt 0.418932 0.858920
vt 0.881741 0.821907
vt 0.618534 0.916030
vt 0.948850 0.551000
vt 0.619050 0.905424
vt 0.770227 0.927323
vt 0.758672 0.941318
vt 0.945580 0.753772
vt 0.332771 0.967715
vt 0.332771 0.989850
vt 0.325147 0.980314
vt 0.548950 0.796527
vt 0.790270 0.482432
vt 0.542800 0.663304
vt 0.653767 0.630762
vt 0.056658 0.795984
vt 0.732881 0.181817
vt 0.730301 0.151625
vt 0.992246 0.926325
vt 0.992246 0.917451
vt 0.996672 0.921713
vt 0.627927 0.989851
vt 0.979276 0.227213
vt 0.392498 0.956003
vt 0.139586 0.901339
vt 0.144163 0.903608
vt 0.018999 0.008698
vt 0.589818 0.907461
vt 0.592992 0.890242
vt 0.040702 0.001030
vt 0.075811 0.896446
vt 0.841111 0.638555
vt 0.851556 0.060253
vt 0.842422 0.544517
vt 0.844926 0.199978
vt 0.838861 0.396163
vt 0.474550 0.776420
vt 0.870225 0.740170
vt 0.649111 0.988455
vt 0.655605 0.985922
vt 0.656022 0.995145
vt 0.951603 0.685699
vt 0.980211 0.771491
vt 0.864325 0.822633
vt 0.618630 0.924700
vt 0.770883 0.938694
vt 0.764077 0.945435
vt 0.549573 0.576928
vt 0.619327 0.876298
vt 0.787507 0.603263
vt 0.816019 0.254763
vt 0.050305 0.908263
vt 0.038797 0.903578
vt 0.038872 0.877973
vt 0.804492 0.223554
vt 0.629476 0.786408
vt 0.802627 0.188345
vt 0.546621 0.410411
vt 0.543188 0.703170
vt 0.554873 0.356766
vt 0.062293 0.825511
vt 0.315756 0.996297
vt 0.315756 0.987599
vt 0.322391 0.995519
vt 0.010161 0.035174
vt 0.986671 0.064727
vt 0.993443 0.071435
vt 0.986671 0.076340
vt 0.985776 0.317394
vt 0.991633 0.315311
vt 0.985854 0.328002
vt 0.588508 0.924603
vt 0.012930 0.968239
vt 0.005025 0.964267
vt 0.011079 0.946575
vt 0.390661 0.690944
vt 0.263079 0.883694
vt 0.709991 0.299955
vt 0.330402 0.651805
vt 0.158445 0.989170
vt 0.152389 0.995893
vt 0.151919 0.989170
vt 0.836065 0.578597
vt 0.838046 0.533105
vt 0.633574 0.004559
vt 0.617849 0.026285
vt 0.611760 0.019584
vt 0.847027 0.149791
vt 0.573010 0.028476
vt 0.554322 0.036633
vt 0.551980 0.018754
vt 0.447819 0.759668
vt 0.831210 0.362953
vt 0.851533 0.357907
vt 0.572576 0.997729
vt 0.567139 0.986001
vt 0.572576 0.985242
vt 0.961501 0.704340
vt 0.446668 0.893982
vt 0.445079 0.880622
vt 0.440492 0.873710
vt 0.990384 0.001030
vt 0.847358 0.823661
vt 0.925180 0.390600
vt 0.906426 0.845217
vt 0.947485 0.176947
vt 0.547315 0.618100
vt 0.779458 0.624220
vt 0.785701 0.600863
vt 0.787519 0.595048
vt 0.792957 0.580744
vt 0.021872 0.918158
vt 0.749127 0.850967
vt 0.767195 0.846575
vt 0.749047 0.859035
vt 0.972856 0.285354
vt 0.972856 0.309569
vt 0.959629 0.292381
vt 0.805041 0.473603
vt 0.629293 0.724523
vt 0.799540 0.359626
vt 0.941779 0.552845
vt 0.913967 0.679374
vt 0.734482 0.212798
vt 0.407023 0.956365
vt 0.404627 0.962129
vt 0.001030 0.943146
vt 0.401487 0.634263
vt 0.389749 0.723802
vt 0.329899 0.780129
vt 0.626998 0.397982
vt 0.617625 0.386785
vt 0.636804 0.386704
vt 0.294298 0.898492
vt 0.344381 0.986881
vt 0.597514 0.906135
vt 0.834367 0.620053
vt 0.054586 0.914299
vt 0.834973 0.599944
vt 0.997534 0.015811
vt 0.992443 0.005095
vt 0.997534 0.001030
vt 0.834340 0.490994
vt 0.838272 0.482628
vt 0.635626 0.025956
vt 0.479277 0.972974
vt 0.966745 0.718149
vt 0.934724 0.990983
vt 0.934243 0.984739
vt 0.941753 0.984739
vt 0.656022 0.980668
vt 0.862226 0.714673
vt 0.426847 0.851630
vt 0.857599 0.681869
vt 0.412227 0.844463
vt 0.830888 0.824041
vt 0.544641 0.609184
vt 0.549209 0.588970
vt 0.219623 0.859280
vt 0.249802 0.856391
vt 0.244743 0.873977
vt 0.745968 0.829182
vt 0.749996 0.806861
vt 0.762723 0.811662
vt 0.560147 0.748524
vt 0.728552 0.708505
vt 0.744251 0.732477
vt 0.738549 0.735386
vt 0.054761 0.755112
vt 0.854939 0.986819
vt 0.848924 0.995202
vt 0.847644 0.986819
vt 0.332346 0.834377
vt 0.331282 0.813757
vt 0.249660 0.977305
vt 0.257608 0.967708
vt 0.257608 0.990020
vt 0.386615 0.788579
vt 0.108021 0.915856
vt 0.300496 0.907292
vt 0.841922 0.655465
vt 0.833802 0.644035
vt 0.065760 0.898885
vt 0.827089 0.636210
vt 0.061996 0.936215
vt 0.851639 0.045203
vt 0.846732 0.128103
vt 0.840575 0.464493
vt 0.601058 0.034193
vt 0.847108 0.167265
vt 0.832096 0.347848
vt 0.818123 0.808667
vt 0.818123 0.827340
vt 0.941735 0.994756
vt 0.014989 0.984972
vt 0.022791 0.984972
vt 0.020041 0.994567
vt 0.965971 0.694895
vt 0.866293 0.742484
vt 0.862840 0.728181
vt 0.863176 0.697311
vt 0.859356 0.668032
vt 0.948094 0.383847
vt 0.909255 0.842616
vt 0.615793 0.865109
vt 0.750092 0.895049
vt 0.757196 0.891088
vt 0.769545 0.881827
vt 0.772289 0.893990
vt 0.817314 0.280971
vt 0.817221 0.269349
vt 0.542342 0.531730
vt 0.229672 0.877994
vt 0.248211 0.844023
vt 0.626040 0.763469
vt 0.799154 0.413482
vt 0.552273 0.375936
vt 0.549175 0.670796
vt 0.549009 0.701085
vt 0.643502 0.676315
vt 0.548147 0.323250
vt 0.955238 0.846323
vt 0.961910 0.845042
vt 0.962886 0.853264
vt 0.984928 0.335391
vt 0.991633 0.336128
vt 0.980888 0.689314
vt 0.989033 0.675043
vt 0.989033 0.699038
vt 0.743835 0.048775
vt 0.741109 0.061733
vt 0.327174 0.804244
vt 0.951343 0.824284
vt 0.959524 0.814198
vt 0.963080 0.829069
vt 0.131196 0.893317
vt 0.326618 0.724464
vt 0.838084 0.660142
vt 0.067548 0.887315
vt 0.074219 0.877502
vt 0.836164 0.555493
vt 0.850110 0.081156
vt 0.587789 0.039047
vt 0.580597 0.025269
vt 0.577872 0.045166
vt 0.563901 0.994526
vt 0.559103 0.988153
vt 0.563901 0.972399
vt 0.474550 0.788145
vt 0.463225 0.787876
vt 0.802714 0.821293
vt 0.346441 0.990207
vt 0.346441 0.967715
vt 0.350201 0.980880
vt 0.095765 0.878968
vt 0.093245 0.886146
vt 0.093245 0.866958
vt 0.410297 0.958865
vt 0.409083 0.948281
vt 0.427923 0.964139
vt 0.997198 0.828403
vt 0.993166 0.821606
vt 0.997198 0.814198
vt 0.448759 0.876221
vt 0.820536 0.826624
vt 0.891863 0.816204
vt 0.913463 0.387623
vt 0.909768 0.167636
vt 0.615314 0.891090
vt 0.259668 0.984747
vt 0.259668 0.967709
vt 0.270532 0.977115
vt 0.613265 0.884333
vt 0.794241 0.608795
vt 0.947738 0.742108
vt 0.943015 0.311504
vt 0.953840 0.295399
vt 0.957474 0.311504
vt 0.797772 0.589960
vt 0.763205 0.826958
vt 0.231201 0.839390
vt 0.238187 0.824557
vt 0.817277 0.863955
vt 0.806112 0.854861
vt 0.802713 0.839050
vt 0.624701 0.774721
vt 0.621751 0.740799
vt 0.795615 0.432947
vt 0.552843 0.646824
vt 0.722763 0.620238
vt 0.654641 0.598041
vt 0.741287 0.242674
vt 0.055938 0.829488
vt 0.983160 0.438398
vt 0.983160 0.428270
vt 0.992361 0.439972
vt 0.009424 0.975367
vt 0.270532 0.965649
vt 0.258856 0.964724
vt 0.268949 0.952151
vt 0.386615 0.962336
vt 0.270152 0.942487
vt 0.260521 0.950644
vt 0.262626 0.939615
vt 0.982886 0.675321
vt 0.686869 0.905325
vt 0.695831 0.921611
vt 0.682771 0.924701
vt 0.287872 0.889017
vt 0.272592 0.960002
vt 0.289095 0.943277
vt 0.295611 0.950427
vt 0.598209 0.080418
vt 0.585645 0.091787
vt 0.584560 0.075202
vt 0.990898 0.872977
vt 0.990898 0.855324
vt 0.997048 0.862445
vt 0.060242 0.896918
vt 0.913318 0.293869
vt 0.925058 0.311171
vt 0.909768 0.311171
vt 0.725880 0.789021
vt 0.715010 0.789692
vt 0.719168 0.769338
vt 0.831353 0.595236
vt 0.824105 0.371562
vt 0.454463 0.786837
vt 0.873273 0.744616
vt 0.860685 0.762539
vt 0.208479 0.970263
vt 0.202804 0.972404
vt 0.210173 0.962878
vt 0.857730 0.733012
vt 0.210173 0.978838
vt 0.982560 0.279771
vt 0.557044 0.987180
vt 0.547270 0.978412
vt 0.557044 0.972399
vt 0.857863 0.704352
vt 0.939832 0.842944
vt 0.972777 0.534958
vt 0.986368 0.487101
vt 0.953986 0.759815
vt 0.959971 0.749607
vt 0.965022 0.768479
vt 0.948272 0.747559
vt 0.948135 0.753145
vt 0.971746 0.328565
vt 0.960429 0.331930
vt 0.953627 0.315311
vt 0.615809 0.856323
vt 0.757314 0.878449
vt 0.032731 0.928431
vt 0.802713 0.882873
vt 0.819547 0.240817
vt 0.801965 0.199148
vt 0.545323 0.780481
vt 0.552069 0.732888
vt 0.719072 0.621757
vt 0.800005 0.315311
vt 0.931969 0.540953
vt 0.254226 0.945941
vt 0.386615 0.671796
vt 0.325147 0.685907
vt 0.626523 0.378771
vt 0.601503 0.378717
vt 0.612497 0.367861
vt 0.721370 0.299010
vt 0.831850 0.654023
vt 0.717527 0.916469
vt 0.726062 0.924701
vt 0.717350 0.922217
vt 0.614412 0.957908
vt 0.609253 0.934717
vt 0.620948 0.952273
vt 0.846750 0.125533
vt 0.313732 0.933778
vt 0.302556 0.907592
vt 0.319316 0.926722
vt 0.565422 0.050580
vt 0.468765 0.978849
vt 0.975597 0.944605
vt 0.980776 0.960673
vt 0.972243 0.948066
vt 0.849107 0.688499
vt 0.864019 0.812891
vt 0.872355 0.811771
vt 0.909009 0.378419
vt 0.819042 0.290592
vt 0.819042 0.310462
vt 0.803656 0.303370
vt 0.806176 0.294013
vt 0.775525 0.841698
vt 0.771984 0.822033
vt 0.535494 0.456456
vt 0.558295 0.765098
vt 0.739987 0.800267
vt 0.746700 0.784379
vt 0.768121 0.794505
vt 0.801269 0.175162
vt 0.785476 0.165465
vt 0.798667 0.163792
vt 0.782185 0.152870
vt 0.805056 0.446758
vt 0.541071 0.365657
vt 0.053763 0.856082
vt 0.034750 0.702130
vt 0.589984 0.934388
vt 0.251862 0.936041
vt 0.112834 0.906687
vt 0.268568 0.875836
vt 0.536143 0.988877
vt 0.543882 0.982007
vt 0.543882 0.994357
vt 0.147374 0.954383
vt 0.149574 0.923119
vt 0.157879 0.943788
vt 0.740430 0.957903
vt 0.728552 0.949800
vt 0.731893 0.947494
vt 0.440329 0.984310
vt 0.429982 0.983131
vt 0.437800 0.978270
vt 0.693501 0.883549
vt 0.696690 0.898174
vt 0.272592 0.936041
vt 0.138489 0.981184
vt 0.127552 0.973830
vt 0.138489 0.969232
vt 0.977651 0.737442
vt 0.977651 0.765876
vt 0.967304 0.742077
vt 0.834780 0.307741
vt 0.821101 0.312088
vt 0.821101 0.290592
vt 0.066239 0.878430
vt 0.626053 0.368219
vt 0.164883 0.952716
vt 0.184566 0.954235
vt 0.172179 0.959644
vt 0.536187 0.958333
vt 0.536143 0.943205
vt 0.545210 0.954654
vt 0.712115 0.891883
vt 0.718701 0.881401
vt 0.722946 0.902533
vt 0.720701 0.846404
vt 0.721373 0.861218
vt 0.709842 0.859910
vt 0.623804 0.034856
vt 0.844926 0.149191
vt 0.607957 0.044554
vt 0.980776 0.941878
vt 0.860016 0.736697
vt 0.934244 0.962093
vt 0.947253 0.968774
vt 0.934244 0.971818
vt 0.889164 0.808557
vt 0.869715 0.955437
vt 0.881650 0.955747
vt 0.873363 0.967276
vt 0.790899 0.601362
vt 0.938028 0.739899
vt 0.981580 0.008767
vt 0.972863 0.016101
vt 0.972863 0.001030
vt 0.022270 0.888474
vt 0.033520 0.892467
vt 0.809222 0.225540
vt 0.820692 0.212292
vt 0.801294 0.460759
vt 0.542902 0.394583
vt 0.777563 0.120738
vt 0.768103 0.096005
vt 0.780938 0.105757
vt 0.641040 0.634593
vt 0.900687 0.665296
vt 0.744004 0.156727
vt 0.046536 0.728870
vt 0.988861 0.428924
vt 0.038173 0.656715
vt 0.975544 0.487101
vt 0.982544 0.491374
vt 0.974113 0.504520
vt 0.277051 0.874059
vt 0.116355 0.899108
vt 0.828333 0.658594
vt 0.688291 0.837363
vt 0.697436 0.860973
vt 0.687383 0.867980
vt 0.699862 0.835486
vt 0.572295 0.084278
vt 0.982492 0.487204
vt 0.033780 0.968302
vt 0.033780 0.943146
vt 0.048972 0.950756
vt 0.052364 0.963238
vt 0.052364 0.940128
vt 0.071551 0.952331
vt 0.970388 0.094517
vt 0.958363 0.083586
vt 0.971445 0.082239
vt 0.578849 0.965506
vt 0.578849 0.983182
vt 0.567139 0.981380
vt 0.600607 0.063629
vt 0.588776 0.064978
vt 0.405139 0.976098
vt 0.397910 0.971145
vt 0.405927 0.964395
vt 0.825923 0.651499
vt 0.180898 0.936851
vt 0.707750 0.880206
vt 0.095741 0.909552
vt 0.095741 0.924045
vt 0.093169 0.913542
vt 0.169766 0.892489
vt 0.184239 0.886981
vt 0.177316 0.903601
vt 0.184566 0.879497
vt 0.170031 0.883711
vt 0.183614 0.868185
vt 0.169990 0.865770
vt 0.624497 0.329440
vt 0.634982 0.348100
vt 0.427923 0.950621
vt 0.420575 0.938321
vt 0.195036 0.964332
vt 0.855316 0.719204
vt 0.836240 0.976283
vt 0.827994 0.979437
vt 0.833109 0.971520
vt 0.447301 0.871096
vt 0.445648 0.862312
vt 0.097825 0.974111
vt 0.110915 0.969027
vt 0.108286 0.977332
vt 0.948840 0.532042
vt 0.964008 0.533325
vt 0.936000 0.156587
vt 0.535186 0.593118
vt 0.918248 0.162517
vt 0.785198 0.929149
vt 0.953220 0.751904
vt 0.787832 0.914004
vt 0.610240 0.850314
vt 0.785344 0.858681
vt 0.018108 0.910925
vt 0.976128 0.030733
vt 0.200569 0.832794
vt 0.204503 0.835308
vt 0.205367 0.853727
vt 0.226913 0.830576
vt 0.961294 0.279771
vt 0.750504 0.763484
vt 0.752662 0.745866
vt 0.627173 0.714852
vt 0.810476 0.426514
vt 0.780830 0.087938
vt 0.806796 0.355372
vt 0.811730 0.317146
vt 0.811797 0.340745
vt 0.747617 0.249315
vt 0.001030 0.969799
vt 0.974113 0.528961
vt 0.982688 0.516479
vt 0.985372 0.528961
vt 0.970386 0.846082
vt 0.744500 0.075149
vt 0.251862 0.962914
vt 0.597514 0.928436
vt 0.958363 0.095295
vt 0.965890 0.106223
vt 0.688408 0.817415
vt 0.163234 0.916673
vt 0.949312 0.962093
vt 0.961620 0.966181
vt 0.949312 0.982309
vt 0.637992 0.048339
vt 0.616878 0.050562
vt 0.624627 0.967527
vt 0.601503 0.967527
vt 0.158104 0.956401
vt 0.156020 0.972693
vt 0.062264 0.882887
vt 0.536143 0.979947
vt 0.726358 0.814045
vt 0.084367 0.986647
vt 0.082026 0.968456
vt 0.091100 0.968456
vt 0.709662 0.830631
vt 0.179385 0.917698
vt 0.710766 0.897412
vt 0.972511 0.060249
vt 0.958363 0.057506
vt 0.961187 0.044707
vt 0.700110 0.941143
vt 0.682771 0.931998
vt 0.699312 0.933966
vt 0.716960 0.945288
vt 0.718044 0.926761
vt 0.550822 0.049559
vt 0.547702 0.029977
vt 0.212586 0.917976
vt 0.218358 0.913853
vt 0.214884 0.923870
vt 0.354284 0.974882
vt 0.981578 0.042048
vt 0.972863 0.040170
vt 0.981578 0.032792
vt 0.270532 0.994856
vt 0.264143 0.996536
vt 0.264143 0.986807
vt 0.851559 0.699292
vt 0.438305 0.852845
vt 0.847795 0.669705
vt 0.417456 0.839798
vt 0.824805 0.813316
vt 0.849271 0.814046
vt 0.950879 0.371654
vt 0.601503 0.901814
vt 0.795281 0.599167
vt 0.545348 0.563558
vt 0.782372 0.905569
vt 0.242730 0.898267
vt 0.224206 0.901045
vt 0.247197 0.893429
vt 0.232894 0.889195
vt 0.215747 0.887312
vt 0.830669 0.231883
vt 0.832089 0.218849
vt 0.534763 0.446753
vt 0.539913 0.440026
vt 0.535397 0.426802
vt 0.764157 0.069606
vt 0.629918 0.666691
vt 0.744255 0.175142
vt 0.034582 0.754836
vt 0.998274 0.338188
vt 0.998274 0.349813
vt 0.994751 0.344615
vt 0.321897 0.970157
vt 0.322394 0.985540
vt 0.315755 0.969836
vt 0.035142 0.685296
vt 0.027341 0.657767
vt 0.322394 0.957881
vt 0.970386 0.817925
vt 0.097825 0.908605
vt 0.123817 0.887113
vt 0.984767 0.480274
vt 0.975379 0.476838
vt 0.984767 0.467227
vt 0.989206 0.388818
vt 0.980859 0.398684
vt 0.980859 0.381166
vt 0.285223 0.881724
vt 0.406736 0.984445
vt 0.397910 0.987951
vt 0.983524 0.806871
vt 0.983004 0.798555
vt 0.991699 0.798582
vt 0.152755 0.899820
vt 0.246634 0.981729
vt 0.233861 0.968030
vt 0.246634 0.960049
vt 0.993533 0.483162
vt 0.986827 0.474079
vt 0.993533 0.464360
vt 0.705941 0.918795
vt 0.429982 0.966239
vt 0.027998 0.995859
vt 0.024851 0.993787
vt 0.027998 0.984972
vt 0.783634 0.310756
vt 0.764157 0.305138
vt 0.783634 0.290591
vt 0.155999 0.892652
vt 0.972243 0.926463
vt 0.972243 0.899687
vt 0.983189 0.912990
vt 0.639985 0.368948
vt 0.130886 0.953526
vt 0.714835 0.814045
vt 0.522650 0.973404
vt 0.523021 0.958622
vt 0.530118 0.962083
vt 0.052364 0.938068
vt 0.534084 0.950725
vt 0.522650 0.943205
vt 0.691369 0.947988
vt 0.704759 0.965558
vt 0.583610 0.060187
vt 0.592371 0.052414
vt 0.572743 0.060823
vt 0.190455 0.959089
vt 0.187537 0.956146
vt 0.186625 0.944108
vt 0.928613 0.730532
vt 0.935968 0.725438
vt 0.935899 0.731488
vt 0.994420 0.435539
vt 0.998609 0.429521
vt 0.998609 0.439972
vt 0.838014 0.750430
vt 0.946531 0.977894
vt 0.496698 0.988042
vt 0.496698 0.977107
vt 0.503226 0.979243
vt 0.995494 0.627975
vt 0.998970 0.620561
vt 0.998970 0.630158
vt 0.782782 0.942350
vt 0.876203 0.939380
vt 0.783629 0.885640
vt 0.830518 0.263862
vt 0.211834 0.861025
vt 0.220758 0.844572
vt 0.010914 0.906505
vt 0.007053 0.888123
vt 0.001030 0.868688
vt 0.764774 0.764653
vt 0.622761 0.707165
vt 0.643442 0.597299
vt 0.909112 0.668274
vt 0.364688 0.996270
vt 0.358817 0.991630
vt 0.364688 0.989815
vt 0.297519 0.880639
vt 0.647157 0.313186
vt 0.647157 0.308594
vt 0.649875 0.311969
vt 0.899356 0.293110
vt 0.907708 0.284477
vt 0.906140 0.295814
vt 0.136352 0.882642
vt 0.260257 0.866939
vt 0.268893 0.864371
vt 0.948840 0.495462
vt 0.960992 0.493602
vt 0.953522 0.511725
vt 0.160529 0.874472
vt 0.969141 0.720831
vt 0.195036 0.993043
vt 0.201132 0.980898
vt 0.203829 0.993043
vt 0.991876 0.788169
vt 0.991876 0.771491
vt 0.996557 0.774202
vt 0.322065 0.948515
vt 0.302556 0.955821
vt 0.958363 0.080179
vt 0.368342 0.942589
vt 0.356344 0.950976
vt 0.369765 0.932222
vt 0.821314 0.616380
vt 0.618485 0.343690
vt 0.648012 0.354681
vt 0.090901 0.953426
vt 0.091100 0.966397
vt 0.082171 0.956055
vt 0.931107 0.744766
vt 0.923591 0.747825
vt 0.203927 0.925298
vt 0.518990 0.991308
vt 0.510239 0.979010
vt 0.520590 0.979010
vt 0.994523 0.135410
vt 0.991931 0.127801
vt 0.996769 0.127801
vt 0.916870 0.991105
vt 0.921249 0.968466
vt 0.923702 0.991105
vt 0.842376 0.968964
vt 0.447134 0.853667
vt 0.846508 0.683342
vt 0.429629 0.842457
vt 0.845904 0.662202
vt 0.856430 0.802942
vt 0.947485 0.146547
vt 0.963087 0.741662
vt 0.893734 0.941717
vt 0.819906 0.288532
vt 0.835437 0.282076
vt 0.828492 0.272656
vt 0.016529 0.941087
vt 0.010374 0.930617
vt 0.787108 0.869615
vt 0.807896 0.194724
vt 0.564292 0.642834
vt 0.718372 0.611331
vt 0.936504 0.530516
vt 0.750544 0.215826
vt 0.748656 0.180994
vt 0.037684 0.793489
vt 0.046261 0.788362
vt 0.043813 0.769642
vt 0.907708 0.313015
vt 0.898299 0.299132
vt 0.116242 0.890509
vt 0.105385 0.902393
vt 0.728552 0.968147
vt 0.048972 0.994952
vt 0.041685 0.985125
vt 0.048972 0.985016
vt 0.447897 0.837519
vt 0.445281 0.835919
vt 0.447897 0.832238
vt 0.720235 0.980033
vt 0.726280 0.981827
vt 0.719611 0.991266
vt 0.650344 0.376819
vt 0.636746 0.400296
vt 0.991699 0.811678
vt 0.381695 0.937895
vt 0.616671 0.350484
vt 0.052364 0.900945
vt 0.718044 0.966067
vt 0.656697 0.350611
vt 0.823998 0.352069
vt 0.824287 0.948578
vt 0.820400 0.935264
vt 0.829887 0.952739
vt 0.810218 0.836991
vt 0.200310 0.932495
vt 0.852318 0.723778
vt 0.846402 0.710866
vt 0.506071 0.991263
vt 0.588911 0.991776
vt 0.591254 0.980245
vt 0.598593 0.991776
vt 0.897150 0.815601
vt 0.097825 0.953526
vt 0.950515 0.731502
vt 0.960798 0.352756
vt 0.006050 0.918148
vt 0.833078 0.200862
vt 0.222957 0.814537
vt 0.782621 0.803582
vt 0.815563 0.453747
vt 0.533070 0.416059
vt 0.967320 0.036621
vt 0.962813 0.021762
vt 0.970804 0.001030
vt 0.559308 0.685203
vt 0.770680 0.062852
vt 0.818340 0.358562
vt 0.983781 0.410262
vt 0.990619 0.425879
vt 0.983159 0.426210
vt 0.990619 0.403258
vt 0.593199 0.880972
vt 0.593199 0.858183
vt 0.599135 0.868353
vt 0.137431 0.865770
vt 0.145315 0.870795
vt 0.141845 0.878238
vt 0.988270 0.746440
vt 0.988270 0.765378
vt 0.979711 0.750996
vt 0.255977 0.864962
vt 0.251862 0.853486
vt 0.258134 0.862032
vt 0.975236 0.483162
vt 0.381695 0.955190
vt 0.560405 0.063348
vt 0.968191 0.487101
vt 0.972054 0.509801
vt 0.541080 0.055526
vt 0.665886 0.331666
vt 0.662347 0.345509
vt 0.820400 0.340504
vt 0.980282 0.814198
vt 0.981909 0.828541
vt 0.972446 0.826273
vt 0.225237 0.930111
vt 0.973132 0.928523
vt 0.935800 0.982679
vt 0.834704 0.964220
vt 0.827994 0.963597
vt 0.984556 0.465167
vt 0.975236 0.457147
vt 0.984556 0.452747
vt 0.841822 0.691314
vt 0.843215 0.803718
vt 0.922862 0.291809
vt 0.909768 0.275957
vt 0.925231 0.284207
vt 0.607266 0.891184
vt 0.965245 0.754837
vt 0.887021 0.927922
vt 0.313696 0.982660
vt 0.302556 0.974939
vt 0.313696 0.969758
vt 0.303995 0.957881
vt 0.788281 0.900515
vt 0.218663 0.896317
vt 0.830600 0.246100
vt 0.763899 0.777805
vt 0.236458 0.774436
vt 0.234146 0.763376
vt 0.247794 0.758614
vt 0.563699 0.708285
vt 0.554250 0.715378
vt 0.530305 0.393034
vt 0.565080 0.660312
vt 0.531326 0.340649
vt 0.942475 0.520081
vt 0.192543 0.942048
vt 0.186625 0.939406
vt 0.191991 0.936777
vt 0.749923 0.176784
vt 0.925761 0.983586
vt 0.932134 0.968466
vt 0.932134 0.988256
vt 0.752869 0.156394
vt 0.975154 0.514419
vt 0.982544 0.507462
vt 0.658710 0.404571
vt 0.639817 0.413506
vt 0.288692 0.875488
vt 0.054297 0.869216
vt 0.062077 0.866958
vt 0.820400 0.642900
vt 0.526197 0.050053
vt 0.445281 0.784628
vt 0.928705 0.749899
vt 0.853763 0.769431
vt 0.843413 0.761426
vt 0.849537 0.736167
vt 0.991297 0.188723
vt 0.981946 0.198015
vt 0.981946 0.185805
vt 0.456569 0.863020
vt 0.838513 0.665760
vt 0.877805 0.796915
vt 0.863139 0.798929
vt 0.520419 0.617112
vt 0.928880 0.146716
vt 0.537571 0.579925
vt 0.791611 0.933155
vt 0.580665 0.963447
vt 0.571564 0.957003
vt 0.584448 0.956017
vt 0.923650 0.275421
vt 0.935153 0.283628
vt 0.567139 0.936447
vt 0.586491 0.946688
vt 0.586851 0.936447
vt 0.983883 0.208100
vt 0.989979 0.200774
vt 0.989979 0.227062
vt 0.989261 0.934198
vt 0.984337 0.955863
vt 0.982836 0.937037
vt 0.953627 0.335899
vt 0.842866 0.279727
vt 0.799718 0.891348
vt 0.203525 0.888595
vt 0.210345 0.878762
vt 0.001030 0.933684
vt 0.038268 0.866958
vt 0.807343 0.143341
vt 0.782526 0.140004
vt 0.793124 0.128776
vt 0.626260 0.692620
vt 0.619891 0.679353
vt 0.804273 0.090867
vt 0.537798 0.322530
vt 0.627005 0.636424
vt 0.721005 0.608202
vt 0.630558 0.624667
vt 0.754304 0.121749
vt 0.775697 0.958447
vt 0.769596 0.965115
vt 0.769596 0.947495
vt 0.737376 0.975934
vt 0.782972 0.948627
vt 0.599304 0.813428
vt 0.590703 0.803921
vt 0.599304 0.791174
vt 0.964192 0.511373
vt 0.053500 0.882737
vt 0.961123 0.251894
vt 0.959629 0.231185
vt 0.969978 0.248983
vt 0.478451 0.912618
vt 0.466529 0.902435
vt 0.479277 0.892240
vt 0.913554 0.758997
vt 0.188050 0.969375
vt 0.842376 0.938808
vt 0.210443 0.943736
vt 0.842271 0.685644
vt 0.440415 0.841890
vt 0.838396 0.673009
vt 0.548909 0.955310
vt 0.547270 0.943205
vt 0.557701 0.946884
vt 0.544170 0.617385
vt 0.681469 0.295736
vt 0.685453 0.306535
vt 0.673454 0.304741
vt 0.873201 0.925745
vt 0.869715 0.922485
vt 0.885984 0.920356
vt 0.797912 0.907327
vt 0.210314 0.903808
vt 0.982836 0.928523
vt 0.225235 0.801728
vt 0.530286 0.432351
vt 0.560521 0.735263
vt 0.564798 0.723116
vt 0.804086 0.125967
vt 0.808075 0.382635
vt 0.756172 0.160285
vt 0.020745 0.686923
vt 0.980599 0.769287
vt 0.259291 0.850254
vt 0.059507 0.981701
vt 0.055079 0.968675
vt 0.064886 0.982013
vt 0.978520 0.643451
vt 0.969086 0.640858
vt 0.979743 0.632851
vt 0.064886 0.965298
vt 0.719611 0.968126
vt 0.981946 0.182649
vt 0.989516 0.159103
vt 0.989516 0.183746
vt 0.370779 0.962657
vt 0.356578 0.966736
vt 0.033076 0.633060
vt 0.551881 0.079847
vt 0.956158 0.777959
vt 0.961293 0.771490
vt 0.958922 0.787868
vt 0.965421 0.408932
vt 0.953627 0.428630
vt 0.958459 0.400306
vt 0.231802 0.915094
vt 0.279254 0.995861
vt 0.272592 0.986232
vt 0.279254 0.983634
vt 0.842840 0.704184
vt 0.838683 0.699076
vt 0.982523 0.976610
vt 0.975309 0.984075
vt 0.972243 0.973700
vt 0.325938 0.965656
vt 0.325147 0.956772
vt 0.335673 0.963374
vt 0.940981 0.137962
vt 0.696066 0.292864
vt 0.942353 0.278041
vt 0.996997 0.902691
vt 0.992246 0.909282
vt 0.993492 0.899688
vt 0.951229 0.290072
vt 0.950267 0.282713
vt 0.147374 0.987110
vt 0.147374 0.974752
vt 0.158445 0.978125
vt 0.800654 0.928223
vt 0.955281 0.726379
vt 0.948605 0.720831
vt 0.211471 0.911794
vt 0.817976 0.923802
vt 0.802713 0.901379
vt 0.817976 0.884932
vt 0.206348 0.800897
vt 0.026547 0.982913
vt 0.014989 0.982913
vt 0.021259 0.968311
vt 0.613023 0.750702
vt 0.236568 0.787079
vt 0.231402 0.793541
vt 0.217451 0.787121
vt 0.791340 0.150151
vt 0.525910 0.353765
vt 0.758945 0.737453
vt 0.747648 0.715225
vt 0.762416 0.730275
vt 0.800034 0.110000
vt 0.794541 0.074412
vt 0.771288 0.047242
vt 0.764923 0.024958
vt 0.784961 0.036946
vt 0.946781 0.535434
vt 0.041750 0.782514
vt 0.025278 0.771446
vt 0.783336 0.964562
vt 0.531989 0.989789
vt 0.522650 0.989789
vt 0.528969 0.975464
vt 0.971452 0.658969
vt 0.563555 0.088419
vt 0.471323 0.921508
vt 0.927117 0.311504
vt 0.931572 0.302095
vt 0.938535 0.303996
vt 0.085116 0.940988
vt 0.953627 0.396173
vt 0.910110 0.726699
vt 0.924298 0.721204
vt 0.989813 0.824513
vt 0.991106 0.837015
vt 0.983969 0.830115
vt 0.984360 0.823080
vt 0.824701 0.805780
vt 0.325299 0.941525
vt 0.338586 0.940538
vt 0.325147 0.932222
vt 0.706883 0.968126
vt 0.704715 0.984432
vt 0.695919 0.968126
vt 0.668342 0.297675
vt 0.819174 0.178271
vt 0.523019 0.441774
vt 0.804330 0.152795
vt 0.819986 0.160605
vt 0.780359 0.061968
vt 0.935814 0.523246
vt 0.028344 0.859081
vt 0.037463 0.833438
vt 0.984947 0.988453
vt 0.984583 0.977195
vt 0.990551 0.975593
vt 0.914810 0.975792
vt 0.907872 0.991015
vt 0.907872 0.968466
vt 0.660707 0.376772
vt 0.458629 0.922145
vt 0.969257 0.425010
vt 0.958841 0.430098
vt 0.967712 0.415690
vt 0.842287 0.948865
vt 0.842376 0.961537
vt 0.195036 0.952659
vt 0.794152 0.989300
vt 0.785395 0.980674
vt 0.794152 0.973642
vt 0.908754 0.750500
vt 0.836450 0.727253
vt 0.844104 0.712890
vt 0.479093 0.993730
vt 0.477231 0.986738
vt 0.484955 0.992847
vt 0.840941 0.708344
vt 0.982642 0.442180
vt 0.332859 0.854896
vt 0.340290 0.843251
vt 0.342607 0.849787
vt 0.847854 0.799740
vt 0.917372 0.793996
vt 0.739041 0.308884
vt 0.739636 0.289065
vt 0.757935 0.297133
vt 0.996997 0.915392
vt 0.386615 0.987553
vt 0.386615 0.964395
vt 0.395850 0.977041
vt 0.230699 0.779550
vt 0.611835 0.730140
vt 0.610316 0.696397
vt 0.747192 0.689734
vt 0.739442 0.672517
vt 0.749458 0.665342
vt 0.627056 0.613118
vt 0.636491 0.596961
vt 0.637695 0.494678
vt 0.646833 0.513410
vt 0.624223 0.509470
vt 0.018397 0.732927
vt 0.780213 0.971187
vt 0.982448 0.240219
vt 0.972037 0.242317
vt 0.973218 0.231185
vt 0.948840 0.523022
vt 0.954128 0.529983
vt 0.960497 0.522637
vt 0.989010 0.354815
vt 0.989010 0.379107
vt 0.980859 0.356014
vt 0.979743 0.656099
vt 0.977727 0.672983
vt 0.517925 0.065844
vt 0.518268 0.046262
vt 0.507322 0.052967
vt 0.905683 0.769431
vt 0.972037 0.262471
vt 0.983408 0.262471
vt 0.972540 0.277711
vt 0.968929 0.255052
vt 0.192687 0.975258
vt 0.186625 0.976821
vt 0.899191 0.759845
vt 0.900260 0.740382
vt 0.972116 0.773405
vt 0.970042 0.794948
vt 0.996716 0.312803
vt 0.991601 0.302175
vt 0.996716 0.297421
vt 0.196757 0.960819
vt 0.217000 0.955773
vt 0.989816 0.771491
vt 0.989816 0.796495
vt 0.983004 0.782825
vt 0.514210 0.976951
vt 0.510129 0.965779
vt 0.520590 0.958682
vt 0.510129 0.953328
vt 0.982523 0.968440
vt 0.843568 0.798626
vt 0.944782 0.273430
vt 0.797492 0.802966
vt 0.827824 0.183882
vt 0.782439 0.781327
vt 0.608384 0.764941
vt 0.616041 0.706640
vt 0.958363 0.038217
vt 0.970804 0.042647
vt 0.238020 0.741464
vt 0.218764 0.750771
vt 0.239383 0.702737
vt 0.793319 0.057064
vt 0.192977 0.722020
vt 0.180223 0.735016
vt 0.186485 0.718600
vt 0.912129 0.655670
vt 0.019499 0.792808
vt 0.022758 0.774372
vt 0.015476 0.718754
vt 0.980888 0.701097
vt 0.989371 0.716829
vt 0.980888 0.717117
vt 0.984583 0.962732
vt 0.052364 0.978506
vt 0.526957 0.070183
vt 0.736578 0.977993
vt 0.736578 0.993608
vt 0.728552 0.988549
vt 0.951343 0.790094
vt 0.997167 0.159103
vt 0.997167 0.168311
vt 0.991576 0.166268
vt 0.494017 0.060458
vt 0.488698 0.070762
vt 0.482326 0.061329
vt 0.620239 0.996457
vt 0.620239 0.984015
vt 0.624089 0.987387
vt 0.225679 0.962878
vt 0.231802 0.978979
vt 0.217128 0.978979
vt 0.991106 0.814198
vt 0.484955 0.980909
vt 0.828397 0.668371
vt 0.834418 0.794837
vt 0.698775 0.995663
vt 0.695919 0.986492
vt 0.702767 0.986492
vt 0.951567 0.349175
vt 0.947975 0.819980
vt 0.686190 0.288373
vt 0.927578 0.270132
vt 0.659645 0.297111
vt 0.669107 0.291163
vt 0.604800 0.741710
vt 0.217310 0.776183
vt 0.521899 0.415197
vt 0.903505 0.653162
vt 0.932986 0.515382
vt 0.628197 0.581782
vt 0.616347 0.580352
vt 0.608146 0.573409
vt 0.754224 0.181171
vt 0.759660 0.102940
vt 0.102085 0.893214
vt 0.288807 0.863135
vt 0.678247 0.350974
vt 0.543410 0.087020
vt 0.951838 0.807076
vt 0.982219 0.643767
vt 0.987630 0.647802
vt 0.981802 0.658049
vt 0.141419 0.965992
vt 0.142916 0.953526
vt 0.145233 0.969590
vt 0.995741 0.796458
vt 0.991876 0.796458
vt 0.992577 0.790229
vt 0.995714 0.173872
vt 0.091100 0.940842
vt 0.689051 0.980132
vt 0.682771 0.968126
vt 0.693859 0.973450
vt 0.610281 0.981955
vt 0.617637 0.969587
vt 0.622616 0.981955
vt 0.980474 0.841790
vt 0.125493 0.978170
vt 0.113135 0.973943
vt 0.125493 0.953526
vt 0.437350 0.964179
vt 0.432632 0.963879
vt 0.439742 0.957131
vt 0.827152 0.683550
vt 0.517516 0.597552
vt 0.957569 0.275232
vt 0.111481 0.855867
vt 0.097825 0.863711
vt 0.099783 0.844953
vt 0.760957 0.703364
vt 0.525638 0.315311
vt 0.713874 0.599654
vt 0.776494 0.019653
vt 0.945555 0.508930
vt 0.938452 0.513909
vt 0.021160 0.796364
vt 0.191174 0.930381
vt 0.672949 0.373341
vt 0.958770 0.812139
vt 0.972116 0.806338
vt 0.940956 0.293869
vt 0.450793 0.976607
vt 0.461582 0.969983
vt 0.461582 0.984045
vt 0.256619 0.647543
vt 0.256997 0.638372
vt 0.263808 0.633060
vt 0.960273 0.435106
vt 0.302556 0.994583
vt 0.302556 0.984720
vt 0.310413 0.989027
vt 0.231802 0.949614
vt 0.984928 0.351755
vt 0.986433 0.338188
vt 0.992692 0.351755
vt 0.112974 0.956269
vt 0.326180 0.899843
vt 0.338782 0.907739
vt 0.325147 0.914831
vt 0.984721 0.626203
vt 0.980841 0.628874
vt 0.980841 0.622451
vt 0.343866 0.870939
vt 0.327981 0.866772
vt 0.342548 0.864466
vt 0.429982 0.951233
vt 0.439400 0.949706
vt 0.448077 0.956512
vt 0.351081 0.844975
vt 0.972985 0.962732
vt 0.822186 0.795624
vt 0.559991 0.958785
vt 0.865239 0.790733
vt 0.752163 0.281633
vt 0.798681 0.783503
vt 0.519737 0.430453
vt 0.764547 0.751989
vt 0.625598 0.548496
vt 0.632961 0.566689
vt 0.762097 0.235345
vt 0.762097 0.066192
vt 0.112302 0.881282
vt 0.982602 0.143179
vt 0.990736 0.137704
vt 0.990736 0.154277
vt 0.982448 0.259823
vt 0.140549 0.979476
vt 0.242523 0.928233
vt 0.233861 0.914654
vt 0.236889 0.913853
vt 0.502161 0.064531
vt 0.499106 0.081806
vt 0.986168 0.078416
vt 0.990417 0.089176
vt 0.986168 0.106501
vt 0.186625 0.867806
vt 0.191502 0.865770
vt 0.192482 0.874988
vt 0.177250 0.991598
vt 0.178040 0.985841
vt 0.184566 0.992677
vt 0.989237 0.640265
vt 0.981802 0.632851
vt 0.682771 0.984402
vt 0.074697 0.940128
vt 0.742764 0.994523
vt 0.738637 0.980370
vt 0.742764 0.977993
vt 0.899191 0.724875
vt 0.828363 0.753601
vt 0.340726 0.887308
vt 0.826137 0.719472
vt 0.513747 0.943205
vt 0.990866 0.672983
vt 0.981802 0.662250
vt 0.990866 0.660361
vt 0.858291 0.788044
vt 0.353383 0.957651
vt 0.761088 0.282660
vt 0.915966 0.262819
vt 0.647157 0.306535
vt 0.647446 0.288977
vt 0.950090 0.264659
vt 0.660321 0.286200
vt 0.107349 0.843742
vt 0.780918 0.749110
vt 0.783272 0.760158
vt 0.605402 0.677130
vt 0.724555 0.596961
vt 0.799303 0.025260
vt 0.975832 0.257057
vt 0.549452 0.098697
vt 0.509612 0.069622
vt 0.264017 0.660335
vt 0.183634 0.987578
vt 0.991093 0.691537
vt 0.991093 0.675043
vt 0.997111 0.687898
vt 0.177250 0.974752
vt 0.100413 0.991421
vt 0.100413 0.979392
vt 0.110915 0.989464
vt 0.972446 0.843432
vt 0.476934 0.830179
vt 0.445281 0.821286
vt 0.466942 0.812439
vt 0.348704 0.858168
vt 0.849338 0.794487
vt 0.664898 0.284277
vt 0.828087 0.157272
vt 0.783986 0.770283
vt 0.225035 0.762232
vt 0.172559 0.758175
vt 0.156211 0.753801
vt 0.178355 0.746862
vt 0.931861 0.505243
vt 0.913394 0.643776
vt 0.022783 0.848520
vt 0.020625 0.840431
vt 0.638106 0.491767
vt 0.644605 0.458484
vt 0.658033 0.492967
vt 0.570394 0.117268
vt 0.555361 0.108538
vt 0.959629 0.277711
vt 0.238881 0.945265
vt 0.186710 0.882152
vt 0.927117 0.296501
vt 0.484355 0.076682
vt 0.972458 0.427352
vt 0.980549 0.422278
vt 0.981100 0.435731
vt 0.971472 0.422523
vt 0.975997 0.414176
vt 0.001030 0.977427
vt 0.009812 0.977427
vt 0.002456 0.992182
vt 0.296094 0.992179
vt 0.300262 0.985166
vt 0.300262 0.996080
vt 0.823495 0.759492
vt 0.820400 0.732593
vt 0.834123 0.705815
vt 0.991297 0.658203
vt 0.991310 0.651751
vt 0.996113 0.658203
vt 0.348348 0.863717
vt 0.344490 0.870818
vt 0.448077 0.938321
vt 0.547270 0.970339
vt 0.881218 0.786561
vt 0.116727 0.985372
vt 0.113594 0.995897
vt 0.113594 0.980229
vt 0.681210 0.282634
vt 0.820555 0.131434
vt 0.818357 0.110189
vt 0.612609 0.640129
vt 0.610553 0.621755
vt 0.161918 0.720785
vt 0.865942 0.987825
vt 0.856999 0.969556
vt 0.865942 0.964730
vt 0.643462 0.578310
vt 0.633565 0.514974
vt 0.646471 0.516708
vt 0.651174 0.538279
vt 0.187268 0.913140
vt 0.191747 0.915605
vt 0.796211 0.995045
vt 0.796211 0.973642
vt 0.799524 0.993633
vt 0.673277 0.386722
vt 0.991184 0.240402
vt 0.984507 0.245242
vt 0.984507 0.231185
vt 0.479277 0.938795
vt 0.145233 0.986690
vt 0.309778 0.650778
vt 0.323087 0.640512
vt 0.317927 0.655163
vt 0.981100 0.412835
vt 0.979929 0.403258
vt 0.993759 0.808776
vt 0.993759 0.798555
vt 0.998178 0.799852
vt 0.438350 0.940435
vt 0.970047 0.973771
vt 0.964148 0.973574
vt 0.963680 0.962093
vt 0.844926 0.305772
vt 0.859999 0.304425
vt 0.858751 0.311391
vt 0.869529 0.309046
vt 0.758248 0.271594
vt 0.692796 0.262263
vt 0.932603 0.262346
vt 0.121553 0.838903
vt 0.114422 0.817288
vt 0.130783 0.815290
vt 0.602117 0.715437
vt 0.209717 0.728806
vt 0.601503 0.696735
vt 0.161625 0.735791
vt 0.644837 0.583471
vt 0.526213 0.095505
vt 0.239837 0.983789
vt 0.239837 0.996909
vt 0.233861 0.989879
vt 0.691898 0.370160
vt 0.256095 0.677248
vt 0.994506 0.720831
vt 0.994506 0.746376
vt 0.990332 0.731601
vt 0.594921 0.681341
vt 0.595205 0.698213
vt 0.590696 0.693614
vt 0.277238 0.655760
vt 0.274143 0.647636
vt 0.284131 0.647439
vt 0.271588 0.634361
vt 0.473345 0.803296
vt 0.457125 0.790658
vt 0.476934 0.790205
vt 0.357383 0.899260
vt 0.345696 0.918782
vt 0.350850 0.884155
vt 0.824871 0.705714
vt 0.823424 0.693076
vt 0.720698 0.311740
vt 0.710682 0.312244
vt 0.710682 0.302014
vt 0.487096 0.985017
vt 0.494638 0.987016
vt 0.487096 0.992638
vt 0.963680 0.988480
vt 0.868492 0.781291
vt 0.959294 0.855324
vt 0.965705 0.860196
vt 0.957857 0.862374
vt 0.500339 0.616905
vt 0.957569 0.259224
vt 0.201440 0.776457
vt 0.793927 0.759309
vt 0.771681 0.685032
vt 0.802713 0.963982
vt 0.806817 0.942583
vt 0.817664 0.950159
vt 0.786585 0.014540
vt 0.904138 0.634274
vt 0.476609 0.770355
vt 0.480202 0.768863
vt 0.480202 0.786983
vt 0.800433 0.975132
vt 0.651482 0.440031
vt 0.664694 0.466548
vt 0.010785 0.705756
vt 0.217601 0.996702
vt 0.217601 0.981038
vt 0.223415 0.993454
vt 0.288655 0.661571
vt 0.489890 0.094518
vt 0.350686 0.872461
vt 0.231802 0.990981
vt 0.231802 0.996321
vt 0.225475 0.992533
vt 0.981264 0.577311
vt 0.981264 0.558784
vt 0.988822 0.562691
vt 0.862282 0.785033
vt 0.968815 0.871157
vt 0.853231 0.298482
vt 0.791620 0.731929
vt 0.812015 0.074784
vt 0.231698 0.680729
vt 0.248361 0.690688
vt 0.134473 0.784703
vt 0.249802 0.666346
vt 0.645949 0.561086
vt 0.654426 0.496616
vt 0.669686 0.407851
vt 0.590696 0.620159
vt 0.598389 0.631612
vt 0.591932 0.634388
vt 0.516680 0.100687
vt 0.314528 0.671710
vt 0.305653 0.670331
vt 0.249593 0.946891
vt 0.590880 0.708580
vt 0.501955 0.099704
vt 0.267724 0.640780
vt 0.446832 0.797292
vt 0.357662 0.930162
vt 0.330940 0.930162
vt 0.762619 0.977954
vt 0.756906 0.968201
vt 0.764463 0.965672
vt 0.353025 0.848699
vt 0.491423 0.975222
vt 0.881740 0.777799
vt 0.739041 0.272686
vt 0.946525 0.113724
vt 0.101099 0.820040
vt 0.827544 0.122106
vt 0.131156 0.804645
vt 0.120714 0.799086
vt 0.146144 0.792465
vt 0.757729 0.654645
vt 0.940004 0.494165
vt 0.181496 0.711691
vt 0.168239 0.704092
vt 0.610095 0.194021
vt 0.596130 0.201785
vt 0.609482 0.176292
vt 0.668967 0.429473
vt 0.569806 0.137610
vt 0.321855 0.905532
vt 0.315329 0.875090
vt 0.321369 0.873909
vt 0.315147 0.868038
vt 0.320837 0.862961
vt 0.313287 0.861041
vt 0.988014 0.255046
vt 0.495514 0.101060
vt 0.300085 0.665679
vt 0.275780 0.670300
vt 0.509528 0.104510
vt 0.358460 0.864630
vt 0.366653 0.870596
vt 0.231551 0.981039
vt 0.283134 0.981574
vt 0.272601 0.972127
vt 0.282424 0.969598
vt 0.847247 0.291881
vt 0.869529 0.295622
vt 0.652756 0.278300
vt 0.202571 0.741612
vt 0.140221 0.756997
vt 0.755927 0.642257
vt 0.739994 0.664877
vt 0.802713 0.925861
vt 0.805407 0.012232
vt 0.009249 0.774371
vt 0.004987 0.761037
vt 0.572948 0.156308
vt 0.579823 0.148122
vt 0.591037 0.656837
vt 0.597767 0.638311
vt 0.597462 0.654081
vt 0.321855 0.850254
vt 0.315623 0.852162
vt 0.978800 0.401199
vt 0.972790 0.398917
vt 0.975149 0.382179
vt 0.294773 0.673718
vt 0.287557 0.676141
vt 0.192479 0.903259
vt 0.186625 0.900536
vt 0.272106 0.670575
vt 0.251862 0.677516
vt 0.446897 0.812532
vt 0.639056 0.976720
vt 0.639056 0.966493
vt 0.646969 0.973712
vt 0.757653 0.962233
vt 0.272592 0.962062
vt 0.286405 0.962062
vt 0.900687 0.361194
vt 0.904000 0.781913
vt 0.110442 0.794167
vt 0.213895 0.689488
vt 0.804489 0.043424
vt 0.794190 0.010717
vt 0.916662 0.636145
vt 0.006408 0.845241
vt 0.654961 0.522354
vt 0.312739 0.901801
vt 0.310381 0.890272
vt 0.684328 0.374973
vt 0.673968 0.381919
vt 0.264066 0.673834
vt 0.598062 0.718566
vt 0.914995 0.922516
vt 0.927263 0.913127
vt 0.921766 0.926899
vt 0.921959 0.899687
vt 0.909395 0.914458
vt 0.643568 0.989113
vt 0.365833 0.862342
vt 0.364900 0.850428
vt 0.767537 0.956205
vt 0.756906 0.947494
vt 0.367120 0.841286
vt 0.949283 0.799917
vt 0.354284 0.942124
vt 0.925811 0.117517
vt 0.195036 0.728833
vt 0.768126 0.660999
vt 0.231481 0.659394
vt 0.241452 0.661075
vt 0.192543 0.905319
vt 0.611830 0.196853
vt 0.593468 0.208537
vt 0.590696 0.679281
vt 0.971472 0.373612
vt 0.987260 0.630158
vt 0.987260 0.610885
vt 0.993435 0.620151
vt 0.233861 0.957990
vt 0.927491 0.953206
vt 0.918326 0.936324
vt 0.932184 0.946733
vt 0.366572 0.890068
vt 0.988723 0.885500
vt 0.988723 0.897095
vt 0.982538 0.885806
vt 0.964203 0.874491
vt 0.951774 0.868954
vt 0.578652 0.816038
vt 0.577648 0.825632
vt 0.571402 0.816192
vt 0.201942 0.695092
vt 0.823250 0.075850
vt 0.125809 0.759326
vt 0.792616 0.693575
vt 0.924074 0.491031
vt 0.927399 0.485018
vt 0.010516 0.862128
vt 0.001030 0.800397
vt 0.587491 0.190569
vt 0.590169 0.159931
vt 0.675705 0.454961
vt 0.552631 0.149691
vt 0.560300 0.136355
vt 0.678961 0.389815
vt 0.697227 0.394872
vt 0.978594 0.110878
vt 0.980542 0.132324
vt 0.971656 0.124293
vt 0.299969 0.688361
vt 0.494239 0.117932
vt 0.362935 0.912425
vt 0.060373 0.984073
vt 0.060373 0.993889
vt 0.052364 0.989058
vt 0.365853 0.880609
vt 0.992039 0.218669
vt 0.997936 0.225508
vt 0.992039 0.228295
vt 0.570061 0.832272
vt 0.567139 0.825304
vt 0.955339 0.876448
vt 0.853875 0.289426
vt 0.900741 0.339171
vt 0.506903 0.596363
vt 0.912528 0.250372
vt 0.917580 0.245521
vt 0.683879 0.256407
vt 0.928346 0.238703
vt 0.668055 0.253302
vt 0.781368 0.666630
vt 0.015511 0.864898
vt 0.806497 0.007961
vt 0.008175 0.804522
vt 0.609603 0.226059
vt 0.671483 0.496340
vt 0.675604 0.404341
vt 0.686344 0.428896
vt 0.310978 0.686866
vt 0.592184 0.722258
vt 0.277108 0.683497
vt 0.269771 0.682192
vt 0.290830 0.685388
vt 0.713874 0.733590
vt 0.720813 0.722538
vt 0.726358 0.737427
vt 0.978800 0.371145
vt 0.978221 0.138452
vt 0.913547 0.946584
vt 0.903544 0.918434
vt 0.901178 0.910733
vt 0.494638 0.960608
vt 0.487948 0.949540
vt 0.494164 0.950503
vt 0.997396 0.990744
vt 0.992611 0.994766
vt 0.992611 0.980487
vt 0.371202 0.861800
vt 0.375203 0.874467
vt 0.482326 0.949778
vt 0.484246 0.943205
vt 0.357613 0.987280
vt 0.356344 0.980947
vt 0.364162 0.987755
vt 0.608222 0.969587
vt 0.608222 0.991313
vt 0.601503 0.976728
vt 0.986615 0.459205
vt 0.986615 0.447944
vt 0.994268 0.451149
vt 0.364688 0.972667
vt 0.584615 0.832045
vt 0.377372 0.852678
vt 0.958044 0.886180
vt 0.951343 0.882264
vt 0.868207 0.771491
vt 0.746196 0.263820
vt 0.123823 0.729556
vt 0.800654 0.686450
vt 0.787177 0.658364
vt 0.822569 0.045438
vt 0.765380 0.639766
vt 0.237108 0.647277
vt 0.246527 0.647826
vt 0.827156 0.031367
vt 0.302556 0.870535
vt 0.963131 0.110878
vt 0.967126 0.127530
vt 0.952706 0.112776
vt 0.698650 0.380757
vt 0.957992 0.135310
vt 0.949544 0.137917
vt 0.977563 0.363085
vt 0.504812 0.113217
vt 0.259421 0.682666
vt 0.918490 0.960317
vt 0.901687 0.943895
vt 0.909206 0.928487
vt 0.367301 0.898520
vt 0.794039 0.955355
vt 0.785396 0.948606
vt 0.792943 0.947495
vt 0.475171 0.995273
vt 0.468313 0.990837
vt 0.475171 0.980909
vt 0.992463 0.840154
vt 0.985704 0.849523
vt 0.983969 0.839074
vt 0.575173 0.851382
vt 0.993973 0.442180
vt 0.381063 0.846280
vt 0.093389 0.996259
vt 0.093389 0.979392
vt 0.098353 0.984180
vt 0.892363 0.918297
vt 0.878237 0.910683
vt 0.891806 0.898772
vt 0.937855 0.110878
vt 0.673959 0.964705
vt 0.673959 0.979991
vt 0.659822 0.978360
vt 0.947660 0.241506
vt 0.201355 0.665337
vt 0.129847 0.723838
vt 0.216199 0.661709
vt 0.134041 0.714434
vt 0.143170 0.708083
vt 0.830165 0.023030
vt 0.159571 0.699972
vt 0.912061 0.611728
vt 0.922306 0.624844
vt 0.656925 0.570922
vt 0.556897 0.169206
vt 0.696309 0.399619
vt 0.552821 0.110584
vt 0.538014 0.109860
vt 0.549066 0.104227
vt 0.537875 0.116017
vt 0.274515 0.699832
vt 0.724350 0.748008
vt 0.972530 0.357309
vt 0.978543 0.354815
vt 0.971656 0.145587
vt 0.978335 0.143376
vt 0.803214 0.989832
vt 0.806667 0.984028
vt 0.806667 0.996798
vt 0.785396 0.971582
vt 0.426492 0.991438
vt 0.419650 0.996138
vt 0.419650 0.983596
vt 0.487196 0.973162
vt 0.482326 0.962133
vt 0.995163 0.892771
vt 0.990898 0.879686
vt 0.997011 0.881869
vt 0.568391 0.855148
vt 0.567139 0.843010
vt 0.997011 0.875037
vt 0.549270 0.995679
vt 0.546071 0.992280
vt 0.549270 0.989240
vt 0.591139 0.841392
vt 0.951343 0.893698
vt 0.062433 0.988403
vt 0.068210 0.984072
vt 0.068210 0.996874
vt 0.946065 0.333596
vt 0.759175 0.257785
vt 0.915750 0.237025
vt 0.917188 0.484337
vt 0.645097 0.264927
vt 0.640685 0.281037
vt 0.632549 0.272575
vt 0.007902 0.851760
vt 0.669011 0.523519
vt 0.586331 0.208639
vt 0.555263 0.125793
vt 0.590696 0.736517
vt 0.312112 0.701480
vt 0.295233 0.702491
vt 0.977243 0.147878
vt 0.367658 0.921585
vt 0.381177 0.882094
vt 0.584283 0.853357
vt 0.971656 0.156797
vt 0.971656 0.149937
vt 0.978458 0.156119
vt 0.888391 0.989842
vt 0.885792 0.995905
vt 0.883714 0.989842
vt 0.160505 0.984370
vt 0.160505 0.974752
vt 0.168048 0.980961
vt 0.356344 0.968795
vt 0.860644 0.284477
vt 0.208368 0.651232
vt 0.822884 0.006636
vt 0.574800 0.199719
vt 0.693303 0.456644
vt 0.687616 0.616642
vt 0.688730 0.596961
vt 0.697935 0.620953
vt 0.267932 0.699497
vt 0.258157 0.694945
vt 0.377389 0.907865
vt 0.798778 0.964438
vt 0.584888 0.857656
vt 0.580493 0.858170
vt 0.992463 0.852397
vt 0.993453 0.125741
vt 0.991931 0.121667
vt 0.997107 0.116085
vt 0.673959 0.983455
vt 0.664859 0.992024
vt 0.664859 0.982050
vt 0.964870 0.391191
vt 0.957095 0.386270
vt 0.960135 0.382062
vt 0.557044 0.996551
vt 0.551329 0.989434
vt 0.557044 0.989240
vt 0.991931 0.110878
vt 0.166492 0.992287
vt 0.960051 0.373047
vt 0.963626 0.363869
vt 0.969412 0.370548
vt 0.822437 0.988204
vt 0.818006 0.985199
vt 0.825264 0.974959
vt 0.969098 0.887067
vt 0.115534 0.697507
vt 0.836101 0.041104
vt 0.208067 0.644280
vt 0.926321 0.603434
vt 0.665679 0.519371
vt 0.682991 0.483249
vt 0.532344 0.121785
vt 0.297231 0.717089
vt 0.713874 0.767278
vt 0.906221 0.966406
vt 0.899449 0.952630
vt 0.897150 0.965718
vt 0.377515 0.916715
vt 0.897150 0.936435
vt 0.953627 0.394113
vt 0.965632 0.379531
vt 0.860569 0.989884
vt 0.860569 0.995830
vt 0.856999 0.992471
vt 0.442388 0.988434
vt 0.446512 0.992092
vt 0.442388 0.998203
vt 0.817237 0.966042
vt 0.825659 0.966042
vt 0.739440 0.256845
vt 0.482326 0.607204
vt 0.923562 0.232550
vt 0.785969 0.648325
vt 0.781105 0.633096
vt 0.228970 0.634203
vt 0.129771 0.697272
vt 0.146334 0.692757
vt 0.972224 0.703727
vt 0.978423 0.709075
vt 0.973085 0.713607
vt 0.588911 0.967733
vt 0.595789 0.964085
vt 0.596440 0.978186
vt 0.670563 0.503338
vt 0.628506 0.934717
vt 0.639912 0.951127
vt 0.626687 0.944971
vt 0.290637 0.708162
vt 0.468899 0.647509
vt 0.468605 0.643400
vt 0.472997 0.645179
vt 0.502513 0.140828
vt 0.511491 0.125343
vt 0.997992 0.672983
vt 0.993044 0.672885
vt 0.997992 0.660562
vt 0.949544 0.154284
vt 0.447830 0.988553
vt 0.964773 0.217933
vt 0.968395 0.208372
vt 0.968395 0.227717
vt 0.953627 0.365195
vt 0.958455 0.354815
vt 0.883130 0.887626
vt 0.869715 0.889560
vt 0.958391 0.465254
vt 0.973176 0.455177
vt 0.971348 0.481088
vt 0.220867 0.633060
vt 0.811213 0.981968
vt 0.802713 0.966042
vt 0.815177 0.966042
vt 0.991069 0.373031
vt 0.991069 0.354815
vt 0.996826 0.358455
vt 0.767250 0.626279
vt 0.108722 0.683190
vt 0.115642 0.684474
vt 0.106883 0.696112
vt 0.925763 0.467721
vt 0.913050 0.472184
vt 0.908528 0.471395
vt 0.540447 0.149033
vt 0.701487 0.430222
vt 0.310691 0.724707
vt 0.720364 0.943850
vt 0.722118 0.926761
vt 0.726062 0.941895
vt 0.472800 0.657459
vt 0.845584 0.995312
vt 0.839510 0.996417
vt 0.845125 0.989722
vt 0.839510 0.986819
vt 0.448908 0.654637
vt 0.455534 0.646687
vt 0.460115 0.650476
vt 0.586775 0.630455
vt 0.581941 0.620884
vt 0.588636 0.620159
vt 0.518431 0.142164
vt 0.496698 0.955904
vt 0.502178 0.943205
vt 0.502830 0.955300
vt 0.969596 0.140067
vt 0.508070 0.946497
vt 0.992926 0.662568
vt 0.954898 0.375154
vt 0.907029 0.323526
vt 0.747568 0.253302
vt 0.842866 0.010616
vt 0.140953 0.689032
vt 0.676880 0.550291
vt 0.689569 0.517345
vt 0.583009 0.648968
vt 0.578573 0.638769
vt 0.472997 0.664654
vt 0.471123 0.671823
vt 0.468260 0.668775
vt 0.520556 0.137775
vt 0.520313 0.122629
vt 0.970974 0.181689
vt 0.970644 0.159103
vt 0.979886 0.178761
vt 0.464312 0.671404
vt 0.502462 0.975047
vt 0.508070 0.974087
vt 0.500457 0.963904
vt 0.450604 0.633945
vt 0.445281 0.650886
vt 0.960228 0.157044
vt 0.468646 0.633060
vt 0.031720 0.943146
vt 0.025415 0.955452
vt 0.017094 0.950337
vt 0.014989 0.957123
vt 0.031720 0.966251
vt 0.383911 0.904487
vt 0.939661 0.780310
vt 0.830669 0.001030
vt 0.934468 0.613035
vt 0.668015 0.587354
vt 0.890450 0.979331
vt 0.892273 0.969335
vt 0.894749 0.978359
vt 0.997366 0.042251
vt 0.993785 0.035061
vt 0.997366 0.030356
vt 0.670327 0.563153
vt 0.608673 0.266899
vt 0.604201 0.231301
vt 0.613584 0.228664
vt 0.698830 0.502152
vt 0.698712 0.500215
vt 0.696949 0.435036
vt 0.295510 0.736055
vt 0.312652 0.737670
vt 0.313720 0.748556
vt 0.707894 0.436553
vt 0.289950 0.731227
vt 0.626687 0.963902
vt 0.713274 0.423542
vt 0.714583 0.417450
vt 0.724186 0.432234
vt 0.715307 0.410624
vt 0.725780 0.422920
vt 0.693728 0.639755
vt 0.726493 0.406424
vt 0.715910 0.399146
vt 0.926273 0.461851
vt 0.941875 0.489636
vt 0.818270 0.789881
vt 0.802713 0.789555
vt 0.810523 0.784272
vt 0.121778 0.674978
vt 0.120538 0.666098
vt 0.959053 0.681795
vt 0.946875 0.662328
vt 0.967026 0.683639
vt 0.599603 0.290072
vt 0.894749 0.984543
vt 0.154324 0.670582
vt 0.146802 0.678383
vt 0.631206 0.266369
vt 0.678599 0.521940
vt 0.588043 0.232734
vt 0.572155 0.220664
vt 0.991057 0.580467
vt 0.991057 0.608826
vt 0.987260 0.581576
vt 0.292072 0.744101
vt 0.701968 0.665609
vt 0.692668 0.663655
vt 0.692068 0.652766
vt 0.579409 0.658293
vt 0.583201 0.664627
vt 0.530824 0.159166
vt 0.525562 0.159831
vt 0.646969 0.964433
vt 0.713094 0.434298
vt 0.471311 0.683190
vt 0.726062 0.964533
vt 0.970644 0.198715
vt 0.457569 0.683972
vt 0.700059 0.638769
vt 0.583426 0.879354
vt 0.871750 0.876863
vt 0.911760 0.460301
vt 0.944867 0.671114
vt 0.097825 0.675820
vt 0.111058 0.654204
vt 0.893272 0.990609
vt 0.598062 0.763726
vt 0.590703 0.789114
vt 0.592042 0.756154
vt 0.423837 0.970998
vt 0.427920 0.972391
vt 0.426124 0.981171
vt 0.126753 0.659530
vt 0.967026 0.650687
vt 0.954277 0.647286
vt 0.996979 0.649691
vt 0.991297 0.639609
vt 0.996979 0.632851
vt 0.427920 0.966199
vt 0.687704 0.792815
vt 0.684861 0.782679
vt 0.693437 0.784105
vt 0.131400 0.653029
vt 0.148852 0.661902
vt 0.816643 0.769094
vt 0.810772 0.774040
vt 0.814094 0.763778
vt 0.802713 0.760399
vt 0.992792 0.633072
vt 0.810976 0.758325
vt 0.153774 0.657150
vt 0.130310 0.648019
vt 0.949917 0.632851
vt 0.140173 0.640749
vt 0.949040 0.645890
vt 0.157846 0.648844
vt 0.966059 0.632971
vt 0.595312 0.232886
vt 0.969086 0.695737
vt 0.978828 0.685127
vt 0.599298 0.954998
vt 0.582404 0.673890
vt 0.578973 0.681506
vt 0.696678 0.676942
vt 0.296336 0.762823
vt 0.944867 0.595681
vt 0.946630 0.580467
vt 0.967266 0.588337
vt 0.465223 0.687854
vt 0.509822 0.157141
vt 0.576522 0.882343
vt 0.391873 0.996796
vt 0.386615 0.996560
vt 0.391873 0.989612
vt 0.937194 0.320390
vt 0.921245 0.315311
vt 0.860990 0.962671
vt 0.854663 0.955887
vt 0.864844 0.945669
vt 0.844436 0.952482
vt 0.858908 0.944313
vt 0.844436 0.940029
vt 0.939926 0.231185
vt 0.615911 0.298567
vt 0.143958 0.684068
vt 0.682771 0.806059
vt 0.688438 0.799385
vt 0.695090 0.808521
vt 0.612811 0.278365
vt 0.691296 0.777443
vt 0.688543 0.770989
vt 0.695674 0.774895
vt 0.597907 0.740548
vt 0.597673 0.755642
vt 0.690520 0.761708
vt 0.809496 0.737215
vt 0.815290 0.745898
vt 0.590703 0.738577
vt 0.134992 0.639253
vt 0.714944 0.683751
vt 0.716016 0.678219
vt 0.721304 0.684595
vt 0.723023 0.679582
vt 0.723023 0.707531
vt 0.717931 0.707576
vt 0.720722 0.699924
vt 0.720316 0.657843
vt 0.983639 0.027424
vt 0.991726 0.034616
vt 0.983639 0.042250
vt 0.969324 0.687333
vt 0.588911 0.944427
vt 0.699990 0.477866
vt 0.312920 0.761917
vt 0.291451 0.758890
vt 0.710722 0.454582
vt 0.535201 0.178428
vt 0.945201 0.605002
vt 0.956159 0.601726
vt 0.470680 0.702953
vt 0.979205 0.552247
vt 0.974836 0.542567
vt 0.976452 0.532042
vt 0.890709 0.881777
vt 0.917278 0.771491
vt 0.948840 0.465760
vt 0.949268 0.485042
vt 0.940858 0.597980
vt 0.902742 0.458974
vt 0.114655 0.646743
vt 0.121801 0.633060
vt 0.587661 0.234997
vt 0.323087 0.846469
vt 0.302472 0.845904
vt 0.317536 0.842143
vt 0.719191 0.720478
vt 0.316416 0.824327
vt 0.315895 0.830373
vt 0.305985 0.828535
vt 0.267051 0.829634
vt 0.266209 0.818850
vt 0.276546 0.824667
vt 0.263093 0.822230
vt 0.991086 0.542750
vt 0.996874 0.545286
vt 0.992011 0.549800
vt 0.030103 0.972561
vt 0.035033 0.970361
vt 0.035033 0.993525
vt 0.566790 0.218417
vt 0.266473 0.761586
vt 0.269716 0.754291
vt 0.282449 0.761600
vt 0.966983 0.615293
vt 0.956754 0.615472
vt 0.279052 0.748263
vt 0.521540 0.176423
vt 0.713366 0.452679
vt 0.724824 0.448050
vt 0.522048 0.181066
vt 0.974836 0.559393
vt 0.882790 0.870940
vt 0.693959 0.571725
vt 0.713874 0.697395
vt 0.696020 0.757233
vt 0.585624 0.748185
vt 0.585792 0.761407
vt 0.581724 0.747845
vt 0.582024 0.741635
vt 0.694075 0.739437
vt 0.698176 0.735124
vt 0.696779 0.745433
vt 0.298719 0.823600
vt 0.311777 0.818298
vt 0.311713 0.777764
vt 0.296187 0.783848
vt 0.290132 0.775448
vt 0.571209 0.682965
vt 0.467884 0.706019
vt 0.095741 0.903866
vt 0.093245 0.907492
vt 0.093245 0.888205
vt 0.895910 0.286656
vt 0.891558 0.302556
vt 0.887204 0.288275
vt 0.863106 0.935264
vt 0.882978 0.308496
vt 0.872181 0.311391
vt 0.871589 0.295133
vt 0.904661 0.448189
vt 0.702130 0.786700
vt 0.683499 0.562765
vt 0.692496 0.543014
vt 0.597447 0.272213
vt 0.450793 0.958691
vt 0.457912 0.940854
vt 0.466253 0.950153
vt 0.897151 0.978386
vt 0.905813 0.968466
vt 0.905813 0.987245
vt 0.988987 0.925244
vt 0.985249 0.915790
vt 0.990187 0.912295
vt 0.597441 0.943577
vt 0.295503 0.835012
vt 0.292370 0.828150
vt 0.298476 0.811651
vt 0.265043 0.814851
vt 0.996874 0.532042
vt 0.312051 0.807516
vt 0.988272 0.731076
vt 0.982750 0.730243
vt 0.979711 0.720831
vt 0.544305 0.196275
vt 0.700740 0.692710
vt 0.707749 0.687259
vt 0.976346 0.577360
vt 0.875152 0.286656
vt 0.957529 0.448560
vt 0.971912 0.442899
vt 0.900687 0.447338
vt 0.706670 0.810684
vt 0.575372 0.756661
vt 0.583826 0.784838
vt 0.296946 0.847213
vt 0.704573 0.749901
vt 0.690164 0.521343
vt 0.707806 0.732613
vt 0.985249 0.899687
vt 0.287451 0.819053
vt 0.677045 0.947524
vt 0.669071 0.960468
vt 0.670717 0.943324
vt 0.659822 0.962645
vt 0.093169 0.940107
vt 0.093169 0.926105
vt 0.094982 0.933778
vt 0.277703 0.812389
vt 0.296969 0.801860
vt 0.310907 0.787775
vt 0.288683 0.796177
vt 0.264921 0.787772
vt 0.266137 0.771074
vt 0.276757 0.797776
vt 0.967266 0.630792
vt 0.471247 0.726563
vt 0.471617 0.714169
vt 0.578506 0.690796
vt 0.921402 0.595862
vt 0.931780 0.593261
vt 0.283809 0.848194
vt 0.286272 0.837543
vt 0.455987 0.967923
vt 0.680712 0.945025
vt 0.573981 0.730729
vt 0.580891 0.733896
vt 0.701481 0.722456
vt 0.264461 0.805679
vt 0.574601 0.724617
vt 0.289360 0.805384
vt 0.710610 0.492424
vt 0.979711 0.744380
vt 0.264652 0.796183
vt 0.710223 0.709997
vt 0.703010 0.706533
vt 0.079966 0.988040
vt 0.071693 0.976443
vt 0.079966 0.968456
vt 0.282633 0.784991
vt 0.578142 0.707328
vt 0.568799 0.694890
vt 0.712364 0.475072
vt 0.713219 0.463548
vt 0.726092 0.465464
vt 0.480167 0.751537
vt 0.476609 0.732085
vt 0.480167 0.728623
vt 0.948840 0.442180
vt 0.892363 0.867817
vt 0.942807 0.582701
vt 0.575734 0.813978
vt 0.588636 0.813581
vt 0.709571 0.762806
vt 0.575930 0.237524
vt 0.466253 0.963854
vt 0.288678 0.826111
vt 0.969086 0.675043
vt 0.275992 0.829305
vt 0.659875 0.949501
vt 0.566955 0.229017
vt 0.311863 0.791621
vt 0.724102 0.485362
vt 0.726493 0.476913
vt 0.532070 0.197869
vt 0.915730 0.451019
vt 0.693835 0.810532
vt 0.705794 0.815355
vt 0.996914 0.978427
vt 0.992611 0.964801
vt 0.996914 0.962732
vt 0.574703 0.792920
vt 0.697558 0.520398
vt 0.598228 0.936447
vt 0.300262 0.982979
vt 0.296940 0.964963
vt 0.300262 0.962062
vt 0.659822 0.934717
vt 0.709166 0.511091
vt 0.553634 0.214517
vt 0.541338 0.221208
vt 0.540779 0.210568
vt 0.568069 0.704733
vt 0.477011 0.752677
vt 0.937021 0.580467
vt 0.686187 0.590305
vt 0.698420 0.564731
vt 0.705242 0.535989
vt 0.567139 0.721507
vt 0.575213 0.715365
vt 0.711814 0.783843
vt 0.703324 0.545123
vt 0.569570 0.255616
vt 0.711660 0.528711
vt 0.288464 0.983106
vt 0.567435 0.737379
vt 0.723600 0.502115
vt 0.480163 0.766803
vt 0.530674 0.201082
vt 0.909644 0.444199
vt 0.941538 0.582866
vt 0.586515 0.281599
vt 0.570373 0.769241
vt 0.577590 0.265227
vt 0.711015 0.739642
vt 0.593199 0.856123
vt 0.593502 0.838549
vt 0.598834 0.844355
vt 0.593199 0.816037
vt 0.597032 0.828144
vt 0.721806 0.517783
vt 0.548014 0.232343
vt 0.706850 0.594902
vt 0.700408 0.575943
vt 0.602771 0.305964
vt 0.592949 0.289841
vt 0.570648 0.796989
vt 0.709550 0.554770
vt 0.566559 0.267147
vt 0.555878 0.247075
vt 0.904042 0.442180
vt 0.475057 0.655491
vt 0.479347 0.633060
vt 0.479307 0.655111
vt 0.715927 0.549078
vt 0.711814 0.814141
vt 0.841659 0.312951
vt 0.836840 0.311510
vt 0.842387 0.308186
vt 0.594668 0.310065
vt 0.578495 0.290854
vt 0.476177 0.675616
vt 0.836840 0.290591
vt 0.479347 0.680677
vt 0.476900 0.705298
vt 0.711410 0.575494
vt 0.988838 0.883440
vt 0.982538 0.863711
vt 0.988838 0.855324
vt 0.590102 0.313251
s 1
usemtl Material
f 1/1/1 2/2/2 3/3/3
f 4/4/4 5/5/5 6/6/6
f 4/4/4 3/3/3 5/5/5
f 3/3/3 7/7/7 5/5/5
f 2/2/2 8/8/8 7/7/7
f 9/9/9 4/4/4 10/10/10
f 10/10/10 4/4/4 6/6/6
f 11/11/11 12/12/12 2/2/2
f 2/2/2 7/7/7 3/3/3
f 2/2/2 12/12/12 8/8/8
f 7/7/7 13/13/13 5/5/5
f 14/14/14 1/1/1 3/3/3
f 15/15/15 11/11/11 2/2/2
f 1/1/1 15/15/15 2/2/2
f 5/5/5 16/16/16 6/6/6
f 13/13/13 16/16/16 5/5/5
f 17/17/17 1/1/1 14/14/14
f 4/4/4 14/14/14 3/3/3
f 6/6/6 16/16/16 18/18/18
f 12/12/12 19/19/19 8/8/8
f 7/7/7 8/8/8 13/13/13
f 13/13/13 20/20/20 16/16/16
f 21/21/21 22/22/22 23/23/23
f 22/22/22 24/24/24 23/23/23
f 24/24/24 25/25/25 26/26/26
f 24/24/24 22/22/22 25/25/25
f 25/25/25 22/22/22 27/27/27
f 21/21/21 17/17/17 22/22/22
f 27/27/27 28/28/28 25/25/25
f 28/28/28 27/27/27 9/9/9
f 4/4/4 27/27/27 14/14/14
f 9/9/9 27/27/27 4/4/4
f 15/15/15 29/29/29 11/11/11
f 10/30/10 6/31/6 30/32/30
f 6/31/6 18/33/18 30/32/30
f 16/16/16 31/34/31 18/18/18
f 16/16/16 20/20/20 32/35/32
f 33/36/33 24/24/24 26/26/26
f 33/36/33 23/23/23 24/24/24
f 34/37/34 21/21/21 23/23/23
f 25/25/25 35/38/35 26/26/26
f 35/38/35 25/25/25 36/39/36
f 34/37/34 37/40/37 21/21/21
f 22/22/22 14/14/14 27/27/27
f 17/17/17 14/14/14 22/22/22
f 10/10/10 38/41/38 9/9/9
f 11/11/11 39/42/39 12/12/12
f 39/42/39 40/43/40 12/12/12
f 41/44/41 42/45/42 43/46/43
f 43/46/43 44/47/44 45/48/45
f 45/48/45 44/47/44 46/49/46
f 43/46/43 42/45/42 44/47/44
f 44/47/44 47/50/47 46/49/46
f 48/51/48 44/47/44 42/45/42
f 44/47/44 48/51/48 49/52/49
f 42/45/42 50/53/50 48/51/48
f 51/54/51 50/53/50 42/45/42
f 51/54/51 52/55/52 50/53/50
f 48/51/48 53/56/53 49/52/49
f 48/51/48 33/36/33 53/56/53
f 50/53/50 34/37/34 33/36/33
f 33/36/33 26/26/26 53/56/53
f 34/37/34 23/23/23 33/36/33
f 36/57/36 25/58/25 54/59/54
f 25/58/25 28/60/28 54/59/54
f 28/28/28 9/9/9 54/61/54
f 55/62/55 15/15/15 56/63/56
f 56/63/56 15/15/15 1/1/1
f 17/17/17 56/63/56 1/1/1
f 54/61/54 9/9/9 38/41/38
f 15/15/15 55/62/55 29/29/29
f 57/64/57 11/11/11 29/29/29
f 57/64/57 39/42/39 11/11/11
f 31/34/31 58/65/58 18/18/18
f 32/35/32 31/34/31 16/16/16
f 8/8/8 59/66/59 13/13/13
f 60/67/60 51/54/51 41/44/41
f 41/44/41 51/54/51 42/45/42
f 46/49/46 47/50/47 61/68/61
f 49/52/49 47/50/47 44/47/44
f 50/53/50 33/36/33 48/51/48
f 49/52/49 35/38/35 62/69/62
f 49/52/49 62/69/62 47/50/47
f 52/55/52 34/37/34 50/53/50
f 53/56/53 35/38/35 49/52/49
f 53/56/53 26/26/26 35/38/35
f 52/55/52 63/70/63 34/37/34
f 63/70/63 37/40/37 34/37/34
f 35/38/35 36/39/36 62/69/62
f 37/40/37 56/63/56 21/21/21
f 21/21/21 56/63/56 17/17/17
f 30/71/30 18/18/18 64/72/64
f 65/73/65 40/43/40 39/42/39
f 19/19/19 59/66/59 8/8/8
f 62/74/62 66/75/66 67/76/67
f 62/74/62 36/57/36 66/75/66
f 36/57/36 54/59/54 66/75/66
f 37/40/37 68/77/68 56/63/56
f 57/64/57 69/78/69 39/42/39
f 30/71/30 64/72/64 70/79/70
f 12/12/12 40/43/40 71/80/71
f 59/66/59 20/20/20 13/13/13
f 43/81/43 72/82/72 41/83/41
f 47/84/47 73/85/73 74/86/74
f 75/87/75 63/70/63 52/55/52
f 76/88/76 29/29/29 55/62/55
f 10/30/10 30/32/30 77/89/77
f 78/90/78 65/73/65 39/42/39
f 78/90/78 79/91/79 65/73/65
f 79/91/79 80/92/80 81/93/81
f 64/72/64 82/94/82 70/79/70
f 82/94/82 83/95/83 70/79/70
f 81/93/81 65/73/65 79/91/79
f 64/72/64 18/18/18 82/94/82
f 71/80/71 19/19/19 12/12/12
f 61/96/61 84/97/84 46/98/46
f 60/67/60 85/99/85 51/54/51
f 47/84/47 74/86/74 61/100/61
f 51/54/51 85/99/85 52/55/52
f 47/50/47 62/69/62 73/101/73
f 52/55/52 85/99/85 75/87/75
f 62/74/62 67/76/67 73/85/73
f 63/70/63 68/77/68 37/40/37
f 55/62/55 56/63/56 68/77/68
f 38/41/38 86/102/86 54/61/54
f 38/103/38 10/30/10 77/89/77
f 87/104/87 88/105/88 89/106/89
f 90/107/90 91/108/91 92/109/92
f 89/106/89 88/105/88 93/110/93
f 93/110/93 80/92/80 79/91/79
f 94/111/94 90/107/90 92/109/92
f 83/95/83 95/112/95 91/108/91
f 81/93/81 96/113/96 65/73/65
f 82/94/82 95/112/95 83/95/83
f 65/73/65 96/113/96 40/43/40
f 18/18/18 58/65/58 82/94/82
f 32/35/32 97/114/97 31/34/31
f 41/83/41 98/115/98 60/116/60
f 46/98/46 99/117/99 45/118/45
f 46/98/46 84/97/84 99/117/99
f 75/87/75 100/119/100 63/70/63
f 100/119/100 68/77/68 63/70/63
f 54/61/54 86/102/86 66/120/66
f 68/77/68 76/88/76 55/62/55
f 29/29/29 76/88/76 101/121/101
f 39/42/39 69/78/69 78/90/78
f 90/107/90 83/95/83 91/108/91
f 102/122/102 103/123/103 104/124/104
f 105/125/105 88/105/88 87/104/87
f 88/105/88 80/92/80 93/110/93
f 94/111/94 92/109/92 106/126/106
f 105/125/105 107/127/107 88/105/88
f 107/127/107 108/128/108 88/105/88
f 109/129/109 80/92/80 88/105/88
f 109/129/109 81/93/81 80/92/80
f 71/80/71 40/43/40 96/113/96
f 58/65/58 31/34/31 97/114/97
f 110/130/110 59/66/59 19/19/19
f 111/131/111 20/20/20 59/66/59
f 112/132/112 113/133/113 114/134/114
f 115/135/115 116/136/116 117/137/117
f 118/138/118 119/139/119 120/140/120
f 121/141/121 122/142/122 123/143/123
f 119/139/119 124/144/124 125/145/125
f 121/141/121 126/146/126 122/142/122
f 121/141/121 127/147/127 126/146/126
f 125/145/125 124/144/124 128/148/128
f 129/149/129 98/150/98 72/151/72
f 72/82/72 98/115/98 41/83/41
f 130/152/130 43/81/43 45/118/45
f 130/152/130 45/118/45 99/117/99
f 101/121/101 57/64/57 29/29/29
f 30/32/30 70/153/70 131/154/131
f 70/79/70 83/95/83 132/155/132
f 93/110/93 79/91/79 78/90/78
f 132/155/132 83/95/83 90/107/90
f 133/156/133 106/126/106 102/122/102
f 94/111/94 106/126/106 133/156/133
f 106/126/106 103/123/103 102/122/102
f 134/157/134 107/127/107 105/125/105
f 135/158/135 103/123/103 106/126/106
f 134/157/134 136/159/136 107/127/107
f 108/128/108 109/129/109 88/105/88
f 71/80/71 110/130/110 19/19/19
f 20/20/20 111/131/111 137/160/137
f 138/161/138 114/162/114 113/163/113
f 139/164/139 120/140/120 140/165/140
f 140/165/140 120/140/120 141/166/141
f 142/167/142 123/143/123 143/168/143
f 143/168/143 123/143/123 144/169/144
f 123/143/123 122/142/122 144/169/144
f 145/170/145 119/139/119 125/145/125
f 118/138/118 124/144/124 119/139/119
f 146/171/146 147/172/147 124/144/124
f 124/144/124 147/172/147 128/148/128
f 127/147/127 148/173/148 126/146/126
f 149/174/149 98/150/98 129/149/129
f 150/175/150 99/176/99 84/177/84
f 149/174/149 60/67/60 98/150/98
f 151/178/151 99/176/99 150/175/150
f 151/178/151 130/179/130 99/176/99
f 72/82/72 43/81/43 152/180/152
f 43/81/43 130/152/130 152/180/152
f 153/181/153 61/100/61 154/182/154
f 67/76/67 66/75/66 155/183/155
f 38/103/38 77/89/77 86/184/86
f 30/32/30 156/185/156 77/89/77
f 89/106/89 78/90/78 157/186/157
f 78/90/78 69/78/69 157/186/157
f 87/104/87 89/106/89 158/187/158
f 93/110/93 78/90/78 89/106/89
f 159/188/159 160/189/160 161/190/161
f 160/189/160 162/191/162 161/190/161
f 163/192/163 105/125/105 87/104/87
f 104/124/104 164/193/164 102/122/102
f 160/189/160 165/194/165 166/195/166
f 164/193/164 104/124/104 167/196/167
f 167/196/167 168/197/168 169/198/169
f 167/196/167 104/124/104 168/197/168
f 166/195/166 162/191/162 160/189/160
f 104/124/104 170/199/170 168/197/168
f 162/191/162 136/159/136 134/157/134
f 166/195/166 171/200/171 162/191/162
f 104/201/104 103/202/103 172/203/172
f 92/109/92 173/204/173 106/126/106
f 58/65/58 174/205/174 82/94/82
f 20/20/20 137/160/137 32/35/32
f 32/206/32 175/207/175 97/208/97
f 176/209/176 177/210/177 178/211/178
f 112/132/112 179/212/179 113/133/113
f 115/135/115 180/213/180 116/136/116
f 115/214/115 117/215/117 181/216/181
f 116/217/116 182/218/182 117/219/117
f 113/220/113 183/221/183 138/222/138
f 184/223/184 185/224/185 140/165/140
f 184/223/184 140/165/140 141/166/141
f 186/225/186 143/168/143 187/226/187
f 188/227/188 143/168/143 144/169/144
f 120/140/120 145/170/145 141/166/141
f 120/140/120 119/139/119 145/170/145
f 139/164/139 118/138/118 120/140/120
f 121/141/121 123/143/123 142/167/142
f 142/167/142 127/147/127 121/141/121
f 118/138/118 146/171/146 124/144/124
f 189/228/189 148/173/148 127/147/127
f 190/229/190 150/175/150 191/230/191
f 192/231/192 129/149/129 193/232/193
f 191/230/191 153/233/153 194/234/194
f 192/231/192 195/235/195 129/149/129
f 191/230/191 150/175/150 153/233/153
f 195/235/195 149/174/149 129/149/129
f 193/232/193 129/149/129 72/151/72
f 153/233/153 150/175/150 84/177/84
f 153/236/153 84/97/84 61/96/61
f 152/237/152 130/179/130 151/178/151
f 154/182/154 61/100/61 74/86/74
f 196/238/196 68/77/68 100/119/100
f 86/184/86 197/239/197 66/75/66
f 69/78/69 57/64/57 101/121/101
f 161/190/161 162/191/162 134/157/134
f 132/155/132 90/107/90 198/240/198
f 164/193/164 167/196/167 199/241/199
f 134/157/134 105/125/105 163/192/163
f 198/240/198 90/107/90 94/111/94
f 200/242/200 199/243/199 201/244/201
f 159/188/159 165/194/165 160/189/160
f 169/245/169 201/244/201 199/243/199
f 167/246/167 169/247/169 199/248/199
f 202/249/202 203/250/203 204/251/204
f 202/249/202 205/252/205 165/194/165
f 204/251/204 205/252/205 202/249/202
f 205/252/205 166/195/166 165/194/165
f 136/159/136 162/191/162 171/200/171
f 172/253/172 170/199/170 104/124/104
f 206/254/206 107/255/107 136/256/136
f 103/123/103 135/158/135 172/253/172
f 135/158/135 106/126/106 173/204/173
f 207/257/207 95/112/95 82/94/82
f 207/257/207 82/94/82 174/205/174
f 111/131/111 59/66/59 110/130/110
f 176/209/176 208/258/208 177/210/177
f 209/259/209 178/211/178 177/210/177
f 210/260/210 115/135/115 211/261/211
f 212/262/212 211/261/211 115/135/115
f 112/132/112 213/263/213 214/264/214
f 210/260/210 180/213/180 115/135/115
f 215/265/215 179/212/179 214/264/214
f 214/264/214 179/212/179 112/132/112
f 212/262/212 115/135/115 181/266/181
f 182/267/182 216/268/216 117/269/117
f 185/224/185 184/223/184 217/270/217
f 218/271/218 183/221/183 187/226/187
f 184/223/184 141/166/141 216/268/216
f 187/272/187 143/273/143 219/274/219
f 219/275/219 143/168/143 188/227/188
f 186/225/186 220/276/220 143/168/143
f 141/277/141 145/278/145 221/279/221
f 220/276/220 142/167/142 143/168/143
f 144/280/144 122/281/122 222/282/222
f 118/138/118 223/283/223 146/171/146
f 142/167/142 224/284/224 127/147/127
f 126/285/126 225/286/225 226/287/226
f 227/288/227 147/172/147 146/171/146
f 126/146/126 148/173/148 225/289/225
f 228/290/228 148/173/148 189/228/189
f 228/290/228 229/291/229 148/173/148
f 190/229/190 191/230/191 230/292/230
f 191/293/191 194/294/194 231/295/231
f 193/232/193 72/151/72 232/296/232
f 232/296/232 72/151/72 152/237/152
f 85/99/85 60/67/60 233/297/233
f 74/86/74 73/85/73 155/183/155
f 85/99/85 234/298/234 75/87/75
f 234/298/234 100/119/100 75/87/75
f 235/299/235 76/88/76 68/77/68
f 156/185/156 30/32/30 131/154/131
f 202/249/202 159/188/159 236/300/236
f 134/157/134 237/301/237 161/190/161
f 89/106/89 157/186/157 158/187/158
f 202/249/202 165/194/165 159/188/159
f 87/104/87 158/187/158 163/192/163
f 238/302/238 94/111/94 133/156/133
f 200/242/200 201/244/201 239/303/239
f 169/245/169 240/304/240 201/244/201
f 201/244/201 240/304/240 239/303/239
f 241/305/241 172/306/172 135/307/135
f 107/127/107 206/308/206 242/309/242
f 242/309/242 108/128/108 107/127/107
f 95/310/95 243/311/243 91/312/91
f 91/313/91 243/314/243 92/315/92
f 244/316/244 245/317/245 246/318/246
f 247/319/247 245/320/245 244/321/244
f 248/322/248 249/323/249 250/324/250
f 249/325/249 248/326/248 251/327/251
f 248/326/248 252/328/252 251/327/251
f 253/329/253 254/330/254 255/331/255
f 214/264/214 256/332/256 257/333/257
f 213/263/213 256/332/256 214/264/214
f 257/333/257 215/265/215 214/264/214
f 112/334/112 258/335/258 213/336/213
f 112/334/112 114/337/114 258/335/258
f 212/338/212 181/216/181 259/339/259
f 217/270/217 184/223/184 182/267/182
f 182/267/182 184/223/184 216/268/216
f 117/215/117 216/340/216 260/341/260
f 141/277/141 221/279/221 261/342/261
f 220/276/220 262/343/262 142/167/142
f 126/146/126 226/344/226 122/142/122
f 227/288/227 146/171/146 223/283/223
f 128/345/128 263/346/263 125/347/125
f 263/346/263 128/345/128 264/348/264
f 128/345/128 147/349/147 264/348/264
f 147/172/147 265/350/265 266/351/266
f 148/173/148 267/352/267 225/289/225
f 268/353/268 147/172/147 227/288/227
f 189/228/189 269/354/269 228/290/228
f 147/172/147 268/353/268 265/350/265
f 148/355/148 229/356/229 267/357/267
f 229/291/229 228/290/228 270/358/270
f 270/358/270 271/359/271 229/291/229
f 272/360/272 192/361/192 193/362/193
f 273/363/273 195/235/195 192/231/192
f 190/229/190 274/364/274 150/175/150
f 150/175/150 274/364/274 151/178/151
f 232/296/232 152/237/152 151/178/151
f 275/365/275 60/67/60 149/174/149
f 73/85/73 67/76/67 155/183/155
f 86/184/86 77/89/77 276/366/276
f 277/367/277 203/250/203 202/249/202
f 132/155/132 131/368/131 70/79/70
f 278/369/278 200/242/200 239/303/239
f 237/301/237 134/157/134 163/192/163
f 279/370/279 81/93/81 109/129/109
f 279/371/279 280/372/280 81/373/81
f 281/374/281 71/80/71 96/113/96
f 97/114/97 174/205/174 58/65/58
f 246/318/246 177/210/177 208/258/208
f 282/375/282 178/376/178 283/377/283
f 245/317/245 177/210/177 246/318/246
f 284/378/284 285/379/285 178/211/178
f 285/380/285 283/377/283 178/376/178
f 286/381/286 285/379/285 284/378/284
f 209/382/209 250/383/250 286/384/286
f 286/385/286 250/386/250 249/387/249
f 287/388/287 249/325/249 251/327/251
f 288/389/288 252/328/252 248/326/248
f 289/390/289 251/391/251 252/392/252
f 251/327/251 290/393/290 287/388/287
f 290/393/290 291/394/291 287/388/287
f 287/395/287 291/396/291 292/397/292
f 293/398/293 289/390/289 252/392/252
f 294/399/294 295/400/295 290/393/290
f 296/401/296 297/402/297 298/403/298
f 299/404/299 254/330/254 253/329/253
f 297/402/297 300/405/300 298/403/298
f 255/331/255 254/330/254 301/406/301
f 301/406/301 254/330/254 210/260/210
f 297/402/297 302/407/302 300/405/300
f 213/263/213 300/405/300 256/332/256
f 210/260/210 303/408/303 180/213/180
f 183/221/183 218/271/218 138/222/138
f 304/409/304 183/221/183 113/220/113
f 183/221/183 304/409/304 186/225/186
f 183/221/183 186/225/186 187/226/187
f 218/410/218 187/272/187 219/274/219
f 305/411/305 139/164/139 140/165/140
f 306/412/306 220/276/220 186/225/186
f 118/138/118 139/164/139 307/413/307
f 122/281/122 226/287/226 222/282/222
f 225/286/225 308/414/308 226/287/226
f 125/347/125 263/346/263 309/415/309
f 127/147/127 224/284/224 189/228/189
f 147/172/147 266/351/266 264/416/264
f 265/417/265 310/418/310 266/419/266
f 311/420/311 230/292/230 312/421/312
f 273/363/273 313/422/313 314/423/314
f 313/422/313 192/231/192 272/424/272
f 230/425/230 191/426/191 231/427/231
f 313/422/313 273/363/273 192/231/192
f 234/298/234 196/238/196 100/119/100
f 155/183/155 66/75/66 197/239/197
f 76/88/76 315/428/315 101/121/101
f 316/429/316 69/78/69 101/121/101
f 236/300/236 277/367/277 202/249/202
f 161/430/161 237/431/237 317/432/317
f 317/432/317 159/433/159 161/430/161
f 133/156/133 102/122/102 164/193/164
f 239/303/239 240/304/240 318/434/318
f 240/304/240 169/245/169 319/435/319
f 169/436/169 168/437/168 320/438/320
f 171/200/171 321/439/321 136/159/136
f 135/158/135 173/204/173 241/440/241
f 242/441/242 322/442/322 108/443/108
f 108/443/108 322/442/322 109/444/109
f 243/314/243 173/445/173 92/315/92
f 95/446/95 323/447/323 243/314/243
f 81/373/81 280/372/280 96/448/96
f 280/449/280 281/374/281 96/113/96
f 208/450/208 176/451/176 324/452/324
f 178/453/178 282/454/282 325/455/325
f 325/455/325 176/451/176 178/453/178
f 326/456/326 282/457/282 283/458/283
f 246/459/246 327/460/327 244/461/244
f 328/462/328 327/463/327 329/464/329
f 327/465/327 328/466/328 244/467/244
f 283/377/283 285/380/285 330/468/330
f 177/210/177 331/469/331 209/259/209
f 209/259/209 286/381/286 284/378/284
f 285/379/285 286/381/286 332/470/332
f 209/259/209 248/326/248 250/471/250
f 209/259/209 333/472/333 248/326/248
f 287/388/287 334/473/334 332/470/332
f 334/474/334 335/475/335 336/476/336
f 288/389/288 337/477/337 252/328/252
f 337/477/337 293/478/293 252/328/252
f 251/327/251 289/479/289 294/399/294
f 251/327/251 294/399/294 290/393/290
f 290/393/290 295/400/295 291/394/291
f 296/480/296 298/481/298 338/482/338
f 302/407/302 256/332/256 300/405/300
f 257/483/257 256/484/256 339/485/339
f 300/486/300 213/487/213 340/488/340
f 303/408/303 341/489/341 180/213/180
f 114/337/114 342/490/342 258/335/258
f 138/161/138 342/491/342 114/162/114
f 342/490/342 218/410/218 343/492/343
f 185/224/185 305/411/305 140/165/140
f 304/409/304 306/412/306 186/225/186
f 144/280/144 222/282/222 188/493/188
f 307/413/307 223/283/223 118/138/118
f 145/278/145 125/347/125 309/415/309
f 262/343/262 224/284/224 142/167/142
f 344/494/344 227/288/227 223/283/223
f 224/284/224 269/354/269 189/228/189
f 228/290/228 345/495/345 270/358/270
f 265/496/265 346/497/346 310/498/310
f 265/350/265 347/499/347 346/500/346
f 348/501/348 349/502/349 350/503/350
f 351/504/351 273/363/273 314/423/314
f 230/292/230 352/505/352 190/229/190
f 312/421/312 231/506/231 353/507/353
f 312/421/312 230/292/230 231/506/231
f 274/364/274 232/296/232 151/178/151
f 195/235/195 275/365/275 149/174/149
f 60/67/60 275/365/275 354/508/354
f 233/297/233 234/298/234 85/99/85
f 196/238/196 235/299/235 68/77/68
f 235/299/235 315/428/315 76/88/76
f 276/366/276 77/89/77 355/509/355
f 77/89/77 156/185/156 355/509/355
f 356/510/356 199/243/199 200/242/200
f 94/111/94 238/302/238 198/240/198
f 203/250/203 277/367/277 357/511/357
f 318/434/318 240/304/240 358/512/358
f 321/513/321 359/514/359 136/256/136
f 360/515/360 242/441/242 206/254/206
f 109/129/109 322/516/322 279/370/279
f 137/160/137 361/517/361 32/35/32
f 32/35/32 361/517/361 175/518/175
f 282/454/282 362/519/362 325/455/325
f 326/520/326 362/519/362 282/454/282
f 328/462/328 363/521/363 244/316/244
f 209/522/209 284/523/284 178/524/178
f 244/321/244 363/525/363 247/319/247
f 331/469/331 333/472/333 209/259/209
f 286/381/286 249/325/249 332/470/332
f 333/472/333 247/526/247 288/389/288
f 249/325/249 287/388/287 332/470/332
f 248/326/248 333/472/333 288/389/288
f 335/527/335 287/528/287 292/529/292
f 293/478/293 364/530/364 289/479/289
f 289/479/289 364/530/364 365/531/365
f 289/479/289 365/531/365 294/399/294
f 365/531/365 366/532/366 294/399/294
f 294/399/294 366/532/366 295/400/295
f 296/533/296 338/534/338 367/535/367
f 296/401/296 367/536/367 297/402/297
f 255/537/255 301/538/301 368/539/368
f 210/260/210 211/261/211 301/406/301
f 340/540/340 298/481/298 300/541/300
f 181/216/181 369/542/369 259/339/259
f 117/215/117 369/542/369 181/216/181
f 116/543/116 180/544/180 182/545/182
f 218/271/218 342/546/342 138/222/138
f 217/270/217 370/547/370 185/224/185
f 185/224/185 370/547/370 371/548/371
f 218/410/218 219/274/219 343/492/343
f 185/549/185 371/550/371 305/551/305
f 141/277/141 261/342/261 216/340/216
f 139/164/139 305/411/305 372/552/372
f 270/358/270 345/495/345 350/503/350
f 373/553/373 347/499/347 268/353/268
f 268/353/268 347/499/347 265/350/265
f 270/554/270 350/555/350 271/556/271
f 348/501/348 350/503/350 345/495/345
f 346/500/346 347/499/347 374/557/374
f 374/557/374 347/499/347 375/558/375
f 348/501/348 376/559/376 349/502/349
f 377/560/377 378/561/378 314/423/314
f 379/562/379 311/420/311 312/421/312
f 378/561/378 351/504/351 314/423/314
f 352/505/352 230/292/230 311/420/311
f 190/229/190 352/505/352 274/364/274
f 274/364/274 380/563/380 232/296/232
f 154/564/154 381/565/381 153/566/153
f 154/182/154 382/567/382 381/568/381
f 155/183/155 197/239/197 383/569/383
f 164/570/164 199/571/199 356/572/356
f 318/434/318 358/512/358 384/573/384
f 357/511/357 385/574/385 203/250/203
f 386/575/386 204/251/204 203/250/203
f 169/245/169 320/576/320 319/435/319
f 205/577/205 204/578/204 387/579/387
f 168/580/168 388/581/388 320/582/320
f 166/583/166 321/513/321 171/584/171
f 168/580/168 170/585/170 388/581/388
f 243/314/243 389/586/389 173/445/173
f 71/80/71 281/374/281 110/130/110
f 97/208/97 390/587/390 174/588/174
f 97/208/97 175/207/175 390/587/390
f 110/589/110 391/590/391 111/591/111
f 246/318/246 208/258/208 324/592/324
f 283/377/283 392/593/392 326/594/326
f 283/377/283 330/468/330 392/593/392
f 393/595/393 392/596/392 394/597/394
f 245/598/245 331/599/331 177/600/177
f 285/380/285 332/601/332 330/468/330
f 333/602/333 331/603/331 245/604/245
f 245/317/245 247/526/247 333/472/333
f 330/605/330 332/606/332 395/607/395
f 334/608/334 396/609/396 332/610/332
f 247/526/247 397/611/397 288/389/288
f 336/612/336 396/613/396 334/614/334
f 334/474/334 287/615/287 335/475/335
f 398/616/398 337/477/337 288/389/288
f 291/396/291 295/617/295 292/397/292
f 364/530/364 399/618/399 365/531/365
f 365/531/365 399/618/399 366/532/366
f 301/538/301 400/619/400 368/539/368
f 301/538/301 211/620/211 401/621/401
f 210/260/210 254/330/254 303/408/303
f 212/338/212 259/339/259 402/622/402
f 113/623/113 179/624/179 403/625/403
f 180/626/180 217/270/217 182/267/182
f 372/552/372 307/413/307 139/164/139
f 145/278/145 309/415/309 221/279/221
f 225/286/225 267/357/267 308/414/308
f 269/354/269 404/627/404 228/290/228
f 229/356/229 271/556/271 405/628/405
f 310/629/310 346/500/346 374/557/374
f 348/501/348 406/630/406 376/559/376
f 374/557/374 375/558/375 407/631/407
f 376/559/376 408/632/408 349/502/349
f 409/633/409 410/634/410 375/558/375
f 375/558/375 410/634/410 411/635/411
f 406/630/406 412/636/412 376/559/376
f 413/637/413 411/635/411 410/634/410
f 377/560/377 314/423/314 414/638/414
f 413/637/413 379/562/379 312/421/312
f 353/639/353 231/295/231 415/640/415
f 232/641/232 380/642/380 193/362/193
f 354/508/354 233/297/233 60/67/60
f 234/298/234 416/643/416 196/238/196
f 417/644/417 86/184/86 276/366/276
f 69/78/69 316/429/316 157/186/157
f 418/645/418 131/646/131 132/647/132
f 238/302/238 133/156/133 164/193/164
f 419/648/419 132/647/132 198/649/198
f 239/303/239 318/434/318 278/369/278
f 357/511/357 420/650/420 385/574/385
f 240/304/240 319/435/319 358/512/358
f 203/250/203 385/574/385 386/575/386
f 387/651/387 166/195/166 205/252/205
f 360/515/360 206/254/206 136/256/136
f 421/652/421 170/585/170 172/306/172
f 207/653/207 323/447/323 95/446/95
f 327/463/327 422/654/422 329/464/329
f 422/654/422 246/318/246 324/592/324
f 422/654/422 327/463/327 246/318/246
f 392/655/392 330/605/330 395/607/395
f 423/656/423 424/657/424 363/521/363
f 247/526/247 363/521/363 397/611/397
f 396/658/396 395/607/395 332/606/332
f 425/659/425 395/660/395 396/613/396
f 397/611/397 398/616/398 288/389/288
f 426/661/426 335/662/335 292/663/292
f 293/478/293 427/664/427 364/530/364
f 428/665/428 292/666/292 295/667/295
f 429/668/429 428/669/428 295/670/295
f 427/664/427 430/671/430 364/530/364
f 430/671/430 399/618/399 364/530/364
f 295/400/295 366/532/366 429/672/429
f 339/673/339 256/332/256 302/407/302
f 370/547/370 217/270/217 180/626/180
f 403/674/403 431/675/431 113/220/113
f 431/675/431 304/409/304 113/220/113
f 343/492/343 219/274/219 432/676/432
f 431/675/431 306/412/306 304/409/304
f 433/677/433 262/678/262 220/679/220
f 188/493/188 222/282/222 434/680/434
f 222/282/222 226/287/226 435/681/435
f 268/353/268 227/288/227 344/494/344
f 404/627/404 345/495/345 228/290/228
f 267/357/267 229/356/229 405/628/405
f 436/682/436 373/553/373 268/353/268
f 349/683/349 271/556/271 350/555/350
f 347/499/347 437/684/437 375/558/375
f 437/684/437 438/685/438 375/558/375
f 438/685/438 409/633/409 375/558/375
f 375/558/375 411/635/411 407/631/407
f 412/636/412 414/638/414 439/686/439
f 440/687/440 414/638/414 412/636/412
f 379/562/379 413/637/413 410/634/410
f 440/687/440 377/560/377 414/638/414
f 413/688/413 312/689/312 441/690/441
f 314/691/314 313/692/313 442/693/442
f 442/694/442 313/695/313 272/696/272
f 194/294/194 153/697/153 381/698/381
f 154/182/154 74/86/74 443/699/443
f 233/297/233 416/643/416 234/298/234
f 74/86/74 155/183/155 443/699/443
f 383/569/383 443/699/443 155/183/155
f 444/700/444 316/429/316 101/121/101
f 445/701/445 356/572/356 200/702/200
f 236/703/236 159/704/159 317/705/317
f 357/511/357 277/367/277 446/706/446
f 418/645/418 132/647/132 419/648/419
f 356/572/356 238/707/238 164/570/164
f 384/573/384 447/708/447 318/434/318
f 448/709/448 386/575/386 385/574/385
f 387/579/387 204/578/204 449/710/449
f 388/581/388 170/585/170 421/652/421
f 450/711/450 110/589/110 281/712/281
f 391/713/391 451/714/451 111/131/111
f 451/714/451 137/160/137 111/131/111
f 137/160/137 325/715/325 361/517/361
f 175/716/175 361/717/361 452/718/452
f 451/714/451 324/592/324 137/160/137
f 361/517/361 325/715/325 362/719/362
f 137/160/137 324/592/324 325/715/325
f 324/452/324 176/451/176 325/455/325
f 362/519/362 326/520/326 453/720/453
f 326/594/326 392/593/392 453/721/453
f 454/722/454 392/723/392 393/724/393
f 424/657/424 397/611/397 363/521/363
f 335/725/335 426/726/426 336/727/336
f 337/477/337 427/664/427 293/478/293
f 399/618/399 455/728/455 366/532/366
f 367/536/367 302/407/302 297/402/297
f 254/330/254 456/729/456 303/408/303
f 211/730/211 212/731/212 401/732/401
f 212/731/212 402/733/402 401/732/401
f 213/336/213 258/335/258 457/734/457
f 341/735/341 458/736/458 180/737/180
f 219/274/219 188/493/188 459/738/459
f 459/738/459 188/493/188 434/680/434
f 308/414/308 435/681/435 226/287/226
f 345/495/345 460/739/460 348/501/348
f 373/553/373 437/684/437 347/499/347
f 408/740/408 461/741/461 349/683/349
f 412/636/412 408/632/408 376/559/376
f 406/630/406 440/687/440 412/636/412
f 412/636/412 439/686/439 408/632/408
f 462/742/462 311/420/311 379/562/379
f 314/691/314 442/693/442 414/743/414
f 352/744/352 311/745/311 463/746/463
f 442/747/442 272/360/272 464/748/464
f 465/749/465 273/363/273 351/504/351
f 194/294/194 415/640/415 231/295/231
f 273/363/273 465/749/465 195/235/195
f 466/750/466 416/643/416 233/297/233
f 416/643/416 235/299/235 196/238/196
f 383/569/383 197/239/197 467/751/467
f 197/239/197 86/184/86 467/751/467
f 468/752/468 469/753/469 315/428/315
f 315/428/315 444/700/444 101/121/101
f 236/754/236 470/755/470 277/756/277
f 157/186/157 316/429/316 471/757/471
f 131/154/131 418/758/418 472/759/472
f 278/760/278 445/701/445 200/702/200
f 158/761/158 473/762/473 163/763/163
f 238/707/238 474/764/474 198/649/198
f 357/511/357 446/706/446 420/650/420
f 475/765/475 476/766/476 420/650/420
f 476/766/476 477/767/477 420/650/420
f 449/710/449 204/578/204 386/768/386
f 321/513/321 166/583/166 387/579/387
f 241/305/241 421/652/421 172/306/172
f 478/769/478 241/305/241 173/445/173
f 479/770/479 207/653/207 174/588/174
f 479/770/479 174/588/174 390/587/390
f 361/771/361 362/772/362 453/773/453
f 480/774/480 392/775/392 454/776/454
f 423/656/423 363/521/363 328/462/328
f 394/777/394 392/778/392 395/660/395
f 481/779/481 424/657/424 423/656/423
f 396/613/396 336/612/336 482/780/482
f 483/781/483 337/477/337 398/616/398
f 428/669/428 484/782/484 292/663/292
f 427/664/427 485/783/485 430/671/430
f 485/783/485 486/784/486 430/671/430
f 430/671/430 486/784/486 399/618/399
f 399/618/399 486/784/486 455/728/455
f 487/785/487 299/786/299 253/787/253
f 338/482/338 298/481/298 488/788/488
f 369/542/369 117/215/117 260/341/260
f 432/676/432 219/274/219 459/738/459
f 489/789/489 223/790/223 307/791/307
f 262/678/262 490/792/490 224/793/224
f 434/680/434 222/282/222 435/681/435
f 491/794/491 309/415/309 263/346/263
f 224/793/224 492/795/492 269/796/269
f 493/797/493 263/346/263 264/348/264
f 264/348/264 266/798/266 493/797/493
f 493/797/493 266/798/266 494/799/494
f 495/800/495 308/414/308 267/357/267
f 495/800/495 267/357/267 405/628/405
f 404/627/404 496/801/496 345/495/345
f 271/556/271 349/683/349 497/802/497
f 460/739/460 406/630/406 348/501/348
f 413/688/413 498/803/498 411/804/411
f 498/803/498 413/688/413 441/690/441
f 442/805/442 439/686/439 414/638/414
f 462/742/462 379/562/379 410/634/410
f 499/806/499 351/504/351 378/561/378
f 441/807/441 312/421/312 353/507/353
f 500/808/500 353/639/353 415/640/415
f 381/698/381 415/640/415 194/294/194
f 275/365/275 195/235/195 465/749/465
f 383/569/383 467/751/467 501/809/501
f 468/752/468 315/428/315 235/299/235
f 472/759/472 355/509/355 156/185/156
f 156/185/156 131/154/131 472/759/472
f 470/755/470 236/754/236 317/432/317
f 473/762/473 237/431/237 163/763/163
f 471/810/471 158/761/158 157/811/157
f 475/765/475 420/650/420 446/706/446
f 447/708/447 502/812/502 503/813/503
f 384/573/384 502/812/502 447/708/447
f 420/650/420 504/814/504 385/574/385
f 320/582/320 505/815/505 319/816/319
f 359/514/359 360/515/360 136/256/136
f 360/515/360 506/817/506 242/441/242
f 110/589/110 450/711/450 507/818/507
f 507/818/507 391/590/391 110/589/110
f 391/713/391 422/654/422 451/714/451
f 361/819/361 453/820/453 452/821/452
f 391/713/391 329/464/329 422/654/422
f 451/714/451 422/654/422 324/592/324
f 508/822/508 328/462/328 329/464/329
f 394/777/394 395/660/395 425/659/425
f 397/611/397 509/823/509 398/616/398
f 336/612/336 510/824/510 482/780/482
f 336/612/336 511/825/511 510/824/510
f 336/612/336 426/661/426 511/825/511
f 428/669/428 429/668/429 512/826/512
f 486/784/486 513/827/513 455/728/455
f 455/828/455 514/829/514 366/830/366
f 366/532/366 514/831/514 515/832/515
f 515/832/515 429/672/429 366/532/366
f 516/833/516 302/407/302 367/536/367
f 301/538/301 401/621/401 400/619/400
f 517/834/517 303/408/303 456/729/456
f 213/336/213 457/734/457 340/540/340
f 257/835/257 518/836/518 215/837/215
f 341/735/341 519/838/519 458/736/458
f 520/839/520 343/492/343 432/676/432
f 260/341/260 216/340/216 521/840/521
f 305/411/305 371/548/371 372/552/372
f 307/791/307 372/841/372 489/789/489
f 221/279/221 309/415/309 522/842/522
f 224/793/224 490/792/490 492/795/492
f 523/843/523 437/684/437 373/553/373
f 349/683/349 461/741/461 497/802/497
f 408/632/408 439/686/439 461/844/461
f 462/742/462 463/845/463 311/420/311
f 353/639/353 524/846/524 441/690/441
f 154/182/154 443/699/443 382/567/382
f 525/847/525 383/569/383 501/809/501
f 86/184/86 417/644/417 467/751/467
f 278/369/278 318/434/318 526/848/526
f 526/848/526 318/434/318 447/708/447
f 474/764/474 419/648/419 198/649/198
f 447/849/447 503/850/503 527/851/527
f 477/767/477 504/814/504 420/650/420
f 384/852/384 528/853/528 502/854/502
f 448/855/448 529/856/529 386/768/386
f 389/586/389 478/769/478 173/445/173
f 507/857/507 530/858/530 391/859/391
f 329/860/329 391/861/391 530/862/530
f 453/721/453 480/863/480 452/864/452
f 453/721/453 392/593/392 480/863/480
f 393/865/393 394/777/394 454/866/454
f 394/777/394 425/659/425 531/867/531
f 397/611/397 424/657/424 509/823/509
f 398/616/398 509/823/509 483/781/483
f 483/781/483 427/664/427 337/477/337
f 484/782/484 426/661/426 292/663/292
f 515/832/515 512/868/512 429/672/429
f 299/869/299 532/870/532 254/871/254
f 401/732/401 402/733/402 533/872/533
f 303/873/303 517/874/517 341/735/341
f 518/836/518 534/875/534 215/837/215
f 258/335/258 535/876/535 457/734/457
f 258/335/258 342/490/342 535/876/535
f 306/877/306 431/878/431 536/879/536
f 536/879/536 537/880/537 306/877/306
f 433/881/433 220/276/220 306/412/306
f 494/799/494 266/798/266 310/882/310
f 345/495/345 496/801/496 460/739/460
f 538/883/538 310/882/310 374/884/374
f 539/885/539 538/883/538 374/884/374
f 405/628/405 271/556/271 497/802/497
f 539/885/539 374/884/374 407/886/407
f 540/887/540 406/630/406 460/739/460
f 461/741/461 439/888/439 541/889/541
f 462/742/462 410/634/410 409/633/409
f 442/747/442 541/889/541 439/888/439
f 500/808/500 524/846/524 353/639/353
f 542/890/542 274/364/274 352/505/352
f 542/890/542 380/563/380 274/364/274
f 465/749/465 543/891/543 275/365/275
f 543/892/543 354/893/354 275/894/275
f 525/847/525 443/699/443 383/569/383
f 544/895/544 235/299/235 416/643/416
f 526/848/526 447/708/447 545/896/545
f 546/897/546 278/760/278 526/898/526
f 547/899/547 548/900/548 503/901/503
f 528/853/528 384/852/384 358/902/358
f 478/769/478 421/652/421 241/305/241
f 322/442/322 549/903/549 279/371/279
f 550/904/550 207/653/207 479/770/479
f 551/905/551 281/712/281 280/372/280
f 552/906/552 390/587/390 175/207/175
f 531/867/531 454/866/454 394/777/394
f 531/867/531 425/659/425 553/907/553
f 425/659/425 396/613/396 553/907/553
f 553/907/553 396/613/396 482/780/482
f 481/779/481 509/823/509 424/657/424
f 514/829/514 455/828/455 513/908/513
f 368/909/368 253/910/253 255/911/255
f 532/912/532 456/913/456 254/914/254
f 516/833/516 339/673/339 302/407/302
f 488/788/488 298/481/298 340/540/340
f 400/619/400 401/621/401 533/915/533
f 518/916/518 257/483/257 339/485/339
f 402/622/402 259/339/259 554/917/554
f 259/339/259 555/918/555 554/917/554
f 259/339/259 369/542/369 555/918/555
f 369/542/369 260/341/260 521/840/521
f 216/340/216 261/342/261 556/919/556
f 261/342/261 557/920/557 556/919/556
f 459/738/459 434/680/434 558/921/558
f 261/342/261 221/279/221 557/920/557
f 306/877/306 537/880/537 433/677/433
f 436/682/436 268/353/268 344/494/344
f 269/796/269 492/795/492 404/922/404
f 373/553/373 436/682/436 559/923/559
f 407/886/407 411/804/411 560/924/560
f 540/887/540 561/925/561 406/630/406
f 561/925/561 440/687/440 406/630/406
f 562/926/562 377/560/377 440/687/440
f 377/560/377 563/927/563 378/561/378
f 193/362/193 542/928/542 272/360/272
f 193/362/193 380/642/380 542/928/542
f 382/929/382 564/930/564 381/931/381
f 354/508/354 466/750/466 233/297/233
f 277/756/277 470/755/470 446/932/446
f 278/760/278 546/897/546 445/701/445
f 238/707/238 356/572/356 474/764/474
f 447/849/447 565/933/565 566/934/566
f 476/766/476 567/935/567 477/767/477
f 503/936/503 548/937/548 527/938/527
f 567/935/567 568/939/568 477/767/477
f 388/581/388 569/940/569 320/582/320
f 242/441/242 506/817/506 322/442/322
f 552/906/552 479/770/479 390/587/390
f 175/207/175 570/941/570 552/906/552
f 328/942/328 571/943/571 423/944/423
f 572/945/572 509/823/509 481/779/481
f 572/945/572 483/781/483 509/823/509
f 572/945/572 573/946/573 483/781/483
f 573/946/573 427/664/427 483/781/483
f 427/664/427 574/947/574 485/783/485
f 574/947/574 575/948/575 485/783/485
f 428/669/428 512/826/512 484/782/484
f 485/949/485 576/950/576 486/951/486
f 513/827/513 486/784/486 576/952/576
f 368/539/368 400/619/400 577/953/577
f 516/954/516 578/955/578 339/956/339
f 517/874/517 519/838/519 341/735/341
f 458/736/458 370/957/370 180/737/180
f 179/212/179 579/958/579 403/959/403
f 342/490/342 343/492/343 580/960/580
f 521/840/521 216/340/216 556/919/556
f 262/678/262 433/677/433 490/792/490
f 263/346/263 493/797/493 491/794/491
f 310/882/310 538/883/538 581/961/581
f 437/962/437 523/963/523 438/964/438
f 438/685/438 582/965/582 409/633/409
f 561/925/561 562/926/562 440/687/440
f 562/926/562 563/927/563 377/560/377
f 463/966/463 583/967/583 352/968/352
f 351/504/351 584/969/584 465/749/465
f 585/970/585 466/750/466 354/508/354
f 466/750/466 544/895/544 416/643/416
f 501/809/501 467/751/467 586/971/586
f 469/753/469 444/700/444 315/428/315
f 237/431/237 587/972/587 317/432/317
f 447/849/447 527/851/527 565/933/565
f 588/973/588 567/935/567 476/766/476
f 502/854/502 547/899/547 503/901/503
f 589/974/589 568/939/568 567/935/567
f 590/975/590 358/902/358 319/816/319
f 591/976/591 321/513/321 387/579/387
f 592/977/592 243/314/243 323/447/323
f 593/978/593 280/372/280 279/371/279
f 551/905/551 594/979/594 281/712/281
f 594/979/594 450/711/450 281/712/281
f 570/980/570 175/981/175 452/982/452
f 508/983/508 329/860/329 530/862/530
f 480/984/480 454/985/454 595/986/595
f 595/987/595 454/866/454 531/867/531
f 508/822/508 596/988/596 328/462/328
f 596/988/596 571/989/571 328/462/328
f 597/990/597 531/867/531 553/907/553
f 598/991/598 572/945/572 481/779/481
f 599/992/599 482/780/482 510/824/510
f 599/993/599 510/994/510 511/995/511
f 600/996/600 573/946/573 572/945/572
f 601/997/601 511/825/511 426/661/426
f 573/946/573 574/947/574 427/664/427
f 512/826/512 602/998/602 484/782/484
f 575/999/575 576/950/576 485/949/485
f 512/868/512 515/832/515 603/1000/603
f 514/829/514 513/908/513 604/1001/604
f 514/829/514 605/1002/605 515/1003/515
f 605/1002/605 603/1004/603 515/1003/515
f 578/1005/578 518/916/518 339/485/339
f 579/958/579 179/212/179 215/265/215
f 535/876/535 342/490/342 580/960/580
f 221/279/221 522/842/522 557/920/557
f 489/789/489 606/1006/606 223/790/223
f 308/414/308 607/1007/607 435/681/435
f 607/1007/607 308/414/308 495/800/495
f 608/1008/608 493/797/493 494/799/494
f 523/843/523 373/553/373 559/923/559
f 523/963/523 582/1009/582 438/964/438
f 411/804/411 609/1010/609 560/924/560
f 609/1010/609 411/804/411 498/803/498
f 610/1011/610 498/803/498 441/690/441
f 464/748/464 541/889/541 442/747/442
f 584/969/584 351/504/351 499/806/499
f 611/1012/611 468/752/468 235/299/235
f 612/1013/612 417/644/417 276/366/276
f 471/757/471 316/429/316 444/700/444
f 613/1014/613 475/1015/475 446/932/446
f 470/755/470 317/432/317 587/972/587
f 447/708/447 566/1016/566 545/896/545
f 473/762/473 587/972/587 237/431/237
f 588/973/588 476/766/476 475/765/475
f 477/767/477 568/939/568 504/814/504
f 385/1017/385 504/1018/504 448/855/448
f 449/710/449 386/768/386 529/856/529
f 319/816/319 505/815/505 614/1019/614
f 615/1020/615 321/513/321 591/976/591
f 321/513/321 615/1020/615 359/514/359
f 359/514/359 616/1021/616 360/515/360
f 506/817/506 617/1022/617 322/442/322
f 243/314/243 592/977/592 389/586/389
f 207/653/207 550/904/550 323/447/323
f 452/864/452 480/863/480 595/1023/595
f 595/987/595 531/867/531 618/1024/618
f 531/867/531 597/990/597 619/1025/619
f 571/989/571 481/779/481 423/656/423
f 553/907/553 482/780/482 599/992/599
f 426/661/426 484/782/484 620/1026/620
f 484/782/484 602/998/602 621/1027/621
f 514/829/514 604/1001/604 605/1002/605
f 534/875/534 622/1028/622 215/837/215
f 623/1029/623 371/1030/371 370/957/370
f 371/1030/371 624/1031/624 372/841/372
f 432/676/432 459/738/459 558/921/558
f 522/842/522 309/415/309 491/794/491
f 606/1006/606 344/1032/344 223/790/223
f 606/1006/606 625/1033/625 344/1032/344
f 490/792/490 626/1034/626 492/795/492
f 493/797/493 608/1008/608 627/1035/627
f 628/1036/628 559/1037/559 436/1038/436
f 494/799/494 310/882/310 581/961/581
f 496/1039/496 629/1040/629 460/1041/460
f 582/965/582 462/742/462 409/633/409
f 498/803/498 610/1011/610 609/1010/609
f 441/690/441 630/1042/630 610/1011/610
f 499/806/499 378/561/378 563/927/563
f 583/967/583 542/1043/542 352/968/352
f 415/640/415 381/698/381 631/1044/631
f 382/567/382 443/699/443 632/1045/632
f 466/750/466 633/1046/633 544/895/544
f 525/847/525 632/1045/632 443/699/443
f 235/299/235 634/1047/634 611/1012/611
f 276/366/276 355/509/355 612/1013/612
f 635/1048/635 546/897/546 526/898/526
f 473/762/473 158/761/158 636/1049/636
f 475/765/475 637/1050/637 588/973/588
f 527/851/527 638/1051/638 565/933/565
f 504/1018/504 568/1052/568 639/1053/639
f 504/1018/504 639/1053/639 640/1054/640
f 590/975/590 528/853/528 358/902/358
f 320/582/320 569/940/569 505/815/505
f 449/710/449 641/1055/641 387/579/387
f 388/581/388 642/1056/642 569/940/569
f 279/371/279 549/903/549 643/1057/643
f 279/371/279 643/1057/643 593/978/593
f 450/711/450 594/979/594 644/1058/644
f 531/1059/531 619/1060/619 618/1061/618
f 553/907/553 645/1062/645 597/990/597
f 571/989/571 598/991/598 481/779/481
f 511/825/511 646/1063/646 599/992/599
f 426/661/426 620/1026/620 601/997/601
f 484/782/484 621/1027/621 620/1026/620
f 574/1064/574 647/1065/647 575/1066/575
f 338/534/338 648/1067/648 367/535/367
f 368/909/368 649/1068/649 253/910/253
f 579/1069/579 650/1070/650 403/1071/403
f 650/1070/650 431/878/431 403/1071/403
f 521/840/521 556/919/556 651/1072/651
f 495/800/495 405/628/405 652/1073/652
f 538/883/538 653/1074/653 581/961/581
f 460/1041/460 629/1040/629 654/1075/654
f 441/690/441 524/846/524 630/1042/630
f 655/1076/655 543/891/543 465/749/465
f 656/1077/656 585/1078/585 354/893/354
f 656/1077/656 354/893/354 543/892/543
f 634/1079/634 235/1080/235 544/1081/544
f 611/1012/611 469/753/469 468/752/468
f 657/1082/657 446/932/446 470/755/470
f 588/973/588 589/974/589 567/935/567
f 527/1083/527 548/1084/548 547/1085/547
f 615/1020/615 616/1021/616 359/514/359
f 642/1056/642 388/581/388 421/652/421
f 658/1086/658 323/447/323 550/904/550
f 593/978/593 551/905/551 280/372/280
f 659/1087/659 660/1088/660 551/905/551
f 594/1089/594 551/1090/551 660/1091/660
f 660/1088/660 661/1092/661 594/979/594
f 662/1093/662 479/770/479 552/906/552
f 644/1058/644 594/979/594 661/1092/661
f 662/1093/662 552/906/552 663/1094/663
f 663/1094/663 552/906/552 570/941/570
f 664/1095/664 507/818/507 450/711/450
f 665/1096/665 452/864/452 595/1023/595
f 553/907/553 599/992/599 645/1062/645
f 511/825/511 601/997/601 646/1063/646
f 602/1097/602 512/1098/512 666/1099/666
f 666/1099/666 512/1098/512 603/1004/603
f 487/785/487 532/912/532 299/786/299
f 400/619/400 533/915/533 577/953/577
f 488/788/488 340/540/340 667/1100/667
f 533/872/533 402/733/402 668/1101/668
f 669/1102/669 340/540/340 457/734/457
f 623/1029/623 370/957/370 458/736/458
f 555/918/555 369/542/369 521/840/521
f 343/492/343 520/839/520 580/960/580
f 670/1103/670 536/879/536 431/878/431
f 671/1104/671 492/795/492 626/1034/626
f 628/1036/628 436/1038/436 344/1032/344
f 460/1041/460 654/1075/654 540/1105/540
f 583/1106/583 463/845/463 462/742/462
f 564/1107/564 631/1044/631 381/698/381
f 672/1108/672 466/750/466 585/970/585
f 501/809/501 586/971/586 673/1109/673
f 467/751/467 417/644/417 674/1110/674
f 674/1110/674 417/644/417 612/1013/612
f 526/898/526 545/1111/545 635/1048/635
f 675/1112/675 637/1113/637 475/1015/475
f 545/1111/545 566/1114/566 676/1115/676
f 471/810/471 636/1049/636 158/761/158
f 677/1116/677 356/572/356 445/701/445
f 678/1117/678 588/973/588 637/1050/637
f 679/1118/679 588/973/588 678/1117/678
f 588/973/588 680/1119/680 589/974/589
f 527/1120/527 547/1121/547 638/1122/638
f 681/1123/681 502/854/502 528/853/528
f 504/1018/504 640/1054/640 448/855/448
f 590/975/590 319/816/319 614/1019/614
f 387/579/387 641/1055/641 591/976/591
f 617/1022/617 549/903/549 322/442/322
f 323/447/323 682/1124/682 592/977/592
f 479/770/479 662/1093/662 550/904/550
f 450/711/450 644/1058/644 664/1095/664
f 452/1125/452 665/1126/665 570/941/570
f 508/1127/508 683/1128/683 596/1129/596
f 596/1129/596 684/1130/684 571/1131/571
f 619/1025/619 597/990/597 685/1132/685
f 598/1133/598 600/1134/600 572/1135/572
f 456/913/456 686/1136/686 517/874/517
f 667/1100/667 340/540/340 669/1102/669
f 686/1136/686 519/838/519 517/874/517
f 554/917/554 668/1137/668 402/622/402
f 457/734/457 535/876/535 687/1138/687
f 519/838/519 688/1139/688 458/736/458
f 458/736/458 688/1139/688 623/1029/623
f 558/921/558 434/680/434 689/1140/689
f 434/680/434 435/681/435 689/1140/689
f 492/795/492 690/1141/690 404/922/404
f 538/883/538 539/885/539 653/1074/653
f 407/886/407 560/924/560 539/885/539
f 499/806/499 691/1142/691 584/969/584
f 272/360/272 542/928/542 464/748/464
f 465/749/465 584/969/584 655/1076/655
f 564/1107/564 692/1143/692 631/1044/631
f 382/929/382 692/1144/692 564/930/564
f 501/809/501 673/1109/673 525/847/525
f 444/1145/444 693/1146/693 471/1147/471
f 475/1015/475 613/1014/613 675/1112/675
f 545/1111/545 676/1115/676 635/1048/635
f 445/701/445 546/897/546 677/1116/677
f 474/764/474 694/1148/694 419/648/419
f 694/1148/694 474/764/474 695/1149/695
f 474/764/474 356/572/356 695/1149/695
f 696/1150/696 697/1151/697 679/1118/679
f 696/1150/696 679/1118/679 678/1117/678
f 698/1152/698 678/1153/678 637/1154/637
f 565/933/565 699/1155/699 566/934/566
f 699/1156/699 565/1157/565 700/1158/700
f 565/1157/565 701/1159/701 700/1158/700
f 638/1051/638 701/1160/701 565/933/565
f 679/1118/679 680/1119/680 588/973/588
f 502/854/502 681/1123/681 547/899/547
f 449/710/449 529/856/529 702/1161/702
f 593/978/593 659/1087/659 551/905/551
f 530/1162/530 683/1128/683 508/1127/508
f 703/1163/703 684/1130/684 596/1129/596
f 571/1131/571 704/1164/704 598/1165/598
f 598/1133/598 705/1166/705 600/1134/600
f 600/996/600 705/1167/705 706/1168/706
f 601/997/601 707/1169/707 708/1170/708
f 706/1168/706 574/947/574 600/996/600
f 573/946/573 600/996/600 574/947/574
f 647/1171/647 709/1172/709 575/999/575
f 575/999/575 709/1172/709 576/950/576
f 368/539/368 577/953/577 649/1173/649
f 686/1136/686 456/913/456 532/912/532
f 622/1028/622 579/1069/579 215/837/215
f 650/1070/650 670/1103/670 431/878/431
f 536/879/536 710/1174/710 537/880/537
f 372/841/372 711/1175/711 489/789/489
f 489/789/489 712/1176/712 606/1006/606
f 626/1034/626 490/792/490 433/677/433
f 491/794/491 493/797/493 627/1035/627
f 628/1036/628 344/1032/344 625/1033/625
f 404/922/404 690/1141/690 496/1039/496
f 541/889/541 464/748/464 713/1177/713
f 714/1178/714 542/1043/542 583/967/583
f 415/640/415 631/1044/631 500/808/500
f 655/1076/655 656/1179/656 543/891/543
f 715/1180/715 693/1146/693 444/1145/444
f 716/1181/716 472/759/472 418/758/418
f 546/897/546 635/1048/635 717/1182/717
f 718/1183/718 697/1151/697 719/1184/719
f 719/1184/719 697/1151/697 696/1150/696
f 720/1185/720 698/1152/698 637/1154/637
f 700/1158/700 701/1159/701 721/1186/721
f 679/1118/679 697/1151/697 680/1119/680
f 722/1187/722 638/1188/638 547/899/547
f 723/1189/723 568/1052/568 589/1190/589
f 640/1054/640 529/856/529 448/855/448
f 724/1191/724 641/1055/641 449/710/449
f 725/1192/725 478/769/478 389/586/389
f 726/1193/726 550/904/550 662/1093/662
f 727/1194/727 530/1162/530 507/1195/507
f 703/1163/703 596/1129/596 683/1128/683
f 618/1024/618 619/1025/619 685/1132/685
f 684/1130/684 704/1164/704 571/1131/571
f 728/1196/728 598/1165/598 704/1164/704
f 646/1063/646 645/1062/645 599/992/599
f 705/1197/705 598/1198/598 728/1199/728
f 646/1063/646 601/997/601 708/1170/708
f 620/1026/620 707/1169/707 601/997/601
f 621/1027/621 602/998/602 729/1200/729
f 709/1172/709 730/1201/730 576/950/576
f 576/950/576 604/1001/604 513/908/513
f 605/1002/605 604/1001/604 731/1202/731
f 253/910/253 649/1068/649 732/1203/732
f 733/1204/733 578/955/578 516/954/516
f 686/1136/686 734/1205/734 519/838/519
f 669/1102/669 457/734/457 687/1138/687
f 537/880/537 735/1206/735 433/677/433
f 494/799/494 581/961/581 608/1008/608
f 461/741/461 541/889/541 736/1207/736
f 737/1208/737 462/1209/462 582/1009/582
f 738/1210/738 563/927/563 562/926/562
f 464/748/464 542/928/542 739/1211/739
f 584/1212/584 740/1213/740 655/1214/655
f 472/759/472 716/1181/716 355/509/355
f 741/1215/741 718/1183/718 719/1184/719
f 446/932/446 657/1082/657 613/1014/613
f 742/1216/742 700/1158/700 721/1186/721
f 742/1217/742 721/1218/721 743/1219/743
f 356/572/356 677/1116/677 695/1149/695
f 744/1220/744 699/1156/699 700/1158/700
f 745/1221/745 697/1151/697 718/1183/718
f 614/1019/614 746/1222/746 590/975/590
f 389/586/389 592/977/592 747/1223/747
f 682/1124/682 323/447/323 658/1086/658
f 643/1057/643 748/1224/748 593/978/593
f 748/1225/748 659/1226/659 593/1227/593
f 664/1095/664 727/1228/727 507/818/507
f 530/1162/530 727/1194/727 683/1128/683
f 749/1229/749 618/1024/618 750/1230/750
f 751/1231/751 684/1232/684 703/1233/703
f 620/1026/620 621/1027/621 752/1234/752
f 730/1201/730 604/1001/604 576/950/576
f 666/1099/666 603/1004/603 605/1002/605
f 533/872/533 668/1101/668 753/1235/753
f 578/1005/578 534/1236/534 518/916/518
f 669/1102/669 754/1237/754 667/1100/667
f 579/1069/579 755/1238/755 650/1070/650
f 556/919/556 557/920/557 756/1239/756
f 435/681/435 757/1240/757 689/1140/689
f 435/681/435 607/1007/607 757/1240/757
f 671/1104/671 690/1141/690 492/795/492
f 559/1037/559 628/1036/628 758/1241/758
f 563/927/563 738/1210/738 499/806/499
f 464/748/464 739/1211/739 713/1177/713
f 524/846/524 500/808/500 630/1042/630
f 631/1044/631 759/1242/759 500/808/500
f 672/1243/672 633/1244/633 466/1245/466
f 633/1244/633 760/1246/760 544/1081/544
f 467/751/467 674/1110/674 586/971/586
f 613/1014/613 761/1247/761 675/1112/675
f 719/1248/719 696/1249/696 762/1250/762
f 470/755/470 763/1251/763 657/1082/657
f 693/1252/693 636/1049/636 471/810/471
f 587/972/587 473/762/473 636/1049/636
f 744/1220/744 700/1158/700 742/1216/742
f 696/1249/696 678/1253/678 764/1254/764
f 765/1255/765 745/1221/745 718/1183/718
f 766/1256/766 566/934/566 699/1155/699
f 767/1257/767 768/1258/768 769/1259/769
f 721/1260/721 701/1261/701 770/1262/770
f 723/1189/723 639/1053/639 568/1052/568
f 702/1161/702 529/856/529 640/1054/640
f 771/1263/771 681/1123/681 528/853/528
f 771/1263/771 528/853/528 590/975/590
f 772/1264/772 505/815/505 569/940/569
f 772/1264/772 614/1019/614 505/815/505
f 773/1265/773 506/817/506 360/515/360
f 421/652/421 478/769/478 774/1266/774
f 726/1193/726 658/1086/658 550/904/550
f 775/1267/775 660/1088/660 659/1087/659
f 776/1268/776 662/1093/662 663/1094/663
f 776/1268/776 726/1193/726 662/1093/662
f 595/987/595 618/1024/618 749/1229/749
f 750/1230/750 618/1024/618 685/1132/685
f 704/1269/704 684/1232/684 751/1231/751
f 777/1270/777 685/1132/685 597/990/597
f 597/990/597 645/1062/645 777/1270/777
f 778/1271/778 646/1063/646 779/1272/779
f 707/1273/707 620/1274/620 752/1275/752
f 752/1234/752 621/1027/621 729/1200/729
f 780/1276/780 604/1001/604 730/1201/730
f 487/1277/487 253/910/253 732/1203/732
f 781/1278/781 516/954/516 367/1279/367
f 577/953/577 533/915/533 753/1280/753
f 782/1281/782 734/1205/734 686/1136/686
f 783/1282/783 669/1283/669 687/1284/687
f 651/1072/651 556/919/556 784/1285/784
f 520/1286/520 432/1287/432 785/1288/785
f 786/1289/786 710/1174/710 536/879/536
f 711/1175/711 372/841/372 787/1290/787
f 711/1175/711 712/1176/712 489/789/489
f 788/1291/788 558/921/558 689/1140/689
f 522/842/522 491/794/491 789/1292/789
f 654/1293/654 561/925/561 540/887/540
f 790/1294/790 561/925/561 654/1293/654
f 523/963/523 737/1208/737 582/1009/582
f 791/1295/791 560/924/560 609/1010/609
f 736/1207/736 541/889/541 713/1177/713
f 737/1208/737 583/967/583 462/1209/462
f 738/1210/738 691/1142/691 499/806/499
f 740/1296/740 584/969/584 691/1142/691
f 792/1297/792 656/1298/656 655/1214/655
f 792/1297/792 655/1214/655 793/1299/793
f 760/1300/760 611/1012/611 634/1047/634
f 613/1014/613 657/1082/657 794/1301/794
f 795/1302/795 635/1048/635 676/1115/676
f 762/1250/762 696/1249/696 796/1303/796
f 587/972/587 763/1251/763 470/755/470
f 694/1148/694 418/645/418 419/648/419
f 637/1154/637 797/1304/797 720/1185/720
f 678/1253/678 698/1305/698 764/1254/764
f 744/1306/744 768/1307/768 699/1308/699
f 699/1309/699 767/1310/767 766/1311/766
f 699/1312/699 768/1313/768 767/1314/767
f 798/1315/798 698/1316/698 720/1317/720
f 698/1305/698 798/1318/798 799/1319/799
f 800/1320/800 769/1321/769 768/1307/768
f 614/1019/614 772/1264/772 801/1322/801
f 802/1323/802 421/652/421 774/1266/774
f 421/652/421 802/1323/802 642/1056/642
f 360/515/360 616/1021/616 773/1265/773
f 570/941/570 803/1324/803 663/1094/663
f 685/1132/685 777/1270/777 750/1230/750
f 751/1325/751 804/1326/804 704/1164/704
f 777/1270/777 645/1062/645 778/1271/778
f 645/1062/645 646/1063/646 778/1271/778
f 706/1168/706 647/1327/647 574/947/574
f 647/1171/647 805/1328/805 709/1172/709
f 605/1002/605 806/1329/806 666/1099/666
f 781/1278/781 733/1204/733 516/954/516
f 532/912/532 807/1330/807 686/1136/686
f 670/1103/670 786/1289/786 536/879/536
f 432/676/432 558/921/558 808/1331/808
f 624/1031/624 787/1290/787 372/841/372
f 491/794/491 627/1035/627 789/1292/789
f 461/741/461 736/1207/736 497/802/497
f 739/1332/739 542/1333/542 714/1334/714
f 740/1213/740 793/1299/793 655/1214/655
f 631/1044/631 692/1143/692 759/1242/759
f 585/1078/585 656/1077/656 792/1335/792
f 544/1081/544 760/1246/760 634/1079/634
f 742/1217/742 809/1336/809 810/1337/810
f 811/1338/811 718/1183/718 741/1215/741
f 743/1219/743 809/1336/809 742/1217/742
f 637/1154/637 675/1339/675 797/1304/797
f 635/1048/635 795/1302/795 717/1182/717
f 744/1306/744 742/1340/742 812/1341/812
f 677/1116/677 813/1342/813 695/1149/695
f 718/1183/718 814/1343/814 765/1255/765
f 698/1305/698 815/1344/815 764/1254/764
f 720/1345/720 816/1346/816 798/1347/798
f 816/1348/816 799/1319/799 798/1318/798
f 817/1349/817 697/1151/697 745/1221/745
f 697/1151/697 817/1349/817 680/1119/680
f 589/1190/589 680/1350/680 818/1351/818
f 801/1322/801 746/1222/746 614/1019/614
f 747/1223/747 725/1192/725 389/586/389
f 660/1088/660 775/1267/775 661/1092/661
f 819/1352/819 664/1095/664 644/1058/644
f 595/1353/595 749/1354/749 820/1355/820
f 704/1164/704 821/1356/821 728/1196/728
f 708/1170/708 779/1272/779 646/1063/646
f 707/1169/707 752/1234/752 708/1170/708
f 604/1001/604 780/1276/780 731/1202/731
f 605/1002/605 731/1202/731 806/1329/806
f 532/912/532 822/1357/822 807/1330/807
f 669/1102/669 783/1358/783 754/1237/754
f 534/875/534 823/1359/823 622/1028/622
f 519/838/519 734/1205/734 688/1139/688
f 521/840/521 651/1072/651 555/918/555
f 580/1360/580 824/1361/824 535/1362/535
f 371/1030/371 623/1029/623 624/1031/624
f 433/677/433 735/1206/735 626/1034/626
f 825/1363/825 758/1241/758 628/1036/628
f 736/1207/736 826/1364/826 497/802/497
f 718/1365/718 811/1366/811 814/1367/814
f 696/1249/696 764/1254/764 796/1303/796
f 797/1304/797 827/1368/827 720/1185/720
f 698/1305/698 828/1369/828 815/1344/815
f 800/1370/800 766/1371/766 767/1372/767
f 799/1319/799 828/1369/828 698/1305/698
f 701/1261/701 829/1373/829 770/1262/770
f 506/817/506 773/1265/773 617/1022/617
f 803/1324/803 776/1268/776 663/1094/663
f 830/1374/830 751/1375/751 703/1376/703
f 831/1377/831 821/1356/821 704/1164/704
f 705/1378/705 832/1379/832 706/1380/706
f 706/1380/706 833/1381/833 647/1382/647
f 602/1097/602 806/1329/806 729/1383/729
f 709/1172/709 834/1384/834 730/1201/730
f 666/1099/666 806/1329/806 602/1097/602
f 367/535/367 648/1067/648 781/1385/781
f 488/1386/488 835/1387/835 338/1388/338
f 578/955/578 836/1389/836 534/875/534
f 667/1390/667 754/1391/754 837/1392/837
f 686/1393/686 807/1394/807 782/1395/782
f 535/876/535 824/1396/824 687/1138/687
f 556/919/556 756/1239/756 784/1285/784
f 522/842/522 838/1397/838 557/920/557
f 607/1007/607 839/1398/839 757/1240/757
f 539/885/539 840/1399/840 653/1074/653
f 405/628/405 497/802/497 652/1073/652
f 539/885/539 560/924/560 840/1399/840
f 738/1400/738 841/1401/841 691/1402/691
f 382/567/382 632/1045/632 842/1403/842
f 632/1045/632 525/847/525 843/1404/843
f 612/1013/612 355/509/355 844/1405/844
f 469/1406/469 715/1180/715 444/1145/444
f 355/509/355 845/1407/845 844/1405/844
f 741/1408/741 719/1409/719 846/1410/846
f 742/1340/742 847/1411/847 812/1341/812
f 717/1182/717 848/1412/848 546/897/546
f 636/1049/636 849/1413/849 587/972/587
f 566/934/566 766/1256/766 676/1414/676
f 814/1343/814 850/1415/850 765/1255/765
f 851/1416/851 743/1219/743 721/1218/721
f 851/1416/851 852/1417/852 743/1219/743
f 850/1415/850 853/1418/853 765/1255/765
f 765/1255/765 853/1418/853 745/1221/745
f 720/1345/720 827/1419/827 816/1346/816
f 766/1371/766 800/1370/800 854/1420/854
f 769/1421/769 800/1422/800 767/1423/767
f 745/1221/745 853/1418/853 817/1349/817
f 817/1424/817 855/1425/855 680/1350/680
f 589/1190/589 818/1351/818 723/1189/723
f 722/1187/722 856/1426/856 638/1188/638
f 681/1123/681 722/1187/722 547/899/547
f 640/1054/640 639/1053/639 857/1427/857
f 725/1192/725 774/1266/774 478/769/478
f 658/1086/658 858/1428/858 682/1124/682
f 661/1092/661 775/1267/775 819/1352/819
f 661/1092/661 819/1352/819 644/1058/644
f 570/941/570 859/1429/859 803/1324/803
f 570/941/570 665/1126/665 859/1429/859
f 683/1128/683 727/1194/727 860/1430/860
f 683/1128/683 860/1430/860 703/1163/703
f 860/1430/860 830/1431/830 703/1163/703
f 833/1381/833 805/1432/805 647/1382/647
f 805/1433/805 834/1434/834 709/1435/709
f 753/1280/753 861/1436/861 577/953/577
f 733/1204/733 836/1389/836 578/955/578
f 534/875/534 862/1437/862 823/1359/823
f 554/917/554 863/1438/863 668/1137/668
f 623/1029/623 864/1439/864 624/1031/624
f 865/1440/865 606/1006/606 712/1176/712
f 758/1241/758 866/1441/866 559/1037/559
f 561/1442/561 790/1443/790 562/1444/562
f 713/1177/713 867/1445/867 736/1207/736
f 630/1042/630 500/808/500 868/1446/868
f 792/1335/792 869/1447/869 585/1078/585
f 759/1242/759 692/1143/692 870/1448/870
f 692/1144/692 382/929/382 870/1449/870
f 673/1109/673 586/971/586 674/1110/674
f 760/1246/760 871/1450/871 611/1451/611
f 716/1181/716 418/758/418 872/1452/872
f 847/1453/847 873/1454/873 812/1455/812
f 763/1251/763 794/1301/794 657/1082/657
f 677/1116/677 874/1456/874 813/1342/813
f 693/1252/693 875/1457/875 636/1049/636
f 695/1149/695 876/1458/876 694/1148/694
f 694/1148/694 876/1458/876 877/1459/877
f 800/1460/800 878/1461/878 854/1462/854
f 768/1307/768 878/1463/878 800/1320/800
f 852/1417/852 851/1416/851 879/1464/879
f 721/1218/721 770/1465/770 851/1416/851
f 680/1350/680 855/1425/855 818/1351/818
f 701/1160/701 638/1051/638 829/1466/829
f 702/1161/702 724/1191/724 449/710/449
f 569/1467/569 642/1468/642 880/1469/880
f 549/903/549 881/1470/881 643/1057/643
f 592/977/592 682/1124/682 858/1428/858
f 726/1471/726 882/1472/882 658/1473/658
f 883/1474/883 664/1095/664 819/1352/819
f 884/1475/884 860/1476/860 727/1477/727
f 804/1326/804 831/1377/831 704/1164/704
f 777/1478/777 778/1479/778 885/1480/885
f 728/1199/728 832/1481/832 705/1197/705
f 886/1482/886 779/1272/779 708/1170/708
f 752/1234/752 729/1200/729 887/1483/887
f 835/1387/835 488/1386/488 667/1484/667
f 862/1437/862 534/875/534 836/1389/836
f 668/1137/668 863/1438/863 888/1485/888
f 863/1486/863 554/1487/554 555/1488/555
f 755/1238/755 579/1069/579 622/1028/622
f 555/918/555 651/1072/651 784/1285/784
f 824/1361/824 580/1360/580 889/1489/889
f 755/1238/755 670/1103/670 650/1070/650
f 432/676/432 808/1331/808 785/1490/785
f 558/921/558 788/1291/788 808/1331/808
f 890/1491/890 671/1104/671 626/1034/626
f 789/1492/789 627/1493/627 891/1494/891
f 581/961/581 653/1074/653 892/1495/892
f 654/1075/654 629/1040/629 893/1496/893
f 652/1073/652 497/802/497 826/1364/826
f 559/1037/559 866/1441/866 523/963/523
f 738/1400/738 562/1444/562 790/1443/790
f 791/1295/791 609/1010/609 610/1011/610
f 610/1011/610 630/1042/630 894/1497/894
f 868/1446/868 500/808/500 759/1242/759
f 895/1498/895 693/1146/693 715/1180/715
f 852/1417/852 809/1336/809 743/1219/743
f 872/1499/872 418/645/418 694/1148/694
f 677/1116/677 546/897/546 848/1412/848
f 896/1500/896 875/1457/875 693/1252/693
f 875/1457/875 849/1413/849 636/1049/636
f 766/1256/766 854/1462/854 676/1414/676
f 768/1307/768 744/1306/744 897/1501/897
f 878/1463/878 768/1307/768 897/1501/897
f 827/1502/827 799/1503/799 816/1504/816
f 828/1505/828 799/1503/799 827/1502/827
f 856/1426/856 722/1187/722 898/1506/898
f 681/1123/681 771/1263/771 899/1507/899
f 681/1123/681 899/1507/899 722/1187/722
f 746/1222/746 771/1263/771 590/975/590
f 880/1508/880 772/1264/772 569/940/569
f 591/976/591 641/1055/641 900/1509/900
f 658/1510/658 882/1511/882 901/1512/901
f 748/1224/748 902/1513/902 659/1087/659
f 659/1087/659 902/1513/902 775/1267/775
f 903/1514/903 904/1515/904 803/1516/803
f 882/1517/882 726/1193/726 776/1268/776
f 905/1518/905 819/1519/819 775/1520/775
f 665/1126/665 595/1521/595 859/1429/859
f 906/1522/906 727/1523/727 664/1524/664
f 595/1525/595 820/1526/820 859/1527/859
f 727/1523/727 906/1522/906 884/1528/884
f 884/1475/884 907/1529/907 860/1476/860
f 749/1354/749 750/1530/750 908/1531/908
f 830/1431/830 804/1326/804 751/1325/751
f 750/1532/750 777/1478/777 885/1480/885
f 779/1272/779 886/1482/886 778/1271/778
f 832/1379/832 909/1533/909 706/1380/706
f 909/1533/909 833/1381/833 706/1380/706
f 708/1170/708 752/1234/752 910/1534/910
f 487/1277/487 732/1203/732 911/1535/911
f 338/1388/338 835/1387/835 648/1536/648
f 861/1436/861 753/1280/753 912/1537/912
f 687/1284/687 824/1361/824 783/1282/783
f 823/1359/823 755/1238/755 622/1028/622
f 913/1538/913 688/1139/688 734/1205/734
f 863/1486/863 555/1488/555 914/1539/914
f 688/1139/688 915/1540/915 623/1029/623
f 915/1540/915 864/1439/864 623/1029/623
f 784/1541/784 756/1542/756 916/1543/916
f 917/1544/917 735/1206/735 537/880/537
f 606/1006/606 918/1545/918 625/1033/625
f 625/1033/625 918/1545/918 919/1546/919
f 671/1104/671 920/1547/920 690/1141/690
f 690/1141/690 921/1548/921 496/1039/496
f 496/1039/496 921/1548/921 629/1040/629
f 560/924/560 791/1295/791 840/1399/840
f 791/1295/791 610/1011/610 894/1497/894
f 842/1549/842 870/1449/870 382/929/382
f 611/1451/611 922/1550/922 469/1406/469
f 923/1551/923 811/1552/811 741/1553/741
f 811/1338/811 924/1554/924 850/1415/850
f 850/1415/850 814/1343/814 811/1338/811
f 809/1336/809 852/1417/852 925/1555/925
f 926/1556/926 719/1557/719 927/1558/927
f 895/1498/895 896/1559/896 693/1146/693
f 719/1557/719 762/1560/762 927/1558/927
f 613/1014/613 794/1301/794 761/1247/761
f 761/1247/761 928/1561/928 675/1112/675
f 677/1116/677 848/1412/848 929/1562/929
f 694/1148/694 877/1459/877 872/1499/872
f 695/1149/695 813/1342/813 930/1563/930
f 764/1254/764 931/1564/931 796/1303/796
f 744/1306/744 812/1341/812 897/1501/897
f 815/1344/815 828/1369/828 932/1565/932
f 879/1464/879 851/1416/851 770/1465/770
f 829/1373/829 933/1566/933 770/1262/770
f 829/1567/829 638/1188/638 856/1426/856
f 640/1054/640 857/1427/857 702/1161/702
f 724/1568/724 900/1569/900 641/1570/641
f 880/1508/880 934/1571/934 772/1264/772
f 773/1265/773 935/1572/935 617/1022/617
f 936/1573/936 881/1470/881 549/903/549
f 775/1520/775 902/1574/902 905/1518/905
f 803/1516/803 904/1515/904 776/1575/776
f 776/1575/776 904/1515/904 882/1576/882
f 803/1577/803 859/1578/859 903/1579/903
f 664/1095/664 883/1474/883 906/1580/906
f 749/1354/749 908/1531/908 820/1355/820
f 860/1581/860 937/1582/937 830/1583/830
f 830/1431/830 938/1584/938 804/1326/804
f 939/1585/939 908/1531/908 750/1530/750
f 885/1586/885 940/1587/940 750/1588/750
f 806/1329/806 887/1589/887 729/1383/729
f 734/1205/734 782/1281/782 913/1538/913
f 783/1282/783 824/1361/824 941/1590/941
f 580/960/580 520/839/520 889/1591/889
f 942/1592/942 787/1290/787 624/1031/624
f 710/1174/710 917/1544/917 537/880/537
f 838/1593/838 522/1594/522 943/1595/943
f 865/1440/865 918/1545/918 606/1006/606
f 891/1494/891 627/1493/627 944/1596/944
f 919/1546/919 945/1597/945 625/1033/625
f 945/1597/945 825/1363/825 628/1036/628
f 607/1007/607 495/800/495 946/1598/946
f 608/1008/608 581/961/581 947/1599/947
f 866/1441/866 737/1208/737 523/963/523
f 948/1600/948 790/1443/790 654/1075/654
f 793/1299/793 949/1601/949 792/1297/792
f 949/1601/949 869/1602/869 792/1297/792
f 842/1403/842 632/1045/632 843/1404/843
f 525/847/525 673/1109/673 843/1404/843
f 674/1110/674 612/1013/612 950/1603/950
f 355/509/355 716/1181/716 845/1407/845
f 810/1604/810 847/1605/847 742/1606/742
f 951/1607/951 810/1337/810 809/1336/809
f 846/1608/846 719/1557/719 926/1556/926
f 845/1407/845 716/1181/716 872/1452/872
f 762/1250/762 796/1303/796 952/1609/952
f 929/1562/929 874/1456/874 677/1116/677
f 953/1610/953 812/1341/812 873/1611/873
f 954/1612/954 587/972/587 849/1413/849
f 876/1458/876 695/1149/695 930/1563/930
f 897/1501/897 812/1341/812 955/1613/955
f 900/1509/900 724/1191/724 956/1614/956
f 801/1322/801 772/1264/772 957/1615/957
f 958/1616/958 615/1617/615 591/1618/591
f 958/1619/958 616/1021/616 615/1020/615
f 935/1572/935 936/1573/936 617/1022/617
f 936/1573/936 549/903/549 617/1022/617
f 748/1224/748 643/1057/643 881/1470/881
f 959/1620/959 658/1621/658 901/1622/901
f 904/1623/904 960/1624/960 882/1511/882
f 819/1519/819 905/1518/905 883/1625/883
f 961/1626/961 831/1377/831 804/1326/804
f 832/1379/832 728/1196/728 821/1356/821
f 886/1482/886 708/1170/708 910/1534/910
f 910/1534/910 752/1234/752 962/1627/962
f 887/1589/887 806/1329/806 963/1628/963
f 649/1173/649 577/953/577 861/1436/861
f 781/1278/781 964/1629/964 733/1204/733
f 487/785/487 822/1357/822 532/912/532
f 835/1387/835 667/1484/667 837/1630/837
f 965/1631/965 836/1389/836 733/1204/733
f 966/1632/966 754/1633/754 783/1282/783
f 967/1634/967 863/1486/863 914/1539/914
f 942/1635/942 624/1636/624 864/1637/864
f 689/1140/689 757/1240/757 968/1638/968
f 625/1033/625 945/1597/945 628/1036/628
f 627/1035/627 608/1008/608 944/1639/944
f 946/1598/946 495/800/495 652/1073/652
f 892/1495/892 653/1074/653 840/1399/840
f 826/1364/826 736/1207/736 867/1445/867
f 867/1445/867 713/1177/713 969/1640/969
f 691/1402/691 970/1641/970 740/1213/740
f 633/1244/633 971/1642/971 760/1246/760
f 972/1643/972 673/1109/673 973/1644/973
f 922/1550/922 715/1180/715 469/1406/469
f 810/1645/810 951/1646/951 974/1647/974
f 974/1648/974 847/1605/847 810/1604/810
f 923/1649/923 846/1608/846 926/1556/926
f 847/1453/847 975/1650/975 873/1454/873
f 976/1651/976 927/1652/927 762/1250/762
f 955/1613/955 812/1341/812 953/1610/953
f 764/1254/764 815/1344/815 931/1564/931
f 850/1415/850 977/1653/977 853/1418/853
f 978/1654/978 852/1417/852 879/1464/879
f 879/1464/879 770/1465/770 979/1655/979
f 977/1653/977 980/1656/980 853/1418/853
f 853/1418/853 980/1656/980 817/1349/817
f 770/1262/770 933/1566/933 979/1657/979
f 980/1658/980 855/1425/855 817/1424/817
f 746/1222/746 981/1659/981 771/1263/771
f 724/1191/724 702/1161/702 982/1660/982
f 957/1615/957 772/1264/772 934/1571/934
f 747/1223/747 592/977/592 858/1428/858
f 959/1661/959 858/1428/858 658/1086/658
f 902/1513/902 748/1224/748 983/1662/983
f 960/1624/960 904/1623/904 903/1663/903
f 937/1664/937 938/1584/938 830/1431/830
f 938/1665/938 961/1666/961 804/1667/804
f 750/1530/750 940/1668/940 939/1585/939
f 778/1479/778 886/1669/886 885/1480/885
f 780/1276/780 984/1670/984 731/1202/731
f 984/1670/984 806/1329/806 731/1202/731
f 963/1628/963 806/1329/806 984/1670/984
f 781/1278/781 985/1671/985 964/1629/964
f 964/1629/964 965/1631/965 733/1204/733
f 754/1633/754 986/1672/986 837/1673/837
f 782/1281/782 987/1674/987 913/1538/913
f 862/1437/862 988/1675/988 823/1359/823
f 888/1485/888 863/1438/863 989/1676/989
f 688/1139/688 913/1538/913 915/1540/915
f 756/1239/756 557/920/557 838/1397/838
f 838/1593/838 943/1595/943 990/1677/990
f 735/1678/735 991/1679/991 992/1680/992
f 522/1594/522 993/1681/993 943/1595/943
f 522/1594/522 789/1492/789 993/1681/993
f 992/1682/992 626/1034/626 735/1206/735
f 944/1596/944 994/1683/994 891/1494/891
f 690/1141/690 920/1547/920 921/1548/921
f 581/961/581 892/1495/892 947/1599/947
f 758/1241/758 995/1684/995 866/1441/866
f 948/1600/948 738/1400/738 790/1443/790
f 826/1364/826 867/1445/867 996/1685/996
f 583/967/583 737/1208/737 997/1686/997
f 740/1213/740 970/1641/970 793/1299/793
f 672/1243/672 998/1687/998 633/1244/633
f 673/1109/673 972/1643/972 843/1404/843
f 673/1109/673 674/1110/674 973/1644/973
f 612/1013/612 844/1405/844 950/1603/950
f 846/1688/846 923/1689/923 741/1690/741
f 924/1554/924 811/1338/811 923/1691/923
f 809/1692/809 925/1693/925 951/1694/951
f 927/1695/927 976/1696/976 926/1697/926
f 925/1555/925 852/1417/852 999/1698/999
f 924/1699/924 1000/1700/1000 850/1701/850
f 794/1301/794 1001/1702/1001 761/1247/761
f 762/1250/762 952/1609/952 976/1651/976
f 1002/1703/1002 953/1610/953 873/1611/873
f 954/1612/954 763/1251/763 587/972/587
f 676/1414/676 854/1462/854 1003/1704/1003
f 1004/1705/1004 877/1459/877 876/1458/876
f 879/1464/879 979/1655/979 978/1654/978
f 1005/1706/1005 829/1707/829 856/1708/856
f 898/1506/898 722/1187/722 899/1507/899
f 1006/1709/1006 639/1053/639 723/1189/723
f 1006/1709/1006 857/1427/857 639/1053/639
f 982/1660/982 702/1161/702 857/1427/857
f 1007/1710/1007 724/1191/724 982/1660/982
f 616/1711/616 1008/1712/1008 773/1713/773
f 1009/1714/1009 774/1266/774 725/1192/725
f 881/1715/881 1010/1716/1010 748/1717/748
f 1011/1718/1011 901/1512/901 882/1511/882
f 1012/1719/1012 905/1720/905 902/1513/902
f 1013/1721/1013 907/1722/907 884/1723/884
f 1014/1724/1014 820/1355/820 908/1531/908
f 885/1725/885 886/1482/886 1015/1726/1015
f 1016/1727/1016 886/1482/886 910/1534/910
f 752/1234/752 887/1483/887 962/1627/962
f 805/1433/805 1017/1728/1017 834/1434/834
f 1018/1729/1018 730/1201/730 834/1384/834
f 1018/1729/1018 780/1276/780 730/1201/730
f 781/1385/781 648/1067/648 1019/1730/1019
f 1020/1731/1020 732/1203/732 649/1068/649
f 1020/1732/1020 649/1173/649 861/1436/861
f 911/1733/911 822/1357/822 487/785/487
f 986/1672/986 754/1633/754 966/1632/966
f 753/1734/753 668/1137/668 888/1485/888
f 863/1438/863 967/1735/967 989/1676/989
f 988/1675/988 755/1238/755 823/1359/823
f 555/918/555 784/1285/784 914/1736/914
f 756/1239/756 838/1397/838 916/1737/916
f 991/1679/991 735/1678/735 1021/1738/1021
f 689/1739/689 1022/1740/1022 788/1741/788
f 1023/1742/1023 789/1743/789 891/1744/891
f 608/1008/608 947/1599/947 1024/1745/1024
f 921/1548/921 1025/1746/1025 629/1040/629
f 1025/1746/1025 893/1496/893 629/1040/629
f 893/1496/893 948/1600/948 654/1075/654
f 894/1497/894 630/1042/630 1026/1747/1026
f 759/1242/759 870/1448/870 868/1446/868
f 672/1748/672 585/1078/585 869/1447/869
f 1027/1749/1027 870/1449/870 842/1549/842
f 998/1687/998 971/1642/971 633/1244/633
f 1028/1750/1028 843/1404/843 972/1643/972
f 971/1642/971 871/1450/871 760/1246/760
f 950/1603/950 973/1644/973 674/1110/674
f 847/1453/847 974/1751/974 975/1650/975
f 951/1752/951 975/1650/975 974/1751/974
f 999/1698/999 852/1417/852 978/1654/978
f 977/1753/977 850/1701/850 1000/1700/1000
f 928/1561/928 797/1754/797 675/1112/675
f 1029/1755/1029 794/1301/794 763/1251/763
f 929/1562/929 848/1412/848 1030/1756/1030
f 872/1757/872 877/1758/877 1031/1759/1031
f 1032/1760/1032 897/1501/897 955/1613/955
f 797/1761/797 828/1505/828 827/1502/827
f 978/1654/978 979/1655/979 1033/1762/1033
f 980/1658/980 1034/1763/1034 855/1425/855
f 829/1373/829 1035/1764/1035 933/1566/933
f 1034/1763/1034 1036/1765/1036 855/1425/855
f 1036/1766/1036 818/1767/818 855/1768/855
f 591/976/591 900/1509/900 1037/1769/1037
f 1037/1769/1037 1038/1770/1038 591/976/591
f 1038/1771/1038 958/1616/958 591/1618/591
f 956/1614/956 724/1191/724 1007/1710/1007
f 859/1527/859 820/1526/820 1039/1772/1039
f 820/1355/820 1014/1724/1014 1040/1773/1040
f 860/1774/860 907/1775/907 1041/1776/1041
f 908/1531/908 939/1585/939 1014/1724/1014
f 961/1666/961 938/1665/938 1042/1777/1042
f 831/1377/831 1043/1778/1043 821/1356/821
f 821/1356/821 1043/1778/1043 832/1379/832
f 910/1534/910 962/1627/962 1044/1779/1044
f 833/1381/833 1045/1780/1045 805/1432/805
f 962/1627/962 887/1483/887 1046/1781/1046
f 1018/1729/1018 834/1384/834 1017/1782/1017
f 822/1357/822 1047/1783/1047 807/1330/807
f 1047/1783/1047 1048/1784/1048 807/1330/807
f 1049/1785/1049 711/1786/711 787/1787/787
f 757/1788/757 839/1789/839 1050/1790/1050
f 946/1598/946 652/1073/652 1051/1791/1051
f 867/1792/867 1052/1793/1052 996/1794/996
f 997/1686/997 714/1178/714 583/967/583
f 713/1177/713 739/1211/739 969/1640/969
f 630/1042/630 868/1446/868 1026/1747/1026
f 970/1641/970 949/1601/949 793/1299/793
f 611/1451/611 871/1450/871 1053/1795/1053
f 924/1796/924 923/1797/923 1054/1798/1054
f 848/1412/848 717/1182/717 1030/1756/1030
f 795/1302/795 1003/1799/1003 1055/1800/1055
f 795/1302/795 676/1115/676 1003/1799/1003
f 978/1654/978 1033/1762/1033 999/1698/999
f 794/1301/794 1029/1755/1029 1001/1702/1001
f 1003/1704/1003 854/1462/854 878/1461/878
f 931/1801/931 952/1802/952 796/1803/796
f 849/1413/849 875/1457/875 1056/1804/1056
f 815/1344/815 1057/1805/1057 931/1564/931
f 878/1463/878 897/1501/897 1058/1806/1058
f 977/1807/977 1059/1808/1059 980/1658/980
f 979/1657/979 933/1566/933 1060/1809/1060
f 980/1658/980 1061/1810/1061 1034/1763/1034
f 829/1373/829 1005/1811/1005 1035/1764/1035
f 981/1659/981 1062/1812/1062 771/1263/771
f 642/1056/642 1063/1813/1063 880/1508/880
f 958/1619/958 1008/1814/1008 616/1021/616
f 774/1266/774 1009/1714/1009 802/1323/802
f 773/1713/773 1008/1712/1008 935/1815/935
f 1064/1816/1064 1009/1714/1009 725/1192/725
f 747/1223/747 1064/1816/1064 725/1192/725
f 883/1474/883 905/1720/905 1065/1817/1065
f 883/1818/883 1065/1819/1065 906/1522/906
f 860/1774/860 1041/1776/1041 937/1820/937
f 938/1821/938 937/1822/937 1041/1823/1041
f 939/1585/939 1066/1824/1066 1014/1724/1014
f 938/1584/938 1041/1825/1041 1042/1826/1042
f 1067/1827/1067 909/1533/909 832/1379/832
f 909/1533/909 1045/1780/1045 833/1381/833
f 805/1432/805 1045/1780/1045 1068/1828/1068
f 780/1276/780 1018/1729/1018 984/1670/984
f 1019/1730/1019 985/1829/985 781/1385/781
f 1020/1731/1020 1069/1830/1069 732/1203/732
f 822/1357/822 911/1733/911 1047/1783/1047
f 988/1675/988 1070/1831/1070 755/1238/755
f 755/1238/755 1070/1831/1070 670/1103/670
f 520/1832/520 785/1833/785 889/1489/889
f 670/1103/670 1070/1831/1070 786/1289/786
f 785/1833/785 1071/1834/1071 1072/1835/1072
f 916/1836/916 838/1593/838 1073/1837/1073
f 942/1592/942 1074/1838/1074 787/1290/787
f 787/1787/787 1074/1839/1074 1049/1785/1049
f 711/1786/711 1049/1785/1049 712/1840/712
f 890/1491/890 1075/1841/1075 671/1104/671
f 840/1399/840 791/1295/791 1076/1842/1076
f 1077/1843/1077 737/1208/737 866/1441/866
f 867/1445/867 1078/1844/1078 1052/1845/1052
f 1079/1846/1079 841/1401/841 738/1400/738
f 867/1445/867 969/1640/969 1078/1844/1078
f 997/1686/997 1080/1847/1080 714/1178/714
f 611/1451/611 1053/1795/1053 922/1550/922
f 923/1848/923 1081/1849/1081 1054/1850/1054
f 923/1851/923 926/1697/926 1081/1852/1081
f 1082/1853/1082 977/1854/977 1000/1855/1000
f 872/1452/872 1031/1856/1031 1083/1857/1083
f 717/1182/717 1055/1800/1055 1084/1858/1084
f 717/1182/717 795/1302/795 1055/1800/1055
f 976/1859/976 1085/1860/1085 1086/1861/1086
f 976/1651/976 952/1609/952 1085/1862/1085
f 815/1344/815 932/1565/932 1057/1805/1057
f 813/1342/813 1087/1863/1087 930/1563/930
f 897/1501/897 1032/1760/1032 1058/1806/1058
f 977/1807/977 1088/1864/1088 1059/1808/1059
f 1089/1865/1089 1033/1866/1033 979/1657/979
f 1060/1809/1060 1089/1865/1089 979/1657/979
f 1006/1709/1006 1090/1867/1090 857/1427/857
f 857/1427/857 1090/1867/1090 982/1660/982
f 1062/1812/1062 899/1507/899 771/1263/771
f 957/1615/957 1091/1868/1091 801/1322/801
f 1091/1868/1091 746/1222/746 801/1322/801
f 935/1815/935 1092/1869/1092 936/1870/936
f 1092/1869/1092 1093/1871/1093 936/1870/936
f 1010/1872/1010 983/1873/983 748/1874/748
f 882/1511/882 960/1624/960 1011/1718/1011
f 859/1875/859 1094/1876/1094 903/1663/903
f 906/1522/906 1095/1877/1095 884/1528/884
f 884/1878/884 1095/1879/1095 1013/1880/1013
f 1013/1881/1013 1096/1882/1096 907/1883/907
f 1014/1884/1014 1066/1885/1066 1040/1886/1040
f 1041/1887/1041 1097/1888/1097 1098/1889/1098
f 886/1482/886 1016/1727/1016 1015/1726/1015
f 1015/1726/1015 1016/1727/1016 1099/1890/1099
f 805/1328/805 1068/1891/1068 1017/1782/1017
f 963/1628/963 1046/1892/1046 887/1589/887
f 648/1067/648 1100/1893/1100 1019/1730/1019
f 753/1280/753 1101/1894/1101 912/1537/912
f 836/1389/836 1102/1895/1102 862/1437/862
f 783/1896/783 941/1897/941 966/1898/966
f 862/1437/862 1103/1899/1103 988/1675/988
f 989/1676/989 1104/1900/1104 888/1485/888
f 967/1634/967 914/1539/914 1105/1901/1105
f 889/1489/889 941/1590/941 824/1361/824
f 1106/1902/1106 915/1903/915 913/1904/913
f 784/1285/784 1107/1905/1107 914/1736/914
f 838/1593/838 990/1677/990 1073/1837/1073
f 968/1906/968 1022/1740/1022 689/1739/689
f 712/1840/712 1108/1907/1108 865/1908/865
f 991/1909/991 1109/1910/1109 992/1911/992
f 626/1034/626 1110/1912/1110 890/1491/890
f 920/1547/920 1111/1913/1111 921/1548/921
f 840/1399/840 1112/1914/1112 892/1495/892
f 866/1441/866 995/1684/995 1077/1843/1077
f 840/1399/840 1076/1842/1076 1112/1914/1112
f 737/1208/737 1077/1843/1077 997/1686/997
f 691/1402/691 841/1401/841 970/1641/970
f 739/1211/739 1113/1915/1113 969/1640/969
f 739/1332/739 714/1334/714 1113/1916/1113
f 949/1601/949 1114/1917/1114 869/1602/869
f 843/1404/843 1115/1918/1115 842/1403/842
f 672/1243/672 1116/1919/1116 998/1687/998
f 925/1920/925 1117/1921/1117 951/1922/951
f 924/1699/924 1054/1923/1054 1000/1700/1000
f 951/1924/951 1118/1925/1118 975/1926/975
f 926/1697/926 976/1696/976 1081/1852/1081
f 872/1452/872 1083/1857/1083 845/1407/845
f 975/1650/975 1119/1927/1119 873/1454/873
f 873/1928/873 1119/1929/1119 1002/1930/1002
f 977/1854/977 1082/1853/1082 1088/1931/1088
f 928/1932/928 932/1933/932 797/1934/797
f 955/1613/955 1120/1935/1120 1032/1760/1032
f 849/1936/849 1121/1937/1121 954/1938/954
f 875/1939/875 896/1940/896 1122/1941/1122
f 797/1942/797 932/1943/932 828/1944/828
f 933/1566/933 1123/1945/1123 1060/1809/1060
f 900/1946/900 956/1947/956 1124/1948/1124
f 1124/1949/1124 1037/1950/1037 900/1951/900
f 818/1351/818 1125/1952/1125 723/1189/723
f 746/1222/746 1091/1868/1091 981/1659/981
f 858/1428/858 1064/1816/1064 747/1223/747
f 1126/1953/1126 1012/1719/1012 902/1513/902
f 903/1663/903 1094/1876/1094 1127/1954/1127
f 907/1955/907 1096/1956/1096 1041/1825/1041
f 939/1957/939 1128/1958/1128 1066/1959/1066
f 1041/1825/1041 1098/1960/1098 1042/1826/1042
f 939/1957/939 940/1961/940 1128/1958/1128
f 961/1626/961 1042/1826/1042 831/1377/831
f 831/1377/831 1042/1826/1042 1043/1778/1043
f 940/1587/940 885/1586/885 1129/1962/1129
f 885/1963/885 1015/1964/1015 1129/1965/1129
f 1043/1778/1043 1130/1966/1130 832/1379/832
f 832/1379/832 1130/1966/1130 1067/1827/1067
f 1046/1781/1046 1044/1779/1044 962/1627/962
f 911/1535/911 732/1203/732 1131/1967/1131
f 732/1203/732 1069/1830/1069 1131/1967/1131
f 648/1536/648 835/1387/835 1100/1968/1100
f 1048/1969/1048 782/1395/782 807/1394/807
f 888/1970/888 1101/1971/1101 753/1972/753
f 862/1437/862 1102/1895/1102 1103/1899/1103
f 967/1634/967 1132/1973/1132 989/1974/989
f 967/1634/967 1105/1901/1105 1132/1973/1132
f 784/1285/784 916/1737/916 1107/1905/1107
f 785/1833/785 1072/1835/1072 889/1489/889
f 1070/1975/1070 1133/1976/1133 786/1977/786
f 786/1289/786 1133/1978/1133 710/1174/710
f 785/1833/785 808/1979/808 1071/1834/1071
f 735/1678/735 917/1980/917 1021/1738/1021
f 1021/1981/1021 1109/1910/1109 991/1909/991
f 943/1595/943 993/1681/993 1134/1982/1134
f 1049/1785/1049 1108/1907/1108 712/1840/712
f 789/1492/789 1023/1983/1023 993/1681/993
f 992/1682/992 1110/1912/1110 626/1034/626
f 757/1240/757 1050/1984/1050 968/1638/968
f 608/1008/608 1024/1745/1024 944/1639/944
f 652/1073/652 826/1364/826 1135/1985/1135
f 791/1295/791 894/1497/894 1076/1842/1076
f 1079/1846/1079 738/1400/738 948/1600/948
f 1078/1844/1078 969/1640/969 1113/1915/1113
f 1080/1986/1080 1113/1916/1113 714/1334/714
f 1027/1987/1027 868/1446/868 870/1448/870
f 1114/1988/1114 672/1748/672 869/1447/869
f 1115/1918/1115 843/1404/843 1028/1750/1028
f 1081/1849/1081 976/1859/976 1086/1861/1086
f 1136/1989/1136 1002/1930/1002 1119/1929/1119
f 1137/1990/1137 761/1247/761 1001/1702/1001
f 1029/1755/1029 763/1251/763 954/1612/954
f 1087/1863/1087 813/1342/813 874/1456/874
f 1137/1990/1137 928/1561/928 761/1247/761
f 1138/1991/1138 876/1458/876 930/1563/930
f 1031/1759/1031 877/1758/877 1004/1992/1004
f 1004/1992/1004 876/1993/876 1139/1994/1139
f 1003/1704/1003 878/1461/878 1058/1995/1058
f 1140/1996/1140 1059/1808/1059 1088/1864/1088
f 1059/1808/1059 1061/1810/1061 980/1658/980
f 1125/1997/1125 818/1998/818 1036/1999/1036
f 1125/1952/1125 1006/1709/1006 723/1189/723
f 1090/1867/1090 1007/1710/1007 982/1660/982
f 1141/2000/1141 880/2001/880 1063/2002/1063
f 1141/2003/1141 934/1571/934 880/1508/880
f 1063/1813/1063 642/1056/642 802/1323/802
f 1142/2004/1142 802/2005/802 1009/2006/1009
f 1093/1871/1093 881/1715/881 936/1870/936
f 1143/2007/1143 1010/1716/1010 881/1715/881
f 1094/2008/1094 859/1527/859 1039/1772/1039
f 1144/2009/1144 820/2010/820 1040/2011/1040
f 1067/1827/1067 1145/2012/1145 909/1533/909
f 1146/2013/1146 1147/2014/1147 984/1670/984
f 963/1628/963 984/1670/984 1147/2014/1147
f 1148/2015/1148 985/1829/985 1019/1730/1019
f 1149/2016/1149 835/2017/835 837/2018/837
f 837/2018/837 986/2019/986 1149/2016/1149
f 965/1631/965 1102/1895/1102 836/1389/836
f 1150/2020/1150 1022/1740/1022 1151/2021/1151
f 1022/1740/1022 968/1906/968 1151/2021/1151
f 1152/2022/1152 919/1546/919 918/1545/918
f 920/1547/920 671/1104/671 1075/1841/1075
f 839/1398/839 607/1007/607 1153/2023/1153
f 607/2024/607 946/2025/946 1153/2026/1153
f 1024/2027/1024 947/2028/947 1154/2029/1154
f 921/1548/921 1111/1913/1111 1025/1746/1025
f 947/2028/947 892/2030/892 1154/2029/1154
f 1155/2031/1155 892/1495/892 1112/1914/1112
f 826/1364/826 996/1685/996 1135/1985/1135
f 1156/2032/1156 1080/1847/1080 997/1686/997
f 970/1641/970 1114/1917/1114 949/1601/949
f 672/1243/672 1157/2033/1157 1116/1919/1116
f 715/1180/715 1158/2034/1158 895/1498/895
f 925/1555/925 999/1698/999 1117/2035/1117
f 975/1926/975 1118/1925/1118 1119/1929/1119
f 1136/1989/1136 1159/2036/1159 1002/1930/1002
f 931/1564/931 1057/1805/1057 1160/2037/1160
f 1002/1703/1002 1159/2038/1159 953/1610/953
f 1161/2039/1161 1088/2040/1088 1082/2041/1082
f 929/2042/929 1030/2043/1030 1162/2044/1162
f 1084/1858/1084 1030/1756/1030 717/1182/717
f 1032/2045/1032 1163/2046/1163 1058/2047/1058
f 1084/2048/1084 1055/2049/1055 1164/2050/1164
f 1137/2051/1137 1165/2052/1165 928/1932/928
f 1121/1937/1121 849/1936/849 1166/2053/1166
f 876/2054/876 1138/2055/1138 1139/2056/1139
f 1056/2057/1056 875/2058/875 1167/2059/1167
f 875/2060/875 1122/2061/1122 1167/2062/1167
f 1168/2063/1168 1033/1866/1033 1089/1865/1089
f 1139/1994/1139 1169/2064/1169 1004/1992/1004
f 1170/2065/1170 957/2066/957 1171/2067/1171
f 1171/2068/1171 957/2069/957 934/2070/934
f 1172/2071/1172 1090/2072/1090 1006/2073/1006
f 956/2074/956 1007/2075/1007 1173/2076/1173
f 1174/2077/1174 958/1616/958 1038/1771/1038
f 1174/2077/1174 1008/1712/1008 958/1616/958
f 1142/2078/1142 1063/1813/1063 802/1323/802
f 935/1815/935 1008/1712/1008 1175/2079/1175
f 1093/1871/1093 1143/2007/1143 881/1715/881
f 905/1720/905 1012/1719/1012 1065/1817/1065
f 820/2010/820 1144/2009/1144 1039/2080/1039
f 1097/2081/1097 1041/1825/1041 1096/1956/1096
f 940/2082/940 1129/2083/1129 1128/2084/1128
f 963/1628/963 1176/2085/1176 1046/1892/1046
f 984/1670/984 1018/1729/1018 1146/2013/1146
f 1019/1730/1019 1100/1893/1100 1148/2015/1148
f 1048/2086/1048 987/2087/987 782/2088/782
f 989/1676/989 1132/2089/1132 1104/1900/1104
f 1105/1901/1105 914/1539/914 1107/2090/1107
f 1108/2091/1108 1177/2092/1177 1178/2093/1178
f 1179/2094/1179 992/1680/992 1109/2095/1109
f 1180/2096/1180 993/1681/993 1181/2097/1181
f 1110/1912/1110 1075/1841/1075 890/1491/890
f 652/1073/652 1135/1985/1135 1051/1791/1051
f 892/1495/892 1155/2031/1155 1154/2098/1154
f 995/1684/995 1182/2099/1182 1077/1843/1077
f 997/1686/997 1077/1843/1077 1156/2032/1156
f 1076/2100/1076 894/2101/894 1183/2102/1183
f 970/1641/970 841/1401/841 1184/2103/1184
f 842/1549/842 1185/2104/1185 1027/1749/1027
f 973/1644/973 950/1603/950 1186/2105/1186
f 1053/1795/1053 1187/2106/1187 922/1550/922
f 922/1550/922 1187/2106/1187 715/1180/715
f 951/1922/951 1117/1921/1117 1118/2107/1118
f 895/1498/895 1188/2108/1188 896/1559/896
f 1033/2109/1033 1189/2110/1189 1190/2111/1190
f 953/1610/953 1159/2038/1159 1191/2112/1191
f 931/1564/931 1192/2113/1192 952/1609/952
f 1161/2114/1161 1140/1996/1140 1088/1864/1088
f 932/1933/932 928/1932/928 1165/2052/1165
f 1029/2115/1029 1193/2116/1193 1001/2117/1001
f 1194/2118/1194 1193/2116/1193 1029/2115/1029
f 896/1940/896 1188/2119/1188 1122/1941/1122
f 1033/2109/1033 1168/2120/1168 1189/2110/1189
f 849/2121/849 1056/2122/1056 1166/2123/1166
f 930/2124/930 1087/2125/1087 1195/2126/1195
f 1196/2127/1196 929/2128/929 1162/2129/1162
f 1137/2130/1137 1001/2131/1001 1193/2132/1193
f 1167/2133/1167 1122/1941/1122 1197/2134/1197
f 1140/2135/1140 1198/2136/1198 1059/2137/1059
f 1089/1865/1089 1060/1809/1060 1123/1945/1123
f 1059/1808/1059 1198/2138/1198 1061/1810/1061
f 1170/2065/1170 1091/2139/1091 957/2066/957
f 933/1566/933 1035/1764/1035 1123/1945/1123
f 1199/2140/1199 1007/2075/1007 1090/2072/1090
f 856/2141/856 1200/2142/1200 1005/2143/1005
f 1201/2144/1201 899/2145/899 1062/2146/1062
f 898/2147/898 899/2145/899 1202/2148/1202
f 856/2149/856 898/2147/898 1200/2150/1200
f 1008/1712/1008 1174/2077/1174 1175/2079/1175
f 858/2151/858 959/1620/959 1203/2152/1203
f 903/1663/903 1127/1954/1127 960/1624/960
f 1066/1885/1066 1204/2153/1204 1040/1886/1040
f 1066/1885/1066 1205/2154/1205 1204/2153/1204
f 1066/1959/1066 1128/1958/1128 1205/2155/1205
f 1042/1826/1042 1206/2156/1206 1043/1778/1043
f 1129/2157/1129 1015/2158/1015 1207/2159/1207
f 1208/2160/1208 1099/1890/1099 1016/1727/1016
f 910/1534/910 1209/2161/1209 1016/1727/1016
f 1210/2162/1210 964/2163/964 985/2164/985
f 835/1387/835 1149/2165/1149 1211/2166/1211
f 912/1537/912 1212/2167/1212 861/1436/861
f 1047/1783/1047 1213/2168/1213 1048/1784/1048
f 912/1537/912 1101/1894/1101 1214/2169/1214
f 986/1672/986 966/1632/966 1215/2170/1215
f 1101/1971/1101 888/1970/888 1104/2171/1104
f 941/1590/941 1216/2172/1216 966/1632/966
f 1133/1978/1133 1217/2173/1217 710/1174/710
f 710/1174/710 1217/2173/1217 917/1544/917
f 943/1595/943 1134/1982/1134 990/1677/990
f 788/1741/788 1218/2174/1218 808/1979/808
f 1021/1738/1021 1219/2175/1219 1109/2095/1109
f 788/1741/788 1022/1740/1022 1218/2174/1218
f 1049/2176/1049 1177/2092/1177 1108/2091/1108
f 993/2177/993 1180/2178/1180 1134/2179/1134
f 1178/2180/1178 865/1908/865 1108/1907/1108
f 1181/2097/1181 993/1681/993 1023/1983/1023
f 865/1440/865 1152/2022/1152 918/1545/918
f 891/1744/891 994/2181/994 1023/1742/1023
f 1135/2182/1135 996/1794/996 1220/2183/1220
f 1221/2184/1221 948/1600/948 893/1496/893
f 1076/1842/1076 1222/2185/1222 1112/1914/1112
f 1223/2186/1223 1183/2102/1183 894/2101/894
f 1224/2187/1224 868/1446/868 1027/1987/1027
f 1027/1987/1027 1225/2188/1225 1226/2189/1226
f 1185/2190/1185 842/1403/842 1115/1918/1115
f 1186/2105/1186 950/1603/950 844/1405/844
f 1000/1700/1000 1054/1923/1054 1227/2191/1227
f 1228/2192/1228 1082/2193/1082 1000/2194/1000
f 1081/1849/1081 1086/1861/1086 1227/2195/1227
f 845/1407/845 1083/1857/1083 1229/2196/1229
f 1118/1925/1118 1230/2197/1230 1119/1929/1119
f 999/1698/999 1033/1762/1033 1190/2198/1190
f 1230/2197/1230 1136/1989/1136 1119/1929/1119
f 874/2199/874 1196/2127/1196 1087/2200/1087
f 874/2199/874 929/2128/929 1196/2127/1196
f 1029/2115/1029 954/2201/954 1194/2118/1194
f 1162/2044/1162 1030/2043/1030 1231/2202/1231
f 1124/2203/1124 1194/2204/1194 954/2205/954
f 1121/2206/1121 1166/2207/1166 1174/2077/1174
f 1195/2208/1195 1087/2209/1087 1141/2000/1141
f 1196/2210/1196 1171/2067/1171 1087/2211/1087
f 1196/2210/1196 1170/2065/1170 1171/2067/1171
f 1123/1945/1123 1232/2212/1232 1089/1865/1089
f 1087/2213/1087 1171/2068/1171 934/2070/934
f 954/2214/954 1037/1950/1037 1124/1949/1124
f 1121/2206/1121 1174/2077/1174 1038/1771/1038
f 1121/2215/1121 1038/2216/1038 1037/2217/1037
f 1173/2076/1173 1007/2075/1007 1199/2140/1199
f 1124/2218/1124 956/2074/956 1194/2118/1194
f 1231/2202/1231 1062/2146/1062 981/2219/981
f 1125/1997/1125 1233/2220/1233 1006/2073/1006
f 1233/2220/1233 1172/2071/1172 1006/2073/1006
f 1202/2148/1202 899/2145/899 1201/2144/1201
f 1200/2150/1200 898/2147/898 1202/2148/1202
f 1142/2221/1142 1195/2222/1195 1063/2223/1063
f 1234/2224/1234 1009/2225/1009 1064/2226/1064
f 1203/2227/1203 1234/2224/1234 858/2228/858
f 1234/2224/1234 1064/2226/1064 858/2228/858
f 1010/1716/1010 1235/2229/1235 983/2230/983
f 1126/1953/1126 902/1513/902 983/1662/983
f 1236/2231/1236 1040/2232/1040 1237/2233/1237
f 1096/2234/1096 1013/1880/1013 1095/1879/1095
f 1098/2235/1098 1097/2236/1097 1238/2237/1238
f 1015/2238/1015 1099/2239/1099 1207/2240/1207
f 1130/1966/1130 1239/2241/1239 1067/1827/1067
f 1209/2161/1209 910/1534/910 1240/2242/1240
f 910/1534/910 1044/1779/1044 1240/2242/1240
f 1045/1780/1045 1241/2243/1241 1068/1828/1068
f 1044/1779/1044 1046/1781/1046 1176/2244/1176
f 1068/1891/1068 1242/2245/1242 1017/1782/1017
f 963/1628/963 1147/2014/1147 1176/2085/1176
f 1017/1782/1017 1243/2246/1243 1018/1729/1018
f 1018/1729/1018 1243/2246/1243 1146/2013/1146
f 985/1829/985 1148/2015/1148 1210/2247/1210
f 964/1629/964 1244/2248/1244 965/1631/965
f 1132/2089/1132 1105/2249/1105 1104/1900/1104
f 1106/2250/1106 913/1538/913 987/1674/987
f 941/1590/941 889/1489/889 1245/2251/1245
f 915/2252/915 1246/2253/1246 864/2254/864
f 1246/2253/1246 942/2255/942 864/2254/864
f 942/2255/942 1247/2256/1247 1074/1839/1074
f 1218/2174/1218 1022/1740/1022 1150/2020/1150
f 1177/2257/1177 1180/2096/1180 1178/2258/1178
f 1180/2096/1180 1181/2097/1181 1178/2258/1178
f 1248/2259/1248 1249/2260/1249 919/1546/919
f 1249/2260/1249 945/1597/945 919/1546/919
f 825/1363/825 945/1597/945 1249/2260/1249
f 825/1363/825 1250/2261/1250 758/1241/758
f 995/1684/995 758/1241/758 1250/2261/1250
f 1220/2183/1220 996/1794/996 1052/1793/1052
f 1223/2186/1223 894/2101/894 1026/2262/1026
f 1251/2263/1251 841/1401/841 1079/1846/1079
f 868/1446/868 1224/2187/1224 1026/1747/1026
f 1184/2103/1184 1114/1917/1114 970/1641/970
f 972/1643/972 973/1644/973 1252/2264/1252
f 1253/2265/1253 1053/1795/1053 871/1450/871
f 1253/2265/1253 1187/2106/1187 1053/1795/1053
f 1054/1850/1054 1081/1849/1081 1227/2195/1227
f 1228/2266/1228 1000/2267/1000 1227/2268/1227
f 1117/2035/1117 999/1698/999 1190/2198/1190
f 1254/2269/1254 1227/2270/1227 1086/2271/1086
f 1255/2272/1255 1256/2273/1256 895/1498/895
f 1256/2273/1256 1188/2108/1188 895/1498/895
f 1086/2271/1086 1257/2274/1257 1254/2269/1254
f 1086/1861/1086 1085/1860/1085 1257/2275/1257
f 1258/2276/1258 1057/1805/1057 932/1565/932
f 1259/2277/1259 1085/1862/1085 952/1609/952
f 952/1609/952 1192/2113/1192 1259/2277/1259
f 1160/2278/1160 1192/2279/1192 931/2280/931
f 1120/2281/1120 955/2282/955 1260/2283/1260
f 1260/2284/1260 955/1613/955 953/1610/953
f 1161/2285/1161 1261/2286/1261 1140/2135/1140
f 1168/2287/1168 1089/2288/1089 1232/2289/1232
f 1140/2135/1140 1261/2286/1261 1198/2136/1198
f 1084/2290/1084 1201/2144/1201 1030/2043/1030
f 1055/2291/1055 1003/2292/1003 1262/2293/1262
f 1003/2294/1003 1058/2295/1058 1262/2296/1262
f 1263/2297/1263 932/1933/932 1165/2052/1165
f 1030/2043/1030 1201/2144/1201 1231/2202/1231
f 1262/2298/1262 1164/2050/1164 1055/2049/1055
f 1058/2299/1058 1163/2300/1163 1262/2301/1262
f 1165/2052/1165 1137/2051/1137 1172/2071/1172
f 1138/2302/1138 930/2303/930 1195/2304/1195
f 1084/2290/1084 1164/2305/1164 1201/2144/1201
f 1172/2071/1172 1137/2051/1137 1199/2140/1199
f 1137/2051/1137 1193/2116/1193 1199/2140/1199
f 1173/2076/1173 1193/2116/1193 1194/2118/1194
f 1087/2306/1087 934/2307/934 1141/2308/1141
f 1162/2044/1162 1170/2065/1170 1196/2210/1196
f 1004/1992/1004 1169/2064/1169 1264/2309/1264
f 1139/2056/1139 1138/2055/1138 1265/2310/1265
f 954/2214/954 1121/2311/1121 1037/1950/1037
f 1122/2312/1122 1266/2313/1266 1197/2314/1197
f 1201/2144/1201 1062/2146/1062 1231/2202/1231
f 1193/2116/1193 1173/2076/1173 1199/2140/1199
f 1162/2044/1162 1091/2139/1091 1170/2065/1170
f 1162/2044/1162 1231/2202/1231 1091/2139/1091
f 1231/2202/1231 981/2219/981 1091/2139/1091
f 1172/2071/1172 1199/2140/1199 1090/2072/1090
f 1173/2076/1173 1194/2118/1194 956/2074/956
f 1200/2315/1200 1035/1764/1035 1005/1811/1005
f 1197/2314/1197 1266/2313/1266 1267/2316/1267
f 1092/2317/1092 1267/2316/1267 1266/2313/1266
f 1265/2318/1265 1234/2224/1234 1169/2319/1169
f 1266/2320/1266 1093/1871/1093 1092/1869/1092
f 935/1815/935 1175/2079/1175 1267/2321/1267
f 1267/2321/1267 1092/1869/1092 935/1815/935
f 1143/2007/1143 1093/1871/1093 1268/2322/1268
f 1143/2007/1143 1235/2229/1235 1010/1716/1010
f 1269/2323/1269 1127/2324/1127 1094/2325/1094
f 1270/2326/1270 1096/2327/1096 1271/2328/1271
f 1271/2329/1271 1096/2330/1096 1095/2331/1095
f 1272/2332/1272 1097/2081/1097 1096/1956/1096
f 1098/1960/1098 1206/2156/1206 1042/1826/1042
f 1128/2084/1128 1129/2083/1129 1273/2333/1273
f 1130/1966/1130 1043/1778/1043 1206/2156/1206
f 1207/2334/1207 1099/2335/1099 1208/2336/1208
f 1208/2160/1208 1016/1727/1016 1209/2161/1209
f 1145/2012/1145 1045/1780/1045 909/1533/909
f 1131/2337/1131 1047/2338/1047 911/2339/911
f 1020/1732/1020 861/1436/861 1212/2167/1212
f 835/1387/835 1211/2166/1211 1100/1968/1100
f 1244/2248/1244 1102/1895/1102 965/1631/965
f 986/1672/986 1215/2170/1215 1149/2340/1149
f 1274/2341/1274 987/2087/987 1048/2086/1048
f 1216/2172/1216 941/1590/941 1245/2251/1245
f 1275/2342/1275 1072/1835/1072 1071/1834/1071
f 1276/2343/1276 1073/1837/1073 990/1677/990
f 1049/1785/1049 1277/2344/1277 1177/2345/1177
f 1219/2175/1219 1179/2094/1179 1109/2095/1109
f 1134/2179/1134 1180/2178/1180 1177/2345/1177
f 1179/2094/1179 1218/2346/1218 1150/2347/1150
f 1150/2347/1150 1151/2348/1151 1179/2094/1179
f 1179/2094/1179 1151/2348/1151 992/1680/992
f 968/1906/968 1050/1790/1050 1151/2021/1151
f 1278/2349/1278 1135/2182/1135 1220/2183/1220
f 1221/2184/1221 1279/2350/1279 948/1600/948
f 1184/2103/1184 1280/2351/1280 1114/1917/1114
f 1224/2187/1224 1027/1987/1027 1226/2189/1226
f 1225/2352/1225 1027/1749/1027 1185/2104/1185
f 1252/2264/1252 973/1644/973 1186/2105/1186
f 1117/2353/1117 1230/2354/1230 1118/2355/1118
f 1158/2034/1158 1255/2272/1255 895/1498/895
f 1032/1760/1032 1120/1935/1120 1281/2356/1281
f 1189/2357/1189 1168/2358/1168 1282/2359/1282
f 1283/2360/1283 1159/2361/1159 1136/2362/1136
f 1257/2363/1257 1085/1862/1085 1259/2277/1259
f 1159/2038/1159 1283/2364/1283 1284/2365/1284
f 932/2366/932 1263/2367/1263 1258/2368/1258
f 1164/2305/1164 1262/2369/1262 1202/2148/1202
f 1056/2057/1056 1167/2059/1167 1166/2370/1166
f 1031/1759/1031 1004/1992/1004 1264/2309/1264
f 1163/2371/1163 1200/2372/1200 1262/2373/1262
f 1165/2052/1165 1233/2220/1233 1263/2297/1263
f 1165/2374/1165 1172/2375/1172 1233/2376/1233
f 1167/2133/1167 1175/2079/1175 1166/2207/1166
f 1188/2119/1188 1268/2322/1268 1122/1941/1122
f 1164/2305/1164 1202/2148/1202 1201/2144/1201
f 1167/2133/1167 1267/2321/1267 1175/2079/1175
f 1167/2133/1167 1197/2134/1197 1267/2321/1267
f 1263/2297/1263 1125/1997/1125 1036/1999/1036
f 1263/2297/1263 1233/2220/1233 1125/1997/1125
f 1122/1941/1122 1268/2322/1268 1266/2320/1266
f 1265/2377/1265 1138/2378/1138 1142/2004/1142
f 1195/2222/1195 1142/2221/1142 1138/2379/1138
f 1141/2000/1141 1063/2002/1063 1195/2208/1195
f 1285/2380/1285 1035/2381/1035 1200/2382/1200
f 1166/2207/1166 1175/2079/1175 1174/2077/1174
f 1036/1765/1036 1034/1763/1034 1286/2383/1286
f 1268/2322/1268 1093/1871/1093 1266/2320/1266
f 1264/2309/1264 1169/2064/1169 1234/2384/1234
f 1265/2318/1265 1009/2225/1009 1234/2224/1234
f 1142/2004/1142 1009/2006/1009 1265/2377/1265
f 959/1620/959 1287/2385/1287 1203/2152/1203
f 1269/2386/1269 1094/2387/1094 1288/2388/1288
f 1289/2389/1289 1290/2390/1290 1271/2328/1271
f 1271/2328/1271 1290/2390/1290 1270/2326/1270
f 1237/2233/1237 1291/2391/1291 1236/2231/1236
f 1094/2392/1094 1039/2393/1039 1288/2394/1288
f 1236/2395/1236 1144/2396/1144 1040/2397/1040
f 1095/2398/1095 1292/2399/1292 1271/2400/1271
f 1273/2401/1273 1129/2157/1129 1207/2159/1207
f 1239/2241/1239 1145/2012/1145 1067/1827/1067
f 1209/2161/1209 1240/2242/1240 1293/2402/1293
f 1294/2403/1294 1241/2243/1241 1045/1780/1045
f 1295/2404/1295 1044/1779/1044 1176/2244/1176
f 1242/2405/1242 1068/1828/1068 1241/2243/1241
f 1243/2246/1243 1296/2406/1296 1146/2013/1146
f 1297/2407/1297 1020/1732/1020 1212/2167/1212
f 1101/1971/1101 1104/2171/1104 1298/2408/1298
f 987/2087/987 1274/2341/1274 1106/2409/1106
f 1107/2410/1107 916/1836/916 1299/2411/1299
f 1246/2253/1246 1247/2256/1247 942/2255/942
f 916/1836/916 1073/1837/1073 1300/2412/1300
f 917/1980/917 1217/2413/1217 1301/2414/1301
f 917/1980/917 1301/2414/1301 1021/1738/1021
f 1071/1834/1071 808/1979/808 1302/2415/1302
f 1301/2414/1301 1219/2175/1219 1021/1738/1021
f 1218/2346/1218 1179/2094/1179 1219/2175/1219
f 1023/1983/1023 1303/2416/1303 1181/2097/1181
f 1023/1983/1023 994/1683/994 1303/2416/1303
f 948/1600/948 1279/2350/1279 1079/1846/1079
f 1113/1915/1113 1304/2417/1304 1078/1844/1078
f 1080/1986/1080 1305/2418/1305 1113/1916/1113
f 1114/1988/1114 1280/2419/1280 672/1748/672
f 1028/1750/1028 1306/2420/1306 1115/1918/1115
f 972/1643/972 1307/2421/1307 1028/1750/1028
f 971/1642/971 1308/2422/1308 1309/2423/1309
f 971/1642/971 1309/2423/1309 871/1450/871
f 1309/2423/1309 1310/2424/1310 871/1450/871
f 871/1450/871 1310/2424/1310 1253/2265/1253
f 1187/2106/1187 1158/2034/1158 715/1180/715
f 1230/2425/1230 1189/2426/1189 1136/2362/1136
f 1311/2427/1311 1160/2037/1160 1312/2428/1312
f 1057/1805/1057 1312/2428/1312 1160/2037/1160
f 1032/2045/1032 1313/2429/1313 1163/2046/1163
f 1189/2426/1189 1283/2360/1283 1136/2362/1136
f 1254/2430/1254 1257/2431/1257 1161/2432/1161
f 1189/2433/1189 1282/2434/1282 1283/2435/1283
f 1260/2436/1260 1314/2437/1314 1120/2438/1120
f 1260/2284/1260 953/1610/953 1191/2112/1191
f 1031/1759/1031 1315/2439/1315 1083/2440/1083
f 1232/2289/1232 1316/2441/1316 1168/2287/1168
f 1163/2442/1163 1285/2380/1285 1200/2382/1200
f 1262/2369/1262 1200/2150/1200 1202/2148/1202
f 1139/1994/1139 1265/2443/1265 1169/2064/1169
f 1035/1764/1035 1317/2444/1317 1123/1945/1123
f 1234/2224/1234 1203/2227/1203 1264/2445/1264
f 959/1620/959 1318/2446/1318 1287/2385/1287
f 959/1620/959 901/1622/901 1318/2446/1318
f 1012/1719/1012 1319/2447/1319 1065/1817/1065
f 1289/2448/1289 1271/2449/1271 1320/2450/1320
f 1065/1819/1065 1321/2451/1321 906/1522/906
f 1291/2391/1291 1237/2233/1237 1322/2452/1322
f 1098/1960/1098 1323/2453/1323 1206/2156/1206
f 1206/2156/1206 1324/2454/1324 1130/1966/1130
f 1208/2336/1208 1325/2455/1325 1207/2334/1207
f 1145/2012/1145 1294/2403/1294 1045/1780/1045
f 1044/2456/1044 1295/2457/1295 1240/2458/1240
f 1017/1782/1017 1242/2245/1242 1243/2246/1243
f 1020/1731/1020 1297/2459/1297 1069/1830/1069
f 964/2163/964 1210/2162/1210 1244/2460/1244
f 966/1632/966 1216/2172/1216 1215/2170/1215
f 1104/2171/1104 1105/1901/1105 1326/2461/1326
f 1070/1975/1070 1327/2462/1327 1133/1976/1133
f 1071/1834/1071 1302/2415/1302 1275/2342/1275
f 990/1677/990 1134/1982/1134 1276/2343/1276
f 1049/1785/1049 1074/1839/1074 1277/2344/1277
f 808/1979/808 1218/2174/1218 1302/2415/1302
f 1218/2346/1218 1219/2175/1219 1302/2463/1302
f 1177/2345/1177 1277/2344/1277 1134/2179/1134
f 1181/2097/1181 1328/2464/1328 1178/2258/1178
f 1178/2180/1178 1328/2465/1328 865/1908/865
f 1152/2022/1152 1248/2259/1248 919/1546/919
f 1050/1790/1050 839/1789/839 1329/2466/1329
f 1155/2031/1155 1330/2467/1330 1154/2098/1154
f 995/1684/995 1331/2468/1331 1182/2099/1182
f 1279/2469/1279 1332/2470/1332 1079/2471/1079
f 1078/1844/1078 1333/2472/1333 1052/1845/1052
f 1026/2262/1026 1224/2473/1224 1223/2186/1223
f 841/1401/841 1251/2263/1251 1184/2103/1184
f 1224/2187/1224 1226/2189/1226 1334/2474/1334
f 972/1643/972 1252/2264/1252 1307/2421/1307
f 1254/2475/1254 1228/2476/1228 1227/2477/1227
f 1228/2476/1228 1254/2475/1254 1161/2478/1161
f 1228/2479/1228 1161/2480/1161 1082/2481/1082
f 1312/2428/1312 1057/1805/1057 1258/2276/1258
f 1335/2482/1335 1261/2483/1261 1161/2484/1161
f 1161/2484/1161 1257/2363/1257 1335/2482/1335
f 1160/2485/1160 1311/2486/1311 1336/2487/1336
f 1168/2488/1168 1316/2489/1316 1282/2490/1282
f 1192/2279/1192 1160/2278/1160 1336/2491/1336
f 1159/2038/1159 1284/2365/1284 1191/2112/1191
f 1163/2442/1163 1313/2492/1313 1285/2380/1285
f 1031/1759/1031 1264/2309/1264 1315/2439/1315
f 1188/2119/1188 1337/2493/1337 1268/2322/1268
f 1263/2367/1263 1036/2494/1036 1286/2495/1286
f 1061/1810/1061 1286/2383/1286 1034/1763/1034
f 1264/2309/1264 1203/2152/1203 1287/2385/1287
f 1268/2322/1268 1337/2493/1337 1143/2007/1143
f 1337/2493/1337 1235/2229/1235 1143/2007/1143
f 1338/2496/1338 983/2230/983 1235/2229/1235
f 901/1622/901 1011/2497/1011 1339/2498/1339
f 1065/1817/1065 1319/2447/1319 1321/2499/1321
f 1321/2451/1321 1095/1877/1095 906/1522/906
f 1039/2500/1039 1340/2501/1340 1288/2502/1288
f 1237/2233/1237 1040/2232/1040 1341/2503/1341
f 1039/2080/1039 1144/2009/1144 1340/2504/1340
f 1128/2084/1128 1273/2333/1273 1205/2505/1205
f 1273/2401/1273 1207/2159/1207 1342/2506/1342
f 1207/2159/1207 1325/2507/1325 1342/2506/1342
f 1208/2508/1208 1343/2509/1343 1325/2510/1325
f 1239/2241/1239 1344/2511/1344 1145/2012/1145
f 1243/2246/1243 1242/2245/1242 1345/2512/1345
f 1102/2513/1102 1244/2514/1244 1346/2515/1346
f 1102/1895/1102 1346/2516/1346 1103/1899/1103
f 1214/2517/1214 1101/1971/1101 1298/2408/1298
f 1104/2171/1104 1326/2461/1326 1298/2408/1298
f 1106/2409/1106 1274/2341/1274 1347/2518/1347
f 1107/2090/1107 1326/2461/1326 1105/1901/1105
f 1347/2519/1347 1246/2520/1246 1106/2521/1106
f 1106/2521/1106 1246/2520/1246 915/2522/915
f 889/1489/889 1072/1835/1072 1327/2523/1327
f 1247/2256/1247 1246/2253/1246 1348/2524/1348
f 916/1836/916 1300/2412/1300 1299/2411/1299
f 1276/2343/1276 1300/2412/1300 1073/1837/1073
f 1276/2343/1276 1134/1982/1134 1277/2525/1277
f 1181/2097/1181 1303/2416/1303 1328/2464/1328
f 1050/1790/1050 1329/2466/1329 1151/2021/1151
f 839/1789/839 1153/2026/1153 1329/2466/1329
f 994/1683/994 944/1596/944 1024/2027/1024
f 946/2025/946 1051/2526/1051 1153/2026/1153
f 1250/2527/1250 1331/2528/1331 995/2529/995
f 893/1496/893 1025/1746/1025 1221/2184/1221
f 1052/1845/1052 1349/2530/1349 1220/2531/1220
f 1077/1843/1077 1350/2532/1350 1156/2032/1156
f 1078/1844/1078 1351/2533/1351 1333/2472/1333
f 1156/2032/1156 1352/2534/1352 1080/1847/1080
f 1280/2419/1280 1353/2535/1353 672/1748/672
f 998/1687/998 1116/1919/1116 1308/2422/1308
f 998/1687/998 1308/2422/1308 971/1642/971
f 1252/2536/1252 1354/2537/1354 1307/2538/1307
f 1252/2264/1252 1186/2105/1186 1354/2539/1354
f 1355/2540/1355 1310/2541/1310 1309/2542/1309
f 1186/2105/1186 844/1405/844 1356/2543/1356
f 1117/2544/1117 1190/2111/1190 1230/2545/1230
f 1190/2111/1190 1189/2110/1189 1230/2545/1230
f 1083/2440/1083 1357/2546/1357 1229/2547/1229
f 1358/2548/1358 1281/2356/1281 1120/1935/1120
f 1083/2440/1083 1315/2439/1315 1357/2546/1357
f 1232/2212/1232 1359/2549/1359 1316/2550/1316
f 1198/2138/1198 1360/2551/1360 1061/1810/1061
f 983/2230/983 1338/2496/1338 1126/2552/1126
f 960/1624/960 1127/1954/1127 1361/2553/1361
f 1289/2389/1289 1320/2554/1320 1290/2390/1290
f 1270/2555/1270 1362/2556/1362 1096/1956/1096
f 1096/1956/1096 1362/2556/1362 1272/2332/1272
f 1272/2332/1272 1238/2557/1238 1097/2081/1097
f 1238/2557/1238 1323/2453/1323 1098/1960/1098
f 1130/2558/1130 1324/2559/1324 1239/2560/1239
f 1208/2160/1208 1209/2161/1209 1343/2561/1343
f 1241/2243/1241 1363/2562/1363 1242/2405/1242
f 1147/2014/1147 1364/2563/1364 1176/2085/1176
f 1146/2013/1146 1296/2406/1296 1365/2564/1365
f 1047/1783/1047 1366/2565/1366 1213/2168/1213
f 912/1537/912 1367/2566/1367 1212/2167/1212
f 912/1537/912 1214/2169/1214 1367/2566/1367
f 1048/1784/1048 1213/2168/1213 1274/2567/1274
f 1149/2340/1149 1215/2170/1215 1368/2568/1368
f 1346/2569/1346 1369/2570/1369 1103/2571/1103
f 1346/2515/1346 1370/2572/1370 1369/2573/1369
f 1371/2574/1371 1103/2571/1103 1369/2570/1369
f 1371/2574/1371 988/2575/988 1103/2571/1103
f 1371/2574/1371 1070/2576/1070 988/2575/988
f 1371/2577/1371 1327/2578/1327 1070/2579/1070
f 1245/2251/1245 889/1489/889 1327/2523/1327
f 1372/2580/1372 1107/2581/1107 1299/2582/1299
f 1327/2462/1327 1217/2583/1217 1133/1976/1133
f 1348/2584/1348 1299/2411/1299 1300/2412/1300
f 1327/2523/1327 1072/1835/1072 1217/2585/1217
f 1072/1835/1072 1275/2342/1275 1217/2585/1217
f 1300/2586/1300 1276/2587/1276 1247/2256/1247
f 1217/2413/1217 1275/2588/1275 1301/2414/1301
f 1247/2256/1247 1276/2587/1276 1074/1839/1074
f 1275/2588/1275 1302/2463/1302 1301/2414/1301
f 1276/2587/1276 1277/2344/1277 1074/1839/1074
f 1301/2414/1301 1302/2463/1302 1219/2175/1219
f 1110/2589/1110 992/1680/992 1151/2348/1151
f 1249/2260/1249 1250/2261/1250 825/1363/825
f 1051/2526/1051 1135/2182/1135 1278/2349/1278
f 1331/2468/1331 1350/2532/1350 1182/2099/1182
f 1373/2590/1373 1112/2591/1112 1222/2592/1222
f 1222/2592/1222 1076/2100/1076 1183/2102/1183
f 1349/2530/1349 1052/1845/1052 1333/2472/1333
f 1332/2593/1332 1374/2594/1374 1079/1846/1079
f 1251/2263/1251 1079/1846/1079 1374/2594/1374
f 1183/2102/1183 1223/2186/1223 1375/2595/1375
f 1352/2534/1352 1305/2596/1305 1080/1847/1080
f 1376/2597/1376 1184/2103/1184 1251/2263/1251
f 1304/2598/1304 1113/1916/1113 1305/2418/1305
f 1377/2599/1377 1280/2351/1280 1184/2103/1184
f 844/1405/844 845/1407/845 1378/2600/1378
f 1378/2600/1378 845/1407/845 1229/2196/1229
f 1379/2601/1379 1358/2602/1358 1120/2603/1120
f 1313/2429/1313 1032/2045/1032 1281/2604/1281
f 1314/2605/1314 1379/2601/1379 1120/2603/1120
f 1284/2365/1284 1283/2364/1283 1282/2490/1282
f 1259/2606/1259 1192/2607/1192 1286/2608/1286
f 1258/2368/1258 1263/2367/1263 1380/2609/1380
f 1380/2609/1380 1263/2367/1263 1286/2495/1286
f 1359/2549/1359 1232/2212/1232 1381/2610/1381
f 1315/2439/1315 1264/2309/1264 1287/2385/1287
f 1381/2610/1381 1232/2212/1232 1123/1945/1123
f 1381/2610/1381 1123/1945/1123 1317/2444/1317
f 1382/2611/1382 960/2612/960 1361/2613/1361
f 1382/2614/1382 1011/2615/1011 960/2616/960
f 1383/2617/1383 1290/2390/1290 1320/2554/1320
f 1361/2618/1361 1127/2324/1127 1269/2323/1269
f 1320/2450/1320 1271/2449/1271 1292/2619/1292
f 1322/2452/1322 1237/2233/1237 1384/2620/1384
f 1294/2403/1294 1145/2012/1145 1385/2621/1385
f 1293/2402/1293 1240/2242/1240 1386/2622/1386
f 1294/2403/1294 1387/2623/1387 1241/2243/1241
f 1388/2624/1388 1176/2625/1176 1364/2626/1364
f 1365/2564/1365 1147/2014/1147 1146/2013/1146
f 1345/2512/1345 1296/2406/1296 1243/2246/1243
f 1366/2565/1366 1047/1783/1047 1131/2627/1131
f 1389/2628/1389 1214/2629/1214 1298/2630/1298
f 1390/2631/1390 1347/2518/1347 1274/2341/1274
f 1298/2632/1298 1326/2633/1326 1390/2631/1390
f 1216/2172/1216 1245/2251/1245 1371/2634/1371
f 1245/2251/1245 1327/2523/1327 1371/2634/1371
f 1246/2253/1246 1372/2635/1372 1348/2524/1348
f 1372/2580/1372 1299/2582/1299 1348/2636/1348
f 1300/2586/1300 1247/2256/1247 1348/2524/1348
f 1328/2465/1328 1152/2637/1152 865/1908/865
f 1249/2260/1249 1391/2638/1391 1250/2261/1250
f 1278/2639/1278 1220/2531/1220 1392/2640/1392
f 1392/2640/1392 1220/2531/1220 1349/2530/1349
f 1182/2099/1182 1350/2532/1350 1077/1843/1077
f 1222/2592/1222 1183/2102/1183 1393/2641/1393
f 1078/1844/1078 1304/2417/1304 1351/2533/1351
f 1223/2642/1223 1224/2187/1224 1334/2474/1334
f 1376/2597/1376 1377/2599/1377 1184/2103/1184
f 1354/2539/1354 1186/2105/1186 1394/2643/1394
f 1356/2543/1356 844/1405/844 1378/2600/1378
f 1255/2272/1255 1395/2644/1395 1256/2273/1256
f 1396/2645/1396 1336/2487/1336 1311/2486/1311
f 1359/2646/1359 1284/2365/1284 1282/2490/1282
f 1336/2647/1336 1380/2648/1380 1192/2649/1192
f 1191/2650/1191 1317/2651/1317 1260/2652/1260
f 1380/2648/1380 1286/2653/1286 1192/2649/1192
f 1260/2436/1260 1317/2654/1317 1314/2437/1314
f 1259/2655/1259 1286/2656/1286 1360/2657/1360
f 1314/2658/1314 1285/2380/1285 1313/2492/1313
f 1314/2658/1314 1317/2659/1317 1285/2380/1285
f 1360/2551/1360 1286/2383/1286 1061/1810/1061
f 1188/2108/1188 1256/2273/1256 1337/2660/1337
f 1317/2659/1317 1035/2381/1035 1285/2380/1285
f 1397/2661/1397 1235/2229/1235 1337/2493/1337
f 1339/2498/1339 1318/2446/1318 901/1622/901
f 1398/2662/1398 1322/2663/1322 1399/2664/1399
f 1291/2665/1291 1400/2666/1400 1236/2667/1236
f 1040/2232/1040 1204/2668/1204 1341/2503/1341
f 1323/2669/1323 1401/2670/1401 1324/2671/1324
f 1323/2453/1323 1324/2454/1324 1206/2156/1206
f 1324/2454/1324 1402/2672/1402 1239/2241/1239
f 1239/2241/1239 1403/2673/1403 1344/2511/1344
f 1295/2674/1295 1176/2675/1176 1388/2676/1388
f 1147/2014/1147 1365/2564/1365 1364/2563/1364
f 1100/2677/1100 1211/2678/1211 1148/2679/1148
f 1297/2407/1297 1212/2167/1212 1404/2680/1404
f 1367/2681/1367 1214/2629/1214 1389/2628/1389
f 1370/2572/1370 1346/2515/1346 1244/2514/1244
f 1405/2682/1405 1369/2573/1369 1370/2572/1370
f 1390/2683/1390 1406/2684/1406 1298/2685/1298
f 1369/2573/1369 1405/2682/1405 1215/2686/1215
f 1215/2686/1215 1405/2682/1405 1368/2687/1368
f 1274/2688/1274 1407/2689/1407 1390/2690/1390
f 1215/2170/1215 1371/2634/1371 1369/2691/1369
f 1347/2518/1347 1390/2631/1390 1326/2633/1326
f 1216/2172/1216 1371/2634/1371 1215/2170/1215
f 1347/2692/1347 1326/2461/1326 1372/2693/1372
f 1107/2090/1107 1372/2693/1372 1326/2461/1326
f 1347/2694/1347 1372/2635/1372 1246/2253/1246
f 1151/2695/1151 1408/2696/1408 1110/2697/1110
f 1328/2465/1328 1409/2698/1409 1152/2637/1152
f 1303/2699/1303 994/2700/994 1410/2701/1410
f 1075/1841/1075 1411/2702/1411 920/1547/920
f 1249/2703/1249 1248/2704/1248 1412/2705/1412
f 1112/2591/1112 1373/2590/1373 1155/2706/1155
f 1350/2532/1350 1413/2707/1413 1156/2032/1156
f 1349/2708/1349 1333/2709/1333 1414/2710/1414
f 1183/2102/1183 1375/2595/1375 1415/2711/1415
f 1223/2186/1223 1416/2712/1416 1375/2595/1375
f 1226/2713/1226 1225/2714/1225 1417/2715/1417
f 672/1748/672 1353/2535/1353 1157/2716/1157
f 1308/2422/1308 1355/2717/1355 1309/2423/1309
f 1310/2424/1310 1418/2718/1418 1253/2265/1253
f 1282/2490/1282 1316/2489/1316 1359/2646/1359
f 1257/2363/1257 1259/2277/1259 1335/2482/1335
f 1314/2605/1314 1419/2719/1419 1379/2601/1379
f 1261/2720/1261 1335/2721/1335 1198/2722/1198
f 1191/2650/1191 1381/2723/1381 1317/2651/1317
f 1337/2493/1337 1256/2724/1256 1397/2661/1397
f 1011/2615/1011 1382/2614/1382 1420/2725/1420
f 1320/2726/1320 1421/2727/1421 1383/2728/1383
f 1288/2388/1288 1422/2729/1422 1269/2386/1269
f 1400/2666/1400 1144/2730/1144 1236/2667/1236
f 1384/2620/1384 1237/2233/1237 1341/2503/1341
f 1270/2326/1270 1423/2731/1423 1362/2732/1362
f 1424/2733/1424 1273/2734/1273 1342/2735/1342
f 1342/2735/1342 1325/2736/1325 1424/2733/1424
f 1402/2672/1402 1403/2673/1403 1239/2241/1239
f 1240/2242/1240 1295/2404/1295 1386/2622/1386
f 1387/2623/1387 1363/2562/1363 1241/2243/1241
f 1242/2245/1242 1363/2737/1363 1345/2512/1345
f 1149/2738/1149 1425/2739/1425 1211/2678/1211
f 1149/2738/1149 1368/2740/1368 1425/2739/1425
f 1274/2741/1274 1213/2742/1213 1407/2743/1407
f 1298/2630/1298 1406/2744/1406 1389/2628/1389
f 994/1683/994 1024/2027/1024 1410/2745/1410
f 1249/2260/1249 1412/2746/1412 1391/2638/1391
f 1154/2029/1154 1330/2747/1330 1426/2748/1426
f 1155/2706/1155 1373/2590/1373 1330/2747/1330
f 1156/2032/1156 1413/2707/1413 1352/2534/1352
f 1223/2186/1223 1334/2749/1334 1416/2712/1416
f 1280/2419/1280 1427/2750/1427 1353/2535/1353
f 1157/2033/1157 1428/2751/1428 1116/1919/1116
f 1429/2752/1429 1308/2422/1308 1116/1919/1116
f 1313/2753/1313 1430/2754/1430 1314/2755/1314
f 1198/2756/1198 1335/2757/1335 1360/2758/1360
f 1287/2385/1287 1431/2759/1431 1315/2439/1315
f 1287/2385/1287 1318/2446/1318 1431/2759/1431
f 1397/2661/1397 1338/2496/1338 1235/2229/1235
f 1420/2725/1420 1339/2760/1339 1011/2615/1011
f 1398/2761/1398 1432/2762/1432 1322/2763/1322
f 1320/2450/1320 1433/2764/1433 1421/2765/1421
f 1322/2452/1322 1384/2620/1384 1399/2766/1399
f 1322/2763/1322 1432/2762/1432 1291/2665/1291
f 1320/2450/1320 1292/2619/1292 1433/2764/1433
f 1291/2665/1291 1432/2762/1432 1400/2666/1400
f 1319/2767/1319 1434/2768/1434 1321/2769/1321
f 1383/2617/1383 1435/2770/1435 1290/2390/1290
f 1290/2390/1290 1435/2770/1435 1270/2326/1270
f 1323/2453/1323 1436/2771/1436 1401/2772/1401
f 1324/2773/1324 1401/2774/1401 1437/2775/1437
f 1324/2454/1324 1437/2776/1437 1402/2672/1402
f 1325/2510/1325 1343/2509/1343 1438/2777/1438
f 1293/2778/1293 1386/2779/1386 1439/2780/1439
f 1145/2012/1145 1344/2511/1344 1385/2621/1385
f 1294/2403/1294 1385/2621/1385 1387/2623/1387
f 1296/2406/1296 1345/2512/1345 1440/2781/1440
f 1069/1830/1069 1441/2782/1441 1131/1967/1131
f 1069/1830/1069 1297/2459/1297 1441/2782/1441
f 1210/2783/1210 1442/2784/1442 1244/2785/1244
f 1406/2684/1406 1390/2683/1390 1407/2786/1407
f 1110/2787/1110 1408/2788/1408 1075/2789/1075
f 920/1547/920 1411/2702/1411 1111/1913/1111
f 1391/2790/1391 1331/2528/1331 1250/2527/1250
f 1111/1913/1111 1443/2791/1443 1025/1746/1025
f 1025/1746/1025 1443/2791/1443 1221/2184/1221
f 1183/2102/1183 1415/2711/1415 1393/2641/1393
f 1444/2792/1444 1374/2594/1374 1332/2593/1332
f 1351/2793/1351 1304/2794/1304 1445/2795/1445
f 1280/2351/1280 1446/2796/1446 1427/2797/1427
f 1028/1750/1028 1307/2421/1307 1306/2420/1306
f 1394/2798/1394 1447/2799/1447 1354/2800/1354
f 1253/2265/1253 1448/2801/1448 1187/2106/1187
f 1379/2601/1379 1449/2802/1449 1358/2602/1358
f 1281/2803/1281 1430/2804/1430 1313/2805/1313
f 1379/2601/1379 1419/2719/1419 1449/2802/1449
f 1312/2806/1312 1258/2368/1258 1450/2807/1450
f 1258/2368/1258 1380/2609/1380 1451/2808/1451
f 1360/2809/1360 1335/2810/1335 1259/2811/1259
f 1284/2812/1284 1381/2723/1381 1191/2650/1191
f 1359/2813/1359 1381/2723/1381 1284/2812/1284
f 1126/2552/1126 1452/2814/1452 1012/2815/1012
f 1452/2814/1452 1319/2816/1319 1012/2815/1012
f 1453/2817/1453 1435/2770/1435 1383/2617/1383
f 1454/2818/1454 1435/2819/1435 1453/2820/1453
f 1361/2613/1361 1455/2821/1455 1382/2611/1382
f 1361/2618/1361 1456/2822/1456 1455/2823/1455
f 1454/2824/1454 1457/2825/1457 1435/2770/1435
f 1384/2826/1384 1454/2827/1454 1399/2664/1399
f 1361/2618/1361 1269/2323/1269 1456/2822/1456
f 1319/2828/1319 1458/2829/1458 1434/2830/1434
f 1454/2831/1454 1384/2620/1384 1457/2832/1457
f 1144/2833/1144 1400/2834/1400 1340/2835/1340
f 1238/2557/1238 1436/2771/1436 1323/2453/1323
f 1205/2836/1205 1273/2837/1273 1459/2838/1459
f 1273/2837/1273 1424/2839/1424 1459/2838/1459
f 1209/2161/1209 1293/2402/1293 1343/2561/1343
f 1388/2676/1388 1386/2840/1386 1295/2674/1295
f 1460/2841/1460 1440/2781/1440 1345/2512/1345
f 1211/2678/1211 1425/2739/1425 1148/2679/1148
f 1368/2687/1368 1405/2682/1405 1461/2842/1461
f 1151/2021/1151 1329/2466/1329 1408/2843/1408
f 1328/2464/1328 1303/2416/1303 1409/2844/1409
f 1329/2466/1329 1153/2026/1153 1462/2845/1462
f 1075/1841/1075 1408/2846/1408 1411/2702/1411
f 1153/2026/1153 1051/2526/1051 1462/2845/1462
f 1051/2526/1051 1278/2349/1278 1462/2845/1462
f 1443/2791/1443 1463/2847/1463 1221/2184/1221
f 1463/2848/1463 1279/2469/1279 1221/2849/1221
f 1279/2469/1279 1463/2848/1463 1332/2470/1332
f 1350/2850/1350 1464/2851/1464 1413/2852/1413
f 1226/2713/1226 1465/2853/1465 1334/2749/1334
f 1226/2713/1226 1417/2715/1417 1465/2853/1465
f 1427/2854/1427 1446/2855/1446 1466/2856/1466
f 1225/2352/1225 1185/2104/1185 1467/2857/1467
f 1428/2751/1428 1429/2752/1429 1116/1919/1116
f 1355/2717/1355 1308/2422/1308 1468/2858/1468
f 1355/2717/1355 1469/2859/1469 1310/2424/1310
f 1470/2860/1470 1255/2272/1255 1158/2034/1158
f 1396/2861/1396 1451/2862/1451 1336/2863/1336
f 1258/2368/1258 1451/2808/1451 1450/2807/1450
f 1314/2755/1314 1430/2754/1430 1419/2864/1419
f 1336/2647/1336 1451/2865/1451 1380/2648/1380
f 1471/2866/1471 1126/2552/1126 1338/2496/1338
f 1319/2867/1319 1452/2868/1452 1458/2869/1458
f 1399/2664/1399 1472/2870/1472 1398/2662/1398
f 1473/2871/1473 1474/2872/1474 1475/2873/1475
f 1476/2874/1476 1477/2875/1477 1433/2876/1433
f 1473/2877/1473 1478/2878/1478 1479/2879/1479
f 1095/2880/1095 1321/2881/1321 1292/2882/1292
f 1325/2736/1325 1438/2883/1438 1424/2733/1424
f 1480/2884/1480 1437/2775/1437 1401/2774/1401
f 1363/2562/1363 1387/2623/1387 1481/2885/1481
f 1363/2737/1363 1482/2886/1482 1345/2512/1345
f 1482/2887/1482 1460/2888/1460 1345/2889/1345
f 1210/2247/1210 1148/2015/1148 1442/2890/1442
f 1131/1967/1131 1441/2782/1441 1366/2891/1366
f 1212/2167/1212 1367/2566/1367 1404/2680/1404
f 1367/2681/1367 1389/2628/1389 1483/2892/1483
f 1370/2572/1370 1484/2893/1484 1405/2682/1405
f 1407/2894/1407 1485/2895/1485 1406/2744/1406
f 1409/2698/1409 1248/2704/1248 1152/2637/1152
f 1024/2027/1024 1426/2748/1426 1410/2745/1410
f 1411/2702/1411 1486/2896/1486 1111/1913/1111
f 1024/2027/1024 1154/2029/1154 1426/2748/1426
f 1111/1913/1111 1486/2896/1486 1443/2791/1443
f 1391/2790/1391 1487/2897/1487 1331/2528/1331
f 1331/2468/1331 1488/2898/1488 1350/2532/1350
f 1446/2796/1446 1280/2351/1280 1377/2599/1377
f 1489/2899/1489 1467/2857/1467 1185/2104/1185
f 1353/2535/1353 1427/2750/1427 1466/2900/1466
f 1489/2901/1489 1185/2902/1185 1115/2903/1115
f 1306/2420/1306 1307/2421/1307 1490/2904/1490
f 1468/2858/1468 1469/2859/1469 1355/2717/1355
f 1469/2859/1469 1418/2718/1418 1310/2424/1310
f 1394/2643/1394 1186/2105/1186 1356/2543/1356
f 1448/2801/1448 1158/2034/1158 1187/2106/1187
f 1378/2600/1378 1229/2196/1229 1491/2905/1491
f 1311/2427/1311 1312/2428/1312 1450/2906/1450
f 1281/2356/1281 1358/2548/1358 1449/2907/1449
f 1339/2498/1339 1420/2908/1420 1318/2446/1318
f 1492/2909/1492 1338/2496/1338 1397/2661/1397
f 1493/2910/1493 1399/2664/1399 1454/2827/1454
f 1494/2911/1494 1458/2912/1458 1452/2913/1452
f 1453/2914/1453 1383/2915/1383 1495/2916/1495
f 1496/2917/1496 1455/2918/1455 1456/2919/1456
f 1475/2873/1475 1474/2872/1474 1497/2920/1497
f 1269/2386/1269 1422/2729/1422 1456/2921/1456
f 1475/2922/1475 1478/2923/1478 1473/2924/1473
f 1498/2925/1498 1321/2926/1321 1434/2927/1434
f 1288/2502/1288 1340/2501/1340 1499/2928/1499
f 1270/2326/1270 1435/2770/1435 1423/2731/1423
f 1423/2731/1423 1435/2770/1435 1457/2825/1457
f 1341/2929/1341 1204/2930/1204 1500/2931/1500
f 1402/2932/1402 1437/2933/1437 1403/2934/1403
f 1501/2935/1501 1385/2621/1385 1344/2511/1344
f 1385/2621/1385 1501/2935/1501 1387/2623/1387
f 1366/2565/1366 1502/2936/1502 1213/2168/1213
f 1425/2937/1425 1368/2687/1368 1461/2842/1461
f 1484/2893/1484 1461/2842/1461 1405/2682/1405
f 1485/2895/1485 1389/2628/1389 1406/2744/1406
f 1409/2844/1409 1303/2416/1303 1410/2745/1410
f 1411/2938/1411 1408/2939/1408 1503/2940/1503
f 1373/2590/1373 1222/2592/1222 1393/2641/1393
f 1414/2710/1414 1333/2709/1333 1504/2941/1504
f 1333/2709/1333 1351/2793/1351 1504/2941/1504
f 1352/2534/1352 1505/2942/1505 1305/2596/1305
f 1305/2418/1305 1505/2943/1505 1304/2598/1304
f 1417/2715/1417 1225/2714/1225 1467/2944/1467
f 1353/2535/1353 1428/2945/1428 1157/2716/1157
f 1353/2535/1353 1466/2900/1466 1506/2946/1506
f 1429/2752/1429 1507/2947/1507 1308/2422/1308
f 1307/2538/1307 1354/2537/1354 1490/2948/1490
f 1508/2949/1508 1318/2446/1318 1420/2908/1420
f 1509/2950/1509 1454/2827/1454 1453/2951/1453
f 1493/2910/1493 1472/2870/1472 1399/2664/1399
f 1495/2952/1495 1383/2728/1383 1421/2727/1421
f 1472/2953/1472 1510/2954/1510 1398/2955/1398
f 1511/2956/1511 1512/2957/1512 1475/2958/1475
f 1398/2761/1398 1510/2959/1510 1432/2762/1432
f 1474/2960/1474 1473/2961/1473 1479/2962/1479
f 1384/2620/1384 1513/2963/1513 1457/2832/1457
f 1499/2964/1499 1340/2965/1340 1400/2966/1400
f 1513/2963/1513 1384/2620/1384 1341/2503/1341
f 1500/2931/1500 1204/2930/1204 1514/2967/1514
f 1205/2968/1205 1514/2969/1514 1204/2970/1204
f 1272/2332/1272 1436/2771/1436 1238/2557/1238
f 1515/2971/1515 1438/2972/1438 1516/2973/1516
f 1438/2974/1438 1343/2975/1343 1516/2976/1516
f 1480/2977/1480 1403/2934/1403 1437/2933/1437
f 1343/2975/1343 1293/2778/1293 1516/2976/1516
f 1403/2934/1403 1517/2978/1517 1344/2979/1344
f 1386/2779/1386 1518/2980/1518 1439/2780/1439
f 1518/2981/1518 1386/2840/1386 1388/2676/1388
f 1481/2982/1481 1482/2886/1482 1363/2737/1363
f 1388/2624/1388 1364/2626/1364 1519/2983/1519
f 1365/2564/1365 1520/2984/1520 1364/2563/1364
f 1442/2784/1442 1521/2985/1521 1244/2785/1244
f 1408/2843/1408 1329/2466/1329 1503/2986/1503
f 1412/2705/1412 1487/2897/1487 1391/2790/1391
f 1487/2987/1487 1488/2898/1488 1331/2468/1331
f 1462/2845/1462 1278/2349/1278 1392/2988/1392
f 1463/2847/1463 1444/2792/1444 1332/2593/1332
f 1334/2749/1334 1465/2853/1465 1416/2712/1416
f 1115/2903/1115 1306/2989/1306 1522/2990/1522
f 1306/2420/1306 1490/2904/1490 1522/2991/1522
f 1229/2196/1229 1357/2992/1357 1491/2905/1491
f 1311/2427/1311 1450/2906/1450 1396/2993/1396
f 1450/2994/1450 1451/2995/1451 1396/2996/1396
f 1281/2803/1281 1449/2997/1449 1430/2804/1430
f 1318/2446/1318 1508/2949/1508 1431/2759/1431
f 1453/2914/1453 1495/2916/1495 1509/2998/1509
f 1471/2866/1471 1452/2814/1452 1126/2552/1126
f 1523/2999/1523 1455/3000/1455 1496/3001/1496
f 1476/2874/1476 1494/3002/1494 1524/3003/1524
f 1524/3003/1524 1477/2875/1477 1476/2874/1476
f 1475/3004/1475 1497/3005/1497 1525/3006/1525
f 1496/3007/1496 1512/3008/1512 1511/3009/1511
f 1456/3010/1456 1422/3011/1422 1496/3012/1496
f 1458/2912/1458 1494/2911/1494 1434/3013/1434
f 1494/2911/1494 1476/3014/1476 1434/3013/1434
f 1475/2922/1475 1512/3015/1512 1478/2923/1478
f 1422/2729/1422 1288/2388/1288 1478/3016/1478
f 1321/3017/1321 1498/3018/1498 1292/3019/1292
f 1457/2825/1457 1513/3020/1513 1423/2731/1423
f 1362/2556/1362 1526/3021/1526 1272/2332/1272
f 1205/2968/1205 1459/3022/1459 1514/2969/1514
f 1436/2771/1436 1527/3023/1527 1401/2772/1401
f 1424/2839/1424 1438/3024/1438 1459/2838/1459
f 1501/2935/1501 1481/2885/1481 1387/2623/1387
f 1482/3025/1482 1528/3026/1528 1460/3027/1460
f 1296/2406/1296 1440/2781/1440 1529/3028/1529
f 1296/2406/1296 1529/3028/1529 1365/2564/1365
f 1148/2679/1148 1425/2739/1425 1530/3029/1530
f 1244/2785/1244 1521/2985/1521 1531/3030/1531
f 1244/2514/1244 1531/3031/1531 1370/2572/1370
f 1213/3032/1213 1502/3033/1502 1407/2894/1407
f 1370/2572/1370 1531/3031/1531 1484/2893/1484
f 1425/2937/1425 1461/2842/1461 1532/3034/1532
f 1389/2628/1389 1485/2895/1485 1483/2892/1483
f 1407/2894/1407 1533/3035/1533 1485/2895/1485
f 1409/2698/1409 1412/2705/1412 1248/2704/1248
f 1329/2466/1329 1462/2845/1462 1503/2986/1503
f 1411/2938/1411 1503/2940/1503 1486/3036/1486
f 1392/2988/1392 1534/3037/1534 1535/3038/1535
f 1392/2988/1392 1349/2708/1349 1534/3037/1534
f 1374/2594/1374 1536/3039/1536 1251/2263/1251
f 1304/2598/1304 1505/2943/1505 1445/3040/1445
f 1417/2715/1417 1467/2944/1467 1537/3041/1537
f 1353/2535/1353 1506/2946/1506 1428/2945/1428
f 1255/2272/1255 1470/2860/1470 1395/2644/1395
f 1449/2997/1449 1419/3042/1419 1430/2804/1430
f 1315/2439/1315 1431/2759/1431 1357/2546/1357
f 1256/2724/1256 1538/3043/1538 1397/2661/1397
f 1338/2496/1338 1492/2909/1492 1471/2866/1471
f 1509/2950/1509 1493/2910/1493 1454/2827/1454
f 1539/3044/1539 1494/3002/1494 1452/2814/1452
f 1525/3045/1525 1511/2956/1511 1475/2958/1475
f 1496/3012/1496 1422/3011/1422 1512/3046/1512
f 1421/3047/1421 1433/3048/1433 1540/3049/1540
f 1512/3046/1512 1422/3011/1422 1478/3050/1478
f 1476/3051/1476 1433/3052/1433 1434/3053/1434
f 1499/2928/1499 1478/3054/1478 1288/2502/1288
f 1341/3055/1341 1541/3056/1541 1513/3057/1513
f 1480/2977/1480 1517/2978/1517 1403/2934/1403
f 1439/2780/1439 1542/3058/1542 1293/2778/1293
f 1460/2841/1460 1528/3059/1528 1440/2781/1440
f 1485/2895/1485 1533/3035/1533 1543/3060/1543
f 1410/2745/1410 1426/2748/1426 1544/3061/1544
f 1392/2988/1392 1545/3062/1545 1462/2845/1462
f 1545/3062/1545 1392/2988/1392 1535/3038/1535
f 1350/2850/1350 1488/3063/1488 1464/2851/1464
f 1349/2708/1349 1414/2710/1414 1534/3037/1534
f 1376/3064/1376 1546/3065/1546 1377/3066/1377
f 1466/2900/1466 1547/3067/1547 1506/2946/1506
f 1467/2857/1467 1489/2899/1489 1548/3068/1548
f 1428/2751/1428 1549/3069/1549 1429/2752/1429
f 1550/3070/1550 1507/2947/1507 1429/2752/1429
f 1356/3071/1356 1378/3072/1378 1551/3073/1551
f 1395/3074/1395 1552/3075/1552 1256/2724/1256
f 1256/2724/1256 1552/3075/1552 1538/3043/1538
f 1455/2821/1455 1553/3076/1553 1382/2611/1382
f 1455/3000/1455 1523/2999/1523 1553/3077/1553
f 1523/3078/1523 1496/3007/1496 1511/3009/1511
f 1421/2727/1421 1540/3079/1540 1495/2952/1495
f 1524/3003/1524 1540/3080/1540 1477/2875/1477
f 1497/3081/1497 1510/3082/1510 1554/3083/1554
f 1474/3084/1474 1510/3082/1510 1497/3081/1497
f 1433/2876/1433 1477/2875/1477 1540/3080/1540
f 1510/2959/1510 1400/2666/1400 1432/2762/1432
f 1474/3084/1474 1479/3085/1479 1510/3082/1510
f 1433/3086/1433 1498/3087/1498 1434/3088/1434
f 1478/3089/1478 1499/3090/1499 1479/3091/1479
f 1362/2556/1362 1555/3092/1555 1526/3021/1526
f 1272/2332/1272 1556/3093/1556 1436/2771/1436
f 1556/3093/1556 1527/3023/1527 1436/2771/1436
f 1401/2772/1401 1527/3023/1527 1480/3094/1480
f 1515/3095/1515 1557/3096/1557 1438/3097/1438
f 1558/3098/1558 1515/3099/1515 1516/2976/1516
f 1293/2778/1293 1542/3058/1542 1516/2976/1516
f 1517/2978/1517 1501/3100/1501 1344/2979/1344
f 1519/2983/1519 1518/3101/1518 1388/2624/1388
f 1364/2563/1364 1520/2984/1520 1519/3102/1519
f 1365/2564/1365 1529/3028/1529 1520/2984/1520
f 1528/3103/1528 1529/3104/1529 1440/3105/1440
f 1483/2892/1483 1485/2895/1485 1559/3106/1559
f 1410/2745/1410 1544/3061/1544 1409/2844/1409
f 1462/2845/1462 1545/3062/1545 1503/2986/1503
f 1330/2747/1330 1373/2590/1373 1426/2748/1426
f 1393/2641/1393 1415/2711/1415 1560/3107/1560
f 1415/2711/1415 1375/2595/1375 1561/3108/1561
f 1251/2263/1251 1536/3039/1536 1376/2597/1376
f 1377/2599/1377 1546/3109/1546 1562/3110/1562
f 1377/2599/1377 1562/3110/1562 1446/2796/1446
f 1446/2855/1446 1563/3111/1563 1466/2856/1466
f 1563/3112/1563 1547/3113/1547 1466/3114/1466
f 1489/2901/1489 1115/2903/1115 1564/3115/1564
f 1564/3115/1564 1115/2903/1115 1522/2990/1522
f 1429/2752/1429 1549/3069/1549 1550/3070/1550
f 1490/3116/1490 1565/3117/1565 1566/3118/1566
f 1490/2948/1490 1447/3119/1447 1565/3120/1565
f 1490/2948/1490 1354/2537/1354 1447/3119/1447
f 1356/3121/1356 1551/3122/1551 1394/3123/1394
f 1448/2801/1448 1470/2860/1470 1158/2034/1158
f 1431/2759/1431 1567/3124/1567 1357/2546/1357
f 1567/3124/1567 1431/2759/1431 1508/2949/1508
f 1493/3125/1493 1568/3126/1568 1472/3127/1472
f 1452/2814/1452 1471/2866/1471 1539/3044/1539
f 1382/2614/1382 1553/3128/1553 1420/2725/1420
f 1509/2998/1509 1495/2916/1495 1569/3129/1569
f 1495/3130/1495 1540/3131/1540 1570/3132/1570
f 1479/3085/1479 1400/3133/1400 1510/3082/1510
f 1479/3085/1479 1499/3134/1499 1400/3133/1400
f 1433/3135/1433 1292/3136/1292 1498/3137/1498
f 1480/2977/1480 1571/3138/1571 1517/2978/1517
f 1481/3139/1481 1572/3140/1572 1482/3141/1482
f 1482/3142/1482 1573/3143/1573 1528/3144/1528
f 1528/3144/1528 1573/3143/1573 1529/3145/1529
f 1521/2985/1521 1574/3146/1574 1531/3030/1531
f 1559/3106/1559 1575/3147/1575 1483/2892/1483
f 1407/2894/1407 1502/3033/1502 1533/3035/1533
f 1461/2842/1461 1484/2893/1484 1576/3148/1576
f 1461/2842/1461 1576/3148/1576 1532/3034/1532
f 1373/2590/1373 1560/3107/1560 1426/2748/1426
f 1443/3149/1443 1577/3150/1577 1463/3151/1463
f 1373/2590/1373 1393/2641/1393 1560/3107/1560
f 1577/3152/1577 1444/2792/1444 1463/2847/1463
f 1464/2851/1464 1578/3153/1578 1413/2852/1413
f 1374/2594/1374 1579/3154/1579 1536/3039/1536
f 1562/3155/1562 1563/3111/1563 1446/2855/1446
f 1489/2901/1489 1564/3115/1564 1580/3156/1580
f 1490/3116/1490 1566/3118/1566 1522/2990/1522
f 1397/2661/1397 1538/3043/1538 1492/2909/1492
f 1492/2909/1492 1581/3157/1581 1471/2866/1471
f 1569/3158/1569 1493/3159/1493 1509/3160/1509
f 1508/2949/1508 1420/2908/1420 1553/3161/1553
f 1525/3045/1525 1582/3162/1582 1511/2956/1511
f 1494/3163/1494 1583/3164/1583 1524/3165/1524
f 1540/3166/1540 1584/3167/1584 1570/3168/1570
f 1585/3169/1585 1554/3170/1554 1472/3171/1472
f 1554/3170/1554 1510/3172/1510 1472/3171/1472
f 1423/3173/1423 1555/3174/1555 1362/3175/1362
f 1514/2969/1514 1586/3176/1586 1500/3177/1500
f 1459/3022/1459 1586/3176/1586 1514/2969/1514
f 1459/3022/1459 1587/3178/1587 1586/3176/1586
f 1587/3178/1587 1459/3022/1459 1438/2974/1438
f 1527/3023/1527 1588/3179/1588 1480/3094/1480
f 1480/3094/1480 1588/3179/1588 1571/3180/1571
f 1517/3181/1517 1571/3182/1571 1501/3183/1501
f 1518/3184/1518 1589/3185/1589 1439/3186/1439
f 1501/3187/1501 1572/3140/1572 1481/3139/1481
f 1520/2984/1520 1590/3188/1590 1519/3102/1519
f 1520/3189/1520 1529/3190/1529 1591/3191/1591
f 1366/2565/1366 1592/3192/1592 1502/2936/1502
f 1425/2937/1425 1532/3034/1532 1593/3193/1593
f 1483/2892/1483 1575/3147/1575 1367/2681/1367
f 1484/2893/1484 1531/3031/1531 1576/3148/1576
f 1485/2895/1485 1543/3060/1543 1559/3106/1559
f 1412/2705/1412 1409/2698/1409 1544/3194/1544
f 1412/2705/1412 1544/3194/1544 1487/2897/1487
f 1545/3062/1545 1535/3038/1535 1594/3195/1594
f 1486/3036/1486 1577/3150/1577 1443/3149/1443
f 1414/2710/1414 1504/2941/1504 1534/3037/1534
f 1504/2941/1504 1351/2793/1351 1595/3196/1595
f 1351/2793/1351 1445/2795/1445 1595/3196/1595
f 1596/3197/1596 1597/3198/1597 1505/3199/1505
f 1537/3041/1537 1467/2944/1467 1548/3200/1548
f 1548/3068/1548 1489/2899/1489 1580/3201/1580
f 1507/3202/1507 1468/3203/1468 1308/3204/1308
f 1598/3205/1598 1394/3123/1394 1551/3122/1551
f 1378/3072/1378 1491/3206/1491 1599/3207/1599
f 1600/3208/1600 1395/2644/1395 1470/2860/1470
f 1601/3209/1601 1493/3210/1493 1569/3211/1569
f 1585/3169/1585 1472/3171/1472 1568/3212/1568
f 1584/3213/1584 1540/3080/1540 1524/3003/1524
f 1515/3099/1515 1558/3098/1558 1557/3214/1557
f 1558/3215/1558 1516/3216/1516 1542/3217/1542
f 1518/3218/1518 1519/3219/1519 1602/3220/1602
f 1591/3221/1591 1590/3188/1590 1520/2984/1520
f 1603/3222/1603 1591/3191/1591 1529/3190/1529
f 1604/3223/1604 1573/3143/1573 1482/3142/1482
f 1503/2986/1503 1545/3062/1545 1594/3195/1594
f 1503/2940/1503 1577/3150/1577 1486/3036/1486
f 1544/3194/1544 1488/3063/1488 1487/2897/1487
f 1504/2941/1504 1605/3224/1605 1534/3037/1534
f 1375/2595/1375 1416/2712/1416 1606/3225/1606
f 1413/2852/1413 1596/3226/1596 1352/3227/1352
f 1376/3064/1376 1536/3228/1536 1546/3065/1546
f 1352/3227/1352 1596/3226/1596 1505/3229/1505
f 1607/3230/1607 1522/2990/1522 1566/3118/1566
f 1447/2799/1447 1394/2798/1394 1598/3231/1598
f 1608/3232/1608 1357/2546/1357 1567/3124/1567
f 1508/3233/1508 1609/3234/1609 1567/3235/1567
f 1581/3157/1581 1539/3044/1539 1471/2866/1471
f 1581/3157/1581 1610/3236/1610 1539/3044/1539
f 1611/3237/1611 1612/3238/1612 1570/3132/1570
f 1553/3077/1553 1523/2999/1523 1613/3239/1613
f 1570/3168/1570 1584/3167/1584 1611/3240/1611
f 1583/3241/1583 1584/3213/1584 1524/3003/1524
f 1612/3238/1612 1495/3130/1495 1570/3132/1570
f 1525/3045/1525 1497/3242/1497 1554/3170/1554
f 1423/3173/1423 1513/3057/1513 1614/3243/1614
f 1555/3174/1555 1423/3173/1423 1614/3243/1614
f 1541/3244/1541 1341/3245/1341 1500/3177/1500
f 1526/3021/1526 1556/3093/1556 1272/2332/1272
f 1588/3246/1588 1615/3247/1615 1571/3248/1571
f 1542/3058/1542 1439/2780/1439 1589/3249/1589
f 1518/3184/1518 1602/3250/1602 1589/3185/1589
f 1602/3251/1602 1519/3102/1519 1590/3188/1590
f 1442/2784/1442 1616/3252/1616 1521/2985/1521
f 1297/2407/1297 1404/2680/1404 1617/3253/1617
f 1426/2748/1426 1560/3107/1560 1544/3061/1544
f 1544/3194/1544 1464/2851/1464 1488/3063/1488
f 1503/2940/1503 1594/3254/1594 1577/3150/1577
f 1560/3107/1560 1618/3255/1618 1544/3061/1544
f 1594/3195/1594 1535/3038/1535 1534/3037/1534
f 1444/3256/1444 1579/3257/1579 1374/3258/1374
f 1560/3107/1560 1415/2711/1415 1561/3108/1561
f 1619/3259/1619 1595/3196/1595 1445/2795/1445
f 1506/2946/1506 1620/3260/1620 1428/2945/1428
f 1547/3261/1547 1563/3111/1563 1621/3262/1621
f 1418/3263/1418 1622/3264/1622 1253/3265/1253
f 1551/3073/1551 1378/3072/1378 1599/3207/1599
f 1491/3206/1491 1357/2546/1357 1623/3266/1623
f 1357/2546/1357 1608/3232/1608 1623/3266/1623
f 1395/3074/1395 1600/3267/1600 1552/3075/1552
f 1600/3268/1600 1624/3269/1624 1552/3270/1552
f 1552/3270/1552 1625/3271/1625 1538/3272/1538
f 1625/3271/1625 1626/3273/1626 1538/3272/1538
f 1493/3125/1493 1601/3274/1601 1568/3126/1568
f 1539/3044/1539 1610/3236/1610 1494/3002/1494
f 1584/3213/1584 1583/3241/1583 1627/3275/1627
f 1495/3130/1495 1612/3238/1612 1569/3276/1569
f 1585/3169/1585 1568/3212/1568 1628/3277/1628
f 1629/3278/1629 1583/3241/1583 1494/3002/1494
f 1438/2974/1438 1557/3214/1557 1587/3178/1587
f 1630/3279/1630 1631/3280/1631 1557/3214/1557
f 1558/3098/1558 1630/3279/1630 1557/3214/1557
f 1542/3217/1542 1630/3281/1630 1558/3215/1558
f 1501/3282/1501 1632/3283/1632 1572/3284/1572
f 1482/3142/1482 1633/3285/1633 1604/3223/1604
f 1529/3145/1529 1573/3143/1573 1603/3286/1603
f 1502/3033/1502 1634/3287/1634 1533/3035/1533
f 1544/3194/1544 1618/3288/1618 1464/2851/1464
f 1560/3107/1560 1561/3108/1561 1618/3255/1618
f 1464/2851/1464 1618/3288/1618 1578/3153/1578
f 1594/3195/1594 1534/3037/1534 1605/3224/1605
f 1577/3150/1577 1579/3257/1579 1444/3256/1444
f 1606/3225/1606 1561/3108/1561 1375/2595/1375
f 1416/2712/1416 1465/2853/1465 1606/3225/1606
f 1546/3065/1546 1635/3289/1635 1562/3155/1562
f 1445/2795/1445 1636/3290/1636 1619/3259/1619
f 1505/3291/1505 1636/3290/1636 1445/2795/1445
f 1505/3199/1505 1597/3198/1597 1636/3292/1636
f 1548/3200/1548 1637/3293/1637 1537/3041/1537
f 1253/2265/1253 1622/3294/1622 1448/2801/1448
f 1622/3294/1622 1638/3295/1638 1448/2801/1448
f 1639/3296/1639 1600/3267/1600 1470/3297/1470
f 1608/3298/1608 1640/3299/1640 1641/3300/1641
f 1624/3269/1624 1625/3271/1625 1552/3270/1552
f 1608/3298/1608 1567/3235/1567 1640/3299/1640
f 1538/3272/1538 1626/3273/1626 1492/3301/1492
f 1626/3273/1626 1642/3302/1642 1492/3301/1492
f 1492/3303/1492 1642/3304/1642 1581/3305/1581
f 1568/3212/1568 1601/3306/1601 1643/3307/1643
f 1523/3078/1523 1644/3308/1644 1613/3309/1613
f 1523/3078/1523 1511/3009/1511 1644/3308/1644
f 1610/3236/1610 1629/3278/1629 1494/3002/1494
f 1628/3277/1628 1645/3310/1645 1585/3169/1585
f 1645/3310/1645 1554/3170/1554 1585/3169/1585
f 1511/2956/1511 1582/3162/1582 1644/3311/1644
f 1541/3056/1541 1646/3312/1646 1513/3057/1513
f 1647/3313/1647 1615/3314/1615 1588/3315/1588
f 1615/3247/1615 1648/3316/1648 1571/3248/1571
f 1572/3284/1572 1632/3283/1632 1633/3317/1633
f 1572/3284/1572 1633/3317/1633 1482/3318/1482
f 1573/3143/1573 1604/3223/1604 1603/3286/1603
f 1148/2015/1148 1530/3319/1530 1442/2890/1442
f 1297/2459/1297 1617/3320/1617 1441/2782/1441
f 1533/3035/1533 1634/3287/1634 1543/3060/1543
f 1594/3254/1594 1605/3321/1605 1577/3150/1577
f 1605/3321/1605 1579/3257/1579 1577/3150/1577
f 1605/3224/1605 1504/2941/1504 1595/3196/1595
f 1649/3322/1649 1413/2852/1413 1578/3153/1578
f 1596/3226/1596 1413/2852/1413 1649/3322/1649
f 1465/2853/1465 1417/2715/1417 1650/3323/1650
f 1620/3260/1620 1506/2946/1506 1547/3067/1547
f 1637/3293/1637 1548/3200/1548 1651/3324/1651
f 1651/3325/1651 1548/3068/1548 1580/3201/1580
f 1652/3326/1652 1550/3070/1550 1549/3069/1549
f 1566/3118/1566 1565/3117/1565 1653/3327/1653
f 1654/3328/1654 1655/3329/1655 1600/3268/1600
f 1655/3329/1655 1624/3269/1624 1600/3268/1600
f 1640/3299/1640 1567/3235/1567 1609/3234/1609
f 1656/3330/1656 1609/3331/1609 1508/2949/1508
f 1643/3307/1643 1628/3277/1628 1568/3212/1568
f 1657/3332/1657 1525/3045/1525 1645/3310/1645
f 1611/3240/1611 1584/3167/1584 1658/3333/1658
f 1554/3170/1554 1645/3310/1645 1525/3045/1525
f 1659/3334/1659 1527/3335/1527 1556/3336/1556
f 1588/3337/1588 1527/3335/1527 1660/3338/1660
f 1647/3313/1647 1588/3315/1588 1660/3339/1660
f 1631/3280/1631 1630/3279/1630 1661/3340/1661
f 1662/3341/1662 1630/3279/1630 1589/3249/1589
f 1542/3058/1542 1589/3249/1589 1630/3279/1630
f 1648/3316/1648 1501/3342/1501 1571/3248/1571
f 1648/3316/1648 1632/3343/1632 1501/3342/1501
f 1589/3249/1589 1602/3344/1602 1662/3341/1662
f 1441/2782/1441 1592/3345/1592 1366/2891/1366
f 1593/3346/1593 1530/3029/1530 1425/2739/1425
f 1404/2680/1404 1367/2566/1367 1575/3347/1575
f 1561/3348/1561 1578/3153/1578 1618/3288/1618
f 1536/3228/1536 1635/3289/1635 1546/3065/1546
f 1595/3196/1595 1619/3259/1619 1663/3349/1663
f 1649/3322/1649 1664/3350/1664 1596/3226/1596
f 1664/3350/1664 1597/3351/1597 1596/3226/1596
f 1650/3323/1650 1417/2715/1417 1537/3041/1537
f 1653/3352/1653 1565/3120/1565 1447/3119/1447
f 1469/3353/1469 1665/3354/1665 1418/3263/1418
f 1623/3355/1623 1608/3298/1608 1641/3300/1641
f 1581/3305/1581 1642/3304/1642 1666/3356/1666
f 1508/3357/1508 1553/3358/1553 1656/3359/1656
f 1656/3360/1656 1553/3077/1553 1613/3239/1613
f 1612/3238/1612 1601/3306/1601 1569/3276/1569
f 1582/3162/1582 1525/3045/1525 1657/3332/1657
f 1555/3361/1555 1667/3362/1667 1526/3363/1526
f 1586/3176/1586 1587/3178/1587 1668/3364/1668
f 1587/3178/1587 1557/3214/1557 1668/3364/1668
f 1615/3365/1615 1669/3366/1669 1648/3367/1648
f 1630/3279/1630 1662/3341/1662 1661/3340/1661
f 1591/3191/1591 1670/3368/1670 1671/3369/1671
f 1591/3370/1591 1671/3371/1671 1590/3372/1590
f 1591/3191/1591 1603/3222/1603 1670/3368/1670
f 1561/3348/1561 1672/3373/1672 1578/3153/1578
f 1606/3225/1606 1672/3374/1672 1561/3108/1561
f 1579/3257/1579 1605/3321/1605 1673/3375/1673
f 1578/3153/1578 1672/3373/1672 1649/3322/1649
f 1605/3224/1605 1595/3196/1595 1673/3376/1673
f 1673/3376/1673 1595/3196/1595 1663/3349/1663
f 1465/2853/1465 1650/3323/1650 1606/3225/1606
f 1621/3377/1621 1674/3378/1674 1547/3067/1547
f 1428/2751/1428 1675/3379/1675 1549/3069/1549
f 1468/2858/1468 1676/3380/1676 1469/2859/1469
f 1638/3381/1638 1470/3297/1470 1448/3382/1448
f 1599/3207/1599 1491/3206/1491 1677/3383/1677
f 1491/3206/1491 1623/3266/1623 1677/3383/1677
f 1600/3267/1600 1639/3296/1639 1678/3384/1678
f 1678/3384/1678 1654/3385/1654 1600/3267/1600
f 1640/3386/1640 1609/3331/1609 1679/3387/1679
f 1609/3331/1609 1656/3330/1656 1679/3387/1679
f 1656/3388/1656 1613/3389/1613 1680/3390/1680
f 1681/3391/1681 1612/3238/1612 1611/3237/1611
f 1627/3275/1627 1658/3392/1658 1584/3213/1584
f 1513/3057/1513 1646/3312/1646 1614/3243/1614
f 1500/3177/1500 1682/3393/1682 1541/3244/1541
f 1526/3363/1526 1667/3362/1667 1556/3336/1556
f 1659/3334/1659 1660/3338/1660 1527/3335/1527
f 1683/3394/1683 1684/3395/1684 1668/3396/1668
f 1557/3214/1557 1631/3280/1631 1683/3397/1683
f 1669/3398/1669 1685/3399/1685 1648/3400/1648
f 1686/3401/1686 1687/3402/1687 1671/3371/1671
f 1670/3368/1670 1688/3403/1688 1671/3369/1671
f 1671/3371/1671 1687/3402/1687 1590/3372/1590
f 1604/3223/1604 1689/3404/1689 1603/3286/1603
f 1530/3319/1530 1690/3405/1690 1442/2890/1442
f 1502/2936/1502 1592/3192/1592 1634/3406/1634
f 1574/3407/1574 1691/3408/1691 1531/3031/1531
f 1559/3106/1559 1692/3409/1692 1575/3147/1575
f 1531/3031/1531 1693/3410/1693 1576/3148/1576
f 1543/3060/1543 1694/3411/1694 1559/3106/1559
f 1579/3257/1579 1673/3375/1673 1536/3228/1536
f 1536/3228/1536 1673/3375/1673 1635/3289/1635
f 1663/3349/1663 1695/3412/1695 1673/3376/1673
f 1620/3413/1620 1675/3379/1675 1428/2751/1428
f 1547/3067/1547 1674/3378/1674 1620/3260/1620
f 1651/3324/1651 1696/3414/1696 1637/3293/1637
f 1550/3070/1550 1697/3415/1697 1507/2947/1507
f 1469/3353/1469 1676/3416/1676 1665/3354/1665
f 1418/3263/1418 1665/3354/1665 1622/3264/1622
f 1698/3417/1698 1551/3073/1551 1599/3207/1599
f 1641/3418/1641 1699/3419/1699 1623/3266/1623
f 1611/3237/1611 1700/3420/1700 1681/3391/1681
f 1611/3240/1611 1658/3333/1658 1700/3421/1700
f 1701/3422/1701 1702/3423/1702 1628/3277/1628
f 1612/3238/1612 1703/3424/1703 1601/3306/1601
f 1701/3425/1701 1628/3426/1628 1643/3427/1643
f 1581/3305/1581 1666/3356/1666 1610/3428/1610
f 1628/3277/1628 1702/3423/1702 1645/3310/1645
f 1613/3389/1613 1644/3429/1644 1680/3390/1680
f 1555/3361/1555 1704/3430/1704 1667/3362/1667
f 1660/3338/1660 1705/3431/1705 1706/3432/1706
f 1557/3214/1557 1683/3397/1683 1668/3364/1668
f 1647/3433/1647 1707/3434/1707 1615/3435/1615
f 1615/3436/1615 1707/3437/1707 1669/3438/1669
f 1661/3340/1661 1708/3439/1708 1709/3440/1709
f 1710/3441/1710 1711/3442/1711 1707/3434/1707
f 1685/3443/1685 1712/3444/1712 1648/3445/1648
f 1686/3446/1686 1713/3447/1713 1708/3448/1708
f 1708/3449/1708 1714/3450/1714 1686/3451/1686
f 1712/3444/1712 1632/3452/1632 1648/3445/1648
f 1671/3371/1671 1715/3453/1715 1686/3401/1686
f 1662/3341/1662 1602/3344/1602 1714/3454/1714
f 1688/3403/1688 1716/3455/1716 1715/3456/1715
f 1688/3403/1688 1715/3456/1715 1671/3369/1671
f 1687/3457/1687 1602/3251/1602 1590/3188/1590
f 1521/2985/1521 1717/3458/1717 1574/3146/1574
f 1531/3031/1531 1691/3408/1691 1693/3410/1693
f 1673/3375/1673 1695/3459/1695 1635/3289/1635
f 1635/3460/1635 1695/3412/1695 1718/3461/1718
f 1606/3225/1606 1719/3462/1719 1672/3374/1672
f 1606/3225/1606 1650/3323/1650 1719/3462/1719
f 1663/3349/1663 1720/3463/1720 1695/3412/1695
f 1663/3349/1663 1619/3259/1619 1720/3463/1720
f 1721/3464/1721 1636/3465/1636 1597/3351/1597
f 1721/3464/1721 1597/3351/1597 1664/3350/1664
f 1719/3462/1719 1650/3323/1650 1722/3466/1722
f 1650/3323/1650 1537/3041/1537 1722/3466/1722
f 1697/3415/1697 1468/2858/1468 1507/2947/1507
f 1723/3467/1723 1626/3273/1626 1625/3271/1625
f 1626/3468/1626 1723/3469/1723 1642/3470/1642
f 1679/3387/1679 1656/3330/1656 1680/3471/1680
f 1703/3424/1703 1612/3238/1612 1681/3391/1681
f 1724/3472/1724 1666/3473/1666 1642/3470/1642
f 1666/3356/1666 1629/3474/1629 1610/3428/1610
f 1583/3241/1583 1629/3278/1629 1725/3475/1725
f 1702/3423/1702 1657/3332/1657 1645/3310/1645
f 1657/3332/1657 1726/3476/1726 1582/3162/1582
f 1583/3241/1583 1725/3475/1725 1627/3275/1627
f 1614/3477/1614 1704/3430/1704 1555/3361/1555
f 1727/3478/1727 1667/3362/1667 1704/3430/1704
f 1659/3334/1659 1556/3336/1556 1667/3362/1667
f 1659/3334/1659 1667/3362/1667 1728/3479/1728
f 1586/3176/1586 1668/3364/1668 1729/3480/1729
f 1705/3431/1705 1660/3338/1660 1659/3334/1659
f 1705/3481/1705 1730/3482/1730 1706/3483/1706
f 1660/3484/1660 1706/3485/1706 1731/3486/1731
f 1709/3487/1709 1684/3488/1684 1683/3489/1683
f 1661/3340/1661 1709/3440/1709 1631/3280/1631
f 1708/3439/1708 1661/3340/1661 1714/3454/1714
f 1714/3454/1714 1661/3340/1661 1662/3341/1662
f 1686/3401/1686 1715/3453/1715 1713/3490/1713
f 1714/3450/1714 1687/3491/1687 1686/3451/1686
f 1714/3454/1714 1602/3344/1602 1687/3492/1687
f 1632/3493/1632 1689/3494/1689 1633/3495/1633
f 1689/3404/1689 1604/3223/1604 1633/3285/1633
f 1530/3496/1530 1593/3497/1593 1690/3498/1690
f 1616/3252/1616 1717/3458/1717 1521/2985/1521
f 1617/3253/1617 1404/2680/1404 1732/3499/1732
f 1732/3499/1732 1404/2680/1404 1575/3347/1575
f 1733/3500/1733 1593/3501/1593 1532/3502/1532
f 1532/3034/1532 1576/3148/1576 1733/3503/1733
f 1694/3411/1694 1543/3060/1543 1634/3287/1634
f 1672/3373/1672 1719/3504/1719 1649/3322/1649
f 1635/3289/1635 1718/3505/1718 1562/3155/1562
f 1719/3504/1719 1734/3506/1734 1649/3322/1649
f 1649/3322/1649 1734/3506/1734 1664/3350/1664
f 1562/3155/1562 1735/3507/1735 1563/3111/1563
f 1636/3290/1636 1720/3463/1720 1619/3259/1619
f 1563/3111/1563 1735/3507/1735 1736/3508/1736
f 1722/3466/1722 1537/3041/1537 1737/3509/1737
f 1737/3509/1737 1537/3041/1537 1637/3293/1637
f 1563/3111/1563 1738/3510/1738 1621/3262/1621
f 1739/3511/1739 1696/3512/1696 1651/3325/1651
f 1739/3511/1739 1651/3325/1651 1580/3201/1580
f 1740/3513/1740 1522/2990/1522 1607/3230/1607
f 1598/3231/1598 1551/3073/1551 1698/3417/1698
f 1470/3297/1470 1638/3381/1638 1639/3296/1639
f 1741/3514/1741 1678/3384/1678 1639/3296/1639
f 1640/3386/1640 1742/3515/1742 1641/3418/1641
f 1624/3516/1624 1723/3517/1723 1625/3518/1625
f 1743/3519/1743 1723/3517/1723 1624/3516/1624
f 1744/3520/1744 1702/3423/1702 1701/3422/1701
f 1701/3425/1701 1643/3427/1643 1703/3521/1703
f 1703/3424/1703 1643/3307/1643 1601/3306/1601
f 1726/3476/1726 1657/3332/1657 1702/3423/1702
f 1629/3474/1629 1666/3356/1666 1745/3522/1745
f 1725/3523/1725 1629/3474/1629 1745/3522/1745
f 1725/3475/1725 1658/3392/1658 1627/3275/1627
f 1746/3524/1746 1644/3429/1644 1582/3525/1582
f 1682/3393/1682 1500/3177/1500 1586/3176/1586
f 1586/3176/1586 1729/3480/1729 1682/3393/1682
f 1728/3479/1728 1705/3431/1705 1659/3334/1659
f 1684/3526/1684 1747/3527/1747 1668/3528/1668
f 1705/3481/1705 1748/3529/1748 1730/3482/1730
f 1706/3530/1706 1730/3531/1730 1731/3532/1731
f 1683/3397/1683 1631/3280/1631 1709/3440/1709
f 1660/3533/1660 1731/3534/1731 1647/3433/1647
f 1731/3534/1731 1707/3434/1707 1647/3433/1647
f 1669/3535/1669 1707/3536/1707 1685/3537/1685
f 1709/3538/1709 1708/3539/1708 1713/3490/1713
f 1707/3536/1707 1711/3540/1711 1685/3537/1685
f 1711/3541/1711 1749/3542/1749 1685/3543/1685
f 1713/3490/1713 1715/3453/1715 1750/3544/1750
f 1715/3456/1715 1716/3455/1716 1751/3545/1751
f 1752/3546/1752 1689/3547/1689 1632/3548/1632
f 1616/3549/1616 1442/2890/1442 1690/3405/1690
f 1574/3146/1574 1717/3458/1717 1753/3550/1753
f 1753/3551/1753 1691/3408/1691 1574/3407/1574
f 1562/3155/1562 1718/3505/1718 1735/3507/1735
f 1664/3350/1664 1734/3506/1734 1721/3464/1721
f 1736/3508/1736 1738/3510/1738 1563/3111/1563
f 1621/3377/1621 1738/3552/1738 1674/3378/1674
f 1549/3553/1549 1675/3554/1675 1754/3555/1754
f 1522/2990/1522 1740/3513/1740 1564/3115/1564
f 1754/3556/1754 1652/3326/1652 1549/3069/1549
f 1652/3326/1652 1697/3415/1697 1550/3070/1550
f 1653/3327/1653 1755/3557/1755 1566/3118/1566
f 1468/2858/1468 1697/3415/1697 1676/3380/1676
f 1622/3264/1622 1756/3558/1756 1638/3381/1638
f 1624/3516/1624 1655/3559/1655 1743/3519/1743
f 1757/3560/1757 1700/3421/1700 1658/3333/1658
f 1757/3561/1757 1758/3562/1758 1700/3420/1700
f 1758/3562/1758 1681/3391/1681 1700/3420/1700
f 1642/3470/1642 1723/3469/1723 1724/3472/1724
f 1726/3563/1726 1746/3524/1746 1582/3525/1582
f 1541/3244/1541 1682/3393/1682 1759/3564/1759
f 1668/3364/1668 1747/3565/1747 1729/3480/1729
f 1731/3534/1731 1710/3441/1710 1707/3434/1707
f 1760/3566/1760 1713/3490/1713 1750/3544/1750
f 1710/3567/1710 1761/3568/1761 1711/3569/1711
f 1711/3570/1711 1761/3571/1761 1749/3572/1749
f 1750/3573/1750 1715/3574/1715 1751/3575/1751
f 1712/3444/1712 1752/3576/1752 1632/3452/1632
f 1689/3404/1689 1762/3577/1762 1603/3286/1603
f 1695/3412/1695 1720/3463/1720 1718/3461/1718
f 1719/3504/1719 1722/3578/1722 1734/3506/1734
f 1637/3293/1637 1696/3414/1696 1763/3579/1763
f 1638/3381/1638 1764/3580/1764 1639/3296/1639
f 1623/3266/1623 1699/3419/1699 1765/3581/1765
f 1699/3419/1699 1641/3418/1641 1742/3515/1742
f 1640/3386/1640 1679/3387/1679 1742/3515/1742
f 1757/3582/1757 1658/3583/1658 1766/3584/1766
f 1767/3585/1767 1768/3586/1768 1726/3476/1726
f 1727/3478/1727 1728/3479/1728 1667/3362/1667
f 1729/3480/1729 1769/3587/1769 1682/3393/1682
f 1728/3588/1728 1748/3529/1748 1705/3481/1705
f 1730/3589/1730 1747/3590/1747 1760/3566/1760
f 1684/3488/1684 1709/3487/1709 1747/3591/1747
f 1730/3592/1730 1760/3593/1760 1770/3594/1770
f 1710/3595/1710 1731/3596/1731 1771/3597/1771
f 1731/3598/1731 1770/3599/1770 1771/3600/1771
f 1710/3601/1710 1771/3602/1771 1761/3603/1761
f 1760/3593/1760 1750/3604/1750 1770/3594/1770
f 1751/3575/1751 1770/3605/1770 1750/3573/1750
f 1772/3606/1772 1773/3607/1773 1774/3608/1774
f 1712/3609/1712 1774/3610/1774 1752/3611/1752
f 1670/3368/1670 1716/3455/1716 1688/3403/1688
f 1670/3368/1670 1603/3222/1603 1762/3612/1762
f 1559/3106/1559 1694/3411/1694 1692/3409/1692
f 1718/3505/1718 1720/3613/1720 1735/3507/1735
f 1734/3614/1734 1722/3466/1722 1737/3509/1737
f 1734/3506/1734 1737/3615/1737 1721/3464/1721
f 1696/3512/1696 1739/3511/1739 1775/3616/1775
f 1447/2799/1447 1776/3617/1776 1653/3327/1653
f 1622/3264/1622 1665/3354/1665 1756/3558/1756
f 1756/3558/1756 1764/3580/1764 1638/3381/1638
f 1677/3383/1677 1777/3618/1777 1599/3207/1599
f 1743/3519/1743 1655/3559/1655 1778/3619/1778
f 1779/3620/1779 1758/3562/1758 1757/3561/1757
f 1701/3425/1701 1703/3521/1703 1780/3621/1780
f 1681/3391/1681 1758/3562/1758 1703/3424/1703
f 1767/3585/1767 1726/3476/1726 1702/3423/1702
f 1746/3524/1746 1680/3390/1680 1644/3429/1644
f 1646/3622/1646 1759/3623/1759 1614/3477/1614
f 1541/3624/1541 1759/3623/1759 1646/3622/1646
f 1704/3430/1704 1614/3477/1614 1759/3623/1759
f 1759/3623/1759 1727/3478/1727 1704/3430/1704
f 1759/3564/1759 1682/3393/1682 1727/3625/1727
f 1769/3626/1769 1728/3479/1728 1727/3478/1727
f 1727/3625/1727 1682/3393/1682 1769/3587/1769
f 1730/3627/1730 1770/3599/1770 1731/3598/1731
f 1709/3538/1709 1713/3490/1713 1747/3590/1747
f 1747/3590/1747 1713/3490/1713 1760/3566/1760
f 1761/3628/1761 1771/3600/1771 1772/3606/1772
f 1712/3629/1712 1685/3630/1685 1749/3631/1749
f 1774/3632/1774 1749/3633/1749 1761/3634/1761
f 1716/3455/1716 1670/3368/1670 1762/3612/1762
f 1752/3611/1752 1762/3635/1762 1689/3636/1689
f 1781/3637/1781 1717/3458/1717 1616/3252/1616
f 1782/3638/1782 1634/3406/1634 1592/3192/1592
f 1783/3639/1783 1693/3410/1693 1691/3408/1691
f 1735/3640/1735 1720/3463/1720 1784/3641/1784
f 1721/3464/1721 1785/3642/1785 1636/3465/1636
f 1784/3643/1784 1738/3510/1738 1736/3508/1736
f 1784/3643/1784 1786/3644/1786 1738/3510/1738
f 1787/3645/1787 1676/3646/1676 1697/3647/1697
f 1776/3648/1776 1755/3649/1755 1653/3650/1653
f 1776/3617/1776 1447/2799/1447 1598/3231/1598
f 1776/3617/1776 1598/3231/1598 1788/3651/1788
f 1765/3581/1765 1677/3383/1677 1623/3266/1623
f 1744/3652/1744 1789/3653/1789 1790/3654/1790
f 1744/3520/1744 1701/3422/1701 1780/3655/1780
f 1780/3655/1780 1703/3424/1703 1758/3562/1758
f 1744/3520/1744 1767/3585/1767 1702/3423/1702
f 1791/3656/1791 1792/3657/1792 1768/3658/1768
f 1766/3659/1766 1725/3475/1725 1793/3660/1793
f 1768/3661/1768 1792/3662/1792 1726/3663/1726
f 1724/3472/1724 1745/3664/1745 1666/3473/1666
f 1772/3606/1772 1774/3608/1774 1761/3628/1761
f 1749/3633/1749 1774/3632/1774 1712/3665/1712
f 1773/3666/1773 1762/3667/1762 1774/3668/1774
f 1772/3606/1772 1716/3669/1716 1773/3607/1773
f 1716/3669/1716 1762/3670/1762 1773/3607/1773
f 1794/3671/1794 1593/3497/1593 1733/3672/1733
f 1782/3673/1782 1694/3674/1694 1634/3675/1634
f 1753/3551/1753 1783/3639/1783 1691/3408/1691
f 1576/3148/1576 1693/3410/1693 1733/3503/1733
f 1735/3507/1735 1784/3643/1784 1736/3508/1736
f 1737/3615/1737 1795/3676/1795 1721/3464/1721
f 1636/3677/1636 1785/3678/1785 1796/3679/1796
f 1721/3680/1721 1795/3681/1795 1785/3682/1785
f 1720/3463/1720 1797/3683/1797 1784/3641/1784
f 1636/3290/1636 1797/3683/1797 1720/3463/1720
f 1796/3684/1796 1797/3685/1797 1636/3686/1636
f 1737/3509/1737 1637/3293/1637 1763/3579/1763
f 1620/3260/1620 1674/3378/1674 1798/3687/1798
f 1674/3378/1674 1738/3552/1738 1799/3688/1799
f 1786/3689/1786 1799/3688/1799 1738/3552/1738
f 1598/3231/1598 1698/3417/1698 1788/3651/1788
f 1741/3514/1741 1639/3296/1639 1764/3580/1764
f 1678/3384/1678 1800/3690/1800 1654/3385/1654
f 1801/3691/1801 1699/3419/1699 1742/3515/1742
f 1779/3620/1779 1757/3561/1757 1802/3692/1802
f 1779/3620/1779 1780/3655/1780 1758/3562/1758
f 1803/3693/1803 1793/3694/1793 1804/3695/1804
f 1805/3696/1805 1791/3656/1791 1768/3658/1768
f 1778/3697/1778 1806/3698/1806 1743/3699/1743
f 1743/3699/1743 1806/3698/1806 1723/3700/1723
f 1742/3701/1742 1807/3702/1807 1808/3703/1808
f 1790/3704/1790 1767/3705/1767 1744/3706/1744
f 1803/3707/1803 1766/3659/1766 1793/3660/1793
f 1808/3703/1808 1792/3657/1792 1791/3656/1791
f 1807/3702/1807 1792/3657/1792 1808/3703/1808
f 1793/3708/1793 1725/3709/1725 1809/3710/1809
f 1723/3469/1723 1806/3711/1806 1724/3472/1724
f 1725/3475/1725 1766/3659/1766 1658/3392/1658
f 1725/3709/1725 1745/3712/1745 1809/3710/1809
f 1792/3662/1792 1746/3713/1746 1726/3663/1726
f 1751/3714/1751 1716/3669/1716 1772/3606/1772
f 1774/3610/1774 1762/3635/1762 1752/3611/1752
f 1690/3405/1690 1810/3715/1810 1616/3549/1616
f 1781/3637/1781 1811/3716/1811 1717/3458/1717
f 1717/3458/1717 1811/3716/1811 1753/3550/1753
f 1737/3509/1737 1763/3579/1763 1795/3717/1795
f 1784/3643/1784 1812/3718/1812 1786/3644/1786
f 1755/3557/1755 1813/3719/1813 1566/3118/1566
f 1776/3617/1776 1788/3651/1788 1814/3720/1814
f 1698/3417/1698 1599/3207/1599 1777/3618/1777
f 1654/3385/1654 1800/3690/1800 1655/3559/1655
f 1815/3721/1815 1816/3722/1816 1790/3704/1790
f 1655/3559/1655 1800/3690/1800 1778/3619/1778
f 1817/3723/1817 1818/3724/1818 1819/3725/1819
f 1778/3619/1778 1804/3726/1804 1820/3727/1820
f 1789/3728/1789 1744/3729/1744 1780/3730/1780
f 1805/3696/1805 1817/3723/1817 1819/3725/1819
f 1805/3696/1805 1819/3725/1819 1791/3656/1791
f 1819/3725/1819 1821/3731/1821 1791/3656/1791
f 1742/3701/1742 1808/3703/1808 1821/3731/1821
f 1804/3726/1804 1793/3660/1793 1820/3727/1820
f 1791/3656/1791 1821/3731/1821 1808/3703/1808
f 1778/3732/1778 1809/3710/1809 1806/3733/1806
f 1820/3734/1820 1809/3710/1809 1778/3732/1778
f 1820/3734/1820 1793/3708/1793 1809/3710/1809
f 1680/3735/1680 1807/3702/1807 1679/3736/1679
f 1806/3711/1806 1809/3737/1809 1724/3472/1724
f 1807/3702/1807 1680/3735/1680 1746/3738/1746
f 1745/3664/1745 1724/3472/1724 1809/3737/1809
f 1728/3739/1728 1769/3740/1769 1748/3741/1748
f 1769/3740/1769 1822/3742/1822 1748/3741/1748
f 1769/3740/1769 1729/3743/1729 1822/3742/1822
f 1747/3565/1747 1822/3744/1822 1729/3480/1729
f 1751/3714/1751 1771/3600/1771 1770/3599/1770
f 1771/3600/1771 1751/3714/1751 1772/3606/1772
f 1441/2782/1441 1824/3745/1823 1592/3345/1592
f 1593/3497/1593 1794/3671/1794 1690/3498/1690
f 1763/3579/1763 1825/3746/1824 1795/3717/1795
f 1696/3512/1696 1775/3616/1775 1763/3747/1763
f 1580/3156/1580 1564/3115/1564 1739/3748/1739
f 1826/3749/1825 1827/3750/1826 1828/3751/1827
f 1829/3752/1828 1830/3753/1829 1831/3754/1830
f 1607/3230/1607 1566/3118/1566 1832/3755/1831
f 1833/3756/1832 1787/3757/1787 1697/3758/1697
f 1698/3417/1698 1834/3759/1833 1788/3651/1788
f 1698/3417/1698 1777/3618/1777 1835/3760/1834
f 1765/3581/1765 1699/3419/1699 1836/3761/1835
f 1837/3762/1836 1838/3763/1837 1839/3764/1838
f 1836/3761/1835 1801/3691/1801 1840/3765/1839
f 1699/3419/1699 1801/3691/1801 1836/3761/1835
f 1838/3763/1837 1837/3762/1836 1802/3692/1802
f 1837/3762/1836 1779/3620/1779 1802/3692/1802
f 1779/3620/1779 1837/3762/1836 1841/3766/1840
f 1841/3766/1840 1780/3655/1780 1779/3620/1779
f 1815/3767/1815 1790/3654/1790 1789/3653/1789
f 1816/3722/1816 1767/3705/1767 1790/3704/1790
f 1818/3768/1818 1817/3769/1817 1842/3770/1841
f 1817/3769/1817 1805/3771/1805 1816/3772/1816
f 1800/3690/1800 1804/3726/1804 1778/3619/1778
f 1802/3773/1802 1757/3582/1757 1766/3584/1766
f 1805/3771/1805 1767/3774/1767 1816/3772/1816
f 1805/3771/1805 1768/3775/1768 1767/3774/1767
f 1742/3701/1742 1679/3736/1679 1807/3702/1807
f 1792/3657/1792 1807/3702/1807 1746/3738/1746
f 1620/3260/1620 1843/3776/1842 1675/3777/1675
f 1620/3260/1620 1798/3687/1798 1843/3776/1842
f 1784/3643/1784 1797/3685/1797 1812/3718/1812
f 1763/3778/1763 1844/3779/1843 1825/3780/1824
f 1797/3685/1797 1845/3781/1844 1812/3718/1812
f 1797/3685/1797 1846/3782/1845 1845/3781/1844
f 1795/3783/1795 1829/3784/1828 1785/3785/1785
f 1675/3554/1675 1847/3786/1846 1754/3555/1754
f 1826/3749/1825 1828/3751/1827 1848/3787/1847
f 1845/3781/1844 1827/3788/1826 1826/3789/1825
f 1832/3755/1831 1740/3513/1740 1607/3230/1607
f 1697/3758/1697 1652/3790/1652 1833/3756/1832
f 1813/3719/1813 1832/3755/1831 1566/3118/1566
f 1849/3791/1848 1813/3719/1813 1755/3557/1755
f 1850/3792/1849 1665/3354/1665 1676/3416/1676
f 1851/3793/1850 1756/3558/1756 1665/3354/1665
f 1834/3794/1833 1698/3795/1698 1835/3796/1834
f 1777/3618/1777 1677/3383/1677 1765/3581/1765
f 1852/3797/1851 1837/3762/1836 1839/3764/1838
f 1853/3798/1852 1839/3799/1838 1838/3800/1837
f 1838/3800/1837 1802/3773/1802 1853/3798/1852
f 1854/3801/1853 1815/3721/1815 1855/3802/1854
f 1856/3803/1855 1800/3690/1800 1678/3384/1678
f 1857/3804/1856 1803/3707/1803 1856/3803/1855
f 1841/3805/1840 1815/3767/1815 1789/3653/1789
f 1842/3770/1841 1858/3806/1857 1818/3768/1818
f 1819/3725/1819 1818/3724/1818 1858/3807/1857
f 1854/3801/1853 1816/3722/1816 1815/3721/1815
f 1803/3693/1803 1804/3695/1804 1856/3808/1855
f 1780/3730/1780 1841/3809/1840 1789/3728/1789
f 1742/3701/1742 1821/3731/1821 1801/3810/1801
f 1859/3811/1858 1802/3773/1802 1766/3584/1766
f 1856/3803/1855 1804/3726/1804 1800/3690/1800
f 1842/3770/1841 1817/3769/1817 1816/3772/1816
f 1730/3589/1730 1748/3812/1748 1747/3590/1747
f 1794/3671/1794 1733/3672/1733 1860/3813/1859
f 1798/3687/1798 1674/3378/1674 1861/3814/1860
f 1674/3378/1674 1799/3688/1799 1861/3814/1860
f 1797/3685/1797 1796/3684/1796 1846/3782/1845
f 1795/3783/1795 1825/3815/1824 1829/3784/1828
f 1812/3718/1812 1845/3781/1844 1826/3789/1825
f 1796/3684/1796 1785/3816/1785 1862/3817/1861
f 1812/3818/1812 1826/3749/1825 1848/3787/1847
f 1862/3819/1861 1785/3820/1785 1863/3821/1862
f 1864/3822/1863 1829/3823/1828 1825/3824/1824
f 1846/3782/1845 1865/3825/1864 1845/3781/1844
f 1785/3785/1785 1829/3784/1828 1863/3826/1862
f 1829/3784/1828 1866/3827/1865 1863/3826/1862
f 1829/3828/1828 1831/3829/1830 1866/3830/1865
f 1829/3823/1828 1864/3822/1863 1830/3831/1829
f 1828/3832/1827 1827/3833/1826 1867/3834/1866
f 1868/3835/1867 1869/3836/1868 1865/3825/1864
f 1830/3837/1829 1864/3838/1863 1831/3839/1830
f 1864/3838/1863 1870/3840/1869 1831/3839/1830
f 1831/3829/1830 1871/3841/1870 1866/3830/1865
f 1831/3839/1830 1870/3840/1869 1871/3842/1870
f 1868/3835/1867 1872/3843/1871 1869/3836/1868
f 1865/3825/1864 1873/3844/1872 1868/3835/1867
f 1863/3826/1862 1866/3827/1865 1874/3845/1873
f 1872/3843/1871 1868/3835/1867 1875/3846/1874
f 1866/3827/1865 1871/3847/1870 1874/3845/1873
f 1868/3835/1867 1873/3844/1872 1875/3846/1874
f 1872/3843/1871 1875/3846/1874 1876/3848/1875
f 1863/3826/1862 1874/3845/1873 1877/3849/1876
f 1878/3850/1877 1787/3757/1787 1833/3756/1832
f 1878/3851/1877 1850/3852/1849 1787/3645/1787
f 1755/3649/1755 1776/3648/1776 1849/3853/1848
f 1879/3854/1878 1880/3855/1879 1854/3801/1853
f 1879/3854/1878 1854/3801/1853 1855/3802/1854
f 1881/3856/1880 1839/3799/1838 1853/3798/1852
f 1882/3857/1881 1852/3797/1851 1839/3764/1838
f 1741/3514/1741 1856/3803/1855 1678/3384/1678
f 1855/3858/1854 1815/3859/1815 1841/3860/1840
f 1840/3861/1839 1801/3810/1801 1858/3807/1857
f 1802/3773/1802 1859/3811/1858 1853/3798/1852
f 1801/3810/1801 1821/3731/1821 1858/3807/1857
f 1858/3807/1857 1821/3731/1821 1819/3725/1819
f 1859/3862/1858 1766/3659/1766 1803/3707/1803
f 1822/3863/1822 1747/3590/1747 1748/3812/1748
f 1751/3864/1882 1772/3865/1883 1823/3866/1884
f 1781/3867/1781 1616/3549/1616 1883/3868/1885
f 1616/3549/1616 1810/3715/1810 1883/3868/1885
f 1617/3869/1617 1732/3870/1732 1884/3871/1886
f 1732/3870/1732 1575/3872/1575 1885/3873/1887
f 1885/3873/1887 1575/3872/1575 1692/3874/1692
f 1693/3410/1693 1860/3875/1859 1733/3503/1733
f 1847/3786/1846 1675/3554/1675 1843/3876/1842
f 1812/3718/1812 1848/3877/1847 1786/3644/1786
f 1786/3878/1786 1848/3879/1847 1886/3880/1888
f 1847/3786/1846 1887/3881/1889 1754/3555/1754
f 1867/3834/1866 1848/3879/1847 1828/3832/1827
f 1825/3780/1824 1844/3779/1843 1864/3838/1863
f 1887/3881/1889 1652/3790/1652 1754/3555/1754
f 1796/3684/1796 1862/3817/1861 1846/3782/1845
f 1845/3781/1844 1869/3836/1868 1827/3788/1826
f 1845/3781/1844 1865/3825/1864 1869/3836/1868
f 1827/3833/1826 1869/3882/1868 1867/3834/1866
f 1865/3825/1864 1846/3782/1845 1873/3844/1872
f 1872/3883/1871 1888/3884/1890 1869/3882/1868
f 1863/3821/1862 1889/3885/1891 1890/3886/1892
f 1872/3883/1871 1876/3887/1875 1888/3884/1890
f 1871/3842/1870 1891/3888/1893 1874/3889/1873
f 1863/3821/1862 1877/3890/1876 1889/3885/1891
f 1875/3846/1874 1873/3844/1872 1892/3891/1894
f 1893/3892/1895 1894/3893/1896 1892/3894/1894
f 1875/3895/1874 1892/3894/1894 1894/3893/1896
f 1877/3896/1876 1895/3897/1897 1889/3898/1891
f 1875/3895/1874 1894/3893/1896 1876/3899/1875
f 1874/3900/1873 1891/3901/1893 1877/3902/1876
f 1787/3645/1787 1850/3852/1849 1676/3646/1676
f 1896/3903/1898 1850/3852/1849 1878/3851/1877
f 1776/3648/1776 1814/3904/1814 1849/3853/1848
f 1850/3792/1849 1851/3793/1850 1665/3354/1665
f 1777/3618/1777 1765/3581/1765 1897/3905/1899
f 1839/3764/1838 1881/3906/1880 1882/3857/1881
f 1898/3907/1900 1852/3797/1851 1882/3857/1881
f 1836/3761/1835 1840/3765/1839 1899/3908/1901
f 1900/3909/1902 1856/3803/1855 1741/3514/1741
f 1879/3910/1878 1855/3858/1854 1901/3911/1903
f 1901/3911/1903 1855/3858/1854 1841/3860/1840
f 1902/3912/1904 1840/3861/1839 1858/3807/1857
f 1857/3804/1856 1859/3862/1858 1803/3707/1803
f 1854/3913/1853 1842/3914/1841 1816/3915/1816
f 1810/3916/1810 1690/3498/1690 1794/3671/1794
f 1441/2782/1441 1617/3320/1617 1884/3917/1886
f 1824/3918/1823 1782/3673/1782 1592/3919/1592
f 1783/3639/1783 1860/3875/1859 1693/3410/1693
f 1763/3747/1763 1775/3616/1775 1844/3920/1843
f 1786/3689/1786 1886/3921/1888 1799/3688/1799
f 1740/3513/1740 1739/3748/1739 1564/3115/1564
f 1848/3879/1847 1867/3834/1866 1886/3880/1888
f 1846/3782/1845 1862/3817/1861 1890/3922/1892
f 1873/3844/1872 1846/3782/1845 1890/3922/1892
f 1863/3821/1862 1890/3886/1892 1862/3819/1861
f 1869/3882/1868 1888/3884/1890 1867/3834/1866
f 1890/3922/1892 1889/3923/1891 1873/3844/1872
f 1871/3842/1870 1870/3840/1869 1891/3888/1893
f 1873/3844/1872 1889/3923/1891 1892/3891/1894
f 1833/3756/1832 1896/3924/1898 1878/3850/1877
f 1876/3925/1875 1894/3926/1896 1903/3927/1905
f 1877/3896/1876 1891/3928/1893 1895/3897/1897
f 1904/3929/1906 1905/3930/1907 1906/3931/1908
f 1907/3932/1909 1908/3933/1910 1909/3934/1911
f 1907/3932/1909 1910/3935/1912 1908/3933/1910
f 1911/3936/1913 1912/3937/1914 1904/3938/1906
f 1851/3939/1850 1913/3940/1915 1756/3941/1756
f 1756/3558/1756 1913/3942/1915 1764/3580/1764
f 1835/3760/1834 1777/3618/1777 1897/3905/1899
f 1880/3943/1879 1879/3944/1878 1914/3945/1916
f 1898/3946/1900 1914/3947/1916 1901/3911/1903
f 1899/3908/1901 1765/3581/1765 1836/3761/1835
f 1914/3947/1916 1879/3910/1878 1901/3911/1903
f 1852/3797/1851 1901/3948/1903 1841/3766/1840
f 1857/3804/1856 1856/3803/1855 1900/3909/1902
f 1857/3804/1856 1900/3909/1902 1915/3949/1917
f 1852/3797/1851 1841/3766/1840 1837/3762/1836
f 1902/3950/1904 1858/3806/1857 1916/3951/1918
f 1858/3806/1857 1842/3770/1841 1916/3951/1918
f 1853/3952/1852 1859/3862/1858 1857/3804/1856
f 1854/3913/1853 1916/3953/1918 1842/3914/1841
f 1860/3813/1859 1917/3954/1919 1794/3671/1794
f 1740/3513/1740 1832/3755/1831 1918/3955/1920
f 1887/3881/1889 1833/3756/1832 1652/3790/1652
f 1864/3838/1863 1844/3779/1843 1870/3840/1869
f 1892/3894/1894 1919/3956/1921 1893/3892/1895
f 1889/3898/1891 1919/3956/1921 1892/3894/1894
f 1876/3887/1875 1903/3957/1905 1888/3884/1890
f 1894/3926/1896 1905/3930/1907 1903/3927/1905
f 1894/3926/1896 1906/3931/1908 1905/3930/1907
f 1907/3958/1909 1891/3959/1893 1920/3960/1922
f 1907/3958/1909 1920/3960/1922 1910/3961/1912
f 1904/3962/1906 1912/3963/1914 1905/3964/1907
f 1906/3931/1908 1921/3965/1923 1911/3966/1913
f 1911/3966/1913 1904/3929/1906 1906/3931/1908
f 1764/3580/1764 1913/3942/1915 1741/3514/1741
f 1922/3967/1924 1923/3968/1925 1882/3857/1881
f 1882/3857/1881 1881/3906/1880 1922/3967/1924
f 1923/3968/1925 1924/3969/1926 1882/3857/1881
f 1882/3857/1881 1924/3969/1926 1898/3907/1900
f 1901/3948/1903 1852/3797/1851 1898/3907/1900
f 1880/3855/1879 1925/3970/1927 1854/3801/1853
f 1899/3971/1901 1840/3861/1839 1902/3912/1904
f 1915/3972/1917 1853/3973/1852 1857/3974/1856
f 1884/3917/1886 1824/3745/1823 1441/2782/1441
f 1781/3975/1781 1883/3976/1885 1811/3977/1811
f 1692/3874/1692 1926/3978/1928 1885/3873/1887
f 1917/3979/1919 1860/3980/1859 1783/3981/1783
f 1861/3814/1860 1927/3982/1929 1798/3687/1798
f 1740/3513/1740 1918/3955/1920 1739/3748/1739
f 1867/3834/1866 1928/3983/1930 1886/3880/1888
f 1918/3955/1920 1832/3755/1831 1929/3984/1931
f 1867/3834/1866 1888/3884/1890 1928/3983/1930
f 1832/3755/1831 1813/3719/1813 1929/3984/1931
f 1889/3898/1891 1895/3897/1897 1919/3956/1921
f 1813/3719/1813 1849/3791/1848 1930/3985/1932
f 1931/3986/1933 1896/3924/1898 1833/3756/1832
f 1895/3987/1897 1907/3988/1909 1932/3989/1934
f 1891/3990/1893 1907/3991/1909 1895/3992/1897
f 1907/3993/1909 1909/3994/1911 1932/3995/1934
f 1814/3904/1814 1933/3996/1935 1849/3853/1848
f 1906/3931/1908 1934/3997/1936 1921/3965/1923
f 1934/3997/1936 1935/3998/1937 1921/3965/1923
f 1911/3966/1913 1921/3965/1923 1936/3999/1938
f 1910/3935/1912 1937/4000/1939 1908/3933/1910
f 1912/3937/1914 1911/3936/1913 1938/4001/1940
f 1911/3966/1913 1936/3999/1938 1938/4002/1940
f 1939/4003/1941 1940/4004/1942 1922/4005/1924
f 1913/3942/1915 1941/4006/1943 1741/3514/1741
f 1922/4007/1924 1881/3856/1880 1942/4008/1944
f 1942/4008/1944 1881/3856/1880 1853/3798/1852
f 1941/4006/1943 1900/3909/1902 1741/3514/1741
f 1897/3905/1899 1765/3581/1765 1899/3908/1901
f 1925/4009/1927 1916/3953/1918 1854/3913/1853
f 1917/3979/1919 1811/3977/1811 1883/3976/1885
f 1732/3870/1732 1885/3873/1887 1884/3871/1886
f 1917/3979/1919 1753/4010/1753 1811/3977/1811
f 1753/4010/1753 1917/3979/1919 1783/3981/1783
f 1782/3673/1782 1926/4011/1928 1694/3674/1694
f 1692/4012/1692 1694/3674/1694 1926/4011/1928
f 1861/3814/1860 1799/3688/1799 1886/3921/1888
f 1861/3814/1860 1886/3921/1888 1943/4013/1945
f 1943/4014/1945 1886/3880/1888 1928/3983/1930
f 1944/4015/1946 1891/3959/1893 1870/4016/1869
f 1929/3984/1931 1813/3719/1813 1930/3985/1932
f 1934/3997/1936 1894/3926/1896 1893/4017/1895
f 1903/3957/1905 1905/3964/1907 1945/4018/1947
f 1894/3926/1896 1934/3997/1936 1906/3931/1908
f 1944/4015/1946 1920/3960/1922 1891/3959/1893
f 1930/3985/1932 1849/3791/1848 1933/4019/1935
f 1945/4018/1947 1905/3964/1907 1946/4020/1948
f 1946/4020/1948 1905/3964/1907 1912/3963/1914
f 1932/3995/1934 1909/3994/1911 1947/4021/1949
f 1948/4022/1950 1921/3965/1923 1935/3998/1937
f 1947/4023/1949 1909/4024/1911 1948/4025/1950
f 1908/4026/1910 1948/4025/1950 1909/4024/1911
f 1920/4027/1922 1937/4028/1939 1910/4029/1912
f 1937/4000/1939 1949/4030/1951 1908/3933/1910
f 1950/4031/1952 1922/3967/1924 1940/4032/1942
f 1950/4031/1952 1923/3968/1925 1922/3967/1924
f 1951/4033/1953 1924/3969/1926 1923/3968/1925
f 1952/4034/1954 1953/4035/1955 1954/4036/1956
f 1914/3945/1916 1953/4035/1955 1880/3943/1879
f 1924/4037/1926 1914/3947/1916 1898/3946/1900
f 1955/4038/1957 1899/3971/1901 1956/4039/1958
f 1953/4040/1955 1925/3970/1927 1880/3855/1879
f 1956/4039/1958 1899/3971/1901 1902/3912/1904
f 1794/3671/1794 1917/3954/1919 1810/3916/1810
f 1739/3511/1739 1957/4041/1959 1775/3616/1775
f 1958/4042/1960 1844/3920/1843 1775/3616/1775
f 1928/3983/1930 1888/3884/1890 1945/4018/1947
f 1903/3957/1905 1945/4018/1947 1888/3884/1890
f 1919/4043/1921 1959/4044/1961 1893/4017/1895
f 1934/3997/1936 1893/4017/1895 1959/4044/1961
f 1919/4045/1921 1895/3987/1897 1932/3989/1934
f 1947/4023/1949 1948/4025/1950 1935/4046/1937
f 1920/3960/1922 1960/4047/1962 1937/4048/1939
f 1912/3963/1914 1938/4049/1940 1946/4020/1948
f 1949/4030/1951 1937/4000/1939 1961/4050/1963
f 1960/4047/1962 1961/4051/1963 1937/4048/1939
f 1950/4031/1952 1936/3999/1938 1962/4052/1964
f 1962/4052/1964 1951/4033/1953 1950/4031/1952
f 1835/3760/1834 1897/3905/1899 1963/4053/1965
f 1939/4003/1941 1950/4054/1952 1940/4004/1942
f 1951/4033/1953 1923/3968/1925 1950/4031/1952
f 1952/4034/1954 1954/4036/1956 1964/4055/1966
f 1922/4007/1924 1965/4056/1967 1939/4057/1941
f 1922/4007/1924 1942/4008/1944 1965/4056/1967
f 1951/4058/1953 1966/4059/1968 1924/4060/1926
f 1953/4035/1955 1966/4061/1968 1954/4036/1956
f 1952/4062/1954 1967/4063/1969 1953/4040/1955
f 1966/4061/1968 1953/4035/1955 1924/3969/1926
f 1953/4035/1955 1914/3945/1916 1924/3969/1926
f 1897/3905/1899 1899/3908/1901 1955/4064/1957
f 1956/4065/1958 1902/3950/1904 1925/4066/1927
f 1968/4067/1970 1853/4068/1852 1915/4069/1917
f 1824/3918/1823 1884/4070/1886 1926/4011/1928
f 1824/3918/1823 1926/4011/1928 1782/3673/1782
f 1810/3916/1810 1917/3954/1919 1883/4071/1885
f 1885/3873/1887 1926/3978/1928 1884/3871/1886
f 1844/3920/1843 1958/4042/1960 1969/4072/1971
f 1969/4073/1971 1870/4016/1869 1844/4074/1843
f 1887/3881/1889 1931/3986/1933 1833/3756/1832
f 1928/3983/1930 1945/4018/1947 1970/4075/1972
f 1896/3924/1898 1931/3986/1933 1971/4076/1973
f 1919/4045/1921 1932/3989/1934 1959/4077/1961
f 1934/3997/1936 1959/4044/1961 1935/3998/1937
f 1959/4044/1961 1947/4078/1949 1935/3998/1937
f 1896/3903/1898 1971/4079/1973 1850/3852/1849
f 1959/4044/1961 1932/4080/1934 1947/4078/1949
f 1944/4015/1946 1960/4047/1962 1920/3960/1922
f 1921/3965/1923 1948/4022/1950 1936/3999/1938
f 1948/4022/1950 1962/4052/1964 1936/3999/1938
f 1908/4026/1910 1949/4081/1951 1948/4025/1950
f 1788/3651/1788 1834/3759/1833 1814/3720/1814
f 1913/3942/1915 1851/3793/1850 1972/4082/1974
f 1936/3999/1938 1939/4083/1941 1938/4002/1940
f 1936/3999/1938 1950/4031/1952 1939/4083/1941
f 1966/4061/1968 1951/4033/1953 1954/4036/1956
f 1897/3905/1899 1973/4084/1975 1963/4053/1965
f 1897/3905/1899 1955/4064/1957 1973/4084/1975
f 1953/4040/1955 1967/4063/1969 1925/3970/1927
f 1955/4064/1957 1956/4065/1958 1967/4085/1969
f 1968/4086/1970 1900/3909/1902 1941/4006/1943
f 1956/4065/1958 1925/4066/1927 1967/4085/1969
f 1900/3909/1902 1968/4086/1970 1915/3949/1917
f 1902/3950/1904 1916/3951/1918 1925/4066/1927
f 1775/3616/1775 1957/4041/1959 1958/4042/1960
f 1798/3687/1798 1974/4087/1976 1843/3776/1842
f 1861/4088/1860 1943/4014/1945 1927/4089/1929
f 1958/4090/1960 1975/4091/1977 1969/4092/1971
f 1870/4016/1869 1976/4093/1978 1944/4015/1946
f 1933/4019/1935 1977/4094/1979 1930/3985/1932
f 1977/4095/1979 1933/3996/1935 1814/3904/1814
f 1977/4096/1979 1834/4097/1833 1835/4098/1834
f 1948/4025/1950 1949/4081/1951 1962/4099/1964
f 1949/4030/1951 1961/4050/1963 1962/4052/1964
f 1954/4036/1956 1962/4052/1964 1961/4050/1963
f 1954/4036/1956 1961/4050/1963 1964/4055/1966
f 1962/4052/1964 1954/4036/1956 1951/4033/1953
f 1835/3760/1834 1963/4053/1965 1978/4100/1980
f 1979/4101/1981 1965/4102/1967 1980/4103/1982
f 1979/4101/1981 1941/4006/1943 1913/3942/1915
f 1979/4101/1981 1980/4103/1982 1941/4006/1943
f 1952/4062/1954 1973/4104/1975 1967/4063/1969
f 1968/4086/1970 1941/4006/1943 1980/4103/1982
f 1942/4105/1944 1853/4068/1852 1968/4067/1970
f 1958/4042/1960 1957/4041/1959 1981/4106/1983
f 1918/3955/1920 1957/4107/1959 1739/3748/1739
f 1969/4073/1971 1976/4093/1978 1870/4016/1869
f 1918/3955/1920 1929/3984/1931 1982/4108/1984
f 1930/3985/1932 1977/4094/1979 1983/4109/1985
f 1835/3760/1834 1978/4100/1980 1977/4094/1979
f 1971/4076/1973 1972/4082/1974 1851/3793/1850
f 1960/4047/1962 1984/4110/1986 1961/4051/1963
f 1938/4049/1940 1965/4056/1967 1946/4020/1948
f 1972/4082/1974 1979/4101/1981 1913/3942/1915
f 1938/4049/1940 1939/4057/1941 1965/4056/1967
f 1961/4051/1963 1984/4110/1986 1964/4111/1966
f 1984/4110/1986 1973/4104/1975 1964/4111/1966
f 1964/4111/1966 1973/4104/1975 1952/4062/1954
f 1955/4064/1957 1967/4085/1969 1973/4084/1975
f 1798/3687/1798 1927/3982/1929 1974/4087/1976
f 1928/3983/1930 1985/4112/1987 1943/4014/1945
f 1887/3881/1889 1847/3786/1846 1931/3986/1933
f 1982/4108/1984 1929/3984/1931 1930/3985/1932
f 1930/3985/1932 1986/4113/1988 1982/4108/1984
f 1986/4113/1988 1930/3985/1932 1983/4109/1985
f 1931/3986/1933 1987/4114/1989 1971/4076/1973
f 1987/4114/1989 1972/4082/1974 1971/4076/1973
f 1977/4094/1979 1978/4100/1980 1988/4115/1990
f 1814/4116/1814 1834/4097/1833 1977/4096/1979
f 1850/3792/1849 1971/4076/1973 1851/3793/1850
f 1960/4047/1962 1989/4117/1991 1984/4110/1986
f 1963/4053/1965 1973/4084/1975 1984/4118/1986
f 1980/4119/1982 1942/4105/1944 1968/4067/1970
f 1965/4102/1967 1942/4120/1944 1980/4103/1982
f 1927/3982/1929 1990/4121/1992 1974/4087/1976
f 1958/4042/1960 1981/4106/1983 1975/4122/1977
f 1928/3983/1930 1970/4075/1972 1985/4112/1987
f 1847/3786/1846 1991/4123/1993 1931/3986/1933
f 1976/4093/1978 1992/4124/1994 1944/4015/1946
f 1987/4114/1989 1931/3986/1933 1993/4125/1995
f 1945/4018/1947 1994/4126/1996 1970/4075/1972
f 1983/4109/1985 1977/4094/1979 1988/4115/1990
f 1945/4127/1947 1946/4128/1948 1994/4129/1996
f 1946/4128/1948 1965/4130/1967 1995/4131/1997
f 1978/4100/1980 1963/4053/1965 1989/4132/1991
f 1972/4082/1974 1995/4133/1997 1979/4101/1981
f 1995/4133/1997 1965/4102/1967 1979/4101/1981
f 1981/4134/1983 1957/4107/1959 1996/4135/1998
f 1974/4136/1976 1997/4137/1999 1843/3876/1842
f 1996/4135/1998 1957/4107/1959 1918/3955/1920
f 1843/3876/1842 1997/4137/1999 1847/3786/1846
f 1969/4073/1971 1998/4138/2000 1976/4093/1978
f 1991/4123/1993 1993/4125/1995 1931/3986/1933
f 1982/4108/1984 1986/4113/1988 1999/4139/2001
f 1993/4125/1995 2000/4140/2002 1987/4114/1989
f 1944/4015/1946 1989/4117/1991 1960/4047/1962
f 1987/4114/1989 1994/4141/1996 1972/4082/1974
f 1946/4128/1948 1995/4131/1997 1994/4129/1996
f 1972/4082/1974 1994/4141/1996 1995/4133/1997
f 1927/3982/1929 2001/4142/2003 1990/4121/1992
f 1998/4138/2000 1992/4124/1994 1976/4093/1978
f 1918/3955/1920 1982/4108/1984 1996/4135/1998
f 1997/4137/1999 1991/4123/1993 1847/3786/1846
f 1970/4143/1972 1994/4144/1996 2000/4145/2002
f 1983/4109/1985 1992/4146/1994 1986/4113/1988
f 2000/4140/2002 1994/4141/1996 1987/4114/1989
f 1944/4015/1946 1992/4124/1994 1989/4117/1991
f 1978/4100/1980 1989/4132/1991 1988/4115/1990
f 1963/4053/1965 1984/4118/1986 1989/4132/1991
f 1927/4089/1929 1943/4014/1945 2001/4147/2003
f 1975/4148/1977 1981/4149/1983 1969/4150/1971
f 1974/4136/1976 1990/4151/1992 1997/4137/1999
f 1997/4137/1999 2002/4152/2004 1991/4123/1993
f 1982/4108/1984 1999/4139/2001 1996/4135/1998
f 1991/4123/1993 2002/4152/2004 1993/4125/1995
f 1999/4139/2001 1986/4113/1988 1992/4146/1994
f 1970/4143/1972 2000/4145/2002 1985/4153/1987
f 1992/4146/1994 1988/4115/1990 1989/4132/1991
f 1983/4109/1985 1988/4115/1990 1992/4146/1994
f 1943/4014/1945 1985/4112/1987 2001/4147/2003
f 1981/4149/1983 1998/4154/2000 1969/4150/1971
f 1985/4153/1987 2002/4155/2004 2001/4156/2003
f 1990/4151/1992 2002/4152/2004 1997/4137/1999
f 1998/4157/2000 1996/4135/1998 1999/4139/2001
f 1998/4158/2000 1999/4159/2001 1992/4160/1994
f 2002/4152/2004 2000/4140/2002 1993/4125/1995
f 2000/4145/2002 2002/4155/2004 1985/4153/1987
f 1996/4135/1998 1998/4157/2000 1981/4134/1983
f 1990/4151/1992 2001/4161/2003 2002/4152/2004
