# Blender 4.4.0
# www.blender.org
mtllib hazme_un_cartel_de_se_1109152008_texture.mtl
o hazme_un_cartel_de_se_1109152008_texture
v -0.533971 -0.344079 -0.098153
v -0.484860 -0.284357 -0.098483
v -0.484052 -0.335181 -0.098393
v 0.859532 -0.331902 -0.098847
v 0.916448 -0.282319 -0.099639
v 0.913313 -0.337976 -0.098536
v 0.852795 -0.291375 -0.099143
v -0.545305 -0.293946 -0.097843
v 0.873080 -0.264834 -0.085361
v -0.889750 -0.019844 -0.097704
v -0.887024 0.017463 -0.099786
v -0.834214 -0.022182 -0.098435
v -0.846049 0.031383 -0.097202
v 0.865085 0.275265 -0.099169
v 0.895462 0.342466 -0.099998
v 0.920521 0.285612 -0.098362
v 0.850692 0.322080 -0.098144
v -0.550306 0.306385 -0.098344
v -0.521470 0.346573 -0.098072
v -0.500189 0.278072 -0.098479
v -0.474845 0.326306 -0.099084
v 0.926154 0.323072 -0.083545
v 0.927606 -0.288001 -0.082263
v -0.530012 0.269944 -0.081920
v -0.550684 0.334074 -0.082455
v -0.499162 -0.354996 -0.082037
v -0.548660 -0.340011 -0.082255
v -0.517122 -0.267318 -0.081855
v 0.908433 -0.266378 -0.081795
v -0.888627 -0.031223 -0.082502
v -0.817032 -0.005878 -0.082458
v -0.899988 0.008676 -0.082353
v -0.874507 0.037490 -0.082234
v -0.833170 0.028543 -0.082176
v 0.903798 0.265806 -0.081878
v 0.866366 0.266988 -0.082129
v 0.926358 0.283130 -0.083093
v 0.843415 0.295255 -0.081955
v -0.472331 0.295622 -0.082785
v -0.515491 0.355638 -0.082254
v 0.871230 -0.348224 -0.082350
v 0.919815 -0.334841 -0.082805
v -0.469493 -0.322873 -0.082019
v -0.552995 -0.295210 -0.082308
v 0.842976 -0.317265 -0.082147
v 0.848766 -0.283907 -0.081772
v -0.480972 -0.279801 -0.082179
v -0.850403 -0.038762 -0.081998
v -0.493415 0.273939 -0.082536
v -0.552994 0.295485 -0.082052
v -0.477882 0.336780 -0.082721
v 0.905505 0.345854 -0.082771
v 0.859917 0.340560 -0.082781
v -0.284574 -0.387420 -0.080818
v -0.166896 -0.337518 -0.082135
v -0.138421 -0.385275 -0.081265
v 0.303648 -0.397714 -0.074672
v 0.233920 -0.386276 -0.081506
v 0.373104 -0.331338 -0.081944
v 0.404856 -0.387421 -0.081473
v 0.737315 -0.389979 -0.080199
v 0.690317 -0.328044 -0.081841
v 0.781508 -0.386663 -0.081305
v 0.938033 -0.388571 -0.080696
v 0.522218 -0.386517 -0.081685
v 0.508473 -0.327855 -0.081867
v 0.613534 -0.304977 -0.082376
v -0.590220 -0.388185 -0.081185
v -0.384186 -0.386395 -0.081651
v -0.301700 -0.259672 -0.081967
v -0.684174 -0.307269 -0.081805
v -0.086057 -0.280835 -0.081599
v 0.010967 -0.386925 -0.081448
v 0.069750 -0.298543 -0.081699
v 0.140002 -0.385840 -0.081754
v 0.776229 -0.282193 -0.081905
v 0.005885 -0.257913 -0.081960
v 0.230457 -0.279304 -0.081823
v 0.447028 -0.274191 -0.081603
v 0.491840 -0.211035 -0.081418
v 0.953564 -0.305047 -0.072776
v -0.363515 -0.215399 -0.082137
v 0.353554 -0.248320 -0.082186
v -0.620063 -0.228666 -0.081598
v -0.448650 -0.213137 -0.081872
v 0.652120 -0.238706 -0.081791
v -0.038841 -0.203938 -0.081133
v 0.718488 -0.209835 -0.080964
v 0.374741 -0.215585 -0.081280
v 0.189001 -0.202717 -0.081884
v 0.794374 -0.194664 -0.081693
v -0.330881 -0.206812 -0.080495
v -0.180396 -0.212232 -0.081992
v 0.751461 -0.199592 -0.080973
v 0.938778 -0.184984 -0.081545
v -0.767020 -0.208437 -0.081299
v 0.265718 -0.213254 -0.081455
v 0.020043 -0.202652 -0.077893
v 0.475615 -0.202883 -0.078674
v 0.698612 -0.203509 -0.077342
v -0.589362 -0.140252 -0.081859
v 0.632835 -0.145018 -0.082183
v 0.662960 -0.197435 -0.078812
v -0.067755 -0.208636 -0.080397
v 0.067798 -0.189018 -0.080648
v 0.310543 -0.201837 -0.077575
v -0.680280 -0.164478 -0.082020
v 0.512492 -0.150765 -0.081967
v -0.031867 -0.190583 -0.081747
v 0.760028 -0.186913 -0.079039
v 0.302652 -0.176615 -0.078008
v 0.848163 -0.104866 -0.081969
v -0.835817 -0.126522 -0.081362
v -0.485893 -0.099032 -0.081924
v 0.126848 -0.096907 -0.080158
v 0.767445 -0.132310 -0.081559
v 0.257914 -0.096452 -0.079850
v 0.372292 -0.113411 -0.081087
v -0.037543 -0.106308 -0.081913
v -0.667007 -0.076914 -0.082031
v -0.070254 -0.128147 -0.079286
v 0.643024 -0.071245 -0.081806
v 0.941486 -0.084939 -0.080321
v -0.733408 -0.045285 -0.081694
v 0.339665 -0.036434 -0.082125
v 0.027049 -0.101526 -0.078859
v 0.034944 -0.053280 -0.081951
v -0.227934 -0.127506 -0.078030
v -0.230080 -0.084224 -0.079918
v -0.173861 -0.127189 -0.079867
v -0.329475 -0.047829 -0.081046
v -0.150833 -0.071409 -0.082143
v 0.768860 -0.037500 -0.081682
v 0.931578 -0.026746 -0.081827
v -0.909049 -0.042237 -0.080747
v -0.411994 -0.010429 -0.081944
v -0.229997 -0.029069 -0.078549
v -0.075714 -0.025018 -0.080926
v 0.610482 -0.037532 -0.082078
v -0.544141 0.024364 -0.081764
v 0.504094 0.058288 -0.081897
v -0.674809 0.015460 -0.081678
v -0.946069 0.002471 -0.080760
v 0.214770 -0.025757 -0.080025
v 0.825995 0.062867 -0.082128
v -0.771164 0.082030 -0.081517
v 0.764062 0.064651 -0.081027
v -0.329808 0.074309 -0.080332
v 0.638147 0.057164 -0.081149
v 0.662598 0.016425 -0.079272
v 0.359444 0.078680 -0.081979
v 0.390909 0.035023 -0.078673
v 0.937682 0.087058 -0.081397
v -0.053404 0.127457 -0.081659
v -0.072886 0.042462 -0.078989
v -0.659589 0.087647 -0.081819
v -0.838139 0.128654 -0.081683
v -0.075518 0.048552 -0.079754
v -0.381620 0.151265 -0.081870
v 0.584489 0.146019 -0.080025
v -0.173866 0.079137 -0.082301
v -0.486189 0.130741 -0.082088
v -0.153657 0.048346 -0.079759
v 0.059805 0.045119 -0.079601
v 0.035594 0.088285 -0.080519
v 0.635473 0.129890 -0.081787
v 0.225751 0.047544 -0.078617
v 0.281182 0.119278 -0.081468
v 0.532627 0.146193 -0.079857
v 0.940810 0.148100 -0.081081
v 0.766337 0.147283 -0.081089
v 0.001271 0.155108 -0.080205
v 0.850371 0.148161 -0.081622
v 0.504469 0.181721 -0.082311
v -0.229936 0.145583 -0.080381
v -0.105036 0.146720 -0.078896
v 0.110048 0.137883 -0.080950
v 0.149460 0.229573 -0.081888
v 0.144163 0.079862 -0.080261
v 0.177140 0.131932 -0.080013
v -0.667191 0.182827 -0.081661
v 0.377333 0.190611 -0.081315
v 0.202416 0.169409 -0.079156
v -0.744996 0.233744 -0.081943
v -0.063990 0.217114 -0.078308
v 0.231777 0.221376 -0.081110
v 0.853643 0.223419 -0.080379
v 0.318131 0.204133 -0.080298
v 0.396208 0.226590 -0.081490
v 0.051503 0.228017 -0.081151
v 0.074611 0.293664 -0.081968
v -0.600421 0.281205 -0.081958
v 0.531251 0.220773 -0.081057
v 0.485833 0.216005 -0.081036
v -0.027190 0.214930 -0.077308
v -0.051234 0.239800 -0.081489
v -0.327941 0.222121 -0.080203
v -0.380956 0.296370 -0.082073
v -0.264504 0.219744 -0.080138
v 0.675351 0.238843 -0.081372
v 0.752805 0.288011 -0.081836
v 0.748525 0.223649 -0.080253
v 0.303598 0.216529 -0.079587
v 0.309755 0.272946 -0.081792
v 0.185534 0.290819 -0.081778
v 0.454961 0.312313 -0.081841
v -0.181277 0.220370 -0.079015
v -0.276836 0.312024 -0.081915
v -0.153086 0.243771 -0.082009
v -0.109877 0.323163 -0.082178
v -0.690524 0.298900 -0.081817
v 0.621901 0.386391 -0.081798
v -0.033567 0.386034 -0.081569
v -0.551925 0.385211 -0.082092
v -0.626269 0.372283 -0.081642
v 0.258163 0.385175 -0.081749
v -0.399566 0.385567 -0.081963
v 0.512193 0.385789 -0.081419
v 0.946998 0.325690 -0.077374
v 0.393795 0.387092 -0.081342
v 0.833028 0.386125 -0.081308
v -0.141156 0.385603 -0.081640
v -0.245439 0.386508 -0.081555
v 0.078589 0.386189 -0.081283
v 0.935909 0.388256 -0.080167
v 0.694953 0.385848 -0.081222
v -0.326078 -0.402110 -0.068179
v -0.627812 -0.394108 -0.069048
v 0.951961 -0.341637 -0.073628
v 0.955845 -0.257841 -0.069622
v -0.256549 -0.201055 -0.077844
v 0.394935 -0.199154 -0.074202
v -0.125324 -0.199595 -0.074338
v 0.226491 -0.202140 -0.075502
v 0.391431 -0.150850 -0.077907
v 0.483379 -0.192089 -0.077844
v -0.322561 -0.093436 -0.077600
v -0.318179 -0.200252 -0.071147
v 0.162892 -0.107434 -0.078126
v 0.663317 -0.054579 -0.077163
v 0.753440 -0.117129 -0.069736
v 0.392321 -0.014634 -0.077236
v 0.143899 -0.072758 -0.057821
v 0.482815 -0.032208 -0.076329
v 0.754190 -0.005462 -0.070185
v -0.172560 -0.026455 -0.077131
v 0.955217 0.002091 -0.069876
v 0.088708 -0.001641 -0.077026
v -0.323493 0.049181 -0.075565
v 0.197853 -0.000665 -0.076487
v -0.230158 0.047064 -0.076044
v 0.484001 0.119587 -0.076337
v 0.662584 0.147572 -0.076844
v 0.248004 0.091960 -0.074629
v 0.115506 0.118826 -0.074953
v 0.287366 0.154362 -0.079022
v 0.391898 0.153419 -0.075820
v -0.065949 0.154160 -0.079240
v 0.061502 0.200712 -0.076661
v -0.785360 0.212533 -0.069720
v 0.289000 0.168435 -0.072228
v 0.393723 0.214101 -0.073469
v 0.026931 0.214326 -0.075797
v -0.321982 0.214319 -0.076459
v 0.676734 0.217310 -0.077487
v 0.848198 0.215386 -0.074382
v 0.312151 0.208988 -0.076501
v 0.946562 0.245425 -0.077227
v -0.692777 0.319716 -0.069684
v -0.655674 0.362820 -0.068371
v 0.955844 0.319465 -0.068815
v 0.955303 0.389627 -0.068941
v -0.623550 0.396479 -0.071391
v -0.035575 0.402299 -0.068138
v 0.834105 0.402480 -0.068014
v 0.812384 -0.402234 -0.066159
v -0.473394 -0.402154 -0.067942
v -0.128436 -0.402937 -0.067229
v 0.140725 -0.402549 -0.067007
v 0.405507 -0.402286 -0.068642
v 0.509579 -0.402348 -0.067744
v 0.655973 -0.402288 -0.068727
v -0.756291 -0.244789 -0.067839
v -0.074168 -0.194939 -0.058328
v 0.667060 -0.195030 -0.057475
v -0.837210 -0.149648 -0.068479
v -0.902727 -0.072392 -0.067426
v 0.175574 0.121310 -0.056861
v -0.322912 0.148857 -0.076050
v 0.955941 0.143371 -0.068361
v 0.028759 0.122528 -0.057714
v 0.752640 0.144449 -0.065162
v -0.863958 0.120136 -0.069915
v -0.838488 0.150732 -0.067800
v 0.538447 0.212310 -0.060231
v -0.750964 0.251816 -0.068901
v 0.932048 0.401965 -0.068115
v -0.426493 0.401959 -0.068108
v -0.257846 0.402186 -0.067616
v 0.172491 0.402335 -0.067930
v 0.369361 0.401334 -0.067930
v 0.502374 0.402166 -0.067982
v -0.551868 0.402802 -0.066746
v 0.012046 -0.402903 -0.066312
v -0.601174 -0.402282 -0.066845
v 0.934587 -0.401893 -0.068018
v 0.950829 -0.393960 -0.072092
v -0.672471 -0.343489 -0.067653
v 0.707177 -0.196812 -0.057334
v 0.055812 -0.188002 -0.056485
v -0.022349 -0.194299 -0.060470
v 0.956051 -0.128583 -0.066866
v 0.105280 -0.117200 -0.058549
v 0.665924 -0.135714 -0.057429
v 0.060256 -0.056852 -0.058154
v -0.954589 0.017969 -0.065815
v -0.955895 -0.009376 -0.069113
v 0.097515 0.001336 -0.056890
v -0.921114 0.055528 -0.068112
v 0.146801 0.079516 -0.055964
v -0.138860 0.150864 -0.057015
v 0.813799 0.149700 -0.056822
v 0.847985 0.152326 -0.059538
v 0.225607 0.195724 -0.058518
v 0.006311 0.159691 -0.056843
v 0.476849 0.217887 -0.059537
v 0.238153 0.214278 -0.059537
v -0.150478 0.402303 -0.067271
v 0.093567 0.402321 -0.067180
v 0.291058 0.402310 -0.067910
v 0.591631 0.402729 -0.066483
v 0.689813 0.402177 -0.068326
v -0.273135 -0.198693 -0.059988
v -0.213212 -0.197096 -0.056743
v 0.020299 -0.195305 -0.057093
v 0.476991 -0.197207 -0.056912
v -0.319875 -0.195716 -0.058497
v -0.320610 -0.145074 -0.056835
v 0.749571 -0.123624 -0.057541
v 0.194596 -0.145666 -0.057189
v 0.174327 -0.114165 -0.057634
v -0.232800 -0.133066 -0.056551
v -0.237322 -0.091071 -0.056440
v 0.280410 -0.146548 -0.056574
v 0.476496 -0.107616 -0.057336
v 0.393810 -0.021103 -0.063654
v 0.665989 -0.052857 -0.057663
v 0.396508 0.025632 -0.056951
v -0.321497 0.002758 -0.057292
v 0.074134 0.043725 -0.057208
v -0.163328 0.041148 -0.057666
v -0.233632 0.040383 -0.056791
v -0.082661 0.041663 -0.057338
v 0.477565 0.056590 -0.057848
v -0.235020 0.086671 -0.056316
v -0.321166 0.111532 -0.057248
v 0.394361 0.095994 -0.056784
v 0.262084 0.130830 -0.055669
v -0.233609 0.149324 -0.056946
v 0.751715 0.149954 -0.055874
v 0.606020 0.149887 -0.056726
v 0.668586 0.149457 -0.056759
v -0.074271 0.150239 -0.056964
v -0.320823 0.208558 -0.059753
v 0.393396 0.157470 -0.057346
v 0.394772 0.208389 -0.057624
v 0.537355 0.150623 -0.057004
v -0.118396 0.212840 -0.055670
v -0.022420 0.214192 -0.056747
v 0.420850 0.219098 -0.059868
v 0.583567 0.213373 -0.057131
v 0.697233 0.213241 -0.056430
v 0.754104 0.213972 -0.056783
v 0.956039 -0.374495 -0.054557
v 0.271559 -0.194821 -0.058053
v 0.304811 -0.193358 -0.057200
v 0.749094 -0.192982 -0.057883
v 0.395557 -0.194479 -0.056658
v 0.010925 -0.139782 -0.057589
v 0.223652 -0.189203 -0.057759
v -0.074337 -0.135735 -0.057656
v 0.081234 -0.147843 -0.057929
v 0.035354 -0.099821 -0.056607
v 0.241119 -0.084184 -0.056741
v 0.394963 -0.114051 -0.058103
v 0.212141 -0.037061 -0.056432
v 0.751303 -0.047841 -0.057634
v -0.081397 -0.021831 -0.056740
v 0.666107 -0.001770 -0.057382
v 0.218102 0.051552 -0.056845
v 0.667035 0.062237 -0.056565
v 0.046665 0.091233 -0.058449
v 0.121799 0.104068 -0.056823
v 0.751284 0.053920 -0.057005
v 0.476789 0.130293 -0.057319
v 0.243446 0.098071 -0.057484
v 0.100436 0.137591 -0.056471
v 0.080071 0.167671 -0.058125
v 0.205760 0.167038 -0.056693
v -0.074198 0.212967 -0.057288
v 0.052085 0.211706 -0.056172
v 0.847665 0.213536 -0.058803
v -0.267663 0.210156 -0.059955
v -0.233424 0.212871 -0.056327
v 0.306255 0.214245 -0.059657
v 0.838082 0.214309 -0.057071
v -0.207617 -0.402520 -0.008732
v -0.052081 -0.402829 -0.012080
v 0.324159 -0.402594 0.011775
v 0.609110 -0.402579 0.013000
v -0.101199 -0.195177 -0.055278
v -0.152778 -0.134955 -0.055861
v 0.400357 -0.114253 -0.056436
v 0.476415 -0.083394 -0.056696
v 0.399581 -0.021955 -0.057148
v 0.436685 -0.002355 -0.056631
v -0.234961 -0.029990 -0.056278
v -0.220291 -0.020497 -0.056548
v 0.189192 -0.002227 -0.056773
v -0.318963 0.051422 -0.057304
v 0.285164 0.168502 -0.056662
v -0.289909 0.141146 -0.056937
v 0.846590 0.178032 -0.056867
v 0.440394 0.188872 -0.054771
v 0.308754 0.209830 -0.057060
v 0.243927 0.210412 -0.055573
v 0.956138 0.207232 -0.010272
v -0.355089 0.402894 0.010117
v -0.228229 0.402702 -0.015739
v 0.467258 0.402624 -0.007124
v 0.261809 0.402564 -0.002401
v 0.821246 -0.402325 0.001067
v -0.262739 -0.194079 -0.055416
v -0.278820 -0.164245 -0.055277
v 0.440840 -0.140148 -0.056201
v 0.714811 -0.081286 -0.056795
v 0.103723 -0.058593 -0.056643
v 0.453462 -0.058308 -0.056423
v 0.729536 0.034352 -0.055653
v 0.746538 0.092663 -0.056854
v 0.685288 0.190402 -0.056686
v 0.955913 0.389277 0.003197
v 0.691571 0.402868 -0.001575
v -0.390689 -0.402591 0.000299
v 0.956164 0.001310 0.071749
v 0.956115 0.137443 0.068765
v -0.600383 0.402580 0.017441
v -0.439708 0.402410 -0.001424
v 0.030892 0.402876 -0.018286
v 0.956089 -0.303156 0.069553
v -0.876010 -0.104332 0.071397
v -0.898500 0.081944 -0.000810
v -0.628490 -0.393514 0.070118
v 0.473307 -0.402417 0.069899
v 0.955963 -0.387658 0.069267
v -0.922473 -0.049794 0.012618
v 0.814814 0.402530 0.024882
v -0.746277 -0.257312 -0.001272
v -0.955947 -0.011055 0.068928
v 0.175679 -0.402822 0.010394
v -0.846171 0.141848 0.015533
v 0.139911 0.402299 0.069858
v 0.619383 0.402614 0.070573
v -0.554225 -0.402703 0.069327
v 0.386024 -0.402623 0.026016
v -0.665821 -0.351627 0.070165
v -0.080359 0.402646 0.012097
v 0.955916 -0.121178 0.070703
v -0.772175 0.228172 0.067055
v -0.161444 0.402568 0.069656
v -0.630575 0.391125 0.069925
v 0.083655 0.402549 0.069431
v 0.530661 0.402535 0.070445
v 0.281800 -0.199605 -0.004737
v 0.280596 -0.169657 -0.009289
v 0.231635 -0.199866 -0.006457
v 0.305957 -0.193251 -0.005734
v 0.748747 -0.198990 -0.009536
v 0.754290 -0.192308 -0.009843
v 0.750867 -0.127949 -0.008675
v -0.202719 -0.195151 -0.009000
v -0.155938 -0.194815 -0.008980
v -0.174732 -0.133153 -0.008716
v 0.038409 -0.097302 -0.007147
v 0.025303 -0.116441 -0.008014
v 0.089318 -0.149056 -0.007890
v 0.473772 -0.142328 -0.008819
v 0.399971 -0.041016 -0.008929
v 0.400001 -0.107268 -0.009081
v 0.474341 -0.006144 -0.008931
v 0.400110 0.014583 -0.008909
v 0.399883 0.092275 -0.008901
v 0.473587 0.065586 -0.009021
v 0.479892 0.040303 -0.001961
v 0.754430 0.102865 -0.008330
v 0.669610 0.151801 -0.008015
v 0.671022 0.047920 -0.008688
v 0.191617 0.146377 -0.008781
v 0.231472 0.073133 -0.008273
v 0.253834 0.110099 -0.008867
v 0.276817 0.149109 -0.007194
v 0.204225 0.166221 -0.008448
v -0.233234 0.146989 -0.007494
v -0.225812 0.212391 -0.008709
v -0.273107 0.212670 -0.008838
v 0.283239 0.177078 -0.008834
v 0.246020 0.212428 -0.009455
v -0.175528 0.152135 -0.007845
v -0.184532 0.213868 -0.008169
v -0.735607 0.270020 0.070358
v -0.291175 0.402356 0.070177
v -0.322093 -0.199016 -0.004675
v -0.220779 -0.200432 -0.002064
v -0.159256 -0.199994 -0.002408
v -0.096693 -0.200011 -0.002261
v -0.070914 -0.194596 -0.008772
v -0.058218 -0.198910 -0.002474
v 0.399076 -0.199834 -0.004772
v 0.473555 -0.199204 -0.001426
v 0.479139 -0.194482 -0.007754
v -0.320505 -0.152872 -0.008930
v -0.100566 -0.135034 -0.008713
v -0.023525 -0.195976 0.001064
v -0.013455 -0.200001 -0.005345
v 0.000787 -0.157037 -0.008491
v 0.049375 -0.198605 -0.007785
v 0.265904 -0.126323 -0.008482
v 0.393432 -0.195017 -0.002315
v 0.400533 -0.152830 -0.009159
v -0.058180 -0.136509 -0.008276
v 0.217368 -0.181112 -0.006962
v 0.279385 -0.147811 -0.005759
v 0.393238 -0.113578 -0.002404
v 0.479485 -0.146929 -0.002526
v -0.232453 -0.132835 -0.008758
v 0.665913 -0.198145 -0.006430
v 0.668493 -0.151982 -0.009016
v 0.755588 -0.197771 0.025102
v 0.756512 -0.128774 0.006352
v 0.250539 -0.104251 -0.008698
v 0.189133 -0.140347 -0.007861
v 0.755279 -0.102575 -0.009274
v -0.318852 -0.083681 -0.008806
v -0.323381 -0.126837 -0.001053
v 0.665844 -0.121124 -0.007025
v -0.261415 -0.096722 -0.008335
v 0.226808 -0.068862 -0.008656
v -0.233626 -0.106841 -0.008201
v 0.164270 -0.101721 -0.008892
v -0.323522 -0.058723 -0.002148
v 0.755367 -0.050172 -0.008946
v 0.065220 -0.064864 -0.008703
v 0.062199 -0.061148 -0.005541
v 0.479457 -0.040322 -0.002161
v 0.125186 -0.095056 -0.006634
v 0.142411 -0.073715 -0.004910
v 0.133969 -0.075531 -0.008658
v -0.232262 -0.073503 -0.007091
v -0.232003 -0.025938 -0.007885
v -0.317919 -0.015502 -0.008674
v 0.084164 -0.029357 -0.008237
v 0.201948 -0.029315 -0.007397
v 0.393603 -0.011401 -0.002601
v 0.665241 -0.000561 -0.005988
v -0.130498 -0.024962 -0.005712
v -0.086493 0.039142 -0.008673
v -0.169602 -0.024124 -0.008185
v 0.186872 -0.004267 -0.007838
v -0.080244 -0.025526 -0.006161
v -0.323997 0.051442 -0.002347
v -0.192038 0.039376 -0.008386
v 0.755944 0.003788 -0.008671
v -0.232728 0.044921 -0.008092
v 0.200834 0.017815 -0.008561
v -0.317817 0.079142 -0.008794
v -0.080156 0.044291 -0.003239
v 0.101846 -0.002354 -0.008444
v 0.089751 0.019958 -0.008466
v 0.663090 0.030445 -0.004545
v 0.754686 0.037340 -0.008102
v -0.168711 0.044993 -0.002348
v 0.102105 0.128717 -0.009045
v 0.067704 0.054105 -0.007358
v 0.131835 0.079512 -0.008566
v 0.664970 0.147286 -0.002100
v 0.167403 0.106114 -0.008209
v 0.393662 0.153768 -0.002329
v 0.144055 0.079084 -0.000990
v 0.128863 0.096594 -0.005499
v 0.051959 0.079326 -0.007570
v 0.480334 0.188055 -0.001667
v 0.473567 0.226110 -0.008714
v 0.037905 0.106340 -0.007588
v 0.104707 0.134299 -0.001294
v 0.755560 0.150743 -0.008843
v 0.398526 0.190972 -0.007937
v -0.318390 0.147413 -0.008069
v -0.323325 0.210408 -0.001814
v 0.023324 0.130322 -0.008222
v 0.082808 0.165648 -0.007337
v -0.178653 0.147440 -0.001854
v -0.066099 0.147132 -0.002229
v -0.109095 0.152038 -0.008982
v -0.058869 0.152126 -0.007407
v 0.005269 0.167522 -0.008696
v 0.009783 0.150717 -0.004700
v 0.050338 0.212834 -0.007289
v 0.540249 0.147796 -0.001908
v 0.584914 0.152293 -0.008665
v 0.534815 0.151201 -0.006410
v 0.755875 0.147945 -0.000375
v 0.844783 0.152013 -0.008443
v 0.849085 0.148173 -0.002520
v 0.069276 0.186166 -0.007379
v 0.674453 0.165788 -0.008492
v 0.758598 0.213161 -0.008639
v 0.293653 0.178819 -0.004322
v 0.534110 0.212869 -0.006817
v -0.104557 0.213242 -0.008837
v 0.579484 0.214094 -0.008189
v -0.318924 0.213164 -0.006959
v -0.009807 0.182664 -0.001403
v -0.058080 0.213339 -0.007452
v -0.021975 0.212395 -0.007394
v -0.124228 0.214588 -0.006950
v 0.849791 0.209975 -0.001416
v 0.309756 0.204779 -0.006049
v 0.679389 0.214397 -0.009636
v 0.844144 0.214551 -0.007533
v 0.307348 0.212809 -0.007034
v 0.643521 0.214257 -0.006926
v 0.401205 0.232389 -0.005537
v 0.476681 0.232914 -0.002507
v 0.393452 -0.074502 0.042852
v 0.664241 -0.149497 0.028737
v -0.231647 -0.132070 0.042571
v -0.057179 -0.134042 0.042231
v 0.188440 -0.142762 0.081531
v 0.238896 -0.078852 0.022461
v 0.064025 -0.044327 0.079600
v 0.096680 -0.000370 0.031090
v 0.479756 -0.002964 0.030295
v 0.755755 0.071288 0.050234
v 0.169844 0.114702 0.068815
v 0.004881 0.156583 0.075275
v -0.075514 0.147988 0.071998
v 0.272808 0.139295 0.073801
v 0.532188 0.150058 0.034708
v -0.024787 0.212807 0.017747
v -0.246009 0.214415 0.082536
v 0.303736 0.218063 0.017985
v 0.258369 -0.099843 0.078081
v 0.664007 -0.034375 0.075614
v -0.190460 -0.027126 0.038968
v -0.323553 -0.000935 0.079483
v -0.084864 0.045568 0.078883
v 0.392686 0.045551 0.038777
v 0.479551 0.069109 0.073775
v -0.058104 0.150913 0.038516
v 0.633190 0.148106 0.077366
v 0.393932 0.225147 0.016978
v 0.047521 0.217172 0.019229
v 0.245240 0.218144 0.017910
v 0.936240 -0.402289 0.069365
v -0.322519 -0.200243 0.078811
v 0.308554 -0.198170 0.052163
v 0.052456 -0.067254 0.049364
v 0.756611 -0.074365 0.054619
v 0.755875 -0.011708 0.078927
v -0.323937 0.108538 0.029807
v 0.211045 0.034339 0.037163
v 0.139392 0.082711 0.076737
v 0.243524 0.087669 0.068644
v 0.479677 0.143171 0.074145
v 0.311389 0.207895 0.025171
v 0.535657 0.214847 0.045196
v 0.936703 0.400827 0.070229
v -0.598472 -0.401546 0.071109
v 0.716201 -0.199329 0.077063
v 0.013986 -0.131311 0.072599
v 0.479466 -0.115194 0.044219
v 0.664421 0.034102 0.075845
v -0.233088 0.068298 0.078858
v 0.146996 0.079306 0.049175
v -0.231069 0.147046 0.082293
v 0.392683 0.187272 0.044090
v -0.503511 0.402220 0.069899
v 0.285097 -0.147099 0.071798
v 0.664022 -0.091091 0.079103
v 0.190687 -0.003590 0.060255
v 0.855950 0.148432 0.083985
v -0.320321 0.214322 0.051866
v 0.720495 0.215610 0.047323
v -0.680619 0.334146 0.070099
v -0.071471 -0.199839 0.045519
v 0.475324 -0.198803 0.075621
v -0.059868 -0.196261 0.040131
v 0.663339 0.147532 0.080924
v -0.059147 0.213681 0.041168
v 0.711254 0.402026 0.070603
v -0.343993 -0.402081 0.070523
v -0.767694 -0.231945 0.069879
v -0.023661 -0.194761 0.046433
v 0.095054 -0.143453 0.082857
v -0.227755 0.045504 0.077627
v 0.392943 0.145889 0.074749
v 0.479728 0.190368 0.061128
v 0.647563 0.216327 0.077348
v 0.036569 0.231700 0.025284
v 0.307116 0.230866 0.025019
v 0.255230 0.232095 0.026537
v -0.021709 0.231948 0.027764
v 0.311290 0.402453 0.069592
v 0.693888 -0.402469 0.071186
v 0.398514 -0.198535 0.075787
v 0.479250 -0.194001 0.074963
v -0.324107 -0.117623 0.081227
v -0.080377 -0.026730 0.074671
v -0.896380 0.084173 0.069862
v 0.094213 0.149405 0.070526
v 0.535197 0.184870 0.056711
v 0.531578 0.148755 0.057829
v 0.047977 0.218380 0.076574
v 0.845234 0.215844 0.055380
v 0.397789 0.231109 0.070922
v -0.245919 -0.402162 0.072688
v -0.144198 -0.402157 0.071087
v 0.262993 -0.402254 0.070853
v 0.162844 -0.401793 0.071073
v 0.619778 -0.401799 0.072331
v 0.755766 -0.102422 0.078488
v 0.480128 -0.021488 0.074707
v 0.392121 -0.026880 0.076985
v 0.041293 0.091385 0.077884
v 0.477983 0.229779 0.071170
v 0.035116 -0.401875 0.071112
v -0.143234 -0.200983 0.080206
v -0.825304 -0.163857 0.070508
v -0.229266 -0.029795 0.081883
v 0.237478 0.214264 0.074445
v -0.401710 0.402143 0.071260
v 0.346443 -0.402229 0.070639
v 0.218601 -0.186654 0.070918
v 0.141427 -0.074398 0.081128
v 0.217950 -0.034784 0.052598
v -0.074949 0.152246 0.054710
v -0.829844 0.160052 0.070909
v 0.848877 0.150540 0.078889
v 0.956035 0.210003 0.069949
v -0.074124 0.213571 0.054559
v -0.028676 0.220911 0.077556
v 0.035656 0.232027 0.071417
v 0.308410 0.231425 0.071422
v 0.955933 0.385817 0.069748
v 0.212447 0.401557 0.071339
v 0.890919 0.402295 0.070528
v 0.818188 -0.401816 0.072000
v -0.014329 -0.202865 0.081918
v 0.664782 -0.197560 0.072496
v -0.073196 -0.133180 0.054289
v 0.232365 -0.054523 0.082527
v -0.070750 0.215024 0.075914
v -0.458285 -0.401962 0.069892
v -0.721832 -0.284698 0.070793
v -0.256662 -0.201636 0.082470
v -0.070563 -0.196441 0.061095
v 0.234576 -0.201672 0.057720
v 0.755346 0.055971 0.077721
v 0.755153 0.137969 0.077307
v 0.311787 0.210184 0.074445
v 0.392821 -0.194121 0.073446
v 0.057563 -0.199323 0.084072
v -0.232418 -0.091732 0.073705
v 0.196157 0.001244 0.069608
v 0.090525 0.002372 0.082417
v 0.084133 0.005301 0.066493
v 0.760834 0.148552 0.083621
v -0.152121 0.147465 0.081685
v 0.200348 0.163558 0.076062
v 0.539063 0.214717 0.076156
v 0.438014 0.402023 0.070135
v 0.830887 0.401822 0.071725
v 0.427447 -0.402174 0.071768
v -0.073517 -0.200845 0.081014
v 0.230071 -0.192224 0.066862
v -0.130395 -0.129899 0.075952
v -0.232630 -0.130910 0.071822
v -0.918501 -0.052962 0.070970
v -0.952867 0.018909 0.070841
v -0.079004 0.038623 0.072869
v 0.804104 0.217023 0.078216
v 0.848647 0.213572 0.076677
v 0.249465 0.230443 0.072506
v -0.607830 0.401120 0.071169
v 0.755340 -0.166876 0.076488
v 0.480342 -0.108490 0.076120
v -0.151913 -0.028235 0.078373
v 0.143699 0.080275 0.083587
v -0.324138 0.121587 0.080191
v 0.537300 0.174955 0.075099
v 0.085804 0.167675 0.082800
v 0.393207 0.215376 0.076735
v -0.032400 -0.199037 0.080311
v 0.760450 -0.196293 0.083731
v 0.661716 -0.159040 0.083113
v 0.537132 0.148057 0.074369
v -0.063896 0.140564 0.083468
v 0.481428 0.215347 0.078817
v -0.062530 0.402198 0.070841
v 0.231886 -0.203826 0.083385
v -0.064210 -0.129097 0.083702
v 0.112389 0.127942 0.079691
v 0.591039 0.220796 0.083159
v 0.941620 0.386870 0.082184
v 0.944908 -0.338647 0.080410
v -0.659527 -0.338608 0.083734
v 0.312571 -0.200443 0.080697
v -0.061333 -0.190028 0.082722
v 0.201901 -0.001991 0.080674
v -0.078104 0.049663 0.080173
v 0.943539 0.143171 0.081059
v -0.065421 0.228102 0.082522
v -0.187902 0.216328 0.081024
v 0.238959 0.217647 0.083232
v 0.014463 0.221174 0.084144
v 0.268059 0.214211 0.079767
v 0.413484 0.215624 0.081630
v -0.739323 0.243530 0.083955
v -0.483478 -0.388462 0.083067
v 0.937089 -0.386091 0.082770
v -0.611257 -0.382869 0.083767
v -0.755366 -0.220329 0.083822
v 0.943090 -0.126720 0.081468
v 0.383754 -0.205642 0.082602
v 0.662903 -0.204304 0.080871
v 0.941996 -0.020887 0.082489
v -0.945749 0.005056 0.083020
v 0.053376 0.056092 0.084057
v 0.238250 0.061330 0.083590
v -0.875634 0.084778 0.083911
v -0.816245 0.156976 0.082891
v 0.186842 0.154481 0.084084
v -0.326518 0.218338 0.082286
v 0.946276 0.243003 0.079542
v 0.319091 0.219729 0.083530
v -0.648938 0.350874 0.083461
v -0.509942 0.386947 0.083201
v -0.145668 0.385972 0.083709
v 0.221090 0.387417 0.084038
v 0.403344 0.386319 0.083789
v 0.539837 0.385684 0.083824
v 0.668192 0.385983 0.083862
v -0.364699 -0.386393 0.083900
v -0.158082 -0.384897 0.084022
v 0.010630 -0.386352 0.083829
v 0.169561 -0.387160 0.083797
v 0.367474 -0.385341 0.083990
v 0.481441 -0.386881 0.083670
v 0.634799 -0.386557 0.083861
v 0.783836 -0.385962 0.083945
v -0.698586 -0.289272 0.084170
v -0.794265 -0.175721 0.083380
v 0.491011 -0.202448 0.083638
v 0.762744 -0.125297 0.083626
v 0.375756 -0.130510 0.083902
v -0.001828 -0.134090 0.083745
v -0.866354 -0.090358 0.083802
v -0.223534 -0.120217 0.080780
v -0.143326 -0.113829 0.083949
v 0.290850 -0.142220 0.083970
v 0.496367 -0.095520 0.083512
v 0.657412 -0.053067 0.083682
v -0.175410 -0.043364 0.084372
v 0.658781 0.024949 0.081591
v 0.496456 0.093022 0.084526
v 0.530858 0.139466 0.082289
v 0.600922 0.134757 0.082532
v 0.307147 0.179498 0.083860
v 0.011809 0.134007 0.083799
v 0.375185 0.120767 0.084057
v -0.037080 0.224186 0.083575
v 0.637893 0.226500 0.083753
v -0.602479 0.386098 0.082846
v -0.425093 0.385016 0.083902
v -0.287504 0.384978 0.083736
v -0.054528 0.384784 0.083970
v 0.073010 0.386307 0.083667
v 0.310149 0.385091 0.084214
v 0.779346 0.385285 0.084160
v 0.875068 0.385661 0.083570
v 0.254721 -0.383345 0.084163
v 0.701174 -0.386914 0.084192
v -0.355280 -0.217391 0.084299
v -0.169393 -0.236772 0.083708
v -0.063524 -0.225363 0.083692
v 0.424548 -0.218869 0.083920
v 0.768114 -0.211435 0.084371
v 0.622945 -0.167798 0.084509
v 0.768266 -0.001923 0.083936
v 0.928312 0.007237 0.084403
v 0.044241 -0.055681 0.084218
v -0.354657 -0.074120 0.084442
v -0.068172 -0.038742 0.084103
v 0.613117 0.021222 0.084196
v -0.066994 0.052800 0.084051
v -0.902864 0.008533 0.084437
v -0.362223 0.101115 0.084349
v -0.191732 0.076778 0.084893
v -0.110605 0.085581 0.083900
v 0.377053 -0.010061 0.084288
v 0.642902 0.097131 0.083628
v 0.928579 0.157815 0.084124
v 0.108096 0.173616 0.084238
v 0.496831 0.230115 0.084310
v 0.524863 0.225834 0.084037
v 0.854622 0.224061 0.083333
v 0.052593 0.229733 0.084280
v 0.375089 0.225049 0.084371
v 0.404831 0.244882 0.084514
v 0.765632 0.229543 0.083861
v 0.925948 0.326976 0.085026
v 0.920637 0.277857 0.085722
v -0.242574 -0.314053 0.084249
v 0.642248 -0.254170 0.084352
v 0.511709 -0.289979 0.084190
v -0.536090 -0.350457 0.084716
v -0.493957 -0.350447 0.084301
v 0.018281 -0.305237 0.084349
v 0.872565 -0.349024 0.085069
v 0.157212 -0.283021 0.084416
v 0.343294 -0.318495 0.084198
v -0.556302 -0.306234 0.084326
v 0.922576 -0.329698 0.085677
v 0.840841 -0.308086 0.084398
v -0.468028 -0.313873 0.084358
v 0.925101 -0.285659 0.084791
v 0.921262 -0.286784 0.100728
v 0.256552 -0.247090 0.084274
v 0.865971 -0.266646 0.084552
v -0.535766 -0.274630 0.084515
v 0.351579 -0.217425 0.084238
v -0.706268 -0.185518 0.084329
v -0.517742 -0.272815 0.099098
v -0.489127 -0.275298 0.084290
v -0.625202 -0.179243 0.084220
v 0.846986 -0.200859 0.084184
v -0.501430 -0.150556 0.084280
v 0.900066 -0.265572 0.084760
v 0.930868 -0.131846 0.084384
v 0.537186 -0.101252 0.084405
v -0.785888 -0.077940 0.084265
v -0.664017 0.015407 0.084177
v 0.836611 -0.057312 0.084287
v -0.528920 0.007131 0.084208
v 0.265943 -0.062872 0.084278
v -0.846093 -0.036077 0.084422
v -0.880068 -0.035525 0.084895
v -0.785812 0.070385 0.084082
v -0.817457 -0.008652 0.084913
v -0.831958 0.027344 0.084348
v 0.826435 0.083475 0.084454
v -0.831614 0.017519 0.099818
v -0.873541 0.036343 0.084939
v -0.761915 0.142451 0.084250
v -0.627504 0.222298 0.084175
v -0.485903 0.179279 0.084303
v -0.469458 0.294362 0.084260
v -0.530648 0.272143 0.084157
v 0.150060 0.305451 0.084279
v -0.341621 0.322502 0.084349
v 0.276565 0.296278 0.084421
v 0.652838 0.282123 0.084392
v -0.175695 0.308193 0.084458
v 0.874340 0.264081 0.084601
v -0.492377 0.271854 0.084062
v 0.023301 0.327999 0.084493
v 0.513605 0.317094 0.084273
v 0.843360 0.294406 0.084401
v -0.494824 0.279387 0.097811
v -0.554149 0.293908 0.084144
v -0.471337 0.311072 0.094848
v -0.544597 0.295707 0.100051
v -0.477197 0.340692 0.084212
v 0.924152 0.317432 0.100899
v -0.552292 0.334295 0.084175
v -0.541730 0.334501 0.099348
v -0.521335 0.353868 0.084747
v 0.860376 0.341424 0.084977
v 0.889615 0.351411 0.085208
v -0.473419 -0.327310 0.101209
v -0.548349 -0.323352 0.100713
v 0.850612 -0.293980 0.101085
v 0.876389 -0.270214 0.100843
v -0.850868 -0.028430 0.098136
v -0.891817 -0.014542 0.096882
v -0.887631 0.017927 0.099415
v 0.907625 0.274340 0.100997
v 0.861274 0.277344 0.101261
v 0.855674 0.327711 0.101550
v -0.498142 0.344672 0.100728
v 0.897214 -0.345188 0.101483
vn -0.3474 -0.6064 -0.7152
vn 0.4659 0.4543 -0.7594
vn 0.5031 -0.4158 -0.7576
vn -0.4655 -0.4669 -0.7518
vn 0.4788 0.3800 -0.7914
vn 0.4665 -0.6047 -0.6455
vn -0.5528 0.2743 -0.7869
vn -0.5587 0.3398 -0.7566
vn -0.2561 0.9606 0.1084
vn -0.5434 -0.4153 -0.7295
vn -0.4914 0.3707 -0.7881
vn 0.4864 -0.4748 -0.7335
vn 0.2960 0.6614 -0.6891
vn -0.3523 -0.5387 -0.7653
vn 0.1338 0.6484 -0.7495
vn 0.5564 -0.3119 -0.7701
vn -0.7075 0.2989 -0.6404
vn -0.6578 -0.0921 -0.7476
vn -0.1634 0.6032 -0.7807
vn 0.1980 -0.5841 -0.7872
vn 0.6933 0.2577 -0.6731
vn 0.4402 0.2005 -0.8752
vn 0.5601 0.0846 -0.8241
vn -0.1223 -0.2635 -0.9569
vn -0.2954 0.1896 -0.9364
vn 0.0845 -0.3333 -0.9390
vn -0.2936 -0.1887 -0.9371
vn -0.0461 0.2864 -0.9570
vn 0.1222 0.3556 -0.9266
vn -0.1899 -0.3343 -0.9231
vn 0.2681 -0.0148 -0.9633
vn -0.4105 0.0971 -0.9067
vn -0.1319 0.3540 -0.9259
vn 0.2931 0.2761 -0.9153
vn 0.1169 -0.3698 -0.9217
vn -0.1811 -0.4188 -0.8899
vn 0.4971 -0.2165 -0.8403
vn -0.3698 -0.0935 -0.9244
vn 0.3258 -0.1487 -0.9337
vn 0.0065 0.3736 -0.9276
vn -0.0949 -0.3621 -0.9273
vn 0.4905 -0.2491 -0.8351
vn 0.3540 -0.0650 -0.9330
vn -0.3806 0.1388 -0.9143
vn -0.3819 -0.0924 -0.9196
vn -0.3797 0.2511 -0.8904
vn 0.3137 0.2982 -0.9015
vn 0.0264 -0.3029 -0.9526
vn 0.2129 -0.4048 -0.8893
vn -0.3924 -0.1944 -0.8990
vn 0.3224 0.3211 -0.8905
vn 0.2257 0.3948 -0.8906
vn -0.2378 0.3300 -0.9135
vn 0.0037 -0.3618 -0.9322
vn 0.0026 -0.0090 -1.0000
vn 0.0006 -0.3334 -0.9428
vn 0.0196 -0.7448 -0.6669
vn -0.0027 -0.3176 -0.9482
vn -0.0083 -0.0223 -0.9997
vn -0.0068 -0.3471 -0.9378
vn -0.0006 -0.4132 -0.9107
vn -0.0004 -0.0137 -0.9999
vn 0.0090 -0.3586 -0.9334
vn 0.2273 -0.3340 -0.9147
vn -0.0014 -0.3532 -0.9355
vn -0.0027 -0.0006 -1.0000
vn 0.0023 -0.0029 -1.0000
vn -0.0613 -0.3926 -0.9177
vn 0.0016 -0.3496 -0.9369
vn 0.0053 0.0176 -0.9998
vn -0.2845 -0.2448 -0.9269
vn 0.0021 0.0032 -1.0000
vn -0.0001 -0.3702 -0.9289
vn -0.0006 0.0015 -1.0000
vn 0.0006 -0.3528 -0.9357
vn -0.0014 0.0019 -1.0000
vn 0.0021 0.0169 -0.9999
vn -0.0002 -0.0000 -1.0000
vn 0.0012 0.0135 -0.9999
vn -0.0690 0.0449 -0.9966
vn 0.7309 -0.0167 -0.6822
vn 0.0145 0.0065 -0.9999
vn -0.0037 0.0260 -0.9997
vn -0.0018 0.0008 -1.0000
vn -0.0019 0.0005 -1.0000
vn 0.0145 0.0216 -0.9997
vn 0.1301 0.0632 -0.9895
vn -0.0454 0.1483 -0.9879
vn 0.0319 0.0515 -0.9982
vn 0.0531 0.0557 -0.9970
vn -0.0193 0.0053 -0.9998
vn 0.1390 0.1076 -0.9844
vn 0.0069 0.2345 -0.9721
vn -0.2236 0.4292 -0.8751
vn 0.3287 0.0058 -0.9444
vn -0.2675 -0.2288 -0.9360
vn -0.0017 0.2110 -0.9775
vn -0.0824 0.5984 -0.7970
vn -0.2301 0.4915 -0.8399
vn -0.0269 0.6675 -0.7441
vn 0.0005 -0.0009 -1.0000
vn 0.0452 -0.0018 -0.9990
vn 0.3899 0.2691 -0.8807
vn -0.1658 0.1916 -0.9674
vn -0.3165 0.3628 -0.8765
vn -0.2009 0.2074 -0.9574
vn -0.0018 -0.0041 -1.0000
vn -0.0746 0.0039 -0.9972
vn 0.4363 -0.2698 -0.8584
vn -0.5009 0.1749 -0.8477
vn -0.5734 -0.2819 -0.7693
vn 0.0028 -0.0008 -1.0000
vn -0.2595 -0.2165 -0.9411
vn 0.0006 0.0005 -1.0000
vn -0.3668 0.5368 -0.7598
vn -0.3256 0.0147 -0.9454
vn -0.5047 -0.3134 -0.8044
vn 0.0828 0.0013 -0.9966
vn 0.0008 -0.0131 -0.9999
vn -0.0012 0.0013 -1.0000
vn -0.2568 -0.2600 -0.9308
vn 0.1081 0.0036 -0.9941
vn 0.3648 -0.0069 -0.9311
vn -0.0004 0.0002 -1.0000
vn 0.0268 -0.0024 -0.9996
vn 0.5442 -0.3356 -0.7689
vn 0.0865 -0.0436 -0.9953
vn -0.4916 -0.5362 -0.6861
vn -0.6034 -0.0181 -0.7972
vn -0.0179 -0.6058 -0.7954
vn 0.2776 0.0085 -0.9607
vn -0.0138 0.0196 -0.9997
vn -0.3274 -0.0015 -0.9449
vn 0.2059 0.0109 -0.9785
vn -0.2997 -0.2581 -0.9184
vn 0.0069 -0.0013 -1.0000
vn -0.5430 0.5016 -0.6735
vn -0.2657 0.2587 -0.9287
vn 0.0142 0.0061 -0.9999
vn -0.0008 -0.0007 -1.0000
vn -0.1262 0.0050 -0.9920
vn -0.0015 0.0010 -1.0000
vn -0.4805 0.0219 -0.8767
vn -0.5067 -0.2859 -0.8133
vn -0.0050 0.0031 -1.0000
vn 0.0021 0.0017 -1.0000
vn -0.5122 0.0021 -0.8589
vn 0.3180 -0.0035 -0.9481
vn 0.0317 -0.0006 -0.9995
vn 0.6688 -0.0054 -0.7434
vn 0.0632 0.0052 -0.9980
vn 0.6503 0.0084 -0.7596
vn 0.3003 0.0021 -0.9538
vn -0.0091 0.0258 -0.9996
vn -0.6047 -0.0957 -0.7907
vn -0.0019 -0.0003 -1.0000
vn -0.2677 0.2383 -0.9336
vn -0.1289 -0.3554 -0.9258
vn 0.0169 -0.0012 -0.9999
vn 0.0001 0.6490 -0.7608
vn -0.0280 -0.0370 -0.9989
vn -0.0006 -0.0013 -1.0000
vn -0.0062 -0.6198 -0.7847
vn 0.4775 0.2505 -0.8422
vn 0.4691 0.2585 -0.8445
vn 0.0548 0.0812 -0.9952
vn -0.5300 0.2820 -0.7997
vn -0.1459 0.0640 -0.9872
vn 0.2719 0.2727 -0.9229
vn 0.3477 -0.0068 -0.9376
vn -0.3293 0.5927 -0.7350
vn 0.5218 0.2935 -0.8010
vn -0.2651 0.2630 -0.9277
vn 0.0935 0.0112 -0.9956
vn -0.5329 0.5272 -0.6619
vn -0.0314 0.6691 -0.7425
vn -0.3075 -0.2119 -0.9277
vn 0.0050 -0.0095 -0.9999
vn 0.0082 -0.8104 -0.5858
vn 0.5433 -0.3471 -0.7645
vn -0.0005 -0.0013 -1.0000
vn 0.1936 -0.0115 -0.9810
vn 0.5475 -0.3646 -0.7532
vn -0.2434 0.2134 -0.9462
vn -0.2132 -0.2461 -0.9455
vn 0.1892 -0.3563 -0.9150
vn -0.1163 -0.1024 -0.9879
vn -0.1901 0.0171 -0.9816
vn 0.0628 -0.1902 -0.9797
vn -0.0448 -0.0958 -0.9944
vn -0.0016 -0.0013 -1.0000
vn 0.1973 -0.3326 -0.9222
vn -0.2807 -0.2109 -0.9363
vn 0.2307 -0.1916 -0.9540
vn 0.0030 -0.0768 -0.9970
vn 0.0737 -0.0770 -0.9943
vn 0.0070 -0.0037 -1.0000
vn 0.0436 -0.5502 -0.8339
vn 0.0003 -0.0845 -0.9964
vn 0.0012 -0.0086 -1.0000
vn 0.0061 -0.2693 -0.9630
vn -0.1931 -0.5692 -0.7992
vn -0.0003 -0.0137 -0.9999
vn 0.0023 -0.0022 -1.0000
vn 0.0009 -0.0005 -1.0000
vn -0.0115 -0.6178 -0.7863
vn 0.0011 -0.0077 -1.0000
vn -0.0069 -0.0659 -0.9978
vn 0.0028 0.0018 -1.0000
vn -0.2534 0.2183 -0.9424
vn -0.0036 0.3598 -0.9330
vn 0.0007 0.3400 -0.9404
vn -0.0096 0.3531 -0.9355
vn -0.2164 0.2529 -0.9430
vn 0.0010 0.3331 -0.9429
vn 0.0023 0.3464 -0.9381
vn 0.0021 0.3430 -0.9393
vn 0.5046 0.0546 -0.8616
vn -0.0024 0.3688 -0.9295
vn -0.0051 0.3410 -0.9401
vn -0.0013 0.3493 -0.9370
vn 0.0006 0.3588 -0.9334
vn 0.0010 0.3534 -0.9355
vn 0.2458 0.3475 -0.9049
vn 0.0052 0.3327 -0.9430
vn -0.0000 -0.9072 -0.4206
vn -0.4734 -0.7307 -0.4919
vn 0.7172 -0.0032 -0.6968
vn 0.8510 -0.0107 -0.5251
vn -0.0196 0.6920 -0.7217
vn 0.3767 0.4493 -0.8101
vn -0.0026 0.8203 -0.5719
vn 0.2222 0.6827 -0.6961
vn 0.7038 0.0068 -0.7104
vn -0.6115 0.1864 -0.7690
vn 0.8173 0.0009 -0.5763
vn 0.4408 0.6857 -0.5793
vn 0.4940 0.4249 -0.7586
vn 0.7467 -0.0081 -0.6651
vn -0.8363 0.0058 -0.5482
vn 0.6998 -0.0170 -0.7141
vn 0.0131 0.2229 -0.9748
vn -0.6780 -0.0007 -0.7350
vn -0.8568 -0.0056 -0.5156
vn -0.0013 0.6588 -0.7523
vn 0.8564 -0.0041 -0.5164
vn 0.6906 -0.0474 -0.7217
vn 0.8473 -0.0013 -0.5311
vn -0.7066 -0.0025 -0.7077
vn -0.5429 -0.4972 -0.6768
vn -0.6778 -0.0067 -0.7352
vn 0.5192 0.5772 -0.6304
vn -0.6529 0.3856 -0.6519
vn -0.7674 -0.4922 -0.4108
vn -0.4682 0.2569 -0.8455
vn 0.7673 -0.0160 -0.6411
vn -0.4034 0.2423 -0.8823
vn -0.6339 -0.5467 -0.5471
vn -0.6745 0.5882 -0.4461
vn -0.7762 0.4429 -0.4487
vn 0.6389 -0.5680 -0.5188
vn -0.0660 -0.8020 -0.5937
vn 0.4356 -0.4274 -0.7922
vn -0.0007 -0.7078 -0.7064
vn -0.6178 -0.4955 -0.6106
vn -0.8604 -0.3959 -0.3209
vn 0.4303 -0.0046 -0.9027
vn -0.6763 0.5890 -0.4424
vn -0.6792 0.6040 -0.4170
vn 0.9171 0.0136 -0.3984
vn 0.7813 0.4494 -0.4331
vn -0.3765 0.7857 -0.4909
vn -0.0013 0.9030 -0.4297
vn -0.0003 0.9037 -0.4282
vn 0.0007 -0.9229 -0.3850
vn 0.0017 -0.9126 -0.4087
vn -0.0033 -0.9027 -0.4303
vn 0.0032 -0.9109 -0.4126
vn -0.0001 -0.9098 -0.4150
vn 0.0002 -0.9118 -0.4107
vn -0.0020 -0.9110 -0.4123
vn -0.6966 -0.5885 -0.4105
vn -0.5181 0.4076 -0.7520
vn 0.5443 0.5036 -0.6709
vn -0.6891 -0.5818 -0.4321
vn -0.6951 -0.5912 -0.4091
vn 0.5368 -0.3487 -0.7683
vn 0.8629 -0.0076 -0.5053
vn 0.9038 -0.0094 -0.4278
vn 0.4880 0.2807 -0.8265
vn -0.8512 0.2853 -0.4406
vn -0.6819 0.5834 -0.4413
vn -0.7010 0.5987 -0.3876
vn 0.3681 -0.4986 -0.7848
vn -0.6816 0.5903 -0.4325
vn 0.2050 0.9048 -0.3733
vn 0.0003 0.9047 -0.4261
vn -0.0008 0.9099 -0.4148
vn -0.0000 0.9032 -0.4293
vn -0.0029 0.9120 -0.4102
vn 0.0004 0.9022 -0.4314
vn -0.0189 0.9127 -0.4081
vn 0.0012 -0.9201 -0.3918
vn -0.1339 -0.9168 -0.3763
vn 0.1768 -0.9215 -0.3458
vn 0.7035 -0.5370 -0.4656
vn -0.6998 -0.6012 -0.3858
vn -0.0276 0.6062 -0.7948
vn -0.3417 0.5511 -0.7612
vn 0.5294 0.2514 -0.8103
vn 0.9124 -0.0029 -0.4092
vn -0.5029 0.3478 -0.7913
vn 0.6609 0.0020 -0.7505
vn 0.5441 -0.3427 -0.7658
vn -0.8587 0.3836 -0.3398
vn -0.8633 -0.3109 -0.3977
vn 0.3900 0.0087 -0.9208
vn -0.6830 0.5924 -0.4273
vn 0.0544 -0.3666 -0.9288
vn -0.0011 0.6412 -0.7674
vn -0.0348 0.6843 -0.7284
vn -0.6086 0.5167 -0.6023
vn 0.5435 -0.3224 -0.7750
vn 0.5347 0.3012 -0.7895
vn -0.4687 -0.6379 -0.6111
vn 0.3500 -0.7234 -0.5951
vn 0.0006 0.9090 -0.4169
vn -0.0004 0.9113 -0.4118
vn 0.0078 0.9006 -0.4347
vn -0.0035 0.9161 -0.4008
vn 0.0045 0.8986 -0.4388
vn 0.0095 0.8885 -0.4587
vn -0.0141 0.6588 -0.7522
vn -0.0339 0.5907 -0.8062
vn -0.5014 0.5268 -0.6864
vn 0.6478 0.4766 -0.5943
vn 0.6961 0.0128 -0.7179
vn -0.5832 -0.0074 -0.8123
vn 0.5138 0.3358 -0.7895
vn 0.5013 0.3328 -0.7988
vn -0.2385 -0.2808 -0.9297
vn -0.5942 -0.0194 -0.8041
vn -0.5440 -0.2995 -0.7838
vn -0.5932 0.0011 -0.8050
vn 0.9183 0.0026 -0.3959
vn 0.6647 0.0030 -0.7471
vn 0.6185 0.0147 -0.7857
vn 0.6786 -0.0018 -0.7345
vn 0.4557 0.2463 -0.8554
vn 0.0004 -0.5944 -0.8042
vn -0.2152 -0.2376 -0.9472
vn -0.4327 -0.5015 -0.7492
vn -0.5968 0.0018 -0.8024
vn -0.6168 -0.0035 -0.7871
vn 0.6722 -0.0058 -0.7403
vn 0.6510 -0.0015 -0.7590
vn -0.4979 0.2861 -0.8187
vn -0.2500 0.2519 -0.9349
vn -0.2527 0.2679 -0.9297
vn -0.0007 0.6503 -0.7596
vn 0.2595 0.2226 -0.9397
vn -0.4905 0.6017 -0.6303
vn 0.5765 -0.4723 -0.6667
vn 0.6921 0.0006 -0.7218
vn 0.6333 -0.3765 -0.6762
vn 0.5289 0.5060 -0.6814
vn -0.0180 -0.6042 -0.7966
vn 0.6371 -0.4425 -0.6311
vn 0.0624 -0.8454 -0.5305
vn 0.0107 -0.6075 -0.7943
vn 0.0080 -0.6308 -0.7759
vn -0.0081 -0.6659 -0.7460
vn 0.9902 -0.0948 -0.1030
vn 0.0052 0.5819 -0.8132
vn -0.6149 0.2988 -0.7298
vn -0.4682 0.4962 -0.7311
vn 0.5669 0.4964 -0.6574
vn 0.5441 -0.3052 -0.7815
vn 0.3978 0.4947 -0.7726
vn -0.5381 -0.4607 -0.7058
vn -0.4015 0.2922 -0.8680
vn 0.5151 -0.3073 -0.8002
vn -0.4911 -0.3020 -0.8171
vn 0.7439 -0.0195 -0.6680
vn -0.4845 -0.3034 -0.8205
vn -0.6446 0.0102 -0.7645
vn -0.4944 0.5427 -0.6790
vn 0.6578 0.0026 -0.7532
vn -0.4953 0.2677 -0.8265
vn 0.6346 0.0006 -0.7728
vn 0.4704 0.2648 -0.8418
vn -0.5091 -0.3794 -0.7726
vn -0.5548 0.0094 -0.8320
vn -0.5738 0.0003 -0.8190
vn -0.4855 0.2914 -0.8242
vn -0.5477 -0.3749 -0.7480
vn -0.5555 -0.3797 -0.7398
vn 0.5214 -0.3765 -0.7657
vn -0.4455 -0.5294 -0.7220
vn -0.3970 -0.7154 -0.5750
vn -0.6434 -0.5334 -0.5491
vn 0.0710 -0.5548 -0.8289
vn 0.0506 -0.5799 -0.8131
vn -0.3821 -0.8124 -0.4405
vn -0.0707 -0.6781 -0.7316
vn -0.0018 -1.0000 0.0029
vn 0.0011 -1.0000 0.0058
vn -0.0028 -0.9999 -0.0146
vn -0.0001 -1.0000 0.0032
vn -0.0692 0.5912 -0.8035
vn -0.0122 -0.5880 -0.8088
vn 0.1529 -0.0175 -0.9881
vn -0.5843 0.0143 -0.8114
vn 0.4128 0.0113 -0.9108
vn -0.0040 -0.0045 -1.0000
vn -0.4385 0.2223 -0.8708
vn -0.1262 0.5132 -0.8489
vn -0.3871 -0.0203 -0.9218
vn 0.6087 -0.0013 -0.7934
vn -0.5624 0.3146 -0.7647
vn 0.0142 -0.0227 -0.9996
vn -0.5124 0.0134 -0.8587
vn -0.0165 -0.0497 -0.9986
vn -0.7036 -0.1276 -0.6991
vn 0.1055 -0.3626 -0.9260
vn 1.0000 0.0001 -0.0014
vn -0.0013 1.0000 -0.0000
vn 0.0006 1.0000 -0.0033
vn -0.0028 1.0000 -0.0032
vn -0.0003 1.0000 0.0008
vn 0.0013 -1.0000 0.0012
vn 0.0174 0.3615 -0.9322
vn 0.0240 0.0068 -0.9997
vn -0.0093 -0.0057 -0.9999
vn -0.0030 0.0031 -1.0000
vn 0.0002 0.0071 -1.0000
vn -0.0107 -0.0019 -0.9999
vn -0.0219 0.0005 -0.9998
vn -0.3030 -0.0260 -0.9526
vn 0.0032 0.0066 -1.0000
vn 0.8633 0.5047 -0.0032
vn 0.0029 1.0000 -0.0007
vn 0.0002 -1.0000 0.0004
vn 0.8960 -0.0002 0.4440
vn 0.9238 0.0028 0.3828
vn -0.1610 0.9869 0.0055
vn -0.0014 1.0000 -0.0028
vn 0.0013 1.0000 -0.0033
vn 0.9230 -0.0021 0.3849
vn -0.6821 -0.5782 0.4477
vn -0.7526 0.6584 -0.0024
vn -0.4960 -0.7593 0.4213
vn 0.0068 -0.9153 0.4026
vn 0.8263 -0.4059 0.3904
vn -0.7607 -0.6491 -0.0002
vn 0.0008 1.0000 0.0055
vn -0.7616 -0.6480 -0.0003
vn -0.8729 -0.3183 0.3697
vn -0.0002 -1.0000 0.0055
vn -0.7557 0.6549 0.0026
vn -0.0020 0.9135 0.4068
vn -0.0003 0.9001 0.4357
vn -0.0142 -0.9050 0.4251
vn 0.0007 -1.0000 0.0025
vn -0.6817 -0.6181 0.3916
vn -0.0008 1.0000 0.0008
vn 0.9061 -0.0005 0.4231
vn -0.7094 0.6200 0.3350
vn 0.0016 0.9076 0.4198
vn -0.5067 0.7270 0.4634
vn 0.0019 0.9116 0.4111
vn -0.0035 0.8996 0.4368
vn -0.0763 0.7764 0.6256
vn -0.1213 -0.0275 0.9922
vn 0.3448 0.7129 0.6107
vn -0.7501 0.3134 0.5823
vn -0.2832 0.7074 0.6477
vn -0.6758 0.2329 0.6993
vn -0.5443 0.0408 0.8379
vn 0.0004 0.4441 0.8960
vn -0.0022 0.4344 0.9007
vn -0.0054 -0.6988 0.7153
vn 0.5657 -0.3841 0.7297
vn 0.5827 -0.3795 0.7186
vn -0.5757 0.4198 0.7017
vn -0.3971 -0.0044 0.9178
vn 0.3793 -0.0008 0.9253
vn 0.3774 0.0011 0.9260
vn -0.4405 0.0015 0.8977
vn 0.3730 0.0007 0.9278
vn 0.3910 -0.0018 0.9204
vn -0.4062 -0.0000 0.9138
vn -0.9384 -0.0018 0.3455
vn -0.6930 0.0124 0.7209
vn 0.1350 0.1522 0.9791
vn 0.2576 -0.0027 0.9662
vn 0.5934 -0.3703 0.7147
vn -0.5962 0.3522 0.7215
vn -0.5977 0.3478 0.7223
vn -0.6235 0.3578 0.6951
vn 0.5760 -0.4169 0.7032
vn -0.3122 0.3067 0.8991
vn 0.0094 -0.6866 0.7270
vn 0.0005 -0.6933 0.7206
vn -0.1913 0.0934 0.9771
vn 0.2953 -0.6418 0.7078
vn -0.0105 0.4335 0.9011
vn -0.0000 -0.7000 0.7142
vn -0.6971 0.5958 0.3988
vn 0.0013 0.8981 0.4398
vn 0.5878 0.5969 0.5461
vn -0.0009 0.9477 0.3193
vn -0.0055 0.9432 0.3322
vn -0.0078 0.9435 0.3314
vn -0.1404 0.4122 0.9002
vn -0.6600 0.6241 0.4181
vn 0.3308 0.7166 0.6141
vn -0.2849 0.9318 0.2249
vn -0.6403 0.4267 0.6386
vn 0.5651 0.0188 0.8248
vn -0.0225 -0.6928 0.7208
vn 0.8955 0.2841 0.3427
vn 0.3218 0.6540 0.6846
vn 0.6003 -0.3340 0.7267
vn -0.3371 0.6949 0.6352
vn -0.5687 -0.3617 0.7387
vn 0.8363 0.3457 0.4256
vn 0.3548 0.0202 0.9347
vn -0.5886 -0.5483 0.5941
vn 0.5679 0.4347 0.6989
vn -0.7419 -0.3948 0.5420
vn 0.9230 0.0026 0.3848
vn -0.9415 -0.0194 0.3364
vn -0.2967 -0.3179 0.9005
vn 0.5891 0.5844 0.5580
vn 0.6466 0.0043 0.7628
vn -0.7295 0.6839 0.0097
vn -0.9900 0.0149 0.1404
vn -0.5490 -0.3615 0.7536
vn 0.5813 0.4018 0.7076
vn -0.6865 0.0107 0.7271
vn 0.4717 0.0024 0.8817
vn 0.9778 -0.0036 0.2097
vn 0.7149 -0.0113 0.6991
vn -0.0120 -0.0095 0.9999
vn -0.5405 -0.3548 0.7629
vn -0.6857 -0.0126 0.7278
vn 0.5411 0.4034 0.7379
vn 0.9472 -0.0045 0.3206
vn -0.6920 -0.0046 0.7219
vn 0.2348 -0.1478 0.9607
vn 0.7296 -0.4773 0.4897
vn -0.9441 0.0029 0.3296
vn -0.5707 0.4362 0.6957
vn 0.1188 0.9400 -0.3199
vn -0.1004 0.1731 0.9798
vn -0.7222 0.0115 0.6916
vn -0.3017 0.3039 0.9037
vn 0.4043 0.0021 0.9146
vn 0.5585 -0.3653 0.7447
vn -0.5742 -0.3752 0.7277
vn 0.9195 0.0009 0.3931
vn 0.7041 0.0417 0.7088
vn -0.0254 0.7285 0.6845
vn -0.2478 -0.3164 0.9157
vn -0.0070 0.6793 0.7338
vn -0.5284 0.0215 0.8487
vn -0.5759 0.5844 0.5716
vn 0.9287 0.0008 0.3707
vn -0.0317 -0.2997 0.9535
vn -0.7028 -0.0032 0.7114
vn -0.3008 -0.3111 0.9015
vn -0.6073 0.3690 0.7036
vn 0.3892 -0.0013 0.9211
vn -0.6527 -0.6421 0.4021
vn 0.4891 -0.0219 0.8719
vn 0.5630 0.3378 0.7543
vn 0.8655 0.0004 0.5008
vn -0.6960 -0.0240 0.7176
vn -0.0042 -0.9298 0.3681
vn -0.3666 -0.2494 0.8963
vn 0.5843 0.3547 0.7299
vn -0.1123 -0.1570 0.9812
vn 0.6129 0.6157 0.4952
vn 0.5410 -0.4029 0.7382
vn 0.9312 -0.0049 0.3645
vn 0.1269 -0.9721 -0.1974
vn -0.6977 -0.4657 0.5444
vn 0.6094 0.3496 0.7117
vn -0.9345 -0.0241 0.3552
vn -0.4132 -0.2810 0.8662
vn 0.6007 0.3387 0.7242
vn -0.8059 -0.5271 0.2695
vn -0.2242 0.2694 0.9366
vn 0.5975 -0.0631 0.7994
vn 0.4313 -0.0092 0.9022
vn 0.8828 -0.3912 0.2601
vn 0.5881 0.3677 0.7204
vn -0.5854 -0.4056 0.7020
vn -0.0233 0.9511 0.3080
vn -0.2141 0.9314 0.2944
vn 0.0015 0.4704 0.8824
vn -0.6465 0.4266 0.6325
vn 0.3477 0.1777 0.9206
vn 0.8111 0.4692 0.3492
vn -0.3842 -0.6620 0.6435
vn 0.1861 0.9465 0.2635
vn 0.0126 0.4541 0.8909
vn 0.6231 0.4529 0.6377
vn -0.7352 0.6655 0.1291
vn -0.3578 0.3860 0.8503
vn -0.6675 0.6675 0.3300
vn -0.5839 -0.4005 0.7061
vn 0.0063 0.0153 0.9999
vn -0.0049 -0.6911 0.7227
vn -0.7457 0.4487 0.4925
vn 0.5939 -0.5617 0.5759
vn -0.0225 -0.6752 0.7373
vn 0.0168 -0.6993 0.7147
vn 0.3875 -0.6419 0.6616
vn 0.8373 0.4579 0.2988
vn -0.5895 -0.5761 0.5663
vn 0.6700 -0.4379 0.5995
vn 0.0308 -0.7443 0.6672
vn -0.9001 -0.3368 0.2763
vn -0.8115 0.1509 0.5645
vn 0.0185 -0.6830 0.7302
vn -0.3806 -0.6492 0.6586
vn -0.5055 -0.5755 0.6428
vn 0.0101 -0.7179 0.6961
vn 0.4837 -0.6373 0.5999
vn -0.6187 -0.7043 0.3481
vn 0.9999 0.0016 0.0163
vn 0.9986 0.0066 0.0519
vn -0.6958 -0.7180 0.0206
vn -0.7225 -0.6002 -0.3430
vn 0.5772 0.4078 0.7075
vn -0.8377 -0.5313 0.1263
vn 0.6950 -0.4419 0.5671
vn 0.9900 0.0007 0.1412
vn -1.0000 0.0002 0.0039
vn -1.0000 -0.0001 -0.0007
vn 0.8311 -0.5289 0.1719
vn 0.8443 0.4679 0.2611
vn 0.1185 0.9608 0.2507
vn -0.8054 0.4573 0.3771
vn 0.8854 0.4629 0.0417
vn 0.9225 -0.2045 0.3274
vn 0.0076 -0.7088 0.7054
vn -0.5021 -0.6781 0.5367
vn -0.6802 -0.3877 0.6220
vn 0.9388 0.0073 0.3444
vn -0.0157 0.9988 0.0461
vn 0.7569 0.0049 0.6535
vn -0.1113 -0.6726 0.7316
vn 0.9999 -0.0013 0.0143
vn -0.8796 0.0021 0.4756
vn -0.7996 0.5259 -0.2899
vn -0.0005 0.7751 0.6318
vn 0.9365 -0.3407 0.0826
vn -0.5820 -0.7854 0.2107
vn 0.5408 -0.7979 0.2663
vn 0.2803 -0.8813 0.3803
vn 0.3407 0.4734 0.8123
vn -0.8518 0.5162 0.0889
vn 0.8490 -0.5244 0.0657
vn -1.0000 -0.0018 -0.0068
vn -0.8274 -0.0026 0.5617
vn 1.0000 -0.0014 0.0034
vn -0.8675 0.4944 0.0553
vn -0.7014 -0.7032 0.1163
vn -0.8499 0.4679 0.2424
vn -0.8737 0.0009 0.4865
vn -0.9911 0.1025 0.0846
vn 0.6974 -0.7158 -0.0363
vn 0.2853 0.8837 0.3710
vn -0.1047 -0.8840 0.4555
vn -0.0129 0.8734 0.4869
vn 0.7812 -0.4816 0.3971
vn -0.9999 0.0083 0.0128
vn 0.9010 0.0354 0.4324
vn -0.7592 -0.0995 0.6432
vn 0.3421 -0.9395 0.0155
vn -0.5674 0.5837 0.5808
vn 0.9997 -0.0258 0.0038
vn 0.0016 0.9085 0.4178
vn -0.8471 -0.4521 0.2792
vn 0.7939 -0.0321 0.6072
vn -0.9281 -0.1134 0.3547
vn -0.1804 0.1194 0.9763
vn 0.6686 -0.7389 0.0835
vn -0.0019 -0.9994 0.0335
vn -0.7006 0.6035 0.3807
vn -0.2023 0.9776 -0.0580
vn -0.3306 0.8027 0.4964
vn -0.8146 0.5260 -0.2444
vn 0.5526 0.5837 0.5948
vn -0.7053 -0.6279 -0.3291
vn 0.0024 0.9011 0.4335
vn -0.0077 -0.9103 0.4138
vn -0.6888 -0.5875 0.4247
vn 0.9733 0.2123 0.0875
vn -0.5622 0.4071 0.7198
vn -0.5035 -0.6634 0.5535
vn 0.8636 -0.0110 0.5041
vn -0.9991 -0.0172 0.0385
vn 0.0139 -0.8678 0.4967
vn -0.3501 -0.8138 0.4639
vn -0.5587 -0.7002 0.4445
vn 0.3330 -0.8540 0.3998
vn 0.5220 -0.7622 0.3828
vn 0.0011 0.9078 0.4193
vn -0.0001 -0.9049 0.4257
vn 0.2086 0.7939 0.5711
vn -0.8002 0.2925 0.5235
vn 0.7376 0.0046 0.6752
vn -0.5366 0.5346 0.6529
vn -0.6908 0.6028 0.3994
vn -0.8355 -0.5329 0.1343
vn 0.9933 -0.0598 -0.0993
vn 0.7972 0.5972 -0.0884
vn -0.5971 -0.6990 0.3935
vn -0.3454 -0.9384 0.0054
vn 0.5478 -0.7328 -0.4036
vn -0.0055 -0.7690 0.6392
vn 0.0005 -0.8941 0.4480
vn 0.0013 -0.8879 0.4600
vn -0.0010 -0.9063 0.4227
vn -0.0008 -0.8913 0.4535
vn -0.8826 0.0145 0.4698
vn -0.8615 -0.0033 0.5077
vn 0.8373 0.0005 0.5468
vn 0.8060 0.4382 0.3979
vn -0.5877 -0.7022 -0.4020
vn -0.0011 -0.9026 0.4305
vn -0.0061 0.7397 0.6729
vn -0.6871 -0.5849 0.4310
vn -0.5682 0.5693 0.5942
vn 0.8007 -0.5947 0.0726
vn -0.0008 0.8893 0.4573
vn -0.0008 -0.8991 0.4377
vn 0.7576 0.6526 0.0134
vn -0.0007 0.8272 0.5620
vn -0.7501 -0.5803 0.3172
vn -0.8656 -0.4389 -0.2408
vn -0.6955 0.5992 0.3965
vn -0.7921 -0.4849 0.3706
vn 0.9182 -0.0033 0.3960
vn -0.5730 -0.8151 -0.0850
vn 0.6935 -0.5282 0.4899
vn -0.3368 -0.8667 -0.3679
vn -0.5205 -0.8021 -0.2929
vn 0.8518 0.3752 0.3657
vn 0.0006 0.9074 0.4203
vn 0.0125 0.8998 0.4360
vn 0.0032 -0.8904 0.4552
vn 0.0645 0.6570 0.7511
vn 0.7404 0.6001 0.3029
vn -0.5182 -0.8532 -0.0595
vn -0.5948 -0.3438 0.7267
vn 0.5143 -0.7715 0.3746
vn 0.0056 -0.9163 0.4005
vn -0.6965 -0.5824 0.4191
vn 0.0102 0.7059 0.7082
vn -0.9392 0.3404 -0.0457
vn 0.3715 0.9284 0.0068
vn -0.8741 -0.0123 0.4856
vn -0.9392 0.1547 0.3066
vn -0.9296 0.1877 0.3171
vn 0.7592 0.4137 0.5025
vn -0.2801 0.4728 0.8354
vn -0.9314 -0.0205 0.3635
vn -0.9068 0.0473 0.4188
vn 0.8030 0.1155 0.5847
vn 0.7280 0.6846 0.0371
vn -0.4416 0.6421 0.6267
vn -0.0071 0.7264 0.6873
vn 0.7728 -0.5677 0.2838
vn 0.4508 -0.6094 0.6522
vn 0.0008 0.9068 0.4216
vn -0.0007 0.8888 0.4583
vn -0.0033 -0.8914 0.4532
vn -0.2868 0.5845 0.7590
vn 0.6012 0.7825 -0.1619
vn -0.0461 -0.8535 0.5191
vn -0.6549 -0.6420 0.3987
vn -0.6816 -0.5736 0.4543
vn -0.8405 0.3906 0.3756
vn -0.8403 -0.3176 0.4394
vn -0.0194 -0.8439 0.5361
vn -0.6604 -0.4848 0.5734
vn 0.3556 -0.8534 -0.3811
vn -0.2280 0.8657 0.4456
vn -0.9440 -0.0188 0.3295
vn -0.8402 0.0164 0.5421
vn 0.0159 0.7981 0.6023
vn 0.0361 -0.7759 0.6299
vn 0.7451 -0.0129 0.6668
vn 0.9439 -0.0246 0.3294
vn -0.5742 -0.3887 0.7206
vn 0.6819 -0.5497 0.4826
vn 0.2612 0.1636 0.9513
vn -0.3631 0.2088 0.9081
vn 0.6779 0.0205 0.7348
vn 0.6448 0.6064 0.4653
vn -0.1618 0.1844 0.9694
vn -0.6190 -0.3104 0.7214
vn -0.0033 0.8922 0.4517
vn 0.2229 0.4571 0.8610
vn -0.2491 -0.2448 0.9370
vn -0.5855 -0.3477 0.7324
vn 0.0057 -0.4411 0.8975
vn 0.3512 0.3543 0.8667
vn 0.4860 -0.0022 0.8739
vn -0.2911 -0.2759 0.9160
vn -0.3117 0.1478 0.9386
vn -0.4349 0.1265 0.8915
vn -0.6730 -0.1105 0.7313
vn -0.1101 -0.3989 0.9104
vn 0.4655 0.0017 0.8850
vn -0.0909 -0.1211 0.9885
vn 0.0172 -0.7099 0.7041
vn 0.4408 -0.4671 0.7665
vn 0.0322 -0.8767 0.4799
vn -0.0048 -0.9885 0.1510
vn 0.0709 -0.9566 0.2827
vn -0.3006 0.2463 0.9214
vn -0.0005 -0.3937 0.9192
vn 0.2748 -0.3306 0.9029
vn -0.1477 -0.3487 0.9255
vn -0.2612 -0.2177 0.9404
vn 0.4476 0.0003 0.8942
vn 0.1465 0.1648 0.9754
vn 0.1826 0.2131 0.9598
vn 0.3805 -0.0060 0.9248
vn -0.4924 0.0200 0.8701
vn 0.4884 0.2227 0.8437
vn -0.4508 0.2421 0.8591
vn -0.2730 0.2393 0.9318
vn -0.2949 0.2531 0.9214
vn 0.3782 -0.2781 0.8829
vn 0.2492 -0.2452 0.9369
vn 0.4885 0.0004 0.8725
vn -0.2845 -0.1007 0.9534
vn -0.2891 0.2748 0.9170
vn 0.0039 0.3680 0.9298
vn 0.0017 0.3517 0.9361
vn 0.0003 0.3621 0.9321
vn 0.0001 0.3539 0.9353
vn -0.0014 0.3321 0.9432
vn 0.0006 0.3377 0.9412
vn 0.0053 -0.3493 0.9370
vn -0.0118 -0.3087 0.9511
vn 0.0002 -0.3391 0.9408
vn -0.0005 -0.3535 0.9354
vn -0.0033 -0.3244 0.9459
vn 0.0013 -0.3534 0.9355
vn 0.0002 -0.3232 0.9463
vn -0.0005 -0.3216 0.9469
vn -0.2743 -0.2224 0.9356
vn -0.2609 -0.2239 0.9390
vn -0.1425 0.1016 0.9846
vn -0.3407 -0.0064 0.9402
vn 0.2470 -0.0064 0.9690
vn 0.2996 -0.1816 0.9366
vn -0.2491 -0.2125 0.9449
vn -0.3057 -0.2739 0.9119
vn -0.0186 -0.2235 0.9745
vn -0.4128 -0.2197 0.8840
vn -0.2308 0.0065 0.9730
vn 0.3963 0.0151 0.9180
vn 0.0001 0.1467 0.9892
vn 0.4250 0.0176 0.9050
vn -0.2688 0.0062 0.9632
vn 0.1432 0.1374 0.9801
vn 0.0090 0.2241 0.9745
vn -0.3200 0.1610 0.9336
vn 0.4131 0.2423 0.8778
vn 0.2322 0.0012 0.9727
vn 0.0654 -0.0467 0.9968
vn 0.0154 -0.2592 0.9657
vn -0.1183 0.3560 0.9270
vn -0.0041 0.3205 0.9472
vn 0.0004 0.3283 0.9446
vn -0.0031 0.3203 0.9473
vn 0.0018 0.3555 0.9347
vn 0.0040 0.3395 0.9406
vn -0.0034 0.3249 0.9457
vn 0.0086 0.3387 0.9409
vn 0.0049 -0.2959 0.9552
vn 0.0013 -0.3442 0.9389
vn 0.0271 0.0201 0.9994
vn 0.0032 0.0418 0.9991
vn -0.0020 0.0422 0.9991
vn 0.0059 0.1884 0.9821
vn -0.0230 0.0294 0.9993
vn 0.0288 0.0010 0.9996
vn -0.1995 0.0027 0.9799
vn 0.0766 0.0026 0.9971
vn 0.1660 -0.1018 0.9809
vn 0.0620 0.0051 0.9981
vn -0.0937 0.0900 0.9915
vn 0.0227 0.0047 0.9997
vn -0.1439 -0.0920 0.9853
vn -0.3380 0.0645 0.9389
vn 0.0544 -0.0019 0.9985
vn -0.0390 -0.0842 0.9957
vn 0.0030 -0.0496 0.9988
vn 0.2281 0.0027 0.9736
vn 0.1044 0.0132 0.9945
vn 0.1046 0.0035 0.9945
vn -0.0300 -0.0383 0.9988
vn -0.0464 -0.0551 0.9974
vn 0.0747 -0.0807 0.9939
vn -0.0963 -0.1146 0.9887
vn -0.0673 -0.1558 0.9855
vn 0.0580 -0.0495 0.9971
vn 0.0133 -0.0390 0.9992
vn -0.0025 -0.2167 0.9762
vn 0.4406 0.2071 0.8735
vn 0.4130 -0.2320 0.8807
vn -0.0010 -0.0353 0.9994
vn 0.0065 0.0114 0.9999
vn -0.0006 -0.0011 1.0000
vn -0.0836 -0.2209 0.9717
vn 0.0732 -0.2801 0.9572
vn -0.0022 0.0023 1.0000
vn -0.1227 -0.2310 0.9652
vn 0.0007 0.0042 1.0000
vn 0.0009 -0.0011 1.0000
vn -0.3175 0.0784 0.9450
vn 0.3860 -0.1628 0.9080
vn -0.2709 -0.0674 0.9603
vn 0.3855 0.0519 0.9212
vn 0.5296 0.1816 0.8286
vn 0.6288 0.3025 0.7163
vn 0.0040 0.0198 0.9998
vn -0.2138 0.3687 0.9046
vn -0.2120 0.2578 0.9427
vn -0.0048 0.0113 0.9999
vn -0.0038 -0.0013 1.0000
vn -0.0619 0.7491 0.6596
vn 0.1771 0.2203 0.9592
vn 0.0007 0.0019 1.0000
vn -0.0027 0.0038 1.0000
vn -0.0006 -0.0000 1.0000
vn 0.2922 0.8556 -0.4273
vn 0.1182 -0.0010 0.9930
vn -0.0083 -0.0009 1.0000
vn -0.0011 -0.0028 1.0000
vn -0.0001 0.0002 1.0000
vn -0.0041 -0.0012 1.0000
vn -0.0007 0.0001 1.0000
vn -0.0576 -0.0473 0.9972
vn 0.1441 -0.3536 0.9242
vn -0.1481 -0.2790 0.9488
vn -0.0020 0.0047 1.0000
vn 0.2322 -0.0667 0.9704
vn 0.2198 0.3235 0.9204
vn -0.0045 0.0029 1.0000
vn 0.5016 0.3655 0.7841
vn -0.0620 0.3011 0.9516
vn -0.0115 0.0034 0.9999
vn -0.0012 0.0021 1.0000
vn -0.0007 0.0004 1.0000
vn 0.2484 -0.1437 0.9579
vn -0.1083 -0.2994 0.9480
vn 0.0010 0.0011 1.0000
vn 0.0003 -0.0044 1.0000
vn -0.0015 -0.0110 0.9999
vn -0.0003 -0.0038 1.0000
vn 0.0003 -0.0105 0.9999
vn -0.0932 -0.3988 0.9123
vn 0.1549 -0.3348 0.9295
vn -0.0005 0.0031 1.0000
vn 0.0004 0.0032 1.0000
vn -0.3511 -0.0727 0.9335
vn 0.2915 -0.5378 0.7911
vn -0.3474 -0.1285 0.9289
vn 0.7873 0.0199 0.6163
vn -0.5016 -0.2706 0.8217
vn 0.2658 0.2301 0.9362
vn 0.6741 0.1882 0.7143
vn -0.3285 0.1583 0.9312
vn -0.4772 0.3913 0.7869
vn -0.0681 0.3895 0.9185
vn -0.2434 0.3344 0.9104
vn 0.0462 0.2691 0.9620
vn 0.6772 -0.3181 0.6635
vn -0.6353 -0.2398 0.7341
vn -0.6583 0.1669 0.7340
vn -0.1271 0.6277 0.7680
vn 0.1776 -0.5261 0.8317
vn -0.6519 -0.3748 0.6592
vn -0.4380 0.4121 0.7990
vn 0.3379 -0.6204 0.7078
vn -0.4681 -0.5185 0.7156
vn -0.5770 0.3779 0.7241
vn 0.2318 0.5977 0.7675
vn 0.2029 -0.7623 0.6146
vt 0.931414 0.451519
vt 0.907298 0.462135
vt 0.917472 0.445966
vt 0.042531 0.795881
vt 0.011253 0.816669
vt 0.016102 0.789305
vt 0.582721 0.766140
vt 0.572974 0.766545
vt 0.567558 0.743230
vt 0.929505 0.468684
vt 0.564259 0.758392
vt 0.635898 0.610161
vt 0.631610 0.634479
vt 0.599632 0.604939
vt 0.603760 0.640869
vt 0.049620 0.206253
vt 0.070774 0.223927
vt 0.047783 0.227252
vt 0.067923 0.205750
vt 0.313917 0.450635
vt 0.316421 0.422008
vt 0.347349 0.449937
vt 0.345731 0.418322
vt 0.292095 0.327957
vt 0.286627 0.339338
vt 0.275349 0.324357
vt 0.926722 0.855209
vt 0.934299 0.854554
vt 0.920548 0.868702
vt 0.334898 0.466061
vt 0.301862 0.436538
vt 0.926388 0.437413
vt 0.939146 0.454376
vt 0.267239 0.648974
vt 0.267312 0.640184
vt 0.275670 0.639305
vt 0.557368 0.747429
vt 0.636767 0.597653
vt 0.249948 0.553813
vt 0.258543 0.569231
vt 0.249230 0.573378
vt 0.646377 0.629946
vt 0.636427 0.653266
vt 0.596232 0.651685
vt 0.039695 0.219103
vt 0.042574 0.205404
vt 0.042021 0.229486
vt 0.127528 0.587523
vt 0.128241 0.595678
vt 0.113238 0.591055
vt 0.359846 0.432825
vt 0.108700 0.577949
vt 0.840421 0.715336
vt 0.822663 0.696586
vt 0.845106 0.707221
vt 0.038425 0.780786
vt 0.012636 0.780499
vt 0.912040 0.441763
vt 0.082123 0.724169
vt 0.070844 0.717487
vt 0.082350 0.717691
vt 0.935517 0.469278
vt 0.578540 0.775792
vt 0.926009 0.867308
vt 0.565277 0.769764
vt 0.071804 0.713111
vt 0.926643 0.849339
vt 0.274149 0.635998
vt 0.611996 0.590875
vt 0.256805 0.555778
vt 0.354474 0.457438
vt 0.305696 0.458668
vt 0.275570 0.331050
vt 0.822029 0.706169
vt 0.805859 0.693922
vt 0.294763 0.335482
vt 0.464427 0.230557
vt 0.469110 0.220733
vt 0.485360 0.229040
vt 0.309037 0.413659
vt 0.490743 0.221896
vt 0.892712 0.824237
vt 0.927546 0.814127
vt 0.933963 0.828541
vt 0.535005 0.402471
vt 0.524333 0.422542
vt 0.521550 0.374706
vt 0.573293 0.683869
vt 0.551909 0.661999
vt 0.576528 0.648184
vt 0.075876 0.936546
vt 0.059164 0.925103
vt 0.087393 0.931281
vt 0.877903 0.935712
vt 0.834046 0.919475
vt 0.831128 0.883041
vt 0.833507 0.937760
vt 0.266101 0.084208
vt 0.249457 0.078432
vt 0.258686 0.053761
vt 0.958913 0.450698
vt 0.922433 0.397592
vt 0.864680 0.820600
vt 0.892178 0.787667
vt 0.854886 0.276071
vt 0.813083 0.296452
vt 0.813750 0.261099
vt 0.244691 0.097864
vt 0.041603 0.937926
vt 0.378316 0.123712
vt 0.353231 0.130531
vt 0.357527 0.100703
vt 0.156683 0.713510
vt 0.144841 0.742166
vt 0.119767 0.721126
vt 0.282745 0.037152
vt 0.108855 0.710624
vt 0.084089 0.728834
vt 0.420816 0.945878
vt 0.420816 0.969223
vt 0.377524 0.946163
vt 0.075611 0.908526
vt 0.778693 0.319904
vt 0.765737 0.298921
vt 0.788494 0.282986
vt 0.374286 0.134694
vt 0.598397 0.803912
vt 0.560395 0.796971
vt 0.333684 0.103944
vt 0.056130 0.792710
vt 0.334866 0.120830
vt 0.301671 0.472775
vt 0.335607 0.485126
vt 0.301395 0.523264
vt 0.099877 0.756776
vt 0.092829 0.726318
vt 0.096455 0.673651
vt 0.387315 0.974044
vt 0.226714 0.066348
vt 0.939779 0.864779
vt 0.077604 0.679053
vt 0.329850 0.527568
vt 0.310006 0.553593
vt 0.843546 0.310038
vt 0.063508 0.695898
vt 0.259852 0.037911
vt 0.246439 0.041933
vt 0.931087 0.482779
vt 0.334579 0.131215
vt 0.050762 0.898847
vt 0.267046 0.649705
vt 0.247342 0.651690
vt 0.064853 0.887711
vt 0.969417 0.787297
vt 0.988088 0.792222
vt 0.985221 0.810326
vt 0.337441 0.538319
vt 0.116092 0.776377
vt 0.528802 0.788070
vt 0.081093 0.671068
vt 0.380309 0.165798
vt 0.359064 0.153726
vt 0.528068 0.805598
vt 0.979624 0.629402
vt 0.987661 0.636145
vt 0.981099 0.666985
vt 0.251518 0.672536
vt 0.224489 0.672773
vt 0.093511 0.777700
vt 0.060017 0.886476
vt 0.059314 0.856726
vt 0.080388 0.872020
vt 0.351864 0.504465
vt 0.868618 0.527956
vt 0.843869 0.500594
vt 0.887960 0.491470
vt 0.989567 0.810359
vt 0.037474 0.038788
vt 0.029337 0.044967
vt 0.023653 0.040129
vt 0.237127 0.634942
vt 0.976946 0.619184
vt 0.975988 0.657671
vt 0.955671 0.626928
vt 0.044147 0.050128
vt 0.072754 0.885804
vt 0.267669 0.621886
vt 0.347800 0.141814
vt 0.145937 0.547998
vt 0.155178 0.576067
vt 0.141313 0.583789
vt 0.138623 0.040414
vt 0.099478 0.049074
vt 0.095587 0.004602
vt 0.349894 0.520003
vt 0.228933 0.652880
vt 0.128693 0.066275
vt 0.961162 0.654911
vt 0.142807 0.590789
vt 0.193244 0.910760
vt 0.192251 0.939218
vt 0.181754 0.905996
vt 0.053103 0.037156
vt 0.695713 0.773447
vt 0.727255 0.798679
vt 0.697300 0.786367
vt 0.584080 0.711522
vt 0.560178 0.698254
vt 0.562911 0.678812
vt 0.699995 0.043094
vt 0.650041 0.034286
vt 0.718123 0.000694
vt 0.510848 0.518007
vt 0.554619 0.519718
vt 0.554025 0.553745
vt 0.921528 0.537601
vt 0.912790 0.504993
vt 0.945404 0.539521
vt 0.201974 0.536075
vt 0.241066 0.585945
vt 0.178099 0.587275
vt 0.237680 0.908613
vt 0.244244 0.612708
vt 0.681194 0.730618
vt 0.572320 0.532921
vt 0.735112 0.748959
vt 0.163886 0.619605
vt 0.273126 0.004175
vt 0.311820 0.022144
vt 0.295392 0.035974
vt 0.175939 0.604893
vt 0.098348 0.910348
vt 0.121963 0.950252
vt 0.099624 0.946875
vt 0.564452 0.720468
vt 0.304782 0.005757
vt 0.434635 0.771147
vt 0.466472 0.759969
vt 0.462106 0.790132
vt 0.429376 0.865864
vt 0.428351 0.835610
vt 0.444188 0.855916
vt 0.262452 0.612623
vt 0.249828 0.583497
vt 0.290897 0.575660
vt 0.397649 0.918726
vt 0.404103 0.900995
vt 0.419408 0.927700
vt 0.957493 0.492973
vt 0.190702 0.903337
vt 0.155368 0.904571
vt 0.195292 0.889966
vt 0.507961 0.858239
vt 0.488618 0.838897
vt 0.519653 0.838032
vt 0.083604 0.955863
vt 0.216534 0.639066
vt 0.587297 0.559866
vt 0.569481 0.732830
vt 0.932217 0.586598
vt 0.908000 0.538147
vt 0.935979 0.543603
vt 0.058367 0.718017
vt 0.031057 0.733784
vt 0.013411 0.716411
vt 0.822105 0.424392
vt 0.830891 0.407558
vt 0.852582 0.426664
vt 0.166759 0.875026
vt 0.204496 0.859101
vt 0.051829 0.518489
vt 0.089094 0.494159
vt 0.095632 0.506455
vt 0.650724 0.591297
vt 0.216518 0.605692
vt 0.239755 0.588946
vt 0.066542 0.458073
vt 0.325177 0.004065
vt 0.359433 0.533814
vt 0.370578 0.560070
vt 0.348238 0.536142
vt 0.952327 0.625725
vt 0.960889 0.681496
vt 0.925970 0.652082
vt 0.604867 0.722521
vt 0.597152 0.747458
vt 0.676717 0.625496
vt 0.350409 0.023347
vt 0.266842 0.534837
vt 0.305945 0.549574
vt 0.092162 0.197692
vt 0.062364 0.199956
vt 0.062364 0.181848
vt 0.227386 0.961494
vt 0.200488 0.987725
vt 0.191071 0.961494
vt 0.047379 0.940029
vt 0.093734 0.940029
vt 0.078591 0.956456
vt 0.837072 0.313969
vt 0.851903 0.360988
vt 0.830666 0.348906
vt 0.213876 0.671903
vt 0.236103 0.679924
vt 0.219457 0.696213
vt 0.477827 0.949097
vt 0.466557 0.943056
vt 0.477967 0.915347
vt 0.463390 0.619040
vt 0.416120 0.585716
vt 0.438308 0.597993
vt 0.185687 0.024669
vt 0.187463 0.051495
vt 0.170035 0.048107
vt 0.891489 0.301797
vt 0.425354 0.950071
vt 0.454140 0.904880
vt 0.450833 0.939672
vt 0.440810 0.598147
vt 0.387895 0.617978
vt 0.172675 0.079515
vt 0.292890 0.797788
vt 0.258480 0.771349
vt 0.282979 0.764753
vt 0.965180 0.889685
vt 0.949561 0.923945
vt 0.921197 0.910718
vt 0.916636 0.751736
vt 0.918150 0.708389
vt 0.951144 0.751947
vt 0.939241 0.890234
vt 0.359498 0.278678
vt 0.335803 0.290751
vt 0.339885 0.255980
vt 0.907855 0.720033
vt 0.320035 0.621007
vt 0.356244 0.625439
vt 0.307373 0.638086
vt 0.202284 0.420702
vt 0.193413 0.396808
vt 0.219971 0.374523
vt 0.335029 0.777170
vt 0.299820 0.779015
vt 0.359383 0.761766
vt 0.255670 0.797830
vt 0.314574 0.668229
vt 0.886904 0.362104
vt 0.925252 0.923739
vt 0.372553 0.304464
vt 0.180464 0.210905
vt 0.157169 0.175066
vt 0.198416 0.192163
vt 0.038209 0.199987
vt 0.401068 0.325919
vt 0.445739 0.346978
vt 0.409213 0.360273
vt 0.187139 0.161894
vt 0.918584 0.933642
vt 0.938905 0.678229
vt 0.953280 0.728816
vt 0.896280 0.255934
vt 0.911575 0.303006
vt 0.864587 0.245460
vt 0.869316 0.275657
vt 0.155400 0.143558
vt 0.362119 0.322644
vt 0.210336 0.049303
vt 0.053457 0.168430
vt 0.062107 0.106960
vt 0.096934 0.154304
vt 0.196650 0.008376
vt 0.698806 0.523393
vt 0.660320 0.489002
vt 0.706296 0.500435
vt 0.805688 0.187256
vt 0.861357 0.176538
vt 0.856009 0.210250
vt 0.439681 0.392507
vt 0.632348 0.002984
vt 0.679664 0.002984
vt 0.646022 0.033149
vt 0.326466 0.321398
vt 0.703402 0.466900
vt 0.847488 0.940656
vt 0.820548 0.951737
vt 0.797531 0.941004
vt 0.373055 0.289170
vt 0.354438 0.264782
vt 0.391603 0.276101
vt 0.440927 0.134700
vt 0.390315 0.151405
vt 0.401926 0.104229
vt 0.955484 0.060498
vt 0.938072 0.055833
vt 0.953138 0.035232
vt 0.337820 0.332174
vt 0.027357 0.197878
vt 0.429986 0.250330
vt 0.432030 0.232156
vt 0.444604 0.240471
vt 0.221759 0.788139
vt 0.369890 0.341519
vt 0.079100 0.372418
vt 0.090775 0.358504
vt 0.090673 0.412408
vt 0.319342 0.317580
vt 0.003915 0.388617
vt 0.013773 0.361529
vt 0.014640 0.405560
vt 0.954478 0.087263
vt 0.417678 0.630869
vt 0.400010 0.655322
vt 0.393473 0.635137
vt 0.187190 0.628593
vt 0.178822 0.612163
vt 0.204318 0.623502
vt 0.373218 0.668575
vt 0.096390 0.639466
vt 0.134122 0.614359
vt 0.223647 0.769232
vt 0.936606 0.027132
vt 0.953622 0.013811
vt 0.993076 0.311117
vt 0.975160 0.335776
vt 0.966885 0.307291
vt 0.144236 0.263961
vt 0.167412 0.237135
vt 0.150429 0.272171
vt 0.417453 0.466464
vt 0.437719 0.487956
vt 0.405864 0.497695
vt 0.143089 0.240261
vt 0.351941 0.346560
vt 0.223900 0.662504
vt 0.202859 0.649606
vt 0.352817 0.024463
vt 0.407210 0.056941
vt 0.357064 0.073008
vt 0.150315 0.219319
vt 0.151060 0.669130
vt 0.158853 0.663603
vt 0.187281 0.668616
vt 0.449486 0.518051
vt 0.409798 0.542259
vt 0.280779 0.473060
vt 0.193428 0.590886
vt 0.351789 0.009174
vt 0.169622 0.284087
vt 0.281793 0.414621
vt 0.451977 0.669424
vt 0.384471 0.000034
vt 0.638240 0.156643
vt 0.609566 0.133423
vt 0.663466 0.117829
vt 0.159492 0.650500
vt 0.220631 0.590425
vt 0.097619 0.577331
vt 0.685932 0.156701
vt 0.186620 0.639840
vt 0.771762 0.632726
vt 0.788115 0.591037
vt 0.795708 0.622720
vt 0.408388 0.020148
vt 0.285496 0.349654
vt 0.220522 0.669730
vt 0.225791 0.333863
vt 0.259649 0.327100
vt 0.253621 0.350909
vt 0.454191 0.235673
vt 0.464362 0.197771
vt 0.783838 0.730095
vt 0.189607 0.273148
vt 0.194548 0.214448
vt 0.188945 0.242632
vt 0.739190 0.631957
vt 0.756381 0.612585
vt 0.237610 0.301766
vt 0.780317 0.987849
vt 0.800192 0.959373
vt 0.808544 0.985380
vt 0.506773 0.201428
vt 0.858251 0.729736
vt 0.218031 0.396860
vt 0.229906 0.415877
vt 0.214069 0.446958
vt 0.295806 0.934457
vt 0.263687 0.890250
vt 0.302719 0.895880
vt 0.252685 0.451608
vt 0.460293 0.484591
vt 0.880374 0.828323
vt 0.825701 0.253613
vt 0.764300 0.282290
vt 0.934790 0.873721
vt 0.948652 0.850331
vt 0.938977 0.833532
vt 0.718903 0.174067
vt 0.708426 0.144903
vt 0.733072 0.146378
vt 0.107787 0.065271
vt 0.709297 0.106609
vt 0.894892 0.501992
vt 0.968231 0.215656
vt 0.959330 0.165691
vt 0.968231 0.185858
vt 0.562463 0.852561
vt 0.549076 0.876432
vt 0.526040 0.892562
vt 0.801183 0.036577
vt 0.781741 0.023413
vt 0.776570 0.002048
vt 0.916093 0.490325
vt 0.257355 0.271765
vt 0.255259 0.261548
vt 0.269006 0.258747
vt 0.954710 0.537602
vt 0.958948 0.505901
vt 0.959247 0.536022
vt 0.808421 0.105374
vt 0.141963 0.635107
vt 0.928070 0.477178
vt 0.547609 0.863939
vt 0.973549 0.058279
vt 0.973549 0.103830
vt 0.963951 0.093697
vt 0.014112 0.357355
vt 0.007372 0.362075
vt 0.010420 0.318101
vt 0.579942 0.534246
vt 0.487462 0.765285
vt 0.468225 0.807603
vt 0.198550 0.517253
vt 0.219237 0.527188
vt 0.298693 0.237513
vt 0.241987 0.246294
vt 0.277874 0.244213
vt 0.267977 0.250877
vt 0.852449 0.405958
vt 0.565084 0.740511
vt 0.057186 0.669421
vt 0.056961 0.694312
vt 0.047070 0.672770
vt 0.879201 0.431653
vt 0.073062 0.678699
vt 0.476441 0.868026
vt 0.489869 0.750991
vt 0.052875 0.482143
vt 0.065769 0.286805
vt 0.030016 0.313781
vt 0.032934 0.289678
vt 0.115663 0.397070
vt 0.106953 0.429578
vt 0.107790 0.381536
vt 0.208649 0.678847
vt 0.961233 0.465850
vt 0.223561 0.968638
vt 0.356331 0.773209
vt 0.590432 0.562584
vt 0.614807 0.578006
vt 0.607230 0.590741
vt 0.624997 0.543579
vt 0.973994 0.922260
vt 0.935854 0.934045
vt 0.219106 0.366200
vt 0.179101 0.366200
vt 0.241986 0.353565
vt 0.169942 0.350707
vt 0.038266 0.532905
vt 0.024706 0.516158
vt 0.060892 0.542758
vt 0.451153 0.135653
vt 0.472966 0.125341
vt 0.437779 0.483184
vt 0.471319 0.458412
vt 0.465383 0.479045
vt 0.842854 0.392050
vt 0.264211 0.748557
vt 0.463701 0.352611
vt 0.449385 0.363175
vt 0.081461 0.114862
vt 0.178581 0.391978
vt 0.496440 0.437073
vt 0.404888 0.150699
vt 0.840974 0.163700
vt 0.471114 0.447498
vt 0.529153 0.464419
vt 0.427941 0.207125
vt 0.419884 0.395998
vt 0.390009 0.283055
vt 0.982980 0.121079
vt 0.976139 0.123839
vt 0.970878 0.120096
vt 0.026977 0.446052
vt 0.028072 0.450137
vt 0.004293 0.440770
vt 0.992989 0.131781
vt 0.349710 0.073208
vt 0.134567 0.619257
vt 0.252505 0.107036
vt 0.268079 0.111287
vt 0.280711 0.150163
vt 0.002965 0.060394
vt 0.008856 0.061814
vt 0.013636 0.068641
vt 0.351686 0.255987
vt 0.198413 0.003786
vt 0.209824 0.000079
vt 0.211743 0.040937
vt 0.078171 0.353217
vt 0.068731 0.610442
vt 0.089803 0.640536
vt 0.067912 0.668855
vt 0.400044 0.491406
vt 0.971115 0.124095
vt 0.971115 0.171804
vt 0.957596 0.159315
vt 0.025906 0.230344
vt 0.262483 0.327721
vt 0.315101 0.344396
vt 0.678135 0.166725
vt 0.650339 0.167772
vt 0.284200 0.355329
vt 0.317837 0.350391
vt 0.627812 0.164266
vt 0.456243 0.519569
vt 0.258084 0.448622
vt 0.884692 0.908732
vt 0.226666 0.808396
vt 0.239373 0.828319
vt 0.244676 0.858392
vt 0.381346 0.118724
vt 0.118295 0.714781
vt 0.583989 0.648393
vt 0.263063 0.091086
vt 0.282887 0.134149
vt 0.292004 0.153388
vt 0.295026 0.187937
vt 0.825227 0.129100
vt 0.787246 0.108528
vt 0.781381 0.091494
vt 0.714531 0.175822
vt 0.536997 0.899259
vt 0.360798 0.493812
vt 0.039056 0.053617
vt 0.606466 0.503319
vt 0.613990 0.486114
vt 0.619065 0.524410
vt 0.254613 0.267084
vt 0.656209 0.045239
vt 0.565568 0.516306
vt 0.905070 0.554165
vt 0.857009 0.272706
vt 0.276191 0.754404
vt 0.286170 0.765504
vt 0.212058 0.710387
vt 0.284837 0.646798
vt 0.292000 0.636070
vt 0.044559 0.412742
vt 0.049905 0.437188
vt 0.044841 0.435984
vt 0.891778 0.239247
vt 0.905393 0.246443
vt 0.897220 0.247942
vt 0.923818 0.269428
vt 0.824639 0.953387
vt 0.039169 0.422684
vt 0.375542 0.309317
vt 0.013194 0.029015
vt 0.421077 0.248412
vt 0.417824 0.221888
vt 0.684325 0.913209
vt 0.740480 0.918413
vt 0.716769 0.918930
vt 0.868425 0.170795
vt 0.891578 0.191548
vt 0.984713 0.823624
vt 0.967721 0.822137
vt 0.987078 0.818867
vt 0.507627 0.187556
vt 0.514714 0.197832
vt 0.797016 0.740545
vt 0.195290 0.239862
vt 0.767730 0.595539
vt 0.262323 0.319349
vt 0.793439 0.958238
vt 0.467625 0.187203
vt 0.601178 0.141163
vt 0.226737 0.792487
vt 0.360643 0.096835
vt 0.577940 0.609100
vt 0.283052 0.099826
vt 0.282970 0.114323
vt 0.815839 0.253289
vt 0.936029 0.835230
vt 0.096092 0.936805
vt 0.796862 0.279270
vt 0.788862 0.275002
vt 0.847158 0.263995
vt 0.831310 0.146242
vt 0.714554 0.055414
vt 0.029219 0.054494
vt 0.093799 0.057156
vt 0.131587 0.591166
vt 0.557940 0.711809
vt 0.552026 0.683193
vt 0.185011 0.544474
vt 0.926781 0.598252
vt 0.065806 0.087356
vt 0.043430 0.071159
vt 0.452872 0.879256
vt 0.363058 0.517722
vt 0.378045 0.568655
vt 0.378668 0.555119
vt 0.023472 0.287182
vt 0.363509 0.588685
vt 0.851265 0.212692
vt 0.871091 0.216314
vt 0.440513 0.903445
vt 0.852716 0.247908
vt 0.215290 0.709517
vt 0.958623 0.712625
vt 0.178239 0.144947
vt 0.187706 0.151422
vt 0.204463 0.141146
vt 0.222777 0.719175
vt 0.719785 0.481524
vt 0.399948 0.367153
vt 0.118893 0.631033
vt 0.111009 0.671317
vt 0.098839 0.671052
vt 0.717551 0.467720
vt 0.172479 0.615935
vt 0.122487 0.704354
vt 0.115367 0.708322
vt 0.281028 0.091710
vt 0.301636 0.101090
vt 0.298538 0.105859
vt 0.468083 0.483932
vt 0.735922 0.628155
vt 0.754675 0.606003
vt 0.248909 0.302743
vt 0.227889 0.279944
vt 0.415061 0.047043
vt 0.415603 0.017094
vt 0.234482 0.411153
vt 0.858252 0.741137
vt 0.310191 0.891194
vt 0.353816 0.903404
vt 0.358754 0.913097
vt 0.017192 0.575266
vt 0.024800 0.578813
vt 0.020434 0.622000
vt 0.737229 0.569439
vt 0.742944 0.572873
vt 0.715749 0.601916
vt 0.522127 0.453111
vt 0.831403 0.328091
vt 0.699526 0.157787
vt 0.957551 0.200310
vt 0.084824 0.863135
vt 0.876506 0.536006
vt 0.640468 0.485969
vt 0.733240 0.223957
vt 0.712077 0.178059
vt 0.533518 0.910169
vt 0.504935 0.916491
vt 0.519266 0.910169
vt 0.582500 0.530345
vt 0.781178 0.069089
vt 0.032957 0.133485
vt 0.049955 0.144036
vt 0.040932 0.144875
vt 0.391737 0.926643
vt 0.393023 0.900432
vt 0.679338 0.759935
vt 0.959303 0.257935
vt 0.965304 0.235537
vt 0.965674 0.283056
vt 0.492095 0.769786
vt 0.040695 0.676330
vt 0.811636 0.347257
vt 0.822575 0.353682
vt 0.666530 0.950245
vt 0.701627 0.956434
vt 0.649936 0.957469
vt 0.019681 0.308201
vt 0.967977 0.741545
vt 0.988703 0.738299
vt 0.969170 0.747821
vt 0.952870 0.009684
vt 0.957348 0.000081
vt 0.985118 0.009382
vt 0.014091 0.010550
vt 0.004655 0.045766
vt 0.002510 0.006480
vt 0.442486 0.590111
vt 0.470016 0.595488
vt 0.953202 0.934029
vt 0.954656 0.743745
vt 0.284091 0.753996
vt 0.598200 0.543541
vt 0.823213 0.377295
vt 0.443454 0.460892
vt 0.621760 0.533536
vt 0.052013 0.439363
vt 0.187124 0.419294
vt 0.169189 0.395488
vt 0.463822 0.369073
vt 0.039463 0.405846
vt 0.022100 0.440851
vt 0.384880 0.312327
vt 0.395872 0.289311
vt 0.401576 0.234676
vt 0.258995 0.135960
vt 0.406543 0.416268
vt 0.409393 0.396460
vt 0.125538 0.690246
vt 0.411561 0.263059
vt 0.400611 0.298246
vt 0.460379 0.794864
vt 0.458420 0.813510
vt 0.412307 0.758430
vt 0.715608 0.909683
vt 0.734272 0.910888
vt 0.634350 0.856436
vt 0.672651 0.853085
vt 0.700123 0.858829
vt 0.283844 0.085766
vt 0.771534 0.990520
vt 0.218929 0.385340
vt 0.777319 0.268870
vt 0.936978 0.887552
vt 0.730937 0.021589
vt 0.720649 0.024346
vt 0.731420 0.000556
vt 0.069533 0.850071
vt 0.361203 0.510300
vt 0.678451 0.797218
vt 0.686592 0.782983
vt 0.644524 0.517759
vt 0.902983 0.508440
vt 0.630608 0.538445
vt 0.693827 0.523763
vt 0.392700 0.882936
vt 0.413099 0.878188
vt 0.772769 0.034444
vt 0.167053 0.576883
vt 0.182866 0.599840
vt 0.144413 0.964502
vt 0.144413 0.982764
vt 0.134884 0.979483
vt 0.175438 0.562163
vt 0.431812 0.874760
vt 0.924282 0.638192
vt 0.900928 0.661753
vt 0.052003 0.160405
vt 0.033571 0.650080
vt 0.484838 0.802142
vt 0.812215 0.421504
vt 0.941739 0.620439
vt 0.263997 0.240938
vt 0.636561 0.915637
vt 0.626166 0.914728
vt 0.639961 0.885284
vt 0.960720 0.614881
vt 0.421818 0.578239
vt 0.496941 0.758379
vt 0.044804 0.693406
vt 0.337147 0.786024
vt 0.990077 0.051570
vt 0.977710 0.056923
vt 0.963537 0.037415
vt 0.217084 0.340308
vt 0.302485 0.628480
vt 0.851121 0.230599
vt 0.859391 0.221897
vt 0.899554 0.907298
vt 0.915387 0.904506
vt 0.901228 0.952427
vt 0.052644 0.882570
vt 0.045178 0.859392
vt 0.052644 0.860776
vt 0.032508 0.540195
vt 0.015768 0.531896
vt 0.461521 0.141705
vt 0.442927 0.148255
vt 0.425638 0.153377
vt 0.720681 0.504854
vt 0.965680 0.738887
vt 0.919041 0.924396
vt 0.451684 0.393602
vt 0.018218 0.965239
vt 0.030366 0.987741
vt 0.018218 0.985903
vt 0.966652 0.389143
vt 0.968333 0.365534
vt 0.974399 0.365322
vt 0.128487 0.641537
vt 0.975449 0.114933
vt 0.008383 0.432657
vt 0.993855 0.399296
vt 0.999797 0.391118
vt 0.999562 0.399898
vt 0.980789 0.567137
vt 0.991029 0.589097
vt 0.980651 0.602297
vt 0.674113 0.987211
vt 0.668837 0.977048
vt 0.681078 0.959567
vt 0.183840 0.632137
vt 0.180326 0.629304
vt 0.063102 0.973037
vt 0.068720 0.966450
vt 0.104378 0.972738
vt 0.064508 0.966416
vt 0.911754 0.849052
vt 0.382001 0.096680
vt 0.609386 0.682258
vt 0.272392 0.113239
vt 0.585288 0.853173
vt 0.547298 0.891235
vt 0.747243 0.018982
vt 0.251254 0.267609
vt 0.100450 0.068640
vt 0.931522 0.487194
vt 0.095472 0.841551
vt 0.225721 0.257749
vt 0.514728 0.868999
vt 0.484129 0.864377
vt 0.991088 0.911426
vt 0.983593 0.907746
vt 0.990875 0.880566
vt 0.239634 0.242319
vt 0.477712 0.911634
vt 0.486875 0.802553
vt 0.959131 0.250735
vt 0.494933 0.771028
vt 0.509212 0.773570
vt 0.825208 0.402106
vt 0.959659 0.209132
vt 0.832133 0.400323
vt 0.872225 0.381376
vt 0.988622 0.484919
vt 0.988622 0.518460
vt 0.979639 0.518499
vt 0.954930 0.607078
vt 0.414909 0.988696
vt 0.404460 0.974314
vt 0.417474 0.986642
vt 0.605663 0.956358
vt 0.621366 0.959313
vt 0.614615 0.983508
vt 0.621335 0.953792
vt 0.123099 0.377632
vt 0.120028 0.425347
vt 0.639960 0.957718
vt 0.314190 0.612108
vt 0.055414 0.552981
vt 0.022530 0.878289
vt 0.016204 0.858985
vt 0.456882 0.444067
vt 0.376206 0.339716
vt 0.422091 0.200946
vt 0.418407 0.189455
vt 0.439340 0.184403
vt 0.861143 0.299562
vt 0.169146 0.339165
vt 0.296425 0.940712
vt 0.261867 0.960912
vt 0.290042 0.932829
vt 0.206889 0.445360
vt 0.032210 0.448562
vt 0.026241 0.411261
vt 0.758137 0.492780
vt 0.644118 0.959582
vt 0.966327 0.379141
vt 0.641641 0.962083
vt 0.663445 0.977925
vt 0.641242 0.992019
vt 0.467029 0.424895
vt 0.049104 0.764636
vt 0.012188 0.761223
vt 0.044338 0.751539
vt 0.321629 0.955998
vt 0.309526 0.964144
vt 0.721695 0.466846
vt 0.231008 0.093901
vt 0.989295 0.104695
vt 0.178968 0.629912
vt 0.769443 0.956707
vt 0.769443 0.972980
vt 0.761319 0.960414
vt 0.210230 0.746554
vt 0.201832 0.725426
vt 0.327994 0.926260
vt 0.298565 0.079595
vt 0.772885 0.956745
vt 0.258169 0.285819
vt 0.293741 0.319255
vt 0.436423 0.006032
vt 0.846113 0.867924
vt 0.782305 0.867924
vt 0.842021 0.832760
vt 0.693145 0.157297
vt 0.720240 0.019029
vt 0.122607 0.284559
vt 0.120934 0.303675
vt 0.099191 0.260584
vt 0.370385 0.943806
vt 0.370229 0.929064
vt 0.424693 0.943288
vt 0.903923 0.545283
vt 0.681114 0.170760
vt 0.678381 0.186694
vt 0.122977 0.241247
vt 0.258618 0.904715
vt 0.194041 0.908129
vt 0.194019 0.903587
vt 0.213440 0.870191
vt 0.584474 0.899392
vt 0.655025 0.785074
vt 0.063626 0.797524
vt 0.094974 0.787339
vt 0.079808 0.839207
vt 0.963014 0.902519
vt 0.014010 0.089194
vt 0.005979 0.106415
vt 0.005033 0.065948
vt 0.020620 0.086458
vt 0.117526 0.780422
vt 0.034023 0.280727
vt 0.010498 0.267123
vt 0.020746 0.241757
vt 0.230922 0.472152
vt 0.216797 0.484003
vt 0.218023 0.449810
vt 0.395150 0.894638
vt 0.454948 0.894098
vt 0.422219 0.904592
vt 0.400116 0.889113
vt 0.428387 0.880564
vt 0.252332 0.230080
vt 0.215065 0.230587
vt 0.846727 0.851297
vt 0.909132 0.851297
vt 0.850893 0.870871
vt 0.179070 0.514776
vt 0.245957 0.482677
vt 0.782909 0.435518
vt 0.460828 0.890953
vt 0.224809 0.503184
vt 0.287593 0.966026
vt 0.266014 0.981703
vt 0.264165 0.963609
vt 0.216446 0.493250
vt 0.508951 0.798852
vt 0.027524 0.683633
vt 0.002598 0.286075
vt 0.034814 0.186339
vt 0.619566 0.887158
vt 0.583184 0.918731
vt 0.599945 0.883027
vt 0.904257 0.610993
vt 0.031668 0.714666
vt 0.289818 0.231836
vt 0.048427 0.560674
vt 0.079925 0.604026
vt 0.047517 0.612666
vt 0.166779 0.291567
vt 0.166779 0.359312
vt 0.136444 0.331819
vt 0.457921 0.564066
vt 0.822442 0.381462
vt 0.988625 0.017296
vt 0.593926 0.984061
vt 0.981562 0.762677
vt 0.360260 0.780626
vt 0.422688 0.971754
vt 0.230327 0.524799
vt 0.327745 0.816359
vt 0.130840 0.416836
vt 0.382797 0.808266
vt 0.347331 0.814005
vt 0.760812 0.954012
vt 0.790699 0.940075
vt 0.811943 0.955433
vt 0.030098 0.900279
vt 0.045516 0.905175
vt 0.313848 0.596167
vt 0.289149 0.599691
vt 0.630126 0.985173
vt 0.287414 0.586653
vt 0.121073 0.443657
vt 0.279987 0.614535
vt 0.200630 0.296504
vt 0.232630 0.306048
vt 0.020660 0.573685
vt 0.590335 0.508380
vt 0.606975 0.514606
vt 0.912786 0.925803
vt 0.169151 0.293468
vt 0.054741 0.429875
vt 0.743848 0.524365
vt 0.188133 0.143686
vt 0.003994 0.405820
vt 0.156532 0.661447
vt 0.132355 0.673287
vt 0.231351 0.143564
vt 0.246841 0.167330
vt 0.169777 0.446278
vt 0.029828 0.462747
vt 0.013395 0.962699
vt 0.022010 0.940085
vt 0.058871 0.961367
vt 0.390695 0.795091
vt 0.442510 0.817007
vt 0.415903 0.825555
vt 0.054536 0.963919
vt 0.028255 0.927437
vt 0.437156 0.423065
vt 0.059770 0.456671
vt 0.132164 0.693212
vt 0.979362 0.095269
vt 0.932339 0.361345
vt 0.964621 0.364835
vt 0.011443 0.719739
vt 0.075153 0.454381
vt 0.171120 0.616944
vt 0.320748 0.373062
vt 0.252115 0.400708
vt 0.248920 0.802364
vt 0.563439 0.404324
vt 0.533805 0.747317
vt 0.179778 0.715757
vt 0.772853 0.357474
vt 0.747467 0.389456
vt 0.731746 0.363642
vt 0.353838 0.934001
vt 0.737514 0.611373
vt 0.975883 0.825339
vt 0.977889 0.886013
vt 0.853083 0.601502
vt 0.898399 0.207169
vt 0.299144 0.107962
vt 0.848292 0.209982
vt 0.174054 0.681896
vt 0.778230 0.245963
vt 0.733790 0.233038
vt 0.769854 0.206558
vt 0.831319 0.220249
vt 0.404997 0.515319
vt 0.279958 0.053600
vt 0.279095 0.428463
vt 0.773351 0.135869
vt 0.560766 0.372144
vt 0.586044 0.390236
vt 0.537607 0.400188
vt 0.544133 0.190273
vt 0.896057 0.317562
vt 0.965759 0.323857
vt 0.950753 0.357300
vt 0.549103 0.449661
vt 0.744591 0.185774
vt 0.925590 0.223931
vt 0.746518 0.580653
vt 0.664062 0.278577
vt 0.635257 0.328470
vt 0.639881 0.260397
vt 0.867932 0.199322
vt 0.258353 0.402694
vt 0.259073 0.370169
vt 0.846105 0.697608
vt 0.805921 0.686840
vt 0.841596 0.665372
vt 0.179720 0.910676
vt 0.193661 0.953581
vt 0.138859 0.940946
vt 0.690403 0.597681
vt 0.617525 0.666167
vt 0.584917 0.251097
vt 0.547316 0.272492
vt 0.543663 0.255784
vt 0.485699 0.513725
vt 0.465050 0.545255
vt 0.859870 0.845447
vt 0.457050 0.122881
vt 0.454160 0.061751
vt 0.479044 0.091471
vt 0.132848 0.204813
vt 0.139413 0.163090
vt 0.155966 0.184717
vt 0.830192 0.110551
vt 0.867726 0.111031
vt 0.327741 0.079471
vt 0.718983 0.348119
vt 0.783509 0.335776
vt 0.716783 0.087805
vt 0.445708 0.565505
vt 0.734539 0.591406
vt 0.416596 0.184227
vt 0.400350 0.208885
vt 0.384675 0.162353
vt 0.122374 0.564648
vt 0.118222 0.572687
vt 0.109096 0.561021
vt 0.443874 0.951839
vt 0.451788 0.942407
vt 0.457134 0.958702
vt 0.078963 0.219896
vt 0.083258 0.225430
vt 0.078727 0.277219
vt 0.300066 0.983733
vt 0.294918 0.966396
vt 0.319839 0.966396
vt 0.588743 0.142145
vt 0.588192 0.154297
vt 0.551115 0.147760
vt 0.508569 0.954537
vt 0.481450 0.915092
vt 0.505308 0.923515
vt 0.400110 0.412296
vt 0.422402 0.454118
vt 0.383163 0.459266
vt 0.399513 0.474874
vt 0.530611 0.722816
vt 0.504828 0.748954
vt 0.503961 0.723789
vt 0.531683 0.746399
vt 0.162962 0.215091
vt 0.147434 0.216826
vt 0.139351 0.213056
vt 0.035551 0.218129
vt 0.003885 0.241135
vt 0.000094 0.199783
vt 0.954553 0.397484
vt 0.918027 0.378230
vt 0.936186 0.366916
vt 0.149935 0.972097
vt 0.149935 0.946360
vt 0.190397 0.958935
vt 0.964297 0.391112
vt 0.568696 0.211217
vt 0.598615 0.216997
vt 0.584884 0.235476
vt 0.952533 0.563045
vt 0.943271 0.565474
vt 0.943868 0.545477
vt 0.384071 0.714753
vt 0.344755 0.701253
vt 0.367343 0.686914
vt 0.578546 0.183084
vt 0.605280 0.197377
vt 0.967512 0.791122
vt 0.304601 0.053256
vt 0.752090 0.634757
vt 0.764495 0.670714
vt 0.739282 0.675160
vt 0.395429 0.115644
vt 0.623466 0.453042
vt 0.672673 0.479075
vt 0.611957 0.483713
vt 0.794818 0.196254
vt 0.200443 0.677045
vt 0.161819 0.678680
vt 0.154887 0.675447
vt 0.138353 0.678787
vt 0.292191 0.968557
vt 0.072132 0.287812
vt 0.071338 0.317832
vt 0.068072 0.289290
vt 0.066923 0.330085
vt 0.070407 0.336284
vt 0.677270 0.719843
vt 0.617357 0.721436
vt 0.612898 0.715068
vt 0.385562 0.615881
vt 0.332805 0.610979
vt 0.340477 0.592909
vt 0.038707 0.315126
vt 0.993776 0.348294
vt 0.999388 0.348294
vt 0.999056 0.368502
vt 0.758181 0.403554
vt 0.780688 0.397139
vt 0.778869 0.413644
vt 0.433628 0.974585
vt 0.473598 0.974096
vt 0.682373 0.716175
vt 0.676258 0.681888
vt 0.040797 0.341582
vt 0.552204 0.181094
vt 0.585650 0.179020
vt 0.057417 0.467133
vt 0.029754 0.510105
vt 0.042632 0.465840
vt 0.466980 0.963415
vt 0.684465 0.650389
vt 0.617418 0.673155
vt 0.676861 0.645263
vt 0.996812 0.371900
vt 0.998793 0.370756
vt 0.998107 0.383150
vt 0.751347 0.898610
vt 0.768584 0.918886
vt 0.735978 0.938406
vt 0.326462 0.987706
vt 0.376746 0.965477
vt 0.376746 0.990625
vt 0.362714 0.966146
vt 0.355188 0.991066
vt 0.318470 0.810704
vt 0.296250 0.794204
vt 0.315949 0.780411
vt 0.664506 0.861797
vt 0.674959 0.868297
vt 0.650627 0.880984
vt 0.012837 0.509338
vt 0.011430 0.464504
vt 0.091683 0.277663
vt 0.018554 0.197162
vt 0.013224 0.190809
vt 0.045370 0.190533
vt 0.132306 0.973424
vt 0.132196 0.985822
vt 0.128350 0.992484
vt 0.992480 0.245843
vt 0.967970 0.263650
vt 0.984271 0.241232
vt 0.999011 0.402396
vt 0.993177 0.410426
vt 0.993795 0.402074
vt 0.765595 0.939977
vt 0.988743 0.993430
vt 0.972928 0.993430
vt 0.987176 0.967038
vt 0.773517 0.930336
vt 0.970125 0.967360
vt 0.343045 0.162063
vt 0.354969 0.163786
vt 0.360623 0.168203
vt 0.029662 0.831336
vt 0.029662 0.848205
vt 0.000872 0.825321
vt 0.485707 0.537345
vt 0.507047 0.534812
vt 0.507805 0.537640
vt 0.963186 0.905849
vt 0.987754 0.917306
vt 0.955117 0.919346
vt 0.346389 0.990398
vt 0.347603 0.993001
vt 0.315971 0.991183
vt 0.115741 0.973336
vt 0.129402 0.332152
vt 0.125024 0.344318
vt 0.123313 0.340233
vt 0.259646 0.952255
vt 0.259646 0.985733
vt 0.225217 0.981567
vt 0.398165 0.374995
vt 0.386306 0.374931
vt 0.397249 0.368087
vt 0.103308 0.314323
vt 0.365686 0.374639
vt 0.401207 0.348342
vt 0.955787 0.963436
vt 0.958411 0.961129
vt 0.508784 0.920888
vt 0.375214 0.345898
vt 0.422191 0.445106
vt 0.372528 0.170032
vt 0.100686 0.313678
vt 0.092975 0.330192
vt 0.955593 0.993949
vt 0.361003 0.454105
vt 0.388966 0.468739
vt 0.000611 0.864132
vt 0.714942 0.713142
vt 0.693175 0.682055
vt 0.734045 0.712467
vt 0.101700 0.840843
vt 0.094984 0.878344
vt 0.081535 0.876693
vt 0.436425 0.463948
vt 0.690435 0.713647
vt 0.105954 0.378216
vt 0.524664 0.989056
vt 0.508948 0.986204
vt 0.487543 0.974340
vt 0.350012 0.359789
vt 0.017927 0.572510
vt 0.002092 0.567365
vt 0.012296 0.541259
vt 0.924575 0.993512
vt 0.909879 0.973285
vt 0.938266 0.974811
vt 0.744648 0.681378
vt 0.032276 0.188323
vt 0.026324 0.177182
vt 0.034639 0.146149
vt 0.971220 0.476260
vt 0.975491 0.525070
vt 0.967869 0.534482
vt 0.014390 0.150766
vt 0.007353 0.156301
vt 0.995232 0.225190
vt 0.998420 0.227030
vt 0.996726 0.251373
vt 0.087779 0.572445
vt 0.087540 0.631656
vt 0.079068 0.584886
vt 0.259780 0.499931
vt 0.298820 0.522245
vt 0.281122 0.536897
vt 0.077615 0.422574
vt 0.077615 0.378005
vt 0.088326 0.425837
vt 0.294103 0.530173
vt 0.273354 0.491889
vt 0.764541 0.679043
vt 0.733233 0.677466
vt 0.690049 0.678434
vt 0.359529 0.957487
vt 0.320808 0.942591
vt 0.355485 0.940363
vt 0.220831 0.702096
vt 0.231526 0.698339
vt 0.263530 0.698339
vt 0.330147 0.965326
vt 0.627179 0.836872
vt 0.592336 0.827897
vt 0.602494 0.801433
vt 0.282863 0.266541
vt 0.284361 0.258838
vt 0.311556 0.229674
vt 0.615917 0.858723
vt 0.591420 0.845139
vt 0.288868 0.702011
vt 0.516092 0.077513
vt 0.504094 0.076705
vt 0.522398 0.050452
vt 0.502465 0.093520
vt 0.480571 0.923553
vt 0.503805 0.953291
vt 0.493687 0.965607
vt 0.299302 0.475319
vt 0.352252 0.990573
vt 0.324461 0.970382
vt 0.359621 0.960599
vt 0.031180 0.143398
vt 0.002671 0.143241
vt 0.010690 0.139785
vt 0.977511 0.463621
vt 0.977511 0.518462
vt 0.973173 0.461519
vt 0.934774 0.409737
vt 0.098757 0.213187
vt 0.206666 0.234129
vt 0.211302 0.216827
vt 0.210630 0.290009
vt 0.002674 0.975075
vt 0.002674 0.950218
vt 0.012951 0.971918
vt 0.518282 0.793297
vt 0.032973 0.138828
vt 0.069945 0.845598
vt 0.035299 0.804715
vt 0.060969 0.799421
vt 0.868053 0.762248
vt 0.835166 0.762248
vt 0.886957 0.755498
vt 0.134676 0.317754
vt 0.126973 0.302015
vt 0.126117 0.275010
vt 0.125021 0.243281
vt 0.523661 0.235799
vt 0.862260 0.648355
vt 0.897953 0.622191
vt 0.936005 0.621685
vt 0.927152 0.217702
vt 0.932930 0.179542
vt 0.943299 0.188572
vt 0.832400 0.827053
vt 0.830908 0.798573
vt 0.839627 0.828031
vt 0.910918 0.205306
vt 0.575413 0.182170
vt 0.600489 0.957297
vt 0.551366 0.955262
vt 0.599260 0.953919
vt 0.570278 0.952371
vt 0.084704 0.112626
vt 0.080530 0.110018
vt 0.104047 0.104113
vt 0.917160 0.166833
vt 0.925236 0.170186
vt 0.890853 0.185701
vt 0.994946 0.363593
vt 0.993905 0.375486
vt 0.993336 0.362307
vt 0.973136 0.533281
vt 0.973136 0.592695
vt 0.969247 0.554554
vt 0.299154 0.844919
vt 0.301925 0.849719
vt 0.248413 0.848417
vt 0.481813 0.710834
vt 0.490546 0.671911
vt 0.485463 0.710541
vt 0.487944 0.669965
vt 0.902145 0.197064
vt 0.899680 0.713540
vt 0.304716 0.858653
vt 0.077005 0.841620
vt 0.630774 0.798682
vt 0.593876 0.792176
vt 0.633698 0.772607
vt 0.942546 0.568695
vt 0.975220 0.940893
vt 0.974544 0.960248
vt 0.951415 0.940315
vt 0.094681 0.076021
vt 0.135115 0.096203
vt 0.950712 0.957834
vt 0.862682 0.618735
vt 0.861358 0.622832
vt 0.912762 0.156626
vt 0.072919 0.081477
vt 0.665401 0.797881
vt 0.918689 0.033072
vt 0.931453 0.020805
vt 0.919147 0.054202
vt 0.878953 0.014883
vt 0.888684 0.001488
vt 0.891555 0.019996
vt 0.243803 0.887354
vt 0.138552 0.000073
vt 0.138552 0.035571
vt 0.118284 0.018511
vt 0.103755 0.073020
vt 0.959757 0.037650
vt 0.967211 0.016253
vt 0.970407 0.016253
vt 0.008647 0.163651
vt 0.006765 0.185157
vt 0.002506 0.158366
vt 0.031282 0.105374
vt 0.053190 0.090033
vt 0.053035 0.142877
vt 0.188832 0.963097
vt 0.180716 0.988075
vt 0.146617 0.976760
vt 0.724760 0.987252
vt 0.716828 0.979039
vt 0.732846 0.976334
vt 0.002055 0.188802
vt 0.284259 0.888700
vt 0.306978 0.889456
vt 0.956084 0.037726
vt 0.908486 0.750987
vt 0.904281 0.711240
vt 0.882226 0.702249
vt 0.666442 0.859975
vt 0.852439 0.042189
vt 0.852028 0.073752
vt 0.834274 0.088648
vt 0.757124 0.719145
vt 0.769777 0.715670
vt 0.776317 0.729222
vt 0.787163 0.908778
vt 0.795272 0.926322
vt 0.320113 0.835614
vt 0.074454 0.400812
vt 0.048463 0.400812
vt 0.075072 0.379026
vt 0.284450 0.152913
vt 0.279624 0.186040
vt 0.274152 0.154301
vt 0.116570 0.880063
vt 0.121887 0.895311
vt 0.516515 0.581072
vt 0.527482 0.535764
vt 0.064076 0.573570
vt 0.446427 0.007948
vt 0.451936 0.021585
vt 0.438689 0.030627
vt 0.064895 0.991634
vt 0.039598 0.983415
vt 0.058605 0.965397
vt 0.581717 0.073525
vt 0.948893 0.138743
vt 0.958127 0.440213
vt 0.208829 0.932170
vt 0.246351 0.959431
vt 0.194079 0.959247
vt 0.960688 0.589709
vt 0.976140 0.925005
vt 0.904920 0.063918
vt 0.287975 0.993495
vt 0.265369 0.986150
vt 0.289164 0.981527
vt 0.716372 0.972220
vt 0.369096 0.199678
vt 0.324408 0.618953
vt 0.073041 0.432986
vt 0.777158 0.711044
vt 0.970834 0.213351
vt 0.970288 0.182645
vt 0.979755 0.182645
vt 0.782959 0.940257
vt 0.209582 0.137293
vt 0.227666 0.142749
vt 0.209103 0.188694
vt 0.357329 0.469250
vt 0.346810 0.385104
vt 0.345375 0.371113
vt 0.516161 0.953815
vt 0.480666 0.870757
vt 0.514435 0.871426
vt 0.511700 0.902681
vt 0.244340 0.719077
vt 0.136031 0.241045
vt 0.954362 0.198574
vt 0.496471 0.726902
vt 0.675729 0.916101
vt 0.692329 0.917215
vt 0.690242 0.920262
vt 0.140013 0.430284
vt 0.139041 0.402428
vt 0.177236 0.416244
vt 0.713003 0.033929
vt 0.735884 0.022482
vt 0.762844 0.032295
vt 0.641867 0.225934
vt 0.978558 0.087656
vt 0.975644 0.059199
vt 0.986331 0.059199
vt 0.978636 0.690500
vt 0.988687 0.686842
vt 0.986851 0.711311
vt 0.907774 0.764060
vt 0.327354 0.103075
vt 0.754059 0.845269
vt 0.789802 0.894236
vt 0.780203 0.898871
vt 0.309750 0.575427
vt 0.360915 0.555175
vt 0.132934 0.549670
vt 0.021542 0.667255
vt 0.005039 0.665811
vt 0.042408 0.624738
vt 0.470400 0.426599
vt 0.479165 0.409958
vt 0.489020 0.422128
vt 0.585083 0.343831
vt 0.541737 0.346892
vt 0.503134 0.565882
vt 0.076523 0.274651
vt 0.050168 0.262819
vt 0.076523 0.252980
vt 0.040285 0.236841
vt 0.076551 0.230663
vt 0.074272 0.439866
vt 0.375481 0.963378
vt 0.041897 0.130591
vt 0.009237 0.132168
vt 0.006931 0.110236
vt 0.361250 0.929205
vt 0.639458 0.851778
vt 0.566396 0.117151
vt 0.863523 0.693495
vt 0.845082 0.668288
vt 0.860873 0.663202
vt 0.065862 0.616925
vt 0.065862 0.670673
vt 0.047908 0.655334
vt 0.753747 0.338658
vt 0.718470 0.331950
vt 0.713863 0.289064
vt 0.914665 0.028286
vt 0.894138 0.000034
vt 0.953030 0.001960
vt 0.028707 0.188310
vt 0.378873 0.677997
vt 0.995294 0.413733
vt 0.999823 0.406760
vt 0.997122 0.415018
vt 0.289807 0.969884
vt 0.988566 0.087773
vt 0.931325 0.939520
vt 0.572665 0.182644
vt 0.454298 0.147140
vt 0.650820 0.042281
vt 0.589243 0.029088
vt 0.598576 0.012118
vt 0.126670 0.565742
vt 0.993033 0.271297
vt 0.992880 0.305128
vt 0.964975 0.293283
vt 0.259872 0.160045
vt 0.629370 0.167891
vt 0.988696 0.183488
vt 0.460943 0.388550
vt 0.826608 0.883567
vt 0.807977 0.870273
vt 0.834859 0.871750
vt 0.543838 0.555634
vt 0.309508 0.284565
vt 0.879202 0.961528
vt 0.858822 0.989579
vt 0.857614 0.956222
vt 0.692548 0.807940
vt 0.726774 0.846315
vt 0.681872 0.847034
vt 0.553336 0.099637
vt 0.731872 0.803915
vt 0.663180 0.921613
vt 0.743766 0.057265
vt 0.160379 0.000596
vt 0.188897 0.014102
vt 0.170694 0.026125
vt 0.993180 0.394422
vt 0.993180 0.382433
vt 0.998031 0.387477
vt 0.991194 0.702442
vt 0.991053 0.714997
vt 0.959975 0.272582
vt 0.697539 0.866125
vt 0.758591 0.963419
vt 0.737956 0.968948
vt 0.758146 0.942551
vt 0.020531 0.000017
vt 0.064771 0.000017
vt 0.017260 0.023890
vt 0.807646 0.972924
vt 0.837686 0.985079
vt 0.818375 0.985266
vt 0.199119 0.167422
vt 0.078797 0.908180
vt 0.378679 0.494931
vt 0.450261 0.671863
vt 0.389971 0.725494
vt 0.435031 0.722927
vt 0.645689 0.458162
vt 0.641966 0.459320
vt 0.653707 0.428930
vt 0.617814 0.402985
vt 0.099385 0.198119
vt 0.110539 0.178835
vt 0.125388 0.196531
vt 0.890909 0.113848
vt 0.669906 0.235199
vt 0.806599 0.390439
vt 0.605945 0.000696
vt 0.905685 0.390008
vt 0.877936 0.384416
vt 0.889086 0.365541
vt 0.822495 0.009546
vt 0.852353 0.010452
vt 0.853437 0.039329
vt 0.897641 0.395907
vt 0.864748 0.413521
vt 0.473862 0.537203
vt 0.245631 0.189261
vt 0.249787 0.201438
vt 0.632117 0.827994
vt 0.475894 0.741656
vt 0.338231 0.249425
vt 0.968838 0.578914
vt 0.161112 0.293253
vt 0.977854 0.939406
vt 0.130381 0.428047
vt 0.124180 0.828596
vt 0.150210 0.830416
vt 0.123499 0.862301
vt 0.067034 0.058761
vt 0.446154 0.343641
vt 0.485262 0.318969
vt 0.473657 0.340750
vt 0.493086 0.637528
vt 0.519405 0.637069
vt 0.502145 0.668557
vt 0.516697 0.832496
vt 0.561348 0.799813
vt 0.540132 0.842444
vt 0.695635 0.118446
vt 0.574403 0.608743
vt 0.555130 0.611110
vt 0.576621 0.603831
vt 0.503442 0.145221
vt 0.739314 0.941072
vt 0.069982 0.285450
vt 0.137568 0.937494
vt 0.126104 0.926216
vt 0.146545 0.930703
vt 0.655162 0.841103
vt 0.881246 0.937707
vt 0.890387 0.957312
vt 0.857134 0.953635
vt 0.882381 0.674385
vt 0.723118 0.085194
vt 0.700561 0.316350
vt 0.694513 0.279506
vt 0.216576 0.868457
vt 0.199809 0.848475
vt 0.232566 0.856787
vt 0.990457 0.193405
vt 0.999934 0.200290
vt 0.973699 0.215190
vt 0.993106 0.062610
vt 0.982127 0.714562
vt 0.974198 0.696354
vt 0.932419 0.106964
vt 0.897612 0.080620
vt 0.280447 0.275933
vt 0.617972 0.285101
vt 0.822209 0.039315
vt 0.808003 0.969638
vt 0.830978 0.956953
vt 0.039397 0.031232
vt 0.337652 0.184041
vt 0.554669 0.994032
vt 0.541522 0.975937
vt 0.552857 0.967882
vt 0.273606 0.460173
vt 0.682276 0.277682
vt 0.647114 0.255791
vt 0.673779 0.236973
vt 0.749769 0.845463
vt 0.777834 0.824780
vt 0.827178 0.780856
vt 0.550677 0.965360
vt 0.536272 0.956747
vt 0.542565 0.948085
vt 0.160053 0.017891
vt 0.626810 0.927902
vt 0.623643 0.948752
vt 0.602860 0.954197
vt 0.708973 0.958711
vt 0.688000 0.987578
vt 0.688140 0.959246
vt 0.558060 0.990189
vt 0.555335 0.967573
vt 0.559713 0.958185
vt 0.565216 0.826701
vt 0.590593 0.809402
vt 0.575799 0.428590
vt 0.566484 0.459278
vt 0.620549 0.261439
vt 0.907509 0.330108
vt 0.040219 0.274360
vt 0.367753 0.194593
vt 0.800359 0.892547
vt 0.797928 0.874444
vt 0.349708 0.488939
vt 0.684101 0.353105
vt 0.681206 0.328877
vt 0.710828 0.333215
vt 0.457245 0.900569
vt 0.758499 0.468298
vt 0.774860 0.432719
vt 0.804786 0.458630
vt 0.093311 0.753857
vt 0.045828 0.729252
vt 0.066824 0.717402
vt 0.424418 0.829119
vt 0.490133 0.826762
vt 0.462601 0.855855
vt 0.285715 0.733772
vt 0.935083 0.579321
vt 0.682867 0.315612
vt 0.377305 0.076389
vt 0.932128 0.352685
vt 0.251802 0.164133
vt 0.653885 0.111687
vt 0.465247 0.578494
vt 0.353783 0.407246
vt 0.293083 0.306459
vt 0.069436 0.179180
vt 0.972139 0.056013
vt 0.957859 0.683649
vt 0.777503 0.065933
vt 0.463049 0.319554
vt 0.966980 0.224196
vt 0.992980 0.224196
vt 0.968973 0.255785
vt 0.500483 0.081447
vt 0.499335 0.106394
vt 0.722405 0.893411
vt 0.829959 0.955080
vt 0.260223 0.188037
vt 0.718357 0.969694
vt 0.162396 0.359891
vt 0.497106 0.391454
vt 0.514880 0.384931
vt 0.667270 0.916625
vt 0.111029 0.860818
vt 0.841381 0.569496
vt 0.839426 0.587080
vt 0.814206 0.593837
vt 0.098127 0.175620
vt 0.103855 0.142717
vt 0.135664 0.171814
vt 0.406547 0.666913
vt 0.390150 0.756440
vt 0.374169 0.728183
vt 0.397792 0.735444
vt 0.113417 0.827998
vt 0.117730 0.785648
vt 0.855415 0.070495
vt 0.635466 0.930396
vt 0.631209 0.949025
vt 0.965835 0.721624
vt 0.591304 0.959669
vt 0.516931 0.648475
vt 0.549617 0.645616
vt 0.520800 0.720237
vt 0.498730 0.308056
vt 0.516794 0.336398
vt 0.465933 0.360116
vt 0.714058 0.607398
vt 0.815641 0.667867
vt 0.912455 0.424070
vt 0.860627 0.467695
vt 0.848041 0.444087
vt 0.900205 0.484133
vt 0.583552 0.403016
vt 0.229285 0.758852
vt 0.177944 0.798622
vt 0.197790 0.744830
vt 0.766300 0.443023
vt 0.974856 0.266161
vt 0.979510 0.554558
vt 0.979510 0.520637
vt 0.989240 0.524051
vt 0.312628 0.835662
vt 0.483259 0.380974
vt 0.549409 0.932131
vt 0.964953 0.821242
vt 0.948259 0.797401
vt 0.965315 0.752976
vt 0.719289 0.672758
vt 0.737116 0.652095
vt 0.764898 0.171094
vt 0.322314 0.550480
vt 0.132565 0.710360
vt 0.905324 0.396432
vt 0.252306 0.186668
vt 0.116649 0.542319
vt 0.921269 0.430145
vt 0.636411 0.405726
vt 0.676956 0.396406
vt 0.679381 0.419480
vt 0.549337 0.113828
vt 0.400688 0.405905
vt 0.146030 0.401737
vt 0.174176 0.372836
vt 0.177646 0.384926
vt 0.852488 0.947258
vt 0.595251 0.261771
vt 0.450546 0.721278
vt 0.709607 0.276754
vt 0.937182 0.592661
vt 0.008251 0.709278
vt 0.005401 0.676710
vt 0.009247 0.668651
vt 0.233359 0.835453
vt 0.021385 0.884291
vt 0.023542 0.903885
vt 0.014169 0.885516
vt 0.383226 0.876209
vt 0.383226 0.907970
vt 0.325270 0.892259
vt 0.818990 0.426520
vt 0.837189 0.445220
vt 0.403621 0.085118
vt 0.698786 0.552114
vt 0.539450 0.607558
vt 0.823071 0.042122
vt 0.503879 0.180483
vt 0.372239 0.418839
vt 0.147938 0.366232
vt 0.900878 0.677485
vt 0.899522 0.681834
vt 0.997356 0.323297
vt 0.997356 0.346136
vt 0.993366 0.329859
vt 0.448573 0.716629
vt 0.749991 0.528257
vt 0.767695 0.500031
vt 0.785575 0.528214
vt 0.100815 0.139347
vt 0.423494 0.694956
vt 0.861470 0.012389
vt 0.226731 0.828472
vt 0.324466 0.359609
vt 0.316536 0.334047
vt 0.343132 0.341967
vt 0.526632 0.502470
vt 0.546255 0.515993
vt 0.505003 0.515507
vt 0.471158 0.068287
vt 0.660821 0.813577
vt 0.669558 0.831812
vt 0.625948 0.818026
vt 0.741881 0.433108
vt 0.255380 0.188809
vt 0.316681 0.175627
vt 0.549143 0.919198
vt 0.530520 0.952249
vt 0.519605 0.945153
vt 0.586617 0.368834
vt 0.003978 0.625949
vt 0.390220 0.811743
vt 0.399871 0.818858
vt 0.363489 0.860342
vt 0.656216 0.349012
vt 0.651335 0.347107
vt 0.908142 0.118431
vt 0.899008 0.085632
vt 0.924504 0.113702
vt 0.129460 0.138005
vt 0.134143 0.146684
vt 0.957048 0.700854
vt 0.017683 0.903236
vt 0.548041 0.720216
vt 0.795340 0.347078
vt 0.480926 0.597230
vt 0.498333 0.598046
vt 0.668388 0.823256
vt 0.682201 0.888974
vt 0.758507 0.749756
vt 0.847958 0.980750
vt 0.290644 0.829434
vt 0.822646 0.890773
vt 0.129763 0.911505
vt 0.148760 0.904419
vt 0.426062 0.841988
vt 0.573200 0.115195
vt 0.052524 0.768425
vt 0.769573 0.563616
vt 0.537390 0.973849
vt 0.528241 0.993467
vt 0.528040 0.968935
vt 0.542273 0.970213
vt 0.598696 0.919528
vt 0.768326 0.072783
vt 0.647840 0.957449
vt 0.677301 0.584240
vt 0.612774 0.324678
vt 0.741351 0.150455
vt 0.180629 0.216793
vt 0.175835 0.710783
vt 0.540671 0.615397
vt 0.690931 0.882622
vt 0.561269 0.644034
vt 0.774747 0.749344
vt 0.668165 0.905916
vt 0.513845 0.917000
vt 0.513726 0.379610
vt 0.214550 0.734904
vt 0.531818 0.963477
vt 0.656711 0.922179
vt 0.159538 0.032893
vt 0.998138 0.223099
vt 0.687740 0.321107
vt 0.846389 0.107240
vt 0.591638 0.990546
vt 0.481994 0.293835
vt 0.076595 0.365341
vt 0.059890 0.380157
vt 0.054253 0.367498
vt 0.034733 0.401514
vt 0.266744 0.266278
vt 0.341205 0.391546
vt 0.769113 0.262575
vt 0.252504 0.194346
vt 0.308681 0.846542
vt 0.521478 0.963371
vt 0.543935 0.582050
vt 0.014985 0.586597
vt 0.012812 0.610324
vt 0.002949 0.590508
vt 0.775838 0.481387
vt 0.018212 0.096836
vt 0.206059 0.380429
vt 0.068327 0.767112
vt 0.169778 0.439960
vt 0.765841 0.812233
vt 0.705916 0.436106
vt 0.212260 0.836014
vt 0.841623 0.453653
vt 0.605661 0.469561
vt 0.787302 0.200987
vt 0.116772 0.534462
vt 0.138609 0.537492
vt 0.920339 0.403839
vt 0.589146 0.566980
vt 0.598999 0.598713
vt 0.576583 0.576796
vt 0.799254 0.746643
vt 0.820775 0.106918
vt 0.899463 0.970418
vt 0.924418 0.936070
vt 0.953564 0.972621
vt 0.509949 0.375223
vt 0.112591 0.917926
vt 0.651129 0.351872
vt 0.395844 0.756565
vt 0.653374 0.890649
vt 0.098325 0.819058
vt 0.151272 0.018406
vt 0.106674 0.818527
vt 0.213960 0.015453
vt 0.272235 0.013724
vt 0.235587 0.045219
vt 0.710193 0.955849
vt 0.681878 0.948262
vt 0.733161 0.943801
vt 0.923326 0.120196
vt 0.400472 0.658295
vt 0.409612 0.663003
vt 0.650816 0.907785
vt 0.638668 0.919644
vt 0.483752 0.958257
vt 0.477648 0.953822
vt 0.484755 0.947016
vt 0.429730 0.105914
vt 0.426899 0.114217
vt 0.416805 0.097769
vt 0.946322 0.092476
vt 0.953491 0.093740
vt 0.946453 0.101209
vt 0.656851 0.335953
vt 0.648597 0.332374
vt 0.806917 0.602980
vt 0.567131 0.064733
vt 0.565797 0.051038
vt 0.620072 0.441092
vt 0.614469 0.448172
vt 0.540768 0.275857
vt 0.197489 0.220857
vt 0.201925 0.233045
vt 0.197676 0.293791
vt 0.734708 0.157697
vt 0.976914 0.411316
vt 0.976914 0.459778
vt 0.973282 0.458298
vt 0.668213 0.812775
vt 0.816437 0.043055
vt 0.758842 0.753615
vt 0.741270 0.762010
vt 0.759182 0.973775
vt 0.875473 0.868765
vt 0.875768 0.865986
vt 0.895212 0.865024
vt 0.398253 0.809580
vt 0.899348 0.857987
vt 0.801800 0.472133
vt 0.874919 0.696562
vt 0.688234 0.190092
vt 0.683468 0.238068
vt 0.376892 0.796212
vt 0.717249 0.276938
vt 0.842505 0.702520
vt 0.623352 0.052555
vt 0.617224 0.063846
vt 0.045534 0.778945
vt 0.119716 0.460846
vt 0.129652 0.477380
vt 0.124686 0.477849
vt 0.405127 0.727248
vt 0.444612 0.250597
vt 0.431862 0.270091
vt 0.425441 0.263719
vt 0.217121 0.060495
vt 0.019978 0.909109
vt 0.798914 0.599394
vt 0.512066 0.662244
vt 0.513084 0.721084
vt 0.530227 0.343540
vt 0.533231 0.361701
vt 0.457737 0.817913
vt 0.496946 0.820331
vt 0.459807 0.825642
vt 0.334116 0.075933
vt 0.990568 0.684400
vt 0.983064 0.681669
vt 0.988331 0.646654
vt 0.323276 0.371522
vt 0.421682 0.208738
vt 0.396426 0.215998
vt 0.490217 0.654109
vt 0.737615 0.644597
vt 0.718772 0.665801
vt 0.538266 0.851066
vt 0.590725 0.817145
vt 0.276829 0.697427
vt 0.251658 0.659246
vt 0.259371 0.661633
vt 0.671293 0.582670
vt 0.592109 0.398583
vt 0.454379 0.052907
vt 0.731659 0.239714
vt 0.613858 0.265459
vt 0.607795 0.312951
vt 0.546818 0.278893
vt 0.283371 0.697348
vt 0.537471 0.255711
vt 0.765379 0.183271
vt 0.674189 0.370088
vt 0.680686 0.369704
vt 0.682160 0.387203
vt 0.833463 0.951745
vt 0.677628 0.902695
vt 0.814793 0.066606
vt 0.005114 0.330511
vt 0.005114 0.288141
vt 0.012952 0.294422
vt 0.685583 0.420176
vt 0.261336 0.810343
vt 0.262031 0.804170
vt 0.282656 0.831504
vt 0.736852 0.973966
vt 0.530555 0.958879
vt 0.459971 0.586959
vt 0.595345 0.345310
vt 0.820168 0.895537
vt 0.202163 0.183203
vt 0.372256 0.430958
vt 0.122545 0.906148
vt 0.596367 0.391446
vt 0.215466 0.212614
vt 0.309878 0.289423
vt 0.773315 0.486744
vt 0.901114 0.686516
vt 0.017558 0.617016
vt 0.241940 0.581923
vt 0.234421 0.569620
vt 0.246874 0.548050
vt 0.328946 0.834211
vt 0.337546 0.850553
vt 0.326847 0.836997
vt 0.946784 0.594841
vt 0.148475 0.438065
vt 0.485092 0.839240
vt 0.710543 0.102850
vt 0.087934 0.200480
vt 0.130205 0.207933
vt 0.075245 0.205001
vt 0.036612 0.908705
vt 0.126785 0.203226
vt 0.199865 0.843708
vt 0.500538 0.296255
vt 0.782590 0.317884
vt 0.798441 0.333211
vt 0.427858 0.824905
vt 0.454116 0.321477
vt 0.309115 0.048895
vt 0.061755 0.385058
vt 0.039816 0.403702
vt 0.791126 0.701194
vt 0.811932 0.662981
vt 0.999289 0.297911
vt 0.999289 0.321059
vt 0.993387 0.321230
vt 0.284667 0.931213
vt 0.276263 0.941828
vt 0.269685 0.903894
vt 0.479205 0.616583
vt 0.822033 0.323013
vt 0.477460 0.289237
vt 0.046793 0.771962
vt 0.013753 0.771962
vt 0.044348 0.767100
vt 0.798196 0.701454
vt 0.335060 0.395407
vt 0.553385 0.507614
vt 0.853121 0.479826
vt 0.593057 0.002214
vt 0.573052 0.459055
vt 0.582097 0.433299
vt 0.496266 0.070276
vt 0.168280 0.795307
vt 0.697856 0.542579
vt 0.768987 0.270215
vt 0.611224 0.286627
vt 0.194840 0.725792
vt 0.321885 0.158363
vt 0.309113 0.182491
vt 0.146267 0.956257
vt 0.136284 0.969504
vt 0.124240 0.928933
vt 0.660816 0.800512
vt 0.818761 0.026588
vt 0.818372 0.003922
vt 0.696949 0.883385
vt 0.710701 0.852242
vt 0.775236 0.763077
vt 0.855440 0.981008
vt 0.256547 0.843855
vt 0.034777 0.232769
vt 0.036614 0.283807
vt 0.901284 0.865743
vt 0.506378 0.587258
vt 0.346018 0.195952
vt 0.151154 0.898706
vt 0.775492 0.905410
vt 0.197479 0.218664
vt 0.688774 0.361096
vt 0.651787 0.358262
vt 0.581844 0.915038
vt 0.525090 0.915038
vt 0.572166 0.910157
vt 0.989540 0.633587
vt 0.985557 0.628840
vt 0.988270 0.597858
vt 0.613630 0.382952
vt 0.638175 0.402751
vt 0.596905 0.398268
vt 0.152975 0.361935
vt 0.130783 0.449844
vt 0.112382 0.455231
vt 0.308146 0.875575
vt 0.370565 0.875575
vt 0.323915 0.889562
vt 0.630660 0.351437
vt 0.221519 0.741760
vt 0.841058 0.955938
vt 0.332227 0.270345
vt 0.210904 0.378380
vt 0.386550 0.797654
vt 0.401771 0.753863
vt 0.695873 0.790661
vt 0.421986 0.738356
vt 0.275415 0.742091
vt 0.097044 0.756422
vt 0.052411 0.786016
vt 0.977026 0.598077
vt 0.132657 0.445634
vt 0.680789 0.943335
vt 0.525983 0.965355
vt 0.243716 0.506944
vt 0.140693 0.007204
vt 0.155742 0.040212
vt 0.131952 0.132650
vt 0.626133 0.922020
vt 0.684896 0.325118
vt 0.839078 0.592441
vt 0.419282 0.090916
vt 0.939826 0.085998
vt 0.277739 0.017037
vt 0.951360 0.129253
vt 0.933716 0.099661
vt 0.227659 0.822461
vt 0.129615 0.971007
vt 0.091013 0.967630
vt 0.132620 0.966981
vt 0.694054 0.942589
vt 0.923311 0.124425
vt 0.131298 0.180251
vt 0.505294 0.696977
vt 0.502055 0.677042
vt 0.349341 0.085896
vt 0.349802 0.209768
vt 0.523493 0.468839
vt 0.581033 0.848392
vt 0.744541 0.303972
vt 0.719817 0.269346
vt 0.563730 0.022729
vt 0.732350 0.636786
vt 0.676175 0.530842
vt 0.162662 0.759597
vt 0.275567 0.648614
vt 0.647193 0.562027
vt 0.610286 0.412297
vt 0.523699 0.292967
vt 0.513887 0.280194
vt 0.458668 0.012891
vt 0.554054 0.038404
vt 0.571392 0.262354
vt 0.595031 0.465829
vt 0.582814 0.442922
vt 0.655991 0.603436
vt 0.149621 0.738092
vt 0.721691 0.635800
vt 0.552735 0.301339
vt 0.581722 0.477758
vt 0.515566 0.049710
vt 0.894068 0.783044
vt 0.909599 0.775912
vt 0.909856 0.785697
vt 0.152097 0.510166
vt 0.124046 0.522532
vt 0.127192 0.485419
vt 0.686677 0.676689
vt 0.107136 0.498877
vt 0.580806 0.328185
vt 0.501589 0.000654
vt 0.942423 0.792043
vt 0.930383 0.774756
vt 0.960913 0.756128
vt 0.525777 0.240428
vt 0.501215 0.281582
vt 0.686678 0.641236
vt 0.304059 0.654816
vt 0.316495 0.678957
vt 0.310317 0.705389
vt 0.171184 0.534847
vt 0.149061 0.537032
vt 0.493969 0.223634
vt 0.529088 0.010185
vt 0.521055 0.021808
vt 0.523668 0.001583
vt 0.742643 0.474443
vt 0.697340 0.449970
vt 0.897890 0.989018
vt 0.867735 0.989018
vt 0.896726 0.954830
vt 0.478579 0.247158
vt 0.879775 0.765485
vt 0.903176 0.765485
vt 0.880083 0.796229
vt 0.336232 0.692603
vt 0.718983 0.179595
vt 0.937623 0.754094
vt 0.833829 0.795050
vt 0.833152 0.764806
vt 0.711825 0.632210
vt 0.982308 0.779387
vt 0.967974 0.784045
vt 0.967399 0.751112
vt 0.491459 0.292073
vt 0.456099 0.276211
vt 0.159099 0.538969
vt 0.918455 0.778497
vt 0.731142 0.790147
vt 0.802061 0.790147
vt 0.748937 0.796767
vt 0.708712 0.908012
vt 0.608612 0.804177
vt 0.496621 0.590829
vt 0.528478 0.627951
vt 0.693602 0.608467
vt 0.306382 0.940803
vt 0.307357 0.892204
vt 0.321534 0.928090
vt 0.139994 0.551063
vt 0.338637 0.938139
vt 0.679474 0.800817
vt 0.803789 0.038954
vt 0.735687 0.409272
vt 0.698170 0.366374
vt 0.251477 0.227485
vt 0.161639 0.825594
vt 0.181837 0.800294
vt 0.196277 0.827451
vt 0.873678 0.872917
vt 0.841392 0.875589
vt 0.858898 0.892851
vt 0.307605 0.198770
vt 0.979591 0.563186
vt 0.990108 0.534293
vt 0.991112 0.569223
vt 0.305292 0.229899
vt 0.312397 0.226293
vt 0.557194 0.602453
vt 0.813382 0.845759
vt 0.787363 0.833149
vt 0.797123 0.828071
vt 0.780803 0.862185
vt 0.704791 0.405527
vt 0.716189 0.350333
vt 0.749819 0.398674
vt 0.891519 0.893478
vt 0.807935 0.003993
vt 0.808520 0.037538
vt 0.781323 0.002990
vt 0.753797 0.841163
vt 0.814394 0.751126
vt 0.484245 0.749484
vt 0.434774 0.764586
vt 0.448006 0.731019
vt 0.224592 0.818017
vt 0.031500 0.529636
vt 0.003657 0.520589
vt 0.016812 0.517727
vt 0.033994 0.808725
vt 0.063891 0.849875
vt 0.031812 0.856802
vt 0.350163 0.248376
vt 0.469517 0.373654
vt 0.753024 0.817991
vt 0.023596 0.376130
vt 0.046065 0.367728
vt 0.034101 0.395966
vt 0.511353 0.593362
vt 0.216599 0.774600
vt 0.960986 0.101436
vt 0.957541 0.062062
vt 0.964334 0.056279
vt 0.407356 0.748841
vt 0.701357 0.427011
vt 0.188881 0.103510
vt 0.187235 0.128861
vt 0.169453 0.122544
vt 0.097381 0.905290
vt 0.130188 0.884772
vt 0.990017 0.412357
vt 0.959202 0.402344
vt 0.983390 0.375729
vt 0.101555 0.421126
vt 0.074295 0.443870
vt 0.028516 0.340850
vt 0.610022 0.363186
vt 0.713112 0.426530
vt 0.823156 0.906093
vt 0.779914 0.510152
vt 0.516108 0.340490
vt 0.387508 0.810091
vt 0.366146 0.841391
vt 0.336459 0.820986
vt 0.189919 0.053840
vt 0.240703 0.077488
vt 0.200841 0.086206
vt 0.919214 0.701229
vt 0.223313 0.093480
vt 0.362613 0.732042
vt 0.313861 0.729354
vt 0.343053 0.708731
vt 0.068201 0.354647
vt 0.214936 0.097022
vt 0.228985 0.115277
vt 0.078674 0.330482
vt 0.091248 0.295935
vt 0.089658 0.354944
vt 0.340830 0.764138
vt 0.144164 0.489507
vt 0.174841 0.488343
vt 0.159143 0.501791
vt 0.833298 0.509182
vt 0.162370 0.517359
vt 0.150280 0.462143
vt 0.115828 0.876640
vt 0.138526 0.854114
vt 0.157129 0.890624
vt 0.126628 0.816214
vt 0.126628 0.779890
vt 0.157681 0.830434
vt 0.323573 0.301624
vt 0.288754 0.765120
vt 0.859289 0.649742
vt 0.836642 0.608701
vt 0.858743 0.610689
vt 0.603625 0.326865
vt 0.135028 0.472084
vt 0.290967 0.707048
vt 0.622066 0.385538
vt 0.165422 0.859924
vt 0.164876 0.795846
vt 0.813530 0.439956
vt 0.165066 0.828126
vt 0.186891 0.452367
vt 0.700753 0.547526
vt 0.708823 0.519487
vt 0.736096 0.564910
vt 0.658809 0.752790
vt 0.643278 0.725888
vt 0.684489 0.721819
vt 0.894612 0.905258
vt 0.912212 0.851090
vt 0.926677 0.899534
vt 0.170466 0.517040
vt 0.181501 0.478219
vt 0.214300 0.485791
vt 0.145282 0.763316
vt 0.799581 0.635426
vt 0.087024 0.476578
vt 0.651832 0.118493
vt 0.778227 0.083753
vt 0.761152 0.136209
vt 0.611410 0.724888
vt 0.221875 0.546014
vt 0.096176 0.500261
vt 0.200853 0.464981
vt 0.957522 0.150756
vt 0.957522 0.103639
vt 0.972654 0.106282
vt 0.074946 0.283462
vt 0.091601 0.279922
vt 0.073927 0.335313
vt 0.015183 0.930162
vt 0.431806 0.699463
vt 0.097673 0.110025
vt 0.112716 0.542755
vt 0.096538 0.570778
vt 0.063065 0.518538
vt 0.063923 0.568423
vt 0.146275 0.047390
vt 0.453664 0.291308
vt 0.425383 0.316430
vt 0.894536 0.126502
vt 0.770419 0.634827
vt 0.796005 0.635979
vt 0.780853 0.670027
vt 0.452116 0.083537
vt 0.439045 0.111364
vt 0.185497 0.833197
vt 0.055514 0.051192
vt 0.076062 0.047197
vt 0.055883 0.064314
vt 0.056520 0.023433
vt 0.111805 0.511253
vt 0.945930 0.136710
vt 0.928053 0.140000
vt 0.168497 0.867699
vt 0.191306 0.453663
vt 0.193274 0.460699
vt 0.077834 0.002092
vt 0.055255 0.017096
vt 0.144514 0.119196
vt 0.341907 0.054391
vt 0.311932 0.026544
vt 0.350413 0.025489
vt 0.163968 0.132207
vt 0.148882 0.118437
vt 0.176700 0.086436
vt 0.938108 0.062508
vt 0.643394 0.867958
vt 0.606688 0.878452
vt 0.604156 0.862673
vt 0.169831 0.076064
vt 0.913558 0.148964
vt 0.894213 0.179505
vt 0.195529 0.457882
vt 0.410189 0.058498
vt 0.207955 0.463354
vt 0.140778 0.105273
vt 0.135312 0.056758
vt 0.621539 0.884635
vt 0.427860 0.636320
vt 0.456579 0.669371
vt 0.792692 0.529306
vt 0.787924 0.516204
vt 0.827181 0.525029
vt 0.815801 0.511787
vt 0.205770 0.459720
vt 0.389246 0.271240
vt 0.356056 0.248158
vt 0.399157 0.240636
vt 0.545769 0.294060
vt 0.091682 0.018861
vt 0.226076 0.920538
vt 0.251285 0.915328
vt 0.236510 0.948645
vt 0.855282 0.523813
vt 0.498288 0.694014
vt 0.569224 0.342340
vt 0.774429 0.588189
vt 0.783262 0.574395
vt 0.814032 0.589287
vt 0.706227 0.732081
vt 0.723024 0.723997
vt 0.725749 0.730322
vt 0.212167 0.455181
vt 0.093182 0.039380
vt 0.451097 0.026408
vt 0.735029 0.718252
vt 0.434893 0.326115
vt 0.567844 0.487398
vt 0.574845 0.463089
vt 0.769130 0.705993
vt 0.572570 0.505338
vt 0.743432 0.700174
vt 0.749176 0.716859
vt 0.586554 0.518357
vt 0.744952 0.755672
vt 0.822145 0.480496
vt 0.811851 0.314151
vt 0.765941 0.685246
vt 0.004423 0.939648
vt 0.020480 0.933160
vt 0.011032 0.960394
vt 0.317869 0.415953
vt 0.956203 0.361260
vt 0.966312 0.330146
vt 0.991062 0.360519
vt 0.538670 0.039378
vt 0.725411 0.632019
vt 0.515304 0.289067
vt 0.500954 0.287381
vt 0.934632 0.788317
vt 0.926227 0.781746
vt 0.194701 0.107443
vt 0.200571 0.125839
vt 0.212982 0.133172
vt 0.215302 0.122094
vt 0.600359 0.876056
vt 0.596515 0.860923
vt 0.595308 0.850926
vt 0.579644 0.481428
vt 0.501805 0.714532
vt 0.840937 0.560578
vt 0.724394 0.714968
vt 0.860825 0.577376
vt 0.162746 0.785632
vt 0.154452 0.771548
vt 0.703321 0.974831
vt 0.713194 0.957729
vt 0.713672 0.985142
vt 0.585121 0.847372
vt 0.554919 0.010878
vt 0.921492 0.805476
vt 0.493840 0.675680
vt 0.587688 0.885538
vt 0.973370 0.164411
vt 0.973370 0.133929
vt 0.991962 0.155273
vt 0.594606 0.506077
s 1
usemtl Material
f 1/1/1 2/2/2 3/3/3
f 4/4/4 5/5/5 6/6/6
f 4/7/4 7/8/7 5/9/5
f 1/1/1 8/10/8 2/2/2
f 7/8/7 9/11/9 5/9/5
f 10/12/10 11/13/11 12/14/12
f 11/13/11 13/15/13 12/14/12
f 14/16/14 15/17/15 16/18/16
f 17/19/17 15/17/15 14/16/14
f 18/20/18 19/21/19 20/22/20
f 19/21/19 21/23/21 20/22/20
f 15/24/15 22/25/22 16/26/16
f 5/27/5 23/28/23 6/29/6
f 20/22/20 24/30/24 18/20/18
f 18/20/18 25/31/25 19/21/19
f 1/1/1 3/3/3 26/32/26
f 1/1/1 27/33/27 8/10/8
f 8/34/8 28/35/28 2/36/2
f 9/11/9 29/37/29 5/9/5
f 10/12/10 12/14/12 30/38/30
f 13/39/13 31/40/31 12/41/12
f 10/12/10 32/42/32 11/13/11
f 13/15/13 33/43/33 34/44/34
f 14/16/14 35/45/35 36/46/36
f 16/18/16 35/45/35 14/16/14
f 16/18/16 37/47/37 35/45/35
f 14/48/14 36/49/36 38/50/38
f 21/23/21 39/51/39 20/22/20
f 14/48/14 38/50/38 17/52/17
f 40/53/40 21/54/21 19/55/19
f 1/1/1 26/32/26 27/33/27
f 6/6/6 41/56/41 4/4/4
f 6/6/6 42/57/42 41/56/41
f 3/3/3 43/58/43 26/32/26
f 3/59/3 2/60/2 43/61/43
f 27/33/27 44/62/44 8/10/8
f 4/7/4 45/63/45 7/8/7
f 6/29/6 23/28/23 42/64/42
f 7/8/7 45/63/45 46/65/46
f 47/66/47 43/61/43 2/60/2
f 23/28/23 5/27/5 29/67/29
f 46/65/46 9/11/9 7/8/7
f 2/36/2 28/35/28 47/68/47
f 12/14/12 48/69/48 30/38/30
f 10/12/10 30/38/30 32/42/32
f 32/42/32 33/43/33 11/13/11
f 13/39/13 34/70/34 31/40/31
f 11/13/11 33/43/33 13/15/13
f 49/71/49 24/30/24 20/22/20
f 20/22/20 39/51/39 49/71/49
f 24/30/24 50/72/50 18/20/18
f 16/26/16 22/25/22 37/73/37
f 21/54/21 51/74/51 39/75/39
f 15/24/15 52/76/52 22/25/22
f 17/77/17 53/78/53 15/79/15
f 25/31/25 40/80/40 19/21/19
f 15/79/15 53/78/53 52/81/52
f 21/54/21 40/53/40 51/74/51
f 54/82/54 55/83/55 56/84/56
f 57/85/57 58/86/58 59/87/59
f 57/88/57 59/89/59 60/90/60
f 61/91/61 62/92/62 63/93/63
f 63/94/63 41/95/41 64/96/64
f 63/94/63 45/97/45 41/95/41
f 65/98/65 66/99/66 67/100/67
f 68/101/68 26/32/26 69/102/69
f 54/82/54 69/103/69 70/104/70
f 54/82/54 70/104/70 55/83/55
f 71/105/71 44/106/44 68/107/68
f 66/99/66 65/98/65 60/108/60
f 61/91/61 67/109/67 62/92/62
f 44/62/44 27/33/27 68/101/68
f 68/101/68 27/33/27 26/32/26
f 56/110/56 72/111/72 73/112/73
f 73/113/73 74/114/74 75/115/75
f 65/98/65 67/100/67 61/116/61
f 69/117/69 26/118/26 43/61/43
f 60/119/60 59/120/59 66/121/66
f 63/93/63 62/92/62 76/122/76
f 41/123/41 42/124/42 64/125/64
f 55/126/55 72/111/72 56/110/56
f 63/127/63 76/128/76 45/63/45
f 73/112/73 72/111/72 74/129/74
f 4/4/4 41/56/41 45/130/45
f 72/111/72 77/131/77 74/129/74
f 58/132/58 78/133/78 59/134/59
f 75/115/75 78/135/78 58/136/58
f 69/117/69 43/61/43 70/137/70
f 59/120/59 79/138/79 66/121/66
f 66/99/66 80/139/80 67/100/67
f 81/140/81 42/64/42 23/28/23
f 74/114/74 78/135/78 75/115/75
f 45/63/45 76/128/76 46/65/46
f 82/141/82 70/137/70 43/61/43
f 59/134/59 83/142/83 79/143/79
f 44/106/44 71/105/71 84/144/84
f 47/66/47 85/145/85 43/61/43
f 62/146/62 67/100/67 86/147/86
f 44/62/44 28/148/28 8/10/8
f 85/145/85 82/141/82 43/61/43
f 87/149/87 77/131/77 72/111/72
f 62/92/62 86/150/86 76/122/76
f 44/151/44 84/152/84 28/35/28
f 78/133/78 83/142/83 59/134/59
f 67/100/67 80/139/80 86/147/86
f 86/150/86 88/153/88 76/122/76
f 66/154/66 79/155/79 80/156/80
f 46/65/46 29/37/29 9/11/9
f 83/142/83 89/157/89 79/143/79
f 74/114/74 90/158/90 78/135/78
f 76/128/76 91/159/91 46/65/46
f 70/137/70 82/141/82 92/160/92
f 70/161/70 93/162/93 55/126/55
f 76/128/76 94/163/94 91/159/91
f 23/164/23 29/165/29 95/166/95
f 71/167/71 96/168/96 84/152/84
f 90/158/90 97/169/97 78/135/78
f 55/126/55 93/162/93 72/111/72
f 77/170/77 87/171/87 98/172/98
f 78/133/78 97/173/97 83/142/83
f 99/174/99 79/175/79 89/176/89
f 79/155/79 99/177/99 80/156/80
f 86/178/86 100/179/100 88/180/88
f 46/65/46 91/159/91 29/37/29
f 84/152/84 101/181/101 28/35/28
f 86/182/86 80/183/80 102/184/102
f 100/179/100 86/178/86 103/185/103
f 76/122/76 88/153/88 94/186/94
f 28/35/28 85/187/85 47/68/47
f 93/162/93 104/188/104 72/111/72
f 72/189/72 104/190/104 87/191/87
f 74/192/74 105/193/105 90/194/90
f 106/195/106 83/142/83 97/173/97
f 107/196/107 84/152/84 96/168/96
f 101/181/101 85/187/85 28/35/28
f 77/197/77 105/193/105 74/192/74
f 80/183/80 108/198/108 102/184/102
f 87/191/87 104/190/104 109/199/109
f 110/200/110 91/201/91 94/202/94
f 86/178/86 102/203/102 103/185/103
f 111/204/111 89/205/89 106/206/106
f 112/207/112 95/208/95 29/209/29
f 96/210/96 113/211/113 107/212/107
f 29/213/29 91/214/91 112/215/112
f 85/216/85 114/217/114 82/218/82
f 115/219/115 90/220/90 105/221/105
f 110/200/110 116/222/116 91/201/91
f 107/196/107 101/181/101 84/152/84
f 85/187/85 101/181/101 114/223/114
f 111/204/111 117/224/117 89/205/89
f 91/214/91 116/225/116 112/215/112
f 118/226/118 89/205/89 117/224/117
f 104/190/104 119/227/119 109/199/109
f 113/228/113 120/229/120 107/230/107
f 104/190/104 121/231/121 119/227/119
f 108/232/108 122/233/122 102/234/102
f 112/207/112 123/235/123 95/208/95
f 113/228/113 124/236/124 120/229/120
f 117/237/117 125/238/125 118/239/118
f 126/240/126 119/241/119 127/242/127
f 113/243/113 48/244/48 124/245/124
f 128/246/128 129/247/129 130/248/130
f 114/217/114 131/249/131 82/218/82
f 121/250/121 132/251/132 119/252/119
f 130/253/130 129/254/129 132/255/132
f 102/234/102 122/233/122 103/256/103
f 107/196/107 120/257/120 101/181/101
f 133/258/133 112/215/112 116/225/116
f 123/235/123 112/207/112 134/259/134
f 113/260/113 135/261/135 48/262/48
f 114/263/114 136/264/136 131/265/131
f 129/266/129 137/267/137 132/268/132
f 119/252/119 138/269/138 127/270/127
f 132/251/132 138/269/138 119/252/119
f 108/271/108 139/272/139 122/273/122
f 135/274/135 30/38/30 48/69/48
f 114/223/114 140/275/140 136/276/136
f 101/181/101 140/275/140 114/223/114
f 120/257/120 140/275/140 101/181/101
f 108/271/108 141/277/141 139/272/139
f 12/41/12 31/40/31 48/244/48
f 124/236/124 142/278/142 120/229/120
f 48/244/48 31/40/31 124/245/124
f 135/279/135 143/280/143 30/281/30
f 144/282/144 125/283/125 117/284/117
f 133/285/133 145/286/145 112/207/112
f 112/207/112 145/286/145 134/259/134
f 30/38/30 143/287/143 32/42/32
f 120/229/120 142/278/142 140/288/140
f 124/245/124 146/289/146 142/290/142
f 133/291/133 147/292/147 145/293/145
f 148/294/148 131/295/131 136/296/136
f 139/297/139 149/298/149 150/299/150
f 124/245/124 31/40/31 146/289/146
f 125/300/125 151/301/151 152/302/152
f 32/42/32 143/287/143 33/43/33
f 134/303/134 145/304/145 153/305/153
f 31/306/31 34/307/34 146/308/146
f 154/309/154 138/310/138 155/311/155
f 146/312/146 156/313/156 142/314/142
f 144/315/144 151/301/151 125/300/125
f 143/316/143 157/317/157 33/318/33
f 146/308/146 34/307/34 33/318/33
f 158/319/158 154/309/154 155/311/155
f 138/310/138 154/309/154 127/320/127
f 156/313/156 140/321/140 142/314/142
f 136/322/136 159/323/159 148/324/148
f 139/325/139 141/326/141 160/327/160
f 158/328/158 161/329/161 154/330/154
f 160/327/160 149/331/149 139/325/139
f 140/332/140 162/333/162 136/334/136
f 33/318/33 157/317/157 146/308/146
f 163/335/163 161/329/161 158/328/158
f 164/336/164 127/337/127 165/338/165
f 160/339/160 166/340/166 149/341/149
f 167/342/167 168/343/168 144/344/144
f 162/345/162 159/323/159 136/322/136
f 127/337/127 154/346/154 165/338/165
f 144/315/144 168/347/168 151/301/151
f 141/326/141 169/348/169 160/327/160
f 162/333/162 140/332/140 156/349/156
f 153/350/153 145/351/145 170/352/170
f 147/292/147 171/353/171 145/293/145
f 165/354/165 154/355/154 172/356/172
f 145/351/145 173/357/173 170/352/170
f 141/326/141 174/358/174 169/348/169
f 175/359/175 176/360/176 161/329/161
f 161/329/161 176/360/176 154/330/154
f 177/361/177 178/362/178 179/363/179
f 179/363/179 178/362/178 180/364/180
f 171/365/171 173/357/173 145/351/145
f 156/349/156 181/366/181 162/333/162
f 146/312/146 181/367/181 156/313/156
f 168/368/168 182/369/182 151/370/151
f 146/312/146 157/371/157 181/367/181
f 180/372/180 178/373/178 183/374/183
f 157/375/157 184/376/184 181/377/181
f 154/355/154 185/378/185 172/356/172
f 173/379/173 35/380/35 170/381/170
f 181/366/181 24/382/24 162/333/162
f 178/373/178 186/383/186 183/374/183
f 173/384/173 187/385/187 35/386/35
f 182/387/182 188/388/188 189/389/189
f 177/390/177 190/391/190 178/392/178
f 190/393/190 191/394/191 178/395/178
f 181/366/181 192/396/191 24/382/24
f 36/46/36 35/45/35 187/397/187
f 193/398/192 174/399/174 194/400/193
f 162/345/162 49/401/49 159/323/159
f 181/366/181 184/402/184 192/396/191
f 195/403/194 196/404/195 190/405/190
f 24/382/24 49/406/49 162/333/162
f 197/407/196 198/408/197 199/409/198
f 196/410/195 191/394/191 190/393/190
f 200/411/199 201/412/200 202/413/201
f 203/414/202 186/415/186 204/416/203
f 202/413/201 201/412/200 38/417/38
f 202/418/201 38/50/38 187/419/187
f 49/401/49 198/420/197 159/323/159
f 178/395/178 205/421/204 186/422/186
f 189/423/189 206/424/205 194/425/193
f 207/426/206 208/427/207 209/428/208
f 209/429/208 210/430/209 196/431/195
f 191/394/191 205/421/204 178/395/178
f 187/419/187 38/50/38 36/49/36
f 199/432/198 208/427/207 207/426/206
f 184/402/184 211/433/210 192/396/191
f 204/416/203 206/434/205 189/435/189
f 193/436/192 212/437/211 200/438/199
f 198/439/197 208/427/207 199/432/198
f 49/440/49 39/441/39 198/442/197
f 196/431/195 213/443/212 191/444/191
f 192/445/191 50/72/50 24/30/24
f 205/446/204 204/416/203 186/415/186
f 194/447/193 212/437/211 193/436/192
f 208/427/207 210/448/209 209/428/208
f 50/72/50 192/445/191 25/31/25
f 196/431/195 210/430/209 213/443/212
f 192/445/191 214/449/213 25/31/25
f 200/411/199 212/450/211 201/412/200
f 50/72/50 25/31/25 18/20/18
f 206/451/205 212/437/211 194/447/193
f 215/452/214 214/453/213 192/454/191
f 39/441/39 51/455/51 198/442/197
f 205/446/204 216/456/215 204/416/203
f 17/52/17 38/50/38 53/457/53
f 192/454/191 211/458/210 215/452/214
f 51/455/51 217/459/216 198/442/197
f 191/460/191 216/461/215 205/462/204
f 212/437/211 206/451/205 218/463/217
f 219/464/218 22/25/22 52/76/52
f 198/442/197 217/459/216 208/465/207
f 204/466/203 220/467/219 206/468/205
f 25/31/25 214/449/213 40/80/40
f 38/469/38 221/470/220 53/78/53
f 40/53/40 217/471/216 51/74/51
f 210/448/209 208/427/207 222/472/221
f 53/78/53 221/470/220 52/81/52
f 208/427/207 217/473/216 223/474/222
f 213/475/212 224/476/223 191/460/191
f 191/460/191 224/476/223 216/461/215
f 222/472/221 208/427/207 223/474/222
f 204/466/203 216/477/215 220/467/219
f 220/478/219 218/479/217 206/480/205
f 52/81/52 221/470/220 225/481/224
f 40/53/40 214/482/213 217/471/216
f 212/483/211 226/484/225 201/485/200
f 201/486/200 221/487/220 38/488/38
f 201/485/200 226/484/225 221/489/220
f 210/430/209 222/490/221 213/443/212
f 69/103/69 54/82/54 227/491/226
f 228/492/227 71/105/71 68/107/68
f 64/125/64 42/124/42 229/493/228
f 42/64/42 81/140/81 229/494/228
f 23/28/23 230/495/229 81/140/81
f 23/28/23 95/496/95 230/495/229
f 92/497/92 231/498/230 70/499/70
f 98/500/98 105/193/105 77/197/77
f 70/499/70 231/498/230 93/501/93
f 106/195/106 89/157/89 83/142/83
f 89/176/89 232/502/231 99/174/99
f 231/503/230 233/504/232 93/505/93
f 93/506/93 233/507/232 104/508/104
f 90/509/90 234/510/233 97/511/97
f 235/512/234 232/502/231 89/176/89
f 80/513/80 236/514/235 108/515/108
f 92/516/92 237/517/236 238/518/237
f 234/510/233 90/509/90 239/519/238
f 109/199/109 119/227/119 126/520/126
f 89/176/89 118/521/118 235/512/234
f 82/218/82 131/249/131 92/516/92
f 92/516/92 131/249/131 237/517/236
f 121/522/121 130/253/130 132/255/132
f 90/523/90 115/524/115 239/525/238
f 122/526/122 240/527/239 103/528/103
f 116/225/116 241/529/240 133/258/133
f 118/239/118 242/530/241 235/531/234
f 115/219/115 243/532/242 239/533/238
f 244/534/243 108/515/108 236/514/235
f 118/239/118 125/238/125 242/530/241
f 241/535/240 245/536/244 133/537/133
f 137/267/137 246/538/245 132/268/132
f 123/235/123 134/259/134 247/539/246
f 122/540/122 150/541/150 240/542/239
f 132/268/132 246/538/245 138/543/138
f 139/544/139 150/541/150 122/540/122
f 126/240/126 127/242/127 248/545/247
f 125/238/125 152/546/152 242/530/241
f 244/547/243 141/277/141 108/271/108
f 127/548/127 164/549/164 248/550/247
f 245/551/244 147/552/147 133/553/133
f 247/554/246 134/303/134 153/305/153
f 237/517/236 131/249/131 249/555/248
f 249/556/248 131/295/131 148/294/148
f 250/557/249 167/342/167 144/344/144
f 251/558/250 161/559/161 163/560/163
f 175/561/175 161/559/161 251/558/250
f 244/562/243 252/563/251 141/326/141
f 149/564/149 166/565/166 150/566/150
f 150/566/150 166/565/166 253/567/252
f 254/568/253 168/569/168 167/570/167
f 255/571/254 177/390/177 179/572/179
f 254/573/253 256/574/255 168/575/168
f 152/302/152 151/301/151 257/576/256
f 148/324/148 159/323/159 197/577/196
f 252/563/251 174/358/174 141/326/141
f 176/578/176 258/579/257 154/355/154
f 151/370/151 182/369/182 257/580/256
f 166/340/166 160/339/160 253/581/252
f 258/579/257 185/378/185 154/355/154
f 256/574/255 188/582/188 168/575/168
f 259/583/258 190/391/190 177/390/177
f 157/375/157 260/584/259 184/376/184
f 256/574/255 261/585/260 188/582/188
f 168/575/168 188/582/188 182/586/182
f 252/587/251 194/400/193 174/399/174
f 172/356/172 185/378/185 195/588/194
f 182/387/182 189/389/189 262/589/261
f 263/590/262 190/591/190 259/592/258
f 264/593/263 197/594/196 199/595/198
f 263/590/262 195/596/194 190/591/190
f 265/597/264 193/436/192 200/438/199
f 266/598/265 202/418/201 187/419/187
f 207/599/206 209/600/208 185/601/185
f 188/602/188 267/603/266 203/604/202
f 188/388/188 203/605/202 189/389/189
f 265/606/264 200/607/199 202/608/201
f 185/609/185 196/404/195 195/403/194
f 198/610/197 197/611/196 159/612/159
f 196/431/195 185/613/185 209/429/208
f 189/435/189 203/414/202 204/416/203
f 170/614/170 35/615/35 268/616/267
f 35/45/35 37/47/37 268/617/267
f 37/73/37 219/464/218 268/618/267
f 22/25/22 219/464/218 37/73/37
f 219/464/218 52/76/52 225/619/224
f 269/620/268 270/621/269 211/458/210
f 270/621/269 215/452/214 211/458/210
f 219/464/218 225/619/224 271/622/270
f 225/619/224 272/623/271 271/622/270
f 215/452/214 273/624/272 214/453/213
f 274/625/273 213/443/212 222/490/221
f 226/484/225 275/626/274 221/489/220
f 63/94/63 64/96/64 276/627/275
f 69/628/69 277/629/276 68/630/68
f 73/112/73 278/631/277 56/110/56
f 75/115/75 279/632/278 73/113/73
f 58/136/58 279/632/278 75/115/75
f 280/633/279 57/88/57 60/90/60
f 65/98/65 281/634/280 60/108/60
f 61/635/61 282/636/281 65/637/65
f 71/638/71 283/639/282 96/640/96
f 92/497/92 238/641/237 231/498/230
f 233/507/232 284/642/283 104/508/104
f 234/643/233 106/195/106 97/173/97
f 103/185/103 285/644/284 100/179/100
f 88/645/88 100/646/100 94/647/94
f 99/648/99 236/514/235 80/513/80
f 96/210/96 286/649/285 113/211/113
f 116/225/116 110/650/110 241/529/240
f 135/261/135 113/260/113 287/651/286
f 179/363/179 180/364/180 288/652/287
f 148/324/148 289/653/288 249/654/248
f 247/554/246 153/305/153 290/655/289
f 172/656/172 291/657/290 165/338/165
f 148/324/148 197/577/196 289/653/288
f 147/658/147 292/659/291 171/660/171
f 254/573/253 261/585/260 256/574/255
f 293/661/292 294/662/293 157/663/157
f 157/663/157 294/662/293 260/664/259
f 173/384/173 266/665/265 187/385/187
f 197/594/196 264/593/263 289/666/288
f 182/387/182 262/589/261 257/667/256
f 261/668/260 267/603/266 188/602/188
f 174/399/174 193/398/192 295/669/294
f 169/670/169 174/399/174 295/669/294
f 266/671/265 265/672/264 202/673/201
f 184/376/184 296/674/295 211/675/210
f 211/676/210 296/677/295 269/678/268
f 270/621/269 273/624/272 215/452/214
f 225/481/224 297/679/296 272/680/271
f 214/482/213 298/681/297 217/471/216
f 299/682/298 223/474/222 217/473/216
f 224/476/223 300/683/299 216/461/215
f 301/684/300 220/467/219 216/477/215
f 220/478/219 302/685/301 218/479/217
f 275/686/274 225/481/224 221/470/220
f 214/453/213 273/624/272 303/687/302
f 69/628/69 227/688/226 277/629/276
f 56/84/56 227/491/226 54/82/54
f 73/112/73 304/689/303 278/631/277
f 60/90/60 281/690/280 280/633/279
f 65/98/65 282/691/281 281/634/280
f 276/692/275 282/636/281 61/635/61
f 68/107/68 305/693/304 228/492/227
f 278/694/277 227/491/226 56/84/56
f 63/93/63 276/695/275 61/91/61
f 306/696/305 64/125/64 307/697/306
f 228/492/227 308/698/307 71/105/71
f 307/697/306 64/125/64 229/493/228
f 71/638/71 308/699/307 283/639/282
f 283/700/282 286/649/285 96/210/96
f 100/179/100 285/644/284 309/701/308
f 98/500/98 310/702/309 105/193/105
f 126/520/126 311/703/310 109/199/109
f 95/208/95 312/704/311 230/705/229
f 105/221/105 313/706/312 115/219/115
f 95/208/95 123/235/123 312/704/311
f 286/707/285 287/651/286 113/260/113
f 103/185/103 240/708/239 314/709/313
f 248/545/247 315/710/314 126/240/126
f 123/235/123 247/539/246 312/704/311
f 143/280/143 135/279/135 287/711/286
f 316/712/315 143/280/143 317/713/316
f 318/714/317 248/550/247 164/549/164
f 319/715/318 143/280/143 316/712/315
f 143/716/143 319/717/318 293/661/292
f 293/718/292 157/317/157 143/316/143
f 179/363/179 288/652/287 320/719/319
f 290/655/289 153/305/153 170/720/170
f 175/359/175 321/721/320 176/360/176
f 255/571/254 259/583/258 177/390/177
f 322/722/321 173/357/173 171/365/171
f 173/357/173 323/723/322 266/724/265
f 170/720/170 268/725/267 290/655/289
f 324/726/323 183/374/183 186/383/186
f 325/727/324 172/356/172 195/588/194
f 252/728/251 326/729/325 194/730/193
f 260/584/259 296/674/295 184/376/184
f 324/726/323 186/383/186 327/731/326
f 327/732/326 186/415/186 203/414/202
f 262/733/261 189/734/189 194/730/193
f 223/735/222 328/736/327 222/737/221
f 328/738/327 274/625/273 222/490/221
f 213/475/212 274/739/273 224/476/223
f 300/683/299 224/476/223 329/740/328
f 330/741/329 216/477/215 300/742/299
f 301/684/300 216/477/215 330/741/329
f 331/743/330 218/463/217 302/744/301
f 212/437/211 218/463/217 331/743/330
f 332/745/331 275/626/274 226/484/225
f 298/681/297 214/482/213 303/746/302
f 299/747/298 217/748/216 298/749/297
f 332/745/331 226/484/225 212/483/211
f 305/750/304 68/751/68 277/752/276
f 304/753/303 73/754/73 279/755/278
f 279/756/278 58/86/58 57/85/57
f 276/757/275 64/125/64 306/696/305
f 333/758/332 231/498/230 238/641/237
f 231/503/230 334/759/333 233/504/232
f 311/703/310 87/191/87 109/199/109
f 87/171/87 335/760/334 98/172/98
f 336/761/335 99/174/99 232/502/231
f 309/762/308 94/647/94 100/646/100
f 238/641/237 237/763/236 337/764/336
f 337/765/336 237/766/236 338/767/337
f 339/768/338 241/529/240 110/650/110
f 340/769/339 234/510/233 239/519/238
f 340/770/339 239/771/238 341/772/340
f 342/773/341 128/246/128 130/248/130
f 129/247/129 128/246/128 343/774/342
f 344/775/343 117/224/117 111/204/111
f 345/776/344 244/777/243 236/778/235
f 346/779/345 235/531/234 242/530/241
f 143/280/143 287/711/286 317/713/316
f 347/780/346 240/542/239 150/541/150
f 242/781/241 152/302/152 348/782/347
f 349/783/348 237/784/236 249/785/248
f 164/549/164 350/786/349 318/714/317
f 251/787/250 351/788/350 352/789/351
f 163/790/163 351/791/350 251/792/250
f 163/793/163 353/794/352 351/795/350
f 158/319/158 353/796/352 163/797/163
f 244/562/243 354/798/353 252/563/251
f 352/789/351 355/799/354 251/787/250
f 249/654/248 289/653/288 356/800/355
f 251/558/250 355/801/354 175/561/175
f 152/302/152 257/576/256 357/802/356
f 358/803/357 261/585/260 254/573/253
f 355/801/354 359/804/358 175/561/175
f 360/805/359 171/660/171 292/659/291
f 160/339/160 361/806/360 253/581/252
f 253/581/252 361/806/360 362/807/361
f 363/808/362 258/579/257 176/578/176
f 356/809/355 289/666/288 364/810/363
f 365/811/364 257/667/256 366/812/365
f 257/667/256 262/589/261 366/812/365
f 289/666/288 264/593/263 364/810/363
f 169/670/169 295/669/294 367/813/366
f 185/601/185 368/814/367 207/599/206
f 263/815/262 369/816/368 195/588/194
f 262/733/261 194/730/193 370/817/369
f 193/398/192 371/818/370 295/669/294
f 193/398/192 265/819/264 371/818/370
f 265/820/264 372/821/371 371/822/370
f 265/672/264 373/823/372 372/824/371
f 266/671/265 373/823/372 265/672/264
f 290/825/289 268/826/267 271/827/270
f 268/618/267 219/464/218 271/622/270
f 299/828/298 328/736/327 223/735/222
f 224/476/223 274/739/273 329/740/328
f 220/478/219 301/829/300 302/685/301
f 331/830/330 332/745/331 212/483/211
f 275/686/274 297/679/296 225/481/224
f 307/697/306 229/493/228 374/831/373
f 229/494/228 81/140/81 374/832/373
f 231/833/230 333/834/332 334/835/333
f 87/171/87 311/836/310 335/760/334
f 234/643/233 375/837/374 106/195/106
f 106/206/106 375/838/374 376/839/375
f 94/647/94 309/762/308 377/840/376
f 376/839/375 111/204/111 106/206/106
f 232/502/231 235/512/234 378/841/377
f 377/840/376 110/842/110 94/647/94
f 377/840/376 339/843/338 110/842/110
f 311/844/310 126/240/126 379/845/378
f 234/510/233 340/769/339 380/846/379
f 376/839/375 344/775/343 111/204/111
f 104/190/104 284/847/283 121/231/121
f 284/847/283 381/848/380 121/231/121
f 382/849/381 105/850/105 310/851/309
f 382/852/381 313/706/312 105/221/105
f 379/845/378 126/240/126 383/853/382
f 384/854/383 117/284/117 344/855/343
f 239/771/238 243/856/242 341/772/340
f 240/542/239 347/780/346 314/857/313
f 383/853/382 126/240/126 315/710/314
f 235/531/234 346/779/345 385/858/384
f 384/854/383 144/282/144 117/284/117
f 129/266/129 343/859/342 137/267/137
f 384/854/383 386/860/385 144/282/144
f 241/535/240 387/861/386 245/536/244
f 248/862/247 318/863/317 315/864/314
f 144/282/144 386/860/385 250/865/249
f 138/310/138 388/866/387 155/311/155
f 242/530/241 348/867/347 346/779/345
f 150/541/150 389/868/388 347/780/346
f 250/557/249 390/869/389 167/342/167
f 158/319/158 155/311/155 353/796/352
f 357/802/356 348/782/347 152/302/152
f 389/870/388 150/871/150 391/872/390
f 150/566/150 253/567/252 391/873/390
f 165/338/165 392/874/391 164/336/164
f 179/363/179 393/875/392 255/876/254
f 147/877/147 394/878/393 292/879/291
f 291/657/290 392/874/391 165/338/165
f 354/880/353 395/881/394 252/882/251
f 254/568/253 396/883/395 358/884/357
f 393/885/392 397/886/396 255/571/254
f 397/886/396 398/887/397 255/571/254
f 183/374/183 399/888/398 180/372/180
f 176/360/176 321/721/320 363/889/362
f 169/348/169 367/890/366 160/327/160
f 258/579/257 363/808/362 400/891/399
f 258/579/257 400/891/399 185/378/185
f 255/571/254 398/887/397 259/583/258
f 183/374/183 324/726/323 399/888/398
f 398/892/397 401/893/400 259/894/258
f 323/895/322 402/896/401 266/897/265
f 395/898/394 326/729/325 252/728/251
f 195/588/194 369/816/368 325/727/324
f 259/592/258 401/899/400 263/590/262
f 264/593/263 403/900/402 364/810/363
f 199/595/198 403/900/402 264/593/263
f 199/901/198 404/902/403 403/903/402
f 207/904/206 404/905/403 199/906/198
f 185/907/185 400/908/399 368/909/367
f 203/414/202 267/910/266 405/911/404
f 266/912/265 406/913/405 373/914/372
f 266/912/265 402/915/401 406/913/405
f 326/729/325 370/817/369 194/730/193
f 227/491/226 278/694/277 407/916/406
f 304/689/303 408/917/407 278/631/277
f 280/633/279 409/918/408 57/88/57
f 282/691/281 410/919/409 281/634/280
f 238/641/237 337/764/336 333/758/332
f 334/920/333 411/921/410 233/507/232
f 233/507/232 411/921/410 284/642/283
f 380/846/379 375/922/374 234/510/233
f 232/502/231 378/841/377 336/761/335
f 99/648/99 336/923/335 236/514/235
f 335/924/334 310/702/309 98/500/98
f 235/512/234 385/925/384 378/841/377
f 103/185/103 314/709/313 285/644/284
f 377/840/376 309/762/308 339/843/338
f 379/926/378 335/760/334 311/836/310
f 236/514/235 336/923/335 345/927/344
f 130/253/130 412/928/411 342/929/341
f 121/522/121 412/928/411 130/253/130
f 121/930/121 381/931/380 412/932/411
f 339/933/338 387/861/386 241/535/240
f 115/219/115 313/706/312 243/532/242
f 237/766/236 349/934/348 338/767/337
f 385/858/384 346/779/345 413/935/412
f 345/776/344 414/936/413 244/777/243
f 346/779/345 415/937/414 413/935/412
f 415/937/414 416/938/415 413/935/412
f 343/859/342 417/939/416 137/267/137
f 244/777/243 414/936/413 354/940/353
f 137/267/137 417/939/416 418/941/417
f 137/267/137 418/941/417 246/538/245
f 246/538/245 418/941/417 388/942/387
f 246/943/245 388/944/387 138/945/138
f 386/860/385 419/946/418 250/865/249
f 346/947/345 348/948/347 415/949/414
f 388/866/387 353/796/352 155/311/155
f 349/950/348 420/951/419 352/952/351
f 249/953/248 420/951/419 349/950/348
f 387/954/386 394/955/393 245/551/244
f 245/551/244 394/955/393 147/552/147
f 249/953/248 356/956/355 420/951/419
f 164/336/164 392/874/391 350/957/349
f 179/363/179 320/719/319 393/875/392
f 167/570/167 390/958/389 254/568/253
f 254/568/253 390/958/389 396/883/395
f 357/959/356 365/960/364 395/881/394
f 261/585/260 358/803/357 421/961/420
f 357/962/356 257/667/256 365/811/364
f 172/963/172 325/964/324 291/965/290
f 180/364/180 399/966/398 288/652/287
f 391/873/390 253/567/252 362/967/361
f 359/968/358 321/969/320 175/970/175
f 325/964/324 398/887/397 397/886/396
f 367/971/366 361/806/360 160/339/160
f 360/805/359 322/972/321 171/660/171
f 322/722/321 323/723/322 173/357/173
f 356/809/355 364/810/363 422/973/421
f 364/810/363 403/900/402 422/973/421
f 399/888/398 324/726/323 358/974/357
f 363/975/362 368/909/367 400/908/399
f 323/895/322 423/976/422 402/896/401
f 365/977/364 366/978/365 424/979/423
f 261/585/260 421/961/420 267/980/266
f 267/981/266 421/982/420 425/983/424
f 367/813/366 295/669/294 371/818/370
f 403/984/402 404/985/403 359/968/358
f 327/731/326 426/986/425 324/726/323
f 207/599/206 368/814/367 404/987/403
f 263/590/262 401/899/400 369/988/368
f 203/414/202 405/911/404 327/732/326
f 267/910/266 425/989/424 405/911/404
f 262/990/261 370/991/369 366/992/365
f 290/655/289 271/993/270 427/994/426
f 298/749/297 428/995/427 299/747/298
f 299/828/298 429/996/428 328/736/327
f 301/829/300 430/997/429 302/685/301
f 301/684/300 431/998/430 430/999/429
f 302/744/301 430/1000/429 331/743/330
f 276/1001/275 306/1002/305 432/1003/431
f 81/140/81 230/495/229 374/832/373
f 337/764/336 433/1004/432 333/758/332
f 333/834/332 433/1005/432 334/835/333
f 334/1006/333 433/1007/432 412/1008/411
f 433/1009/432 434/1010/433 412/1011/411
f 378/841/377 435/1012/434 336/761/335
f 337/764/336 434/1013/433 433/1004/432
f 338/1014/337 434/1013/433 337/764/336
f 334/1006/333 412/1008/411 411/1015/410
f 375/838/374 344/775/343 376/839/375
f 378/1016/377 385/1017/384 413/1018/412
f 378/1016/377 413/1018/412 435/1019/434
f 285/644/284 314/709/313 309/701/308
f 412/1020/411 284/642/283 411/921/410
f 380/1021/379 344/775/343 375/838/374
f 434/1010/433 342/773/341 412/1011/411
f 380/1022/379 340/1023/339 344/1024/343
f 284/1025/283 412/932/411 381/931/380
f 310/1026/309 335/1027/334 382/1028/381
f 309/701/308 314/709/313 436/1029/435
f 340/1023/339 341/1030/340 344/1024/343
f 342/773/341 343/774/342 128/246/128
f 341/1031/340 384/1032/383 344/1033/343
f 435/1034/434 345/1035/344 336/1036/335
f 434/1010/433 343/774/342 342/773/341
f 335/1037/334 437/1038/436 382/1039/381
f 379/845/378 383/853/382 335/1040/334
f 335/1037/334 383/1041/382 437/1038/436
f 436/1042/435 339/933/338 309/1043/308
f 338/1044/337 417/1045/416 434/1046/433
f 382/852/381 437/1047/436 313/706/312
f 435/1034/434 413/1048/412 345/1035/344
f 417/939/416 343/859/342 434/1049/433
f 437/1047/436 243/532/242 313/706/312
f 383/853/382 315/710/314 437/1050/436
f 413/1048/412 438/1051/437 345/1035/344
f 314/1052/313 347/1053/346 436/1054/435
f 345/1035/344 438/1051/437 414/1055/413
f 339/933/338 436/1042/435 387/861/386
f 413/935/412 416/938/415 438/1056/437
f 347/780/346 389/868/388 436/1057/435
f 341/1031/340 386/1058/385 384/1032/383
f 243/856/242 419/1059/418 341/772/340
f 437/1060/436 419/1061/418 243/1062/242
f 341/1063/340 419/946/418 386/860/385
f 436/1057/435 389/868/388 439/1064/438
f 315/864/314 318/863/317 437/1060/436
f 439/1065/438 387/861/386 436/1042/435
f 338/1066/337 349/1067/348 417/1068/416
f 388/1069/387 418/1070/417 351/1071/350
f 388/866/387 351/1072/350 353/796/352
f 417/939/416 352/1073/351 418/941/417
f 437/1060/436 318/863/317 419/1061/418
f 391/872/390 439/1074/438 389/870/388
f 417/1075/416 349/950/348 352/952/351
f 352/789/351 351/788/350 418/1076/417
f 419/1077/418 390/869/389 250/557/249
f 415/949/414 348/948/347 416/1078/415
f 438/1051/437 416/1079/415 414/1055/413
f 419/1077/418 288/1080/287 390/869/389
f 439/1081/438 394/955/393 387/954/386
f 318/1082/317 320/1083/319 419/1077/418
f 419/1077/418 320/1083/319 288/1080/287
f 414/1084/413 416/1085/415 354/1086/353
f 348/1087/347 357/959/356 416/1088/415
f 318/1089/317 350/957/349 393/1090/392
f 352/952/351 420/951/419 355/1091/354
f 318/1089/317 393/1090/392 320/1092/319
f 416/1088/415 357/959/356 354/880/353
f 439/1081/438 440/1093/439 394/955/393
f 350/957/349 397/1094/396 393/1090/392
f 420/951/419 356/956/355 355/1091/354
f 350/957/349 392/874/391 397/1094/396
f 391/873/390 440/1095/439 439/1096/438
f 390/958/389 288/1097/287 396/883/395
f 357/959/356 395/881/394 354/880/353
f 356/1098/355 422/1099/421 355/801/354
f 392/874/391 291/657/290 397/1094/396
f 291/965/290 325/964/324 397/886/396
f 422/1099/421 359/804/358 355/801/354
f 394/878/393 440/1100/439 292/879/291
f 288/1097/287 358/884/357 396/883/395
f 440/1095/439 391/873/390 360/1101/359
f 440/1102/439 360/805/359 292/659/291
f 288/1103/287 399/888/398 358/974/357
f 322/722/321 423/1104/422 323/723/322
f 359/1105/358 422/973/421 403/900/402
f 395/898/394 365/1106/364 424/1107/423
f 321/1108/320 368/814/367 363/1109/362
f 395/898/394 424/1107/423 326/729/325
f 367/971/366 371/1110/370 361/806/360
f 362/967/361 360/1101/359 391/873/390
f 322/972/321 360/805/359 423/1111/422
f 362/1112/361 441/1113/440 360/1114/359
f 361/1115/360 441/1116/440 362/1117/361
f 325/1118/324 401/893/400 398/892/397
f 360/1114/359 441/1113/440 372/1119/371
f 321/1108/320 404/987/403 368/814/367
f 358/803/357 426/1120/425 421/961/420
f 360/805/359 373/1121/372 423/1111/422
f 371/822/370 372/821/371 361/1115/360
f 424/1107/423 366/1122/365 370/817/369
f 359/968/358 404/985/403 321/969/320
f 325/1123/324 369/988/368 401/899/400
f 324/726/323 426/986/425 358/974/357
f 361/1115/360 372/821/371 441/1116/440
f 423/976/422 373/1124/372 406/1125/405
f 423/976/422 406/1125/405 402/896/401
f 421/982/420 426/1126/425 425/983/424
f 424/1107/423 370/817/369 326/729/325
f 372/1127/371 373/1121/372 360/805/359
f 405/911/404 426/1128/425 327/732/326
f 405/911/404 425/989/424 426/1128/425
f 271/622/270 272/623/271 442/1129/441
f 332/745/331 331/830/330 443/1130/442
f 227/688/226 444/1131/443 277/629/276
f 57/85/57 409/1132/408 279/756/278
f 312/704/311 247/539/246 445/1133/444
f 290/655/289 427/994/426 446/1134/445
f 447/1135/446 303/1136/302 273/1137/272
f 448/1138/447 428/995/427 298/749/297
f 274/739/273 449/1139/448 329/740/328
f 431/998/430 301/684/300 330/741/329
f 230/495/229 312/1140/311 450/1141/449
f 451/1142/450 287/651/286 286/707/285
f 293/661/292 452/1143/451 294/662/293
f 276/692/275 432/1144/431 282/636/281
f 228/492/227 453/1145/452 308/698/307
f 247/554/246 290/655/289 445/1146/444
f 410/1147/409 454/1148/453 281/1149/280
f 228/492/227 305/693/304 453/1145/452
f 307/697/306 374/831/373 455/1150/454
f 287/711/286 456/1151/455 317/713/316
f 428/1152/427 429/996/428 299/828/298
f 332/745/331 457/1153/456 275/626/274
f 308/699/307 458/1154/457 283/639/282
f 456/1155/455 459/1156/458 317/1157/316
f 297/679/296 442/1158/441 272/680/271
f 303/1159/302 448/1160/447 298/1161/297
f 279/756/278 409/1132/408 460/1162/459
f 281/1149/280 454/1148/453 280/1163/279
f 319/717/318 452/1143/451 293/661/292
f 260/664/259 294/662/293 461/1164/460
f 462/1165/461 300/683/299 329/740/328
f 282/1166/281 432/1167/431 410/1168/409
f 316/1169/315 452/1143/451 319/717/318
f 271/622/270 442/1129/441 427/1170/426
f 330/741/329 300/742/299 431/998/430
f 331/830/330 463/1171/462 443/1130/442
f 300/1172/299 462/1173/461 431/1174/430
f 305/1175/304 277/1176/276 464/1177/463
f 279/755/278 460/1178/459 304/753/303
f 280/633/279 465/1179/464 409/918/408
f 308/1180/307 453/1181/452 466/1182/465
f 274/625/273 467/1183/466 449/1184/448
f 227/491/226 407/916/406 444/1185/443
f 280/1186/279 454/1187/453 465/1188/464
f 374/832/373 230/495/229 450/1141/449
f 312/1189/311 445/1190/444 468/1191/467
f 461/1192/460 469/1193/468 260/584/259
f 429/996/428 470/1194/469 328/736/327
f 270/1195/269 471/1196/470 273/1137/272
f 328/738/327 467/1183/466 274/625/273
f 332/745/331 443/1130/442 457/1153/456
f 307/697/306 455/1150/454 306/696/305
f 283/700/282 458/1197/457 286/649/285
f 317/713/316 459/1198/458 316/712/315
f 449/1139/448 472/1199/471 329/740/328
f 430/1200/429 473/1201/472 331/1202/330
f 474/1203/473 475/1204/474 476/1205/475
f 474/1206/473 477/1207/476 475/1208/474
f 478/1209/477 479/1210/478 480/1211/479
f 481/1212/480 482/1213/481 483/1214/482
f 484/1215/483 485/1216/484 486/1217/485
f 487/1218/486 488/1219/487 489/1220/488
f 487/1221/486 490/1222/489 488/1223/487
f 488/1223/487 490/1222/489 491/1224/490
f 490/1225/489 492/1226/491 491/1227/490
f 490/1225/489 493/1228/492 492/1226/491
f 490/1229/489 494/1230/493 493/1231/492
f 495/1232/494 496/1233/495 497/1234/496
f 294/662/293 452/1143/451 461/1164/460
f 498/1235/497 499/1236/498 500/1237/499
f 500/1238/499 501/1239/500 502/1240/501
f 500/1237/499 502/1241/501 498/1235/497
f 503/1242/502 504/1243/503 505/1244/504
f 501/1245/500 506/1246/505 502/1247/501
f 502/1248/501 506/1249/505 507/1250/506
f 508/1251/507 509/1252/508 504/1243/503
f 296/677/295 510/1253/509 269/678/268
f 273/1137/272 471/1196/470 447/1135/446
f 428/1152/427 511/1254/510 429/996/428
f 464/1255/463 277/1256/276 444/1257/443
f 407/1258/406 278/631/277 408/917/407
f 455/1259/454 374/1260/373 450/1261/449
f 466/1262/465 458/1154/457 308/699/307
f 512/1263/511 513/1264/512 481/1265/480
f 513/1264/512 514/1266/513 481/1265/480
f 514/1267/513 482/1213/481 481/1212/480
f 514/1268/513 515/1269/514 482/1270/481
f 515/1269/514 516/1271/515 482/1270/481
f 515/1269/514 517/1272/516 516/1271/515
f 518/1273/517 519/1274/518 520/1275/519
f 481/1276/480 521/1277/520 512/1278/511
f 516/1271/515 522/1279/521 482/1270/481
f 523/1280/522 524/1281/523 525/1282/524
f 526/1283/525 525/1284/524 524/1285/523
f 476/1286/475 475/1208/474 527/1287/526
f 528/1288/527 518/1273/517 529/1289/528
f 518/1273/517 520/1275/519 529/1289/528
f 516/1271/515 517/1272/516 530/1290/529
f 526/1291/525 486/1217/485 525/1292/524
f 476/1293/475 527/1294/526 531/1295/530
f 477/1207/476 532/1296/531 475/1208/474
f 528/1288/527 529/1289/528 533/1297/532
f 487/1298/486 489/1299/488 520/1275/519
f 534/1300/533 487/1301/486 520/1302/519
f 481/1303/480 535/1304/534 521/1305/520
f 483/1214/482 535/1306/534 481/1212/480
f 530/1290/529 522/1279/521 516/1271/515
f 536/1307/535 478/1308/477 537/1309/536
f 520/1275/519 489/1299/488 529/1289/528
f 478/1308/477 480/1310/479 537/1309/536
f 522/1311/521 483/1312/482 482/1313/481
f 532/1296/531 527/1287/526 475/1208/474
f 479/1314/478 538/1315/537 539/1316/538
f 531/1295/530 540/1317/539 541/1318/540
f 531/1295/530 527/1294/526 540/1317/539
f 489/1299/488 533/1297/532 529/1289/528
f 479/1210/478 539/1319/538 480/1211/479
f 525/1292/524 486/1217/485 485/1216/484
f 480/1320/479 542/1321/541 537/1322/536
f 543/1323/542 544/1324/543 521/1325/520
f 537/1326/536 542/1327/541 545/1328/544
f 539/1329/538 542/1330/541 480/1331/479
f 535/1304/534 546/1332/545 521/1305/520
f 540/1333/539 547/1334/546 541/1335/540
f 535/1304/534 548/1336/547 546/1332/545
f 547/1334/546 549/1337/548 541/1335/540
f 544/1338/543 543/1339/542 550/1340/549
f 542/1341/541 551/1342/550 545/1343/544
f 484/1344/483 552/1345/551 553/1346/552
f 484/1347/483 486/1348/485 552/1349/551
f 487/1350/486 534/1351/533 554/1352/553
f 546/1353/545 543/1323/542 521/1325/520
f 555/1354/554 556/1355/555 557/1356/556
f 486/1357/485 555/1358/554 552/1359/551
f 548/1360/547 558/1361/557 546/1362/545
f 555/1354/554 557/1356/556 552/1363/551
f 546/1362/545 559/1364/558 543/1365/542
f 549/1337/548 557/1366/556 556/1367/555
f 489/1220/488 488/1219/487 533/1368/532
f 546/1362/545 558/1361/557 559/1364/558
f 543/1365/542 559/1364/558 560/1369/559
f 549/1337/548 547/1334/546 557/1366/556
f 554/1370/553 490/1222/489 487/1221/486
f 550/1340/549 543/1339/542 560/1371/559
f 553/1372/552 552/1363/551 561/1373/560
f 557/1356/556 561/1373/560 552/1363/551
f 547/1334/546 562/1374/561 557/1366/556
f 533/1375/532 488/1223/487 563/1376/562
f 545/1343/544 551/1342/550 564/1377/563
f 565/1378/564 566/1379/565 567/1380/566
f 557/1381/556 562/1382/561 568/1383/567
f 554/1370/553 494/1384/493 490/1222/489
f 565/1378/564 569/1385/568 566/1379/565
f 557/1356/556 568/1386/567 561/1373/560
f 550/1387/549 560/1388/559 570/1389/569
f 560/1369/559 559/1364/558 571/1390/570
f 551/1391/550 572/1392/571 564/1393/563
f 567/1394/566 571/1395/570 559/1396/558
f 567/1380/566 566/1379/565 571/1397/570
f 563/1376/562 488/1223/487 491/1224/490
f 571/1398/570 573/1399/572 560/1400/559
f 561/1401/560 568/1402/567 574/1403/573
f 570/1404/569 560/1400/559 575/1405/574
f 576/1406/575 566/1407/565 569/1408/568
f 561/1409/560 574/1410/573 577/1411/576
f 572/1412/571 497/1413/496 564/1414/563
f 577/1415/576 574/1416/573 578/1417/577
f 564/1414/563 497/1413/496 579/1418/578
f 572/1412/571 580/1419/579 497/1413/496
f 573/1420/572 571/1397/570 581/1421/580
f 581/1421/580 571/1397/570 566/1379/565
f 581/1421/580 566/1379/565 576/1422/575
f 578/1423/577 582/1424/581 583/1425/582
f 560/1400/559 573/1399/572 575/1405/574
f 563/1426/562 491/1427/490 492/1428/491
f 578/1423/577 584/1429/583 582/1424/581
f 574/1430/573 584/1431/583 578/1432/577
f 579/1433/578 497/1434/496 585/1435/584
f 574/1430/573 499/1436/498 586/1437/585
f 574/1430/573 586/1437/585 584/1431/583
f 563/1426/562 492/1428/491 587/1438/586
f 588/1439/587 584/1440/583 586/1441/585
f 588/1439/587 589/1442/588 584/1440/583
f 582/1443/581 590/1444/589 583/1445/582
f 497/1413/496 580/1419/579 495/1446/494
f 573/1447/572 503/1448/502 575/1449/574
f 582/1450/581 584/1451/583 589/1452/588
f 585/1453/584 497/1454/496 496/1455/495
f 586/1456/585 499/1236/498 498/1235/497
f 591/1457/590 493/1231/492 494/1230/493
f 591/1458/590 592/1459/591 493/1460/492
f 590/1461/589 582/1462/581 593/1463/592
f 493/1228/492 592/1464/591 492/1226/491
f 594/1465/593 582/1450/581 589/1452/588
f 496/1466/495 495/1467/494 595/1468/594
f 587/1469/586 492/1470/491 596/1471/595
f 570/1472/569 575/1473/574 597/1474/596
f 570/1472/569 597/1474/596 598/1475/597
f 575/1476/574 503/1242/502 505/1244/504
f 505/1477/504 597/1478/596 575/1479/574
f 582/1480/581 599/1481/598 593/1482/592
f 594/1483/593 600/1484/599 582/1485/581
f 582/1480/581 600/1486/599 599/1481/598
f 601/1487/600 508/1251/507 503/1242/502
f 601/1488/600 602/1489/601 508/1490/507
f 602/1489/601 603/1491/602 508/1490/507
f 602/1492/601 604/1493/603 603/1494/602
f 599/1481/598 605/1495/604 606/1496/605
f 599/1481/598 607/1497/606 605/1495/604
f 608/1498/607 609/1499/608 610/1500/609
f 608/1501/607 585/1502/584 609/1503/608
f 585/1504/584 496/1505/495 609/1506/608
f 611/1507/610 612/1508/611 595/1509/594
f 611/1507/610 613/1510/612 612/1508/611
f 503/1242/502 508/1251/507 504/1243/503
f 599/1481/598 614/1511/613 607/1497/606
f 492/1470/491 592/1512/591 596/1471/595
f 496/1505/495 615/1513/614 609/1506/608
f 595/1468/594 615/1514/614 496/1466/495
f 595/1515/594 612/1516/611 616/1517/615
f 599/1481/598 600/1486/599 614/1511/613
f 501/1245/500 617/1518/616 506/1246/505
f 610/1519/609 609/1520/608 618/1521/617
f 603/1494/602 619/1522/618 508/1523/507
f 609/1520/608 620/1524/619 618/1521/617
f 598/1525/597 597/1478/596 621/1526/620
f 597/1478/596 505/1477/504 621/1526/620
f 603/1494/602 604/1493/603 619/1522/618
f 606/1496/605 605/1495/604 622/1527/621
f 604/1493/603 623/1528/622 619/1522/618
f 595/1515/594 616/1517/615 615/1529/614
f 622/1530/621 605/1531/604 624/1532/623
f 605/1533/604 607/1534/606 624/1535/623
f 615/1513/614 620/1536/619 609/1506/608
f 508/1537/507 625/1538/624 509/1539/508
f 619/1522/618 625/1540/624 508/1523/507
f 626/1541/625 612/1542/611 613/1543/612
f 617/1544/616 627/1545/626 506/1546/505
f 628/1547/627 615/1548/614 616/1549/615
f 612/1550/611 629/1551/628 616/1552/615
f 506/1553/505 630/1554/629 507/1555/506
f 506/1546/505 627/1545/626 630/1556/629
f 615/1513/614 631/1557/630 620/1536/619
f 628/1558/627 631/1557/630 615/1513/614
f 626/1541/625 629/1559/628 612/1542/611
f 596/1471/595 592/1512/591 632/1560/631
f 633/1561/632 592/1512/591 591/1562/590
f 633/1561/632 632/1560/631 592/1512/591
f 329/740/328 472/1199/471 462/1165/461
f 478/1563/477 538/1315/537 479/1314/478
f 528/1564/527 533/1565/532 634/1566/633
f 536/1567/535 537/1568/536 635/1569/634
f 483/1570/482 636/1571/635 535/1304/534
f 522/1311/521 637/1572/636 483/1312/482
f 530/1573/529 637/1574/636 522/1575/521
f 535/1304/534 636/1571/635 548/1336/547
f 549/1576/548 638/1577/637 541/1578/540
f 547/1579/546 639/1580/638 562/1382/561
f 640/1581/639 553/1346/552 561/1582/560
f 561/1409/560 577/1411/576 641/1583/640
f 554/1584/553 642/1585/641 494/1586/493
f 445/1146/444 290/655/289 446/1134/445
f 643/1587/642 495/1588/494 580/1589/579
f 588/1439/587 586/1441/585 644/1590/643
f 593/1482/592 599/1481/598 645/1591/644
f 586/1456/585 498/1235/497 644/1592/643
f 602/1593/601 601/1594/600 646/1595/645
f 647/1596/646 617/1518/616 501/1245/500
f 610/1519/609 618/1521/617 648/1597/647
f 622/1530/621 624/1532/623 649/1598/648
f 504/1599/503 650/1600/649 505/1601/504
f 630/1554/629 651/1602/650 507/1555/506
f 331/1202/330 473/1201/472 463/1603/462
f 521/1277/520 544/1604/543 512/1278/511
f 517/1605/516 637/1574/636 530/1573/529
f 537/1568/536 545/1606/544 635/1569/634
f 652/1607/651 540/1608/539 527/1609/526
f 636/1571/635 558/1610/557 548/1336/547
f 635/1611/634 545/1612/544 653/1613/652
f 533/1375/532 563/1376/562 634/1614/633
f 654/1615/653 567/1616/566 559/1364/558
f 655/1617/654 550/1387/549 570/1389/569
f 581/1618/580 576/1619/575 656/1620/655
f 657/1621/656 563/1426/562 587/1438/586
f 494/1230/493 658/1622/657 591/1457/590
f 590/1623/589 593/1482/592 645/1591/644
f 611/1507/610 595/1509/594 495/1624/494
f 659/1625/658 604/1626/603 602/1627/601
f 660/1628/659 585/1629/584 608/1630/607
f 587/1631/586 596/1632/595 661/1633/660
f 650/1634/649 504/1243/503 509/1252/508
f 624/1635/623 607/1636/606 662/1637/661
f 663/1638/662 507/1639/506 651/1640/650
f 596/1471/595 632/1560/631 661/1641/660
f 469/1193/468 296/674/295 260/584/259
f 470/1194/469 467/1642/466 328/736/327
f 306/1643/305 455/1644/454 664/1645/663
f 512/1278/511 665/1646/664 513/1647/512
f 474/1203/473 476/1205/475 666/1648/665
f 549/1649/548 556/1650/555 638/1651/637
f 540/1652/539 639/1653/638 547/1654/546
f 451/1655/450 456/1155/455 287/1656/286
f 484/1344/483 553/1346/552 667/1657/666
f 542/1658/541 668/1659/667 551/1660/550
f 551/1660/550 669/1661/668 572/1662/571
f 577/1415/576 578/1417/577 641/1663/640
f 578/1423/577 583/1425/582 641/1664/640
f 655/1665/654 570/1666/569 670/1667/669
f 583/1425/582 590/1668/589 641/1664/640
f 574/1430/573 671/1669/670 499/1436/498
f 672/1670/671 589/1442/588 588/1439/587
f 673/1671/672 500/1672/499 499/1673/498
f 673/1674/672 501/1675/500 500/1676/499
f 658/1677/657 674/1678/673 591/1679/590
f 604/1680/603 659/1681/658 623/1682/622
f 675/1683/674 627/1545/626 617/1544/616
f 502/1248/501 507/1250/506 663/1684/662
f 627/1685/626 675/1686/674 630/1687/629
f 505/1601/504 650/1600/649 621/1688/620
f 624/1635/623 662/1637/661 649/1689/648
f 618/1521/617 620/1524/619 676/1690/675
f 297/679/296 677/1691/676 442/1158/441
f 457/1692/456 297/679/296 275/686/274
f 305/1693/304 464/1694/463 678/1695/677
f 666/1648/665 477/1696/476 474/1203/473
f 679/1697/678 478/1698/477 536/1699/535
f 531/1700/530 541/1578/540 638/1577/637
f 680/1701/679 525/1292/524 485/1216/484
f 532/1702/531 652/1607/651 527/1609/526
f 652/1703/651 639/1653/638 540/1652/539
f 681/1704/680 554/1705/553 534/1706/533
f 640/1581/639 561/1582/560 641/1707/640
f 579/1433/578 585/1435/584 682/1708/681
f 642/1709/641 658/1710/657 494/1711/493
f 683/1712/682 503/1713/502 573/1714/572
f 684/1715/683 588/1439/587 644/1590/643
f 645/1591/644 599/1481/598 606/1496/605
f 683/1712/682 685/1716/684 503/1713/502
f 659/1625/658 602/1627/601 646/1717/645
f 686/1718/685 587/1631/586 661/1633/660
f 648/1719/647 618/1720/617 676/1721/675
f 614/1722/613 662/1723/661 607/1724/606
f 651/1640/650 630/1725/629 675/1726/674
f 687/1727/686 448/1160/447 303/1159/302
f 679/1728/678 538/1315/537 478/1563/477
f 666/1729/665 688/1730/687 477/1731/476
f 665/1646/664 512/1278/511 544/1604/543
f 525/1732/524 680/1733/679 523/1734/522
f 520/1735/519 681/1736/680 534/1737/533
f 635/1611/634 653/1613/652 689/1738/688
f 667/1657/666 553/1346/552 640/1581/639
f 562/1382/561 690/1739/689 568/1383/567
f 634/1614/633 563/1376/562 657/1740/656
f 611/1507/610 691/1741/690 613/1510/612
f 498/1742/497 502/1248/501 644/1743/643
f 598/1744/597 621/1745/620 692/1746/691
f 621/1745/620 650/1747/649 692/1746/691
f 616/1748/615 693/1749/692 628/1750/627
f 469/1193/468 510/1751/509 296/674/295
f 269/620/268 694/1752/693 270/621/269
f 447/1135/446 687/1753/686 303/1136/302
f 305/1693/304 678/1695/677 453/1754/452
f 695/1755/694 517/1756/516 515/1757/514
f 696/1758/695 519/1759/518 518/1760/517
f 697/1761/696 637/1762/636 517/1756/516
f 667/1657/666 485/1763/484 484/1344/483
f 653/1613/652 545/1612/544 564/1764/563
f 690/1739/689 562/1382/561 639/1580/638
f 653/1613/652 564/1764/563 579/1765/578
f 671/1669/670 574/1430/573 568/1766/567
f 643/1767/642 611/1507/610 495/1624/494
f 585/1435/584 698/1768/697 682/1708/681
f 673/1769/672 647/1596/646 501/1245/500
f 570/1472/569 598/1475/597 670/1770/669
f 645/1591/644 606/1496/605 622/1527/621
f 648/1597/647 608/1771/607 610/1519/609
f 698/1772/697 585/1629/584 660/1628/659
f 699/1773/698 623/1774/622 659/1775/658
f 625/1540/624 619/1522/618 699/1776/698
f 699/1776/698 619/1522/618 623/1528/622
f 687/1777/686 428/1778/427 448/1779/447
f 700/1780/699 443/1781/442 463/1782/462
f 444/1783/443 407/1784/406 701/1785/700
f 702/1786/701 286/649/285 458/1197/457
f 523/1787/522 703/1788/702 524/1789/523
f 526/1291/525 704/1790/703 486/1217/485
f 688/1730/687 532/1791/531 477/1731/476
f 542/1658/541 539/1792/538 668/1659/667
f 567/1793/566 654/1794/653 565/1795/564
f 690/1796/689 671/1669/670 568/1766/567
f 573/1797/572 581/1798/580 705/1799/704
f 671/1800/670 673/1671/672 499/1673/498
f 588/1439/587 684/1715/683 672/1670/671
f 587/1631/586 686/1718/685 706/1801/705
f 591/1679/590 707/1802/706 633/1803/632
f 631/1804/630 708/1805/707 620/1806/619
f 631/1807/630 628/1808/627 708/1809/707
f 662/1637/661 709/1810/708 649/1689/648
f 663/1638/662 710/1811/709 711/1812/710
f 651/1640/650 710/1811/709 663/1638/662
f 675/1726/674 710/1811/709 651/1640/650
f 649/1598/648 709/1813/708 712/1814/711
f 431/998/430 713/1815/712 430/999/429
f 410/1168/409 432/1167/431 714/1816/713
f 518/1760/517 715/1817/714 696/1758/695
f 520/1735/519 519/1818/518 716/1819/715
f 523/1734/522 680/1733/679 703/1820/702
f 544/1338/543 550/1340/549 717/1821/716
f 718/1822/717 569/1823/568 565/1824/564
f 572/1412/571 643/1825/642 580/1419/579
f 461/1826/460 452/1827/451 719/1828/718
f 685/1716/684 601/1829/600 503/1713/502
f 720/1830/719 614/1831/613 600/1484/599
f 721/1832/720 722/1833/721 648/1834/647
f 674/1678/673 707/1802/706 591/1679/590
f 648/1719/647 676/1721/675 721/1835/720
f 723/1836/722 662/1837/661 614/1838/613
f 724/1839/723 616/1840/615 629/1841/628
f 725/1842/724 661/1843/660 632/1844/631
f 701/1785/700 407/1784/406 726/1845/725
f 726/1845/725 407/1784/406 727/1846/726
f 728/1847/727 729/1848/728 460/1162/459
f 728/1847/727 460/1162/459 409/1132/408
f 730/1849/729 410/1168/409 714/1816/713
f 514/1850/513 695/1755/694 515/1757/514
f 715/1817/714 518/1760/517 528/1564/527
f 731/1851/730 668/1659/667 539/1792/538
f 550/1340/549 655/1852/654 717/1821/716
f 554/1705/553 732/1853/731 642/1854/641
f 634/1614/633 657/1740/656 733/1855/732
f 718/1856/717 576/1857/575 569/1858/568
f 581/1618/580 656/1620/655 705/1859/704
f 641/1860/640 590/1861/589 734/1862/733
f 672/1863/671 594/1864/593 589/1865/588
f 590/1866/589 645/1867/644 734/1868/733
f 657/1621/656 587/1438/586 706/1869/705
f 647/1596/646 675/1870/674 617/1518/616
f 707/1802/706 735/1871/734 633/1803/632
f 408/917/407 304/689/303 736/1872/735
f 514/1850/513 737/1873/736 695/1755/694
f 517/1756/516 695/1755/694 697/1761/696
f 531/1700/530 638/1577/637 476/1874/475
f 702/1786/701 738/1875/737 286/649/285
f 485/1763/484 667/1657/666 680/1876/679
f 668/1659/667 669/1661/668 551/1660/550
f 739/1877/738 654/1615/653 559/1364/558
f 653/1878/652 579/1433/578 682/1708/681
f 693/1749/692 616/1748/615 724/1879/723
f 724/1880/723 629/1559/628 626/1541/625
f 663/1638/662 711/1812/710 740/1881/739
f 686/1718/685 661/1633/660 725/1882/724
f 741/1883/740 428/1778/427 687/1777/686
f 727/1884/726 407/1885/406 408/1886/407
f 742/1887/741 409/1888/408 465/1188/464
f 664/1645/663 432/1889/431 306/1643/305
f 696/1890/695 716/1819/715 519/1818/518
f 743/1891/742 476/1874/475 638/1577/637
f 716/1819/715 681/1736/680 520/1735/519
f 652/1892/651 532/1791/531 688/1730/687
f 555/1354/554 744/1893/743 556/1355/555
f 745/1894/744 690/1895/689 639/1653/638
f 594/1483/593 720/1830/719 600/1484/599
f 746/1896/745 659/1625/658 646/1717/645
f 746/1897/745 699/1773/698 659/1775/658
f 461/1898/460 747/1899/746 469/1900/468
f 613/1901/612 748/1902/747 626/1903/625
f 502/1248/501 663/1684/662 740/1904/739
f 446/1905/445 427/1906/426 749/1907/748
f 699/1773/698 750/1908/749 625/1909/624
f 649/1598/648 712/1814/711 751/1910/750
f 662/1837/661 752/1911/751 709/1912/708
f 710/1811/709 753/1913/752 711/1812/710
f 632/1844/631 633/1914/632 725/1842/724
f 749/1915/748 427/1916/426 754/1917/753
f 510/1918/509 694/1919/693 269/1920/268
f 467/1921/466 472/1199/471 449/1139/448
f 462/1173/461 755/1922/754 431/1174/430
f 297/1923/296 756/1924/755 677/1925/676
f 297/1923/296 457/1926/456 756/1924/755
f 728/1847/727 409/1132/408 742/1927/741
f 432/1928/431 664/1929/663 757/1930/756
f 524/1285/523 758/1931/757 526/1283/525
f 759/1932/758 679/1697/678 536/1699/535
f 697/1933/696 760/1934/759 637/1935/636
f 483/1312/482 637/1572/636 760/1936/759
f 639/1653/638 761/1937/760 745/1894/744
f 608/1938/607 648/1834/647 722/1833/721
f 746/1897/745 750/1908/749 699/1773/698
f 509/1939/508 625/1940/624 762/1941/761
f 444/1257/443 701/1942/700 763/1943/762
f 466/1262/465 764/1944/763 458/1154/457
f 665/1646/664 765/1945/764 513/1647/512
f 514/1266/513 513/1264/512 737/1946/736
f 695/1755/694 766/1947/765 697/1761/696
f 476/1874/475 743/1891/742 767/1948/766
f 767/1949/766 666/1648/665 476/1205/475
f 697/1761/696 766/1947/765 760/1950/759
f 286/1951/285 738/1952/737 451/1953/450
f 486/1217/485 704/1790/703 555/1954/554
f 636/1955/635 559/1364/558 558/1361/557
f 572/1956/571 768/1957/767 643/1958/642
f 705/1799/704 683/1959/682 573/1797/572
f 316/1960/315 719/1828/718 452/1827/451
f 643/1767/642 769/1961/768 611/1507/610
f 461/1826/460 719/1828/718 747/1962/746
f 647/1596/646 770/1963/769 675/1870/674
f 625/1964/624 750/1965/749 762/1966/761
f 620/1806/619 708/1805/707 676/1967/675
f 675/1968/674 770/1969/769 710/1970/709
f 694/1971/693 471/1972/470 270/1973/269
f 442/1974/441 677/1925/676 754/1975/753
f 444/1257/443 763/1943/762 464/1255/463
f 736/1872/735 727/1976/726 408/917/407
f 460/1178/459 736/1977/735 304/753/303
f 703/1788/702 758/1978/757 524/1789/523
f 528/1564/527 634/1566/633 771/1979/770
f 526/1291/525 772/1980/771 704/1790/703
f 639/1653/638 652/1703/651 761/1937/760
f 636/1955/635 773/1981/772 559/1364/558
f 669/1982/668 768/1957/767 572/1956/571
f 671/1800/670 690/1983/689 774/1984/773
f 775/1985/774 641/1986/640 776/1987/775
f 769/1961/768 777/1988/776 611/1507/610
f 778/1989/777 646/1990/645 601/1991/600
f 748/1902/747 613/1901/612 691/1992/690
f 644/1743/643 502/1248/501 779/1993/778
f 740/1904/739 779/1993/778 502/1248/501
f 645/1994/644 622/1530/621 649/1598/648
f 780/1995/779 676/1967/675 708/1805/707
f 511/1254/510 470/1194/469 429/996/428
f 781/1996/780 473/1997/472 430/1998/429
f 782/1999/781 756/2000/755 457/2001/456
f 783/2002/782 742/1887/741 465/1188/464
f 783/2002/782 465/1188/464 454/1187/453
f 784/2003/783 695/2004/694 737/2005/736
f 758/1931/757 772/2006/771 526/1283/525
f 771/1979/770 715/1817/714 528/1564/527
f 785/2007/784 767/1948/766 743/1891/742
f 544/1338/543 717/1821/716 665/2008/664
f 786/2009/785 787/2010/786 636/2011/635
f 788/2012/787 456/1155/455 451/1655/450
f 556/1650/555 744/2013/743 638/1651/637
f 788/2012/787 459/1156/458 456/1155/455
f 459/2014/458 789/2015/788 316/2016/315
f 790/2017/789 656/2018/655 576/1857/575
f 723/1836/722 752/1911/751 662/1837/661
f 791/2019/790 693/2020/692 724/2021/723
f 792/2022/791 724/2023/723 626/1903/625
f 740/1881/739 711/1812/710 793/2024/792
f 770/1969/769 753/2025/752 710/1970/709
f 427/1916/426 442/2026/441 754/1917/753
f 471/1196/470 794/2027/793 447/1135/446
f 700/1780/699 782/2028/781 457/2029/456
f 695/2004/694 784/2003/783 766/2030/765
f 538/1315/537 795/2031/794 539/1316/538
f 536/1567/535 635/1569/634 759/2032/758
f 716/1819/715 796/2033/795 681/1736/680
f 483/1312/482 760/1936/759 786/2034/785
f 796/2035/795 554/1705/553 681/1704/680
f 796/2035/795 732/1853/731 554/1705/553
f 565/1795/564 797/2036/796 718/2037/717
f 789/2015/788 719/2038/718 316/2016/315
f 798/2039/797 672/1670/671 684/1715/683
f 720/2040/719 594/1864/593 672/1863/671
f 778/1989/777 601/1991/600 685/2041/684
f 670/2042/669 598/2043/597 799/2044/798
f 722/1833/721 721/1832/720 800/2045/799
f 801/2046/800 723/1836/722 614/1838/613
f 645/1994/644 649/1598/648 751/1910/750
f 686/1718/685 725/1882/724 802/2047/801
f 752/1911/751 712/2048/711 709/1912/708
f 793/2024/792 711/1812/710 753/1913/752
f 700/1780/699 457/2029/456 443/1781/442
f 729/2049/728 736/1977/735 460/1178/459
f 757/2050/756 714/1816/713 432/1167/431
f 764/1944/763 702/2051/701 458/1154/457
f 450/2052/449 312/1189/311 468/1191/467
f 737/1946/736 513/1264/512 765/2053/764
f 758/1978/757 703/1788/702 803/2054/802
f 804/2055/803 538/1315/537 679/1728/678
f 803/2054/802 703/1788/702 680/2056/679
f 759/2032/758 635/1569/634 805/2057/804
f 795/2031/794 731/2058/730 539/1316/538
f 786/2009/785 636/2011/635 483/2059/482
f 797/2036/796 565/1795/564 654/1794/653
f 774/2060/773 690/1895/689 745/1894/744
f 718/1856/717 790/2017/789 576/1857/575
f 673/1671/672 671/1800/670 774/1984/773
f 733/2061/732 657/1621/656 706/1869/705
f 722/1833/721 800/2045/799 806/2062/805
f 646/1717/645 807/2063/806 746/1896/745
f 706/1801/705 686/1718/685 802/2047/801
f 780/2064/779 721/1835/720 676/1721/675
f 628/1808/627 693/2065/692 708/1809/707
f 707/1802/706 808/2066/807 735/1871/734
f 712/1814/711 752/2067/751 751/1910/750
f 633/1914/632 735/2068/734 725/1842/724
f 447/1135/446 794/2027/793 687/1753/686
f 428/1778/427 741/1883/740 511/2069/510
f 470/2070/469 809/2071/808 467/2072/466
f 467/2072/466 809/2071/808 472/2073/471
f 431/998/430 755/2074/754 713/1815/712
f 713/2075/712 781/1996/780 430/1998/429
f 730/2076/729 454/1148/453 410/1147/409
f 785/2007/784 810/2077/809 767/1948/766
f 760/1936/759 811/2078/810 786/2034/785
f 787/2010/786 773/2079/772 636/2011/635
f 668/1659/667 731/1851/730 669/1661/668
f 640/1581/639 641/1707/640 775/2080/774
f 732/2081/731 658/2082/657 642/2083/641
f 776/2084/775 641/1860/640 734/1862/733
f 670/1667/669 799/2085/798 655/1665/654
f 768/1957/767 769/2086/768 643/1958/642
f 672/1863/671 812/2087/811 720/2040/719
f 608/1630/607 806/2088/805 660/1628/659
f 611/1507/610 777/1988/776 691/1741/690
f 720/1830/719 801/2089/800 614/1831/613
f 799/2090/798 598/1744/597 692/1746/691
f 708/1805/707 813/2091/812 780/1995/779
f 677/1925/676 814/2092/813 754/1975/753
f 450/1261/449 815/2093/814 455/1259/454
f 466/1262/465 816/2094/815 764/1944/763
f 767/1949/766 810/2095/809 817/2096/816
f 767/1949/766 817/2096/816 666/1648/665
f 766/1947/765 818/2097/817 760/1950/759
f 760/2098/759 818/2099/817 811/2100/810
f 635/1569/634 689/2101/688 805/2057/804
f 634/1566/633 733/2102/732 771/1979/770
f 704/2103/703 744/2104/743 555/2105/554
f 667/1657/666 640/1581/639 680/1876/679
f 559/1364/558 773/1981/772 739/1877/738
f 761/1937/760 819/2106/818 745/1894/744
f 739/2107/738 797/2036/796 654/1794/653
f 745/1894/744 819/2106/818 774/2060/773
f 790/2017/789 820/2108/819 656/2018/655
f 722/1833/721 806/2062/805 608/1938/607
f 446/1905/445 749/1907/748 821/2109/820
f 748/1902/747 792/2022/791 626/1903/625
f 746/1896/745 807/2063/806 822/2110/821
f 746/1897/745 822/2111/821 750/1908/749
f 800/2112/799 721/1835/720 780/2064/779
f 750/1908/749 822/2111/821 762/2113/761
f 674/1678/673 808/2066/807 707/1802/706
f 509/2114/508 762/2115/761 823/2116/822
f 693/2117/692 791/2118/790 708/2119/707
f 724/2021/723 792/2120/791 791/2019/790
f 793/2121/792 824/2122/823 740/1904/739
f 751/2123/750 752/1911/751 825/2124/824
f 825/2124/824 752/1911/751 723/1836/722
f 824/2125/823 793/2126/792 826/2127/825
f 826/2128/825 793/2129/792 753/2130/752
f 802/2131/801 725/2132/724 827/2133/826
f 827/2134/826 725/2135/724 808/2066/807
f 808/2066/807 725/2135/724 735/1871/734
f 747/1899/746 828/2136/827 469/1900/468
f 763/2137/762 829/2138/828 464/1694/463
f 664/2139/663 455/1259/454 830/2140/829
f 830/2140/829 455/1259/454 815/2093/814
f 453/1181/452 831/2141/830 466/1182/465
f 815/2142/814 450/2143/449 468/2144/467
f 764/1944/763 832/2145/831 702/2051/701
f 815/2146/814 468/2147/467 833/2148/832
f 784/2003/783 818/2149/817 766/2030/765
f 715/1817/714 771/1979/770 834/2150/833
f 835/2151/834 679/2152/678 759/2032/758
f 538/1315/537 804/2055/803 795/2031/794
f 817/2153/816 688/1730/687 666/1729/665
f 833/2154/832 468/2155/467 836/2156/835
f 837/2157/836 789/2015/788 459/2014/458
f 468/2155/467 445/2158/444 836/2156/835
f 776/2084/775 734/1862/733 838/2159/837
f 774/1984/773 839/2160/838 673/1671/672
f 789/2161/788 840/2162/839 719/1828/718
f 446/1905/445 821/2109/820 445/2163/444
f 684/1715/683 644/1590/643 798/2039/797
f 840/2162/839 841/2164/840 719/1828/718
f 673/1671/672 839/2160/838 647/2165/646
f 841/2164/840 747/1962/746 719/1828/718
f 779/2166/778 842/2167/841 644/1590/643
f 812/2087/811 801/2168/800 720/2040/719
f 799/2169/798 692/2170/691 843/2171/842
f 749/1907/748 844/2172/843 821/2109/820
f 650/2173/649 843/2174/842 692/2175/691
f 823/2116/822 650/2176/649 509/2114/508
f 845/2177/844 753/2025/752 770/1969/769
f 469/1900/468 828/2136/827 510/2178/509
f 749/1915/748 754/1917/753 844/2179/843
f 754/1917/753 814/2180/813 844/2179/843
f 694/1919/693 846/2181/845 471/2182/470
f 687/2183/686 794/2184/793 847/2185/846
f 511/1254/510 848/2186/847 470/1194/469
f 755/2187/754 849/2188/848 713/2189/712
f 713/2075/712 850/2190/849 781/1996/780
f 781/2191/780 851/2192/850 473/1201/472
f 463/1782/462 852/2193/851 700/1780/699
f 756/1924/755 814/2092/813 677/1925/676
f 829/2194/828 763/1943/762 853/2195/852
f 763/1943/762 701/1942/700 853/2195/852
f 726/1845/725 853/2196/852 701/1785/700
f 726/1845/725 727/1846/726 854/2197/853
f 727/2198/726 736/2199/735 855/2200/854
f 736/1977/735 729/2049/728 856/2201/855
f 742/1927/741 857/2202/856 728/1847/727
f 454/1187/453 858/2203/857 783/2002/782
f 454/1148/453 730/2076/729 858/2204/857
f 730/1849/729 714/1816/713 859/2205/858
f 714/1816/713 757/2050/756 860/2206/859
f 678/2207/677 831/2141/830 453/1181/452
f 727/2198/726 855/2200/854 854/2208/853
f 831/2141/830 816/2209/815 466/1182/465
f 816/2094/815 861/2210/860 764/1944/763
f 702/2211/701 832/2212/831 738/1952/737
f 738/1952/737 832/2212/831 862/2213/861
f 696/1890/695 863/2214/862 716/1819/715
f 804/2055/803 864/2215/863 795/2031/794
f 716/1819/715 863/2214/862 796/2033/795
f 759/2032/758 805/2057/804 835/2151/834
f 733/2102/732 865/2216/864 771/1979/770
f 803/2217/802 680/2218/679 866/2219/865
f 738/1952/737 862/2213/861 867/2220/866
f 795/2031/794 864/2215/863 731/2058/730
f 786/2034/785 868/2221/867 787/2222/786
f 786/2034/785 869/2223/868 868/2221/867
f 688/1730/687 870/2224/869 652/1892/651
f 787/2010/786 868/2225/867 773/2079/772
f 738/1952/737 867/2220/866 451/1953/450
f 680/1876/679 640/1581/639 866/2226/865
f 788/2012/787 451/1655/450 867/2227/866
f 796/2035/795 871/2228/870 732/1853/731
f 653/1613/652 872/2229/871 689/1738/688
f 868/2230/867 739/1877/738 773/1981/772
f 873/2231/872 718/2037/717 797/2036/796
f 459/1156/458 788/2012/787 837/2232/836
f 653/1613/652 874/2233/873 872/2229/871
f 653/1878/652 682/1708/681 874/2234/873
f 776/2084/775 838/2159/837 775/2235/774
f 819/2236/818 839/2160/838 774/1984/773
f 732/2081/731 875/2237/874 658/2082/657
f 658/2238/657 875/2239/874 674/2240/673
f 876/2241/875 877/2242/876 806/2243/805
f 647/1596/646 878/2244/877 770/1963/769
f 806/2088/805 877/2245/876 660/1628/659
f 645/1867/644 879/2246/878 734/1868/733
f 706/1801/705 802/2047/801 880/2247/879
f 645/2248/644 881/2249/880 879/2250/878
f 770/1969/769 878/2251/877 845/2177/844
f 751/2252/750 881/2249/880 645/2248/644
f 708/1805/707 882/2253/881 813/2091/812
f 828/2254/827 694/1919/693 510/1918/509
f 471/1196/470 846/2255/845 794/2027/793
f 794/2027/793 846/2255/845 883/2256/882
f 847/2185/846 884/2257/883 687/2183/686
f 687/1777/686 884/2258/883 741/1883/740
f 511/1254/510 885/2259/884 848/2186/847
f 886/2260/885 887/2261/886 809/2071/808
f 462/1173/461 887/2262/886 849/2263/848
f 849/2263/848 755/1922/754 462/1173/461
f 849/2264/848 888/2265/887 713/2266/712
f 781/2267/780 850/2268/849 851/2269/850
f 851/2192/850 463/1603/462 473/1201/472
f 852/2193/851 889/2270/888 700/1780/699
f 794/2027/793 883/2256/882 847/2271/846
f 741/1883/740 885/2272/884 511/2069/510
f 470/2070/469 886/2260/885 809/2071/808
f 472/2273/471 809/2274/808 887/2275/886
f 472/2276/471 887/2262/886 462/1173/461
f 713/2075/712 888/2277/887 850/2190/849
f 700/1780/699 889/2270/888 782/2028/781
f 782/1999/781 890/2278/889 756/2000/755
f 756/1924/755 890/2279/889 814/2092/813
f 678/1695/677 464/1694/463 831/2280/830
f 464/1694/463 829/2138/828 831/2280/830
f 729/1848/728 728/1847/727 856/2281/855
f 728/1847/727 891/2282/890 856/2281/855
f 728/1847/727 857/2202/856 891/2282/890
f 742/1887/741 783/2002/782 857/2283/856
f 783/2002/782 858/2203/857 857/2283/856
f 664/1929/663 830/2284/829 757/1930/756
f 736/1977/735 856/2201/855 855/2285/854
f 859/2286/858 858/2204/857 730/2076/729
f 892/2287/891 859/2205/858 714/1816/713
f 714/1816/713 860/2206/859 892/2287/891
f 757/1930/756 830/2284/829 860/2288/859
f 764/1944/763 861/2210/860 832/2145/831
f 765/2289/764 665/2008/664 893/2290/892
f 894/2291/893 737/2292/736 765/2293/764
f 895/2294/894 784/2003/783 737/2005/736
f 715/1817/714 834/2150/833 896/2295/895
f 715/1817/714 896/2295/895 696/1758/695
f 696/1758/695 896/2295/895 863/2296/862
f 897/2297/896 804/2055/803 679/1728/678
f 665/2008/664 717/1821/716 893/2290/892
f 895/2294/894 818/2149/817 784/2003/783
f 785/2007/784 743/1891/742 810/2077/809
f 679/1728/678 835/2298/834 897/2297/896
f 743/1891/742 638/1577/637 810/2077/809
f 835/2151/834 805/2057/804 898/2299/897
f 817/2153/816 870/2224/869 688/1730/687
f 771/1979/770 865/2216/864 834/2150/833
f 871/2300/870 796/2033/795 863/2214/862
f 811/2078/810 869/2223/868 786/2034/785
f 868/2221/867 869/2223/868 873/2301/872
f 899/2302/898 731/1851/730 864/2303/863
f 833/2154/832 836/2156/835 900/2304/899
f 669/1661/668 731/1851/730 899/2302/898
f 775/2080/774 901/2305/900 640/1581/639
f 788/2012/787 867/2227/866 837/2232/836
f 717/1821/716 655/1852/654 902/2306/901
f 873/2231/872 797/2036/796 739/2107/738
f 903/2307/902 718/2037/717 873/2231/872
f 732/1853/731 871/2228/870 875/2308/874
f 872/2229/871 874/2233/873 904/2309/903
f 903/2310/902 905/2311/904 718/1856/717
f 905/2311/904 790/2017/789 718/1856/717
f 836/2312/835 821/2313/820 900/2314/899
f 905/2311/904 820/2108/819 790/2017/789
f 836/2315/835 445/2316/444 821/2317/820
f 837/2232/836 906/2318/905 840/2319/839
f 789/2320/788 837/2232/836 840/2319/839
f 669/1982/668 899/2321/898 768/1957/767
f 655/2322/654 799/2169/798 907/2323/906
f 705/2324/704 656/2325/655 908/2326/907
f 820/2108/819 909/2327/908 656/2018/655
f 733/2061/732 706/1869/705 910/2328/909
f 683/1959/682 705/1799/704 908/2329/907
f 874/2234/873 682/1708/681 911/2330/910
f 899/2321/898 777/2331/776 768/1957/767
f 900/2332/899 821/2109/820 912/2333/911
f 908/2334/907 685/1716/684 683/1712/682
f 682/1708/681 698/1768/697 911/2330/910
f 768/2335/767 777/1988/776 769/1961/768
f 910/2328/909 706/1869/705 880/2336/879
f 644/1590/643 842/2167/841 798/2039/797
f 672/1863/671 798/2337/797 812/2087/811
f 913/2338/912 801/2168/800 812/2087/811
f 839/2339/838 878/2244/877 647/1596/646
f 911/2340/910 660/1628/659 877/2245/876
f 911/2340/910 698/1772/697 660/1628/659
f 646/1717/645 778/2341/777 807/2063/806
f 876/2342/875 806/2062/805 800/2045/799
f 875/2239/874 914/2343/913 674/2240/673
f 907/2323/906 799/2169/798 843/2171/842
f 876/2344/875 800/2112/799 915/2345/914
f 800/2112/799 780/2064/779 915/2345/914
f 748/1902/747 691/1992/690 792/2022/791
f 792/2022/791 691/1992/690 916/2346/915
f 801/2046/800 917/2347/916 723/1836/722
f 779/1993/778 740/1904/739 824/2122/823
f 914/2348/913 808/2066/807 674/1678/673
f 841/2349/840 828/2136/827 747/1899/746
f 753/2130/752 845/2350/844 826/2128/825
f 802/2131/801 827/2133/826 918/2351/917
f 762/2115/761 822/2352/821 823/2116/822
f 723/1836/722 917/2347/916 825/2124/824
f 808/2353/807 919/2354/918 827/2133/826
f 780/1995/779 813/2091/812 915/2355/914
f 708/2356/707 920/2357/919 882/2358/881
f 708/2119/707 791/2118/790 920/2359/919
f 792/2120/791 916/2360/915 791/2019/790
f 825/2361/824 881/2249/880 751/2252/750
f 921/2362/920 922/2363/921 844/2179/843
f 828/2254/827 846/2181/845 694/1919/693
f 844/2179/843 814/2180/813 921/2362/920
f 884/2258/883 885/2272/884 741/1883/740
f 470/1194/469 848/2186/847 886/2364/885
f 463/1603/462 851/2192/850 852/2365/851
f 782/1999/781 889/2366/888 890/2278/889
f 726/1845/725 923/2367/922 853/2196/852
f 854/2197/853 923/2367/922 726/1845/725
f 858/2204/857 924/2368/923 925/2369/924
f 859/2286/858 924/2368/923 858/2204/857
f 831/2280/830 829/2138/828 926/2370/925
f 853/2195/852 927/2371/926 829/2194/828
f 856/2201/855 928/2372/927 855/2285/854
f 860/2288/859 830/2284/829 929/2373/928
f 855/2200/854 928/2374/927 854/2208/853
f 856/2201/855 930/2375/929 928/2372/927
f 931/2376/930 891/2282/890 857/2202/856
f 831/2141/830 926/2377/925 932/2378/931
f 858/2203/857 925/2379/924 857/2283/856
f 829/2138/828 927/2380/926 926/2370/925
f 831/2141/830 932/2378/931 816/2209/815
f 859/2205/858 892/2287/891 924/2381/923
f 830/2140/829 933/2382/932 929/2383/928
f 891/2384/890 930/2375/929 856/2201/855
f 860/2288/859 929/2373/928 934/2385/933
f 933/2382/932 830/2140/829 815/2093/814
f 853/2195/852 935/2386/934 927/2371/926
f 860/2206/859 897/2387/896 892/2287/891
f 815/2093/814 936/2388/935 933/2382/932
f 925/2379/924 931/2389/930 857/2283/856
f 892/2287/891 897/2387/896 924/2381/923
f 933/2390/932 936/2391/935 937/2392/936
f 931/2393/930 938/2394/937 891/2395/890
f 853/2195/852 923/2396/922 935/2386/934
f 891/2395/890 938/2394/937 930/2397/929
f 934/2398/933 897/2387/896 860/2206/859
f 931/2389/930 925/2379/924 896/2399/895
f 934/2400/933 939/2401/938 897/2402/896
f 932/2378/931 861/2403/860 816/2209/815
f 932/2378/931 940/2404/939 861/2403/860
f 923/2396/922 893/2405/892 935/2386/934
f 928/2374/927 895/2406/894 854/2208/853
f 854/2208/853 894/2407/893 923/2408/922
f 931/2393/930 896/2409/895 941/2410/940
f 861/2403/860 940/2404/939 942/2411/941
f 943/2412/942 944/2413/943 940/2414/939
f 854/2208/853 895/2406/894 894/2407/893
f 928/2415/927 930/2416/929 772/2006/771
f 931/2393/930 941/2410/940 938/2394/937
f 765/2417/764 893/2418/892 923/2419/922
f 940/2404/939 945/2420/944 942/2411/941
f 863/2421/862 896/2422/895 925/2423/924
f 923/2408/922 894/2407/893 765/2424/764
f 942/2425/941 832/2145/831 861/2210/860
f 939/2401/938 946/2426/945 897/2402/896
f 772/2006/771 758/1931/757 928/2415/927
f 925/2423/924 924/2427/923 898/2428/897
f 944/2429/943 935/2386/934 893/2405/892
f 938/2430/937 810/2431/809 930/2432/929
f 944/2433/943 945/2420/944 940/2404/939
f 944/2433/943 947/2434/946 945/2420/944
f 896/2409/895 834/2435/833 941/2410/940
f 948/2436/947 936/2391/935 939/2401/938
f 815/2437/814 833/2438/832 936/2439/935
f 897/2297/896 946/2440/945 804/2055/803
f 895/2294/894 737/2005/736 894/2441/893
f 928/2442/927 758/1978/757 895/2443/894
f 936/2391/935 946/2426/945 939/2401/938
f 944/2429/943 893/2405/892 947/2444/946
f 895/2443/894 758/1978/757 803/2054/802
f 938/2394/937 817/2096/816 810/2095/809
f 941/2410/940 817/2096/816 938/2394/937
f 924/2445/923 897/2446/896 835/2447/834
f 870/2448/869 817/2096/816 941/2410/940
f 924/2445/923 835/2447/834 898/2449/897
f 803/2450/802 818/2149/817 895/2294/894
f 941/2451/940 834/2150/833 865/2216/864
f 925/2423/924 898/2428/897 863/2421/862
f 772/2006/771 930/2416/929 704/2452/703
f 862/2213/861 832/2212/831 942/2453/941
f 810/2077/809 638/1577/637 930/2454/929
f 941/2455/940 865/2456/864 870/2457/869
f 833/2154/832 949/2458/948 936/2459/935
f 946/2440/945 864/2215/863 804/2055/803
f 893/2290/892 717/1821/716 902/2306/901
f 936/2459/935 949/2458/948 946/2460/945
f 930/2454/929 638/1577/637 744/2461/743
f 803/2462/802 866/2463/865 818/2464/817
f 930/2454/929 744/2461/743 704/2465/703
f 893/2290/892 902/2306/901 947/2466/946
f 818/2099/817 866/2467/865 811/2100/810
f 862/2213/861 942/2453/941 867/2220/866
f 863/2468/862 950/2469/949 871/2470/870
f 898/2471/897 950/2469/949 863/2468/862
f 805/2057/804 689/2101/688 898/2299/897
f 942/2453/941 951/2472/950 867/2220/866
f 945/2473/944 952/2474/951 942/2453/941
f 946/2460/945 949/2458/948 953/2475/952
f 947/2476/946 954/2477/953 945/2478/944
f 898/2471/897 872/2479/871 950/2469/949
f 689/2101/688 872/2480/871 898/2299/897
f 946/2481/945 953/2482/952 864/2483/863
f 865/2456/864 955/2484/954 870/2457/869
f 870/2485/869 955/2486/954 652/2487/651
f 942/2453/941 952/2474/951 951/2472/950
f 945/2488/944 954/2489/953 952/2490/951
f 949/2458/948 900/2304/899 953/2475/952
f 866/2226/865 640/1581/639 901/2305/900
f 947/2466/946 902/2306/901 954/2491/953
f 652/1703/651 955/2492/954 761/1937/760
f 950/2469/949 872/2479/871 904/2493/903
f 949/2458/948 833/2154/832 900/2304/899
f 811/2494/810 903/2495/902 869/2496/868
f 866/2467/865 901/2497/900 811/2100/810
f 865/2456/864 910/2498/909 955/2484/954
f 865/2499/864 733/2500/732 910/2501/909
f 864/2483/863 953/2482/952 899/2502/898
f 867/2220/866 951/2472/950 956/2503/955
f 956/2504/955 957/2505/956 867/2506/866
f 873/2231/872 739/2107/738 868/2507/867
f 869/2508/868 903/2307/902 873/2231/872
f 952/2509/951 958/2510/957 951/2511/950
f 902/2512/901 907/2323/906 954/2513/953
f 811/2494/810 901/2514/900 903/2495/902
f 957/2515/956 837/2232/836 867/2227/866
f 951/2472/950 959/2516/958 956/2503/955
f 875/2308/874 871/2228/870 950/2517/949
f 957/2515/956 906/2318/905 837/2232/836
f 775/2235/774 838/2159/837 901/2518/900
f 761/1937/760 955/2492/954 839/2519/838
f 950/2520/949 904/2521/903 875/2522/874
f 951/2523/950 958/2524/957 959/2525/958
f 761/2526/760 839/2160/838 819/2236/818
f 959/2525/958 958/2524/957 960/2527/959
f 953/2528/952 961/2529/960 899/2530/898
f 903/2495/902 901/2514/900 905/2531/904
f 962/2532/961 960/2527/959 963/2533/962
f 655/2534/654 907/2535/906 902/2536/901
f 953/2528/952 900/2537/899 961/2529/960
f 960/2538/959 840/2539/839 963/2540/962
f 901/2518/900 838/2159/837 905/2541/904
f 904/2521/903 877/2242/876 875/2522/874
f 963/2540/962 840/2539/839 906/2542/905
f 960/2538/959 958/2543/957 840/2539/839
f 838/2544/837 879/2545/878 905/2546/904
f 910/2547/909 880/2548/879 955/2549/954
f 874/2234/873 911/2330/910 904/2550/903
f 912/2551/911 961/2529/960 900/2537/899
f 952/2552/951 964/2553/963 958/2554/957
f 656/2018/655 909/2327/908 908/2555/907
f 911/2340/910 877/2245/876 904/2556/903
f 820/2108/819 905/2311/904 909/2327/908
f 961/2529/960 777/2557/776 899/2530/898
f 905/2311/904 807/2558/806 909/2327/908
f 905/2546/904 879/2545/878 807/2559/806
f 955/2549/954 880/2548/879 839/2560/838
f 734/1862/733 879/2561/878 838/2159/837
f 877/2242/876 876/2241/875 875/2522/874
f 879/2545/878 881/2562/880 807/2559/806
f 958/2543/957 841/2563/840 840/2539/839
f 909/2564/908 807/2565/806 908/2566/907
f 961/2567/960 691/2568/690 777/2569/776
f 954/2570/953 965/2571/964 952/2572/951
f 954/2573/953 966/2574/965 965/2575/964
f 908/2566/907 807/2565/806 778/1989/777
f 812/2087/811 798/2337/797 913/2338/912
f 880/2548/879 878/2576/877 839/2560/838
f 958/2554/957 964/2553/963 841/2349/840
f 964/2553/963 952/2552/951 965/2577/964
f 908/2566/907 778/1989/777 685/2041/684
f 954/2513/953 907/2323/906 966/2578/965
f 842/2167/841 913/2579/912 798/2039/797
f 880/2247/879 918/2580/917 878/2581/877
f 961/2567/960 912/2582/911 691/2568/690
f 880/2247/879 802/2047/801 918/2580/917
f 875/2239/874 876/2583/875 914/2343/913
f 907/2323/906 967/2584/966 966/2578/965
f 965/2577/964 828/2136/827 964/2553/963
f 966/2574/965 968/2585/967 965/2575/964
f 807/2586/806 881/2587/880 822/2588/821
f 964/2553/963 828/2136/827 841/2349/840
f 821/2109/820 844/2172/843 912/2333/911
f 801/2589/800 913/2590/912 917/2591/916
f 918/2592/917 845/2177/844 878/2251/877
f 779/1993/778 824/2122/823 842/2593/841
f 691/1992/690 912/2594/911 916/2346/915
f 913/2595/912 842/2596/841 969/2597/968
f 824/2598/823 969/2597/968 842/2596/841
f 907/2323/906 843/2171/842 967/2584/966
f 876/2344/875 915/2345/914 914/2599/913
f 918/2351/917 827/2133/826 919/2354/918
f 843/2174/842 970/2600/969 967/2601/966
f 791/2019/790 916/2360/915 920/2602/919
f 824/2603/823 971/2604/970 969/2605/968
f 826/2128/825 971/2606/970 824/2607/823
f 845/2350/844 971/2606/970 826/2128/825
f 882/2253/881 972/2608/971 813/2091/812
f 823/2609/822 973/2610/972 650/2611/649
f 822/2612/821 973/2610/972 823/2609/822
f 969/2597/968 917/2613/916 913/2595/912
f 808/2353/807 914/2614/913 919/2354/918
f 916/2360/915 974/2615/973 920/2602/919
f 882/2253/881 920/2616/919 972/2608/971
f 967/2617/966 975/2618/974 966/2574/965
f 822/2612/821 976/2619/975 973/2610/972
f 822/2612/821 881/2620/880 976/2619/975
f 650/2173/649 970/2600/969 843/2174/842
f 912/2594/911 974/2621/973 916/2346/915
f 973/2622/972 970/2623/969 650/2624/649
f 881/2625/880 825/2626/824 976/2627/975
f 845/2628/844 918/2351/917 919/2354/918
f 915/2355/914 813/2091/812 972/2608/971
f 912/2629/911 922/2630/921 974/2631/973
f 966/2574/965 975/2618/974 968/2585/967
f 915/2345/914 977/2632/976 914/2599/913
f 920/2602/919 978/2633/977 889/2634/888
f 974/2615/973 978/2633/977 920/2602/919
f 968/2585/967 975/2618/974 979/2635/978
f 845/2350/844 919/2636/918 971/2606/970
f 968/2585/967 980/2637/979 965/2575/964
f 917/2638/916 969/2639/968 976/2627/975
f 912/2629/911 844/2640/843 922/2630/921
f 920/2641/919 889/2270/888 972/2642/971
f 979/2643/978 975/2644/974 981/2645/980
f 917/2638/916 976/2627/975 825/2626/824
f 981/2645/980 975/2644/974 967/2646/966
f 968/2585/967 982/2647/981 980/2637/979
f 915/2648/914 972/2649/971 977/2650/976
f 828/2254/827 965/2651/964 846/2181/845
f 973/2610/972 976/2619/975 886/2652/885
f 914/2653/913 977/2654/976 919/2655/918
f 981/2645/980 967/2646/966 983/2656/982
f 922/2363/921 921/2362/920 984/2657/983
f 965/2651/964 985/2658/984 846/2181/845
f 980/2659/979 982/2660/981 986/2661/985
f 980/2662/979 986/2663/985 985/2664/984
f 972/2649/971 851/2192/850 977/2650/976
f 980/2637/979 985/2665/984 965/2575/964
f 973/2610/972 886/2652/885 848/2666/847
f 970/2600/969 884/2258/883 967/2601/966
f 919/2636/918 850/2667/849 971/2606/970
f 970/2623/969 973/2622/972 885/2259/884
f 972/2649/971 852/2365/851 851/2192/850
f 986/2663/985 987/2668/986 985/2664/984
f 967/2601/966 884/2258/883 983/2669/982
f 919/2655/918 977/2654/976 850/2268/849
f 988/2670/987 889/2366/888 978/2671/977
f 976/2672/975 969/2605/968 887/2262/886
f 969/2605/968 971/2604/970 849/2263/848
f 972/2642/971 889/2270/888 852/2193/851
f 988/2670/987 890/2278/889 889/2366/888
f 989/2673/988 890/2278/889 988/2670/987
f 983/2674/982 847/2675/846 987/2668/986
f 989/2673/988 921/2676/920 890/2278/889
f 987/2668/986 883/2677/882 985/2664/984
f 977/2654/976 851/2269/850 850/2268/849
f 921/2678/920 814/2092/813 890/2279/889
f 883/2256/882 846/2255/845 985/2679/984
f 983/2674/982 884/2680/883 847/2675/846
f 970/2600/969 885/2272/884 884/2258/883
f 976/2681/975 887/2682/886 886/2683/885
f 969/2605/968 849/2263/848 887/2262/886
f 971/2684/970 850/2190/849 888/2277/887
f 973/2622/972 848/2186/847 885/2259/884
f 847/2675/846 883/2677/882 987/2668/986
f 888/2685/887 849/2686/848 971/2687/970
f 926/2370/925 927/2380/926 990/2688/989
f 927/2371/926 935/2386/934 990/2689/989
f 926/2377/925 991/2690/990 932/2378/931
f 935/2386/934 944/2429/943 990/2689/989
f 932/2378/931 943/2691/942 940/2404/939
f 934/2400/933 992/2692/991 939/2401/938
f 992/2692/991 993/2693/992 939/2401/938
f 936/2391/935 948/2436/947 937/2392/936
f 939/2401/938 993/2693/992 948/2436/947
f 956/2504/955 994/2694/993 957/2505/956
f 956/2504/955 959/2525/958 994/2694/993
f 957/2505/956 995/2695/994 906/2696/905
f 995/2695/994 996/2697/995 906/2696/905
f 959/2525/958 960/2527/959 962/2532/961
f 906/2696/905 996/2697/995 963/2533/962
f 974/2631/973 922/2630/921 997/2698/996
f 998/2699/997 978/2700/977 974/2631/973
f 978/2671/977 999/2701/998 988/2670/987
f 989/2702/988 984/2657/983 921/2362/920
f 983/2656/982 1000/2703/999 981/2645/980
f 986/2663/985 1000/2704/999 987/2668/986
f 987/2705/986 1000/2703/999 983/2656/982
f 929/2373/928 933/2706/932 1001/2707/1000
f 933/2708/932 937/2709/936 1001/2710/1000
f 932/2378/931 991/2690/990 943/2691/942
f 944/2413/943 943/2412/942 990/2688/989
f 993/2693/992 937/2392/936 948/2436/947
f 974/2631/973 997/2698/996 998/2699/997
f 998/2699/997 999/2711/998 978/2700/977
f 990/2688/989 991/2712/990 926/2370/925
f 929/2373/928 1001/2707/1000 934/2385/933
f 1001/2713/1000 992/2692/991 934/2400/933
f 994/2694/993 995/2695/994 957/2505/956
f 996/2697/995 962/2532/961 963/2533/962
f 979/2635/978 982/2647/981 968/2585/967
f 922/2363/921 984/2657/983 997/2714/996
f 988/2670/987 999/2701/998 989/2673/988
f 1001/2713/1000 937/2392/936 993/2693/992
f 1001/2713/1000 993/2693/992 992/2692/991
f 991/2712/990 990/2688/989 943/2412/942
f 995/2695/994 994/2694/993 996/2697/995
f 959/2525/958 962/2532/961 994/2694/993
f 994/2694/993 962/2532/961 996/2697/995
f 997/2698/996 984/2715/983 998/2699/997
f 979/2643/978 981/2645/980 1000/2703/999
f 979/2643/978 1000/2703/999 982/2660/981
f 998/2716/997 984/2717/983 999/2718/998
f 982/2660/981 1000/2703/999 986/2661/985
f 989/2673/988 999/2701/998 984/2719/983
